nuts,jahr,einwohner
AL,2000,3058497
AL,2001,3063318
AL,2002,3057018
AL,2003,3044993
AL,2004,3034231
AL,2005,3019634
AL,2006,3003329
AL,2007,2981755
AL,2008,2958266
AL,2009,2936355
AL,2010,2918674
AL,2011,2907361
AL,2012,2891838
AL,2013,2883972
AL,2014,2829804
AL,2015,2817880
AL,2016,2759154
AL,2017,2770376
AL,2018,2722900
AL,2019,2718314
AL,2020,2650288
AL,2021,2635294
AL,2022,2535204
AL,2023,2484596
AL,2024,2390942
AL011,2000,191364
AL011,2001,189275
AL011,2002,184167
AL011,2003,180595
AL011,2004,176827
AL011,2005,172590
AL011,2006,168150
AL011,2007,163074
AL011,2008,157999
AL011,2009,152783
AL011,2010,148074
AL011,2011,144198
AL011,2012,140414
AL011,2013,137066
AL011,2014,131425
AL011,2015,127970
AL011,2016,123830
AL011,2017,120942
AL011,2018,114764
AL011,2019,112959
AL011,2020,107892
AL011,2021,105871
AL011,2022,99449
AL011,2023,95703
AL011,2024,99441
AL012,2000,241495
AL012,2001,244753
AL012,2002,248358
AL012,2003,250512
AL012,2004,252380
AL012,2005,254243
AL012,2006,256839
AL012,2007,258572
AL012,2008,260386
AL012,2009,262867
AL012,2010,265639
AL012,2011,269784
AL012,2012,270901
AL012,2013,272724
AL012,2014,270084
AL012,2015,271447
AL012,2016,268858
AL012,2017,274306
AL012,2018,274749
AL012,2019,275518
AL012,2020,270712
AL012,2021,271962
AL012,2022,264379
AL012,2023,260711
AL012,2024,237830
AL013,2000,113169
AL013,2001,110858
AL013,2002,108011
AL013,2003,106286
AL013,2004,104866
AL013,2005,103173
AL013,2006,101084
AL013,2007,98773
AL013,2008,96304
AL013,2009,93626
AL013,2010,91226
AL013,2011,89397
AL013,2012,87424
AL013,2013,85672
AL013,2014,82482
AL013,2015,80488
AL013,2016,78002
AL013,2017,76621
AL013,2018,73420
AL013,2019,72737
AL013,2020,70242
AL013,2021,69276
AL013,2022,66037
AL013,2023,64322
AL013,2024,61444
AL014,2000,158682
AL014,2001,158920
AL014,2002,158055
AL014,2003,156266
AL014,2004,154193
AL014,2005,152360
AL014,2006,150094
AL014,2007,147583
AL014,2008,145240
AL014,2009,142872
AL014,2010,140755
AL014,2011,139735
AL014,2012,137251
AL014,2013,135057
AL014,2014,130854
AL014,2015,128726
AL014,2016,124983
AL014,2017,124255
AL014,2018,120288
AL014,2019,118891
AL014,2020,114264
AL014,2021,112385
AL014,2022,106434
AL014,2023,102721
AL014,2024,98249
AL015,2000,257056
AL015,2001,255898
AL015,2002,252699
AL015,2003,249678
AL015,2004,247916
AL015,2005,245800
AL015,2006,243246
AL015,2007,239750
AL015,2008,235667
AL015,2009,232013
AL015,2010,229140
AL015,2011,225549
AL015,2012,221753
AL015,2013,218503
AL015,2014,211793
AL015,2015,208131
AL015,2016,201657
AL015,2017,200246
AL015,2018,194466
AL015,2019,192679
AL015,2020,186256
AL015,2021,183627
AL015,2022,175155
AL015,2023,170178
AL015,2024,157340
AL021,2000,359918
AL021,2001,361980
AL021,2002,357044
AL021,2003,350862
AL021,2004,345762
AL021,2005,339461
AL021,2006,333636
AL021,2007,327189
AL021,2008,321098
AL021,2009,314757
AL021,2010,309657
AL021,2011,306941
AL021,2012,301696
AL021,2013,297572
AL021,2014,288556
AL021,2015,283824
AL021,2016,275959
AL021,2017,273341
AL021,2018,264242
AL021,2019,261136
AL021,2020,251506
AL021,2021,247949
AL021,2022,235143
AL021,2023,227354
AL021,2024,224612
AL022,2000,582042
AL022,2001,596704
AL022,2002,617550
AL022,2003,633713
AL022,2004,650767
AL022,2005,667405
AL022,2006,683927
AL022,2007,700163
AL022,2008,715328
AL022,2009,731004
AL022,2010,747169
AL022,2011,763561
AL022,2012,777908
AL022,2013,794461
AL022,2014,798562
AL022,2015,814523
AL022,2016,808859
AL022,2017,830523
AL022,2018,838590
AL022,2019,850104
AL022,2020,843866
AL022,2021,849514
AL022,2022,834484
AL022,2023,832405
AL022,2024,784535
AL031,2000,194192
AL031,2001,192667
AL031,2002,188982
AL031,2003,185063
AL031,2004,181155
AL031,2005,176994
AL031,2006,172383
AL031,2007,167428
AL031,2008,162519
AL031,2009,157597
AL031,2010,153077
AL031,2011,149671
AL031,2012,146171
AL031,2013,143171
AL031,2014,138060
AL031,2015,135108
AL031,2016,129956
AL031,2017,127070
AL031,2018,120887
AL031,2019,118855
AL031,2020,113615
AL031,2021,111242
AL031,2022,104407
AL031,2023,100247
AL031,2024,119467
AL032,2000,379846
AL032,2001,381841
AL032,2002,377857
AL032,2003,373090
AL032,2004,368056
AL032,2005,362086
AL032,2006,355766
AL032,2007,349570
AL032,2008,342638
AL032,2009,336356
AL032,2010,330378
AL032,2011,324865
AL032,2012,319554
AL032,2013,315091
AL032,2014,305490
AL032,2015,300764
AL032,2016,292752
AL032,2017,291337
AL032,2018,282831
AL032,2019,279906
AL032,2020,269958
AL032,2021,266349
AL032,2022,252658
AL032,2023,244405
AL032,2024,235179
AL033,2000,115675
AL033,2001,112726
AL033,2002,109519
AL033,2003,106691
AL033,2004,103399
AL033,2005,100179
AL033,2006,96634
AL033,2007,93017
AL033,2008,89343
AL033,2009,85885
AL033,2010,82238
AL033,2011,78402
AL033,2012,75761
AL033,2013,73402
AL033,2014,70018
AL033,2015,67920
AL033,2016,65265
AL033,2017,63504
AL033,2018,59718
AL033,2019,58330
AL033,2020,55298
AL033,2021,54043
AL033,2022,50164
AL033,2023,47963
AL033,2024,52899
AL034,2000,267399
AL034,2001,264902
AL034,2002,261549
AL034,2003,258555
AL034,2004,255264
AL034,2005,251918
AL034,2006,248587
AL034,2007,244583
AL034,2008,240875
AL034,2009,236904
AL034,2010,233820
AL034,2011,230261
AL034,2012,227239
AL034,2013,224560
AL034,2014,218202
AL034,2015,215014
AL034,2016,208616
AL034,2017,206407
AL034,2018,199385
AL034,2019,197421
AL034,2020,190747
AL034,2021,188298
AL034,2022,179050
AL034,2023,173562
AL034,2024,168312
AL035,2000,197659
AL035,2001,192796
AL035,2002,193227
AL035,2003,193682
AL035,2004,193646
AL035,2005,193425
AL035,2006,192983
AL035,2007,192053
AL035,2008,190869
AL035,2009,189691
AL035,2010,187501
AL035,2011,185004
AL035,2012,185766
AL035,2013,186693
AL035,2014,184278
AL035,2015,183965
AL035,2016,180417
AL035,2017,181824
AL035,2018,179560
AL035,2019,179778
AL035,2020,175932
AL035,2021,174778
AL035,2022,167844
AL035,2023,165025
AL035,2024,151634
AT,2000,8002186
AT,2001,8020946
AT,2002,8063640
AT,2003,8100273
AT,2004,8142573
AT,2005,8201359
AT,2006,8254298
AT,2007,8282984
AT,2008,8307989
AT,2009,8335003
AT,2010,8351643
AT,2011,8375164
AT,2012,8408121
AT,2013,8451860
AT,2014,8507786
AT,2015,8584926
AT,2016,8700471
AT,2017,8772865
AT,2018,8822267
AT,2019,8858775
AT,2020,8901064
AT,2021,8932664
AT,2022,8978929
AT,2023,9104772
AT,2024,9158750
AT111,2000,37922
AT111,2001,37732
AT111,2002,37778
AT111,2003,37703
AT111,2004,37640
AT111,2005,37522
AT111,2006,37413
AT111,2007,37481
AT111,2008,37438
AT111,2009,37472
AT111,2010,37526
AT111,2011,37505
AT111,2012,37561
AT111,2013,37565
AT111,2014,37534
AT111,2015,37622
AT111,2016,37692
AT111,2017,37752
AT111,2018,37661
AT111,2019,37513
AT111,2020,37384
AT111,2021,37453
AT111,2022,37524
AT111,2023,37743
AT111,2024,37807
AT112,2000,140001
AT112,2001,140421
AT112,2002,141050
AT112,2003,141361
AT112,2004,141963
AT112,2005,143094
AT112,2006,144205
AT112,2007,145118
AT112,2008,146279
AT112,2009,147634
AT112,2010,148576
AT112,2011,149522
AT112,2012,150500
AT112,2013,151596
AT112,2014,152539
AT112,2015,153637
AT112,2016,155809
AT112,2017,156735
AT112,2018,157840
AT112,2019,158981
AT112,2020,160064
AT112,2021,161469
AT112,2022,162880
AT112,2023,165099
AT112,2024,165658
AT113,2000,98303
AT113,2001,97803
AT113,2002,97845
AT113,2003,97478
AT113,2004,97189
AT113,2005,97416
AT113,2006,97509
AT113,2007,97463
AT113,2008,97260
AT113,2009,97671
AT113,2010,97595
AT113,2011,97554
AT113,2012,97721
AT113,2013,97530
AT113,2014,97343
AT113,2015,97097
AT113,2016,97510
AT113,2017,97455
AT113,2018,97174
AT113,2019,96939
AT113,2020,96988
AT113,2021,97088
AT113,2022,97179
AT113,2023,98408
AT113,2024,98486
AT121,2000,237080
AT121,2001,237415
AT121,2002,237739
AT121,2003,237500
AT121,2004,237979
AT121,2005,239038
AT121,2006,240185
AT121,2007,240622
AT121,2008,240906
AT121,2009,241450
AT121,2010,241155
AT121,2011,240997
AT121,2012,240979
AT121,2013,241246
AT121,2014,241727
AT121,2015,242689
AT121,2016,244431
AT121,2017,245671
AT121,2018,246050
AT121,2019,246740
AT121,2020,247347
AT121,2021,247574
AT121,2022,248164
AT121,2023,250280
AT121,2024,250778
AT122,2000,244705
AT122,2001,245171
AT122,2002,246169
AT122,2003,246770
AT122,2004,248064
AT122,2005,249588
AT122,2006,250946
AT122,2007,251528
AT122,2008,251663
AT122,2009,252245
AT122,2010,252390
AT122,2011,252671
AT122,2012,253092
AT122,2013,253224
AT122,2014,254011
AT122,2015,255720
AT122,2016,258132
AT122,2017,259655
AT122,2018,259630
AT122,2019,260480
AT122,2020,261156
AT122,2021,262265
AT122,2022,263484
AT122,2023,266608
AT122,2024,267289
AT123,2000,141533
AT123,2001,141751
AT123,2002,142342
AT123,2003,142873
AT123,2004,143880
AT123,2005,145251
AT123,2006,146327
AT123,2007,146933
AT123,2008,147367
AT123,2009,147776
AT123,2010,148000
AT123,2011,148244
AT123,2012,148511
AT123,2013,148861
AT123,2014,149510
AT123,2015,150657
AT123,2016,152576
AT123,2017,154045
AT123,2018,154885
AT123,2019,155446
AT123,2020,156363
AT123,2021,157014
AT123,2022,158066
AT123,2023,160474
AT123,2024,161898
AT124,2000,224485
AT124,2001,224073
AT124,2002,223385
AT124,2003,222866
AT124,2004,222360
AT124,2005,222146
AT124,2006,222076
AT124,2007,221515
AT124,2008,221077
AT124,2009,220787
AT124,2010,220051
AT124,2011,219464
AT124,2012,219354
AT124,2013,218676
AT124,2014,218249
AT124,2015,218129
AT124,2016,219219
AT124,2017,219513
AT124,2018,218161
AT124,2019,217445
AT124,2020,216681
AT124,2021,215867
AT124,2022,215650
AT124,2023,216454
AT124,2024,215838
AT125,2000,123346
AT125,2001,123251
AT125,2002,123320
AT125,2003,123265
AT125,2004,123163
AT125,2005,123368
AT125,2006,123617
AT125,2007,123691
AT125,2008,123781
AT125,2009,123915
AT125,2010,123744
AT125,2011,123520
AT125,2012,123374
AT125,2013,123111
AT125,2014,123141
AT125,2015,123544
AT125,2016,124281
AT125,2017,124939
AT125,2018,124893
AT125,2019,124967
AT125,2020,125210
AT125,2021,125490
AT125,2022,126272
AT125,2023,127564
AT125,2024,127496
AT126,2000,273625
AT126,2001,275861
AT126,2002,277948
AT126,2003,279984
AT126,2004,283012
AT126,2005,286609
AT126,2006,290673
AT126,2007,294379
AT126,2008,298120
AT126,2009,301675
AT126,2010,303609
AT126,2011,306061
AT126,2012,308200
AT126,2013,310090
AT126,2014,312952
AT126,2015,316251
AT126,2016,320370
AT126,2017,323987
AT126,2018,327072
AT126,2019,330362
AT126,2020,332957
AT126,2021,335788
AT126,2022,338001
AT126,2023,342995
AT126,2024,344897
AT127,2000,290309
AT127,2001,291894
AT127,2002,293764
AT127,2003,296011
AT127,2004,298833
AT127,2005,302949
AT127,2006,306677
AT127,2007,309899
AT127,2008,312589
AT127,2009,315110
AT127,2010,316948
AT127,2011,318517
AT127,2012,320945
AT127,2013,323384
AT127,2014,325895
AT127,2015,329788
AT127,2016,334682
AT127,2017,337943
AT127,2018,339977
AT127,2019,342102
AT127,2020,344573
AT127,2021,346881
AT127,2022,349159
AT127,2023,353998
AT127,2024,355527
AT130,2000,1548537
AT130,2001,1553956
AT130,2002,1571123
AT130,2003,1592846
AT130,2004,1610410
AT130,2005,1632569
AT130,2006,1652449
AT130,2007,1661246
AT130,2008,1671221
AT130,2009,1680135
AT130,2010,1689995
AT130,2011,1702855
AT130,2012,1717084
AT130,2013,1741246
AT130,2014,1766746
AT130,2015,1797337
AT130,2016,1840226
AT130,2017,1867582
AT130,2018,1888776
AT130,2019,1897491
AT130,2020,1911191
AT130,2021,1920949
AT130,2022,1931593
AT130,2023,1982097
AT130,2024,2005760
AT211,2000,268939
AT211,2001,268789
AT211,2002,269612
AT211,2003,269590
AT211,2004,269828
AT211,2005,271119
AT211,2006,272384
AT211,2007,273328
AT211,2008,274537
AT211,2009,275475
AT211,2010,275707
AT211,2011,276005
AT211,2012,276915
AT211,2013,277846
AT211,2014,279347
AT211,2015,281395
AT211,2016,283941
AT211,2017,285523
AT211,2018,286579
AT211,2019,287528
AT211,2020,288814
AT211,2021,290424
AT211,2022,292945
AT211,2023,296535
AT211,2024,297728
AT212,2000,131970
AT212,2001,131618
AT212,2002,131654
AT212,2003,131153
AT212,2004,130918
AT212,2005,130848
AT212,2006,130287
AT212,2007,129931
AT212,2008,129632
AT212,2009,129117
AT212,2010,128387
AT212,2011,127649
AT212,2012,126936
AT212,2013,126187
AT212,2014,125600
AT212,2015,125338
AT212,2016,125474
AT212,2017,124975
AT212,2018,124389
AT212,2019,124252
AT212,2020,123824
AT212,2021,123463
AT212,2022,123469
AT212,2023,124016
AT212,2024,123773
AT213,2000,159787
AT213,2001,159164
AT213,2002,158667
AT213,2003,157880
AT213,2004,157280
AT213,2005,156959
AT213,2006,156606
AT213,2007,156134
AT213,2008,155546
AT213,2009,154870
AT213,2010,153904
AT213,2011,153064
AT213,2012,152176
AT213,2013,151440
AT213,2014,150934
AT213,2015,150908
AT213,2016,151067
AT213,2017,150579
AT213,2018,149930
AT213,2019,149159
AT213,2020,148655
AT213,2021,148202
AT213,2022,148099
AT213,2023,148433
AT213,2024,148243
AT221,2000,356305
AT221,2001,356285
AT221,2002,364679
AT221,2003,368327
AT221,2004,372013
AT221,2005,377444
AT221,2006,382377
AT221,2007,386423
AT221,2008,390138
AT221,2009,393586
AT221,2010,396995
AT221,2011,401229
AT221,2012,405473
AT221,2013,410094
AT221,2014,415657
AT221,2015,421304
AT221,2016,429088
AT221,2017,434969
AT221,2018,439236
AT221,2019,443066
AT221,2020,447142
AT221,2021,448987
AT221,2022,453042
AT221,2023,460887
AT221,2024,466471
AT222,2000,82178
AT222,2001,82124
AT222,2002,81873
AT222,2003,81387
AT222,2004,81186
AT222,2005,81166
AT222,2006,81042
AT222,2007,80957
AT222,2008,80541
AT222,2009,80379
AT222,2010,79969
AT222,2011,79620
AT222,2012,79297
AT222,2013,79040
AT222,2014,78893
AT222,2015,79574
AT222,2016,79860
AT222,2017,80011
AT222,2018,80082
AT222,2019,79901
AT222,2020,79652
AT222,2021,79592
AT222,2022,79609
AT222,2023,79831
AT222,2024,79678
AT223,2000,177379
AT223,2001,176447
AT223,2002,174997
AT223,2003,173680
AT223,2004,172903
AT223,2005,171971
AT223,2006,171415
AT223,2007,170113
AT223,2008,168976
AT223,2009,167991
AT223,2010,166634
AT223,2011,165505
AT223,2012,164468
AT223,2013,163272
AT223,2014,162626
AT223,2015,161767
AT223,2016,161907
AT223,2017,160777
AT223,2018,159888
AT223,2019,159044
AT223,2020,158397
AT223,2021,157205
AT223,2022,157373
AT223,2023,158478
AT223,2024,157257
AT224,2000,267120
AT224,2001,267833
AT224,2002,267753
AT224,2003,267845
AT224,2004,268057
AT224,2005,268251
AT224,2006,268382
AT224,2007,268212
AT224,2008,268060
AT224,2009,267583
AT224,2010,267150
AT224,2011,266831
AT224,2012,266662
AT224,2013,266394
AT224,2014,266450
AT224,2015,264950
AT224,2016,265794
AT224,2017,266343
AT224,2018,266518
AT224,2019,266912
AT224,2020,266971
AT224,2021,265376
AT224,2022,266130
AT224,2023,267680
AT224,2024,267565
AT225,2000,190099
AT225,2001,190176
AT225,2002,190038
AT225,2003,190046
AT225,2004,190395
AT225,2005,190722
AT225,2006,190872
AT225,2007,190658
AT225,2008,190560
AT225,2009,190506
AT225,2010,190325
AT225,2011,190155
AT225,2012,190020
AT225,2013,189889
AT225,2014,189839
AT225,2015,192555
AT225,2016,193823
AT225,2017,194192
AT225,2018,194100
AT225,2019,194466
AT225,2020,194992
AT225,2021,197112
AT225,2022,198271
AT225,2023,199351
AT225,2024,200188
AT226,2000,109849
AT226,2001,109576
AT226,2002,108777
AT226,2003,108030
AT226,2004,107614
AT226,2005,107226
AT226,2006,106766
AT226,2007,106120
AT226,2008,105426
AT226,2009,104750
AT226,2010,103972
AT226,2011,103271
AT226,2012,102776
AT226,2013,102282
AT226,2014,101781
AT226,2015,101420
AT226,2016,101540
AT226,2017,101006
AT226,2018,100390
AT226,2019,99663
AT226,2020,99241
AT226,2021,98805
AT226,2022,98497
AT226,2023,98971
AT226,2024,98642
AT311,2000,270665
AT311,2001,271287
AT311,2002,272316
AT311,2003,272695
AT311,2004,273030
AT311,2005,273848
AT311,2006,274272
AT311,2007,274406
AT311,2008,274784
AT311,2009,275370
AT311,2010,275043
AT311,2011,275045
AT311,2012,275410
AT311,2013,276102
AT311,2014,276781
AT311,2015,278909
AT311,2016,281728
AT311,2017,284192
AT311,2018,286047
AT311,2019,287640
AT311,2020,289509
AT311,2021,290917
AT311,2022,293141
AT311,2023,296756
AT311,2024,298577
AT312,2000,522873
AT312,2001,523150
AT312,2002,524856
AT312,2003,528745
AT312,2004,532296
AT312,2005,536527
AT312,2006,540016
AT312,2007,542746
AT312,2008,544613
AT312,2009,546609
AT312,2010,548003
AT312,2011,549314
AT312,2012,552172
AT312,2013,555811
AT312,2014,560587
AT312,2015,567637
AT312,2016,575644
AT312,2017,581728
AT312,2018,587029
AT312,2019,591781
AT312,2020,595637
AT312,2021,598030
AT312,2022,601998
AT312,2023,609580
AT312,2024,613698
AT313,2000,200333
AT313,2001,201193
AT313,2002,202144
AT313,2003,202397
AT313,2004,202588
AT313,2005,203425
AT313,2006,203743
AT313,2007,203964
AT313,2008,204092
AT313,2009,204230
AT313,2010,204071
AT313,2011,203954
AT313,2012,204184
AT313,2013,204242
AT313,2014,204708
AT313,2015,205212
AT313,2016,207282
AT313,2017,208083
AT313,2018,208483
AT313,2019,209304
AT313,2020,210133
AT313,2021,210515
AT313,2022,211657
AT313,2023,213934
AT313,2024,214741
AT314,2000,151373
AT314,2001,151907
AT314,2002,152423
AT314,2003,152312
AT314,2004,152591
AT314,2005,153023
AT314,2006,153296
AT314,2007,153329
AT314,2008,153019
AT314,2009,152964
AT314,2010,152817
AT314,2011,152607
AT314,2012,152314
AT314,2013,152147
AT314,2014,152309
AT314,2015,152997
AT314,2016,154263
AT314,2017,154978
AT314,2018,155445
AT314,2019,155486
AT314,2020,155844
AT314,2021,156051
AT314,2022,156593
AT314,2023,158099
AT314,2024,158566
AT315,2000,224791
AT315,2001,225597
AT315,2002,226063
AT315,2003,226383
AT315,2004,226983
AT315,2005,227903
AT315,2006,228960
AT315,2007,229218
AT315,2008,229254
AT315,2009,229446
AT315,2010,229319
AT315,2011,229302
AT315,2012,229786
AT315,2013,230196
AT315,2014,231037
AT315,2015,232496
AT315,2016,235031
AT315,2017,236064
AT315,2018,236572
AT315,2019,237884
AT315,2020,239156
AT315,2021,240095
AT315,2022,241751
AT315,2023,244456
AT315,2024,244767
AT321,2000,21351
AT321,2001,21366
AT321,2002,21313
AT321,2003,21177
AT321,2004,21156
AT321,2005,21179
AT321,2006,21078
AT321,2007,21056
AT321,2008,21017
AT321,2009,20889
AT321,2010,20919
AT321,2011,20827
AT321,2012,20751
AT321,2013,20668
AT321,2014,20450
AT321,2015,20458
AT321,2016,20547
AT321,2017,20426
AT321,2018,20344
AT321,2019,20320
AT321,2020,20251
AT321,2021,20118
AT321,2022,20159
AT321,2023,20437
AT321,2024,20483
AT322,2000,160977
AT322,2001,161842
AT322,2002,161909
AT322,2003,161948
AT322,2004,162433
AT322,2005,162841
AT322,2006,163271
AT322,2007,162962
AT322,2008,162787
AT322,2009,162471
AT322,2010,162245
AT322,2011,162391
AT322,2012,162816
AT322,2013,163125
AT322,2014,163578
AT322,2015,164390
AT322,2016,166024
AT322,2017,166795
AT322,2018,167438
AT322,2019,168035
AT322,2020,168822
AT322,2021,169560
AT322,2022,170352
AT322,2023,172190
AT322,2024,173325
AT323,2000,330526
AT323,2001,331643
AT323,2002,333828
AT323,2003,333959
AT323,2004,336102
AT323,2005,338349
AT323,2006,340571
AT323,2007,342030
AT323,2008,342140
AT323,2009,343339
AT323,2010,343566
AT323,2011,344668
AT323,2012,346137
AT323,2013,348105
AT323,2014,350242
AT323,2015,353727
AT323,2016,359244
AT323,2017,362042
AT323,2018,364797
AT323,2019,366866
AT323,2020,369337
AT323,2021,371032
AT323,2022,372095
AT323,2023,375719
AT323,2024,377671
AT331,2000,31256
AT331,2001,31492
AT331,2002,31578
AT331,2003,31719
AT331,2004,31717
AT331,2005,31795
AT331,2006,31766
AT331,2007,31778
AT331,2008,31837
AT331,2009,31761
AT331,2010,31676
AT331,2011,31607
AT331,2012,31654
AT331,2013,31647
AT331,2014,31672
AT331,2015,31691
AT331,2016,32036
AT331,2017,32399
AT331,2018,32532
AT331,2019,32670
AT331,2020,32838
AT331,2021,33054
AT331,2022,33284
AT331,2023,33607
AT331,2024,33859
AT332,2000,265974
AT332,2001,266680
AT332,2002,268356
AT332,2003,269409
AT332,2004,271231
AT332,2005,273919
AT332,2006,276604
AT332,2007,278503
AT332,2008,279509
AT332,2009,281024
AT332,2010,282833
AT332,2011,284514
AT332,2012,286877
AT332,2013,290412
AT332,2014,294259
AT332,2015,299006
AT332,2016,305226
AT332,2017,308290
AT332,2018,310297
AT332,2019,311428
AT332,2020,312414
AT332,2021,312757
AT332,2022,313503
AT332,2023,316099
AT332,2024,318309
AT333,2000,50207
AT333,2001,50403
AT333,2002,50365
AT333,2003,50202
AT333,2004,50199
AT333,2005,50326
AT333,2006,50430
AT333,2007,50468
AT333,2008,50209
AT333,2009,49881
AT333,2010,49662
AT333,2011,49453
AT333,2012,49329
AT333,2013,49071
AT333,2014,48990
AT333,2015,48896
AT333,2016,49026
AT333,2017,48879
AT333,2018,48833
AT333,2019,48753
AT333,2020,48738
AT333,2021,48814
AT333,2022,48818
AT333,2023,48854
AT333,2024,48841
AT334,2000,94946
AT334,2001,95841
AT334,2002,96802
AT334,2003,97750
AT334,2004,98720
AT334,2005,99017
AT334,2006,99863
AT334,2007,99644
AT334,2008,100384
AT334,2009,100762
AT334,2010,100795
AT334,2011,101091
AT334,2012,101428
AT334,2013,101074
AT334,2014,101177
AT334,2015,101547
AT334,2016,102419
AT334,2017,103190
AT334,2018,103949
AT334,2019,104418
AT334,2020,104860
AT334,2021,105268
AT334,2022,106037
AT334,2023,107373
AT334,2024,107727
AT335,2000,225076
AT335,2001,227076
AT335,2002,228600
AT335,2003,230377
AT335,2004,231772
AT335,2005,233897
AT335,2006,235590
AT335,2007,236860
AT335,2008,237649
AT335,2009,239074
AT335,2010,239696
AT335,2011,240852
AT335,2012,242293
AT335,2013,243684
AT335,2014,245940
AT335,2015,247686
AT335,2016,250432
AT335,2017,253395
AT335,2018,255529
AT335,2019,257436
AT335,2020,258784
AT335,2021,260212
AT335,2022,262460
AT335,2023,265371
AT335,2024,267234
AT341,2000,86099
AT341,2001,86510
AT341,2002,87154
AT341,2003,87370
AT341,2004,87830
AT341,2005,88406
AT341,2006,88763
AT341,2007,88728
AT341,2008,88331
AT341,2009,88332
AT341,2010,88239
AT341,2011,87874
AT341,2012,87863
AT341,2013,87792
AT341,2014,87974
AT341,2015,88571
AT341,2016,89934
AT341,2017,90847
AT341,2018,91399
AT341,2019,91889
AT341,2020,92362
AT341,2021,92656
AT341,2022,93293
AT341,2023,94304
AT341,2024,95016
AT342,2000,262267
AT342,2001,263619
AT342,2002,265420
AT342,2003,267235
AT342,2004,269238
AT342,2005,271648
AT342,2006,273867
AT342,2007,275541
AT342,2008,277247
AT342,2009,278724
AT342,2010,280127
AT342,2011,281426
AT342,2012,283063
AT342,2013,284811
AT342,2014,287308
AT342,2015,290021
AT342,2016,294213
AT342,2017,297905
AT342,2018,300342
AT342,2019,302408
AT342,2020,304777
AT342,2021,306581
AT342,2022,308381
AT342,2023,312091
AT342,2024,314957
BE,2000,10239085
BE,2001,10263414
BE,2002,10309725
BE,2003,10355844
BE,2004,10396421
BE,2005,10445852
BE,2006,10511382
BE,2007,10584534
BE,2008,10666774
BE,2009,10753080
BE,2010,10839905
BE,2011,10996906
BE,2012,11075889
BE,2013,11137974
BE,2014,11180840
BE,2015,11237274
BE,2016,11311117
BE,2017,11351727
BE,2018,11398589
BE,2019,11455519
BE,2020,11522440
BE,2021,11554767
BE,2022,11617623
BE,2023,11742796
BE,2024,11817096
BE100,2000,959318
BE100,2001,964405
BE100,2002,978384
BE100,2003,992041
BE100,2004,999899
BE100,2005,1006749
BE100,2006,1018804
BE100,2007,1031215
BE100,2008,1048491
BE100,2009,1068532
BE100,2010,1089538
BE100,2011,1136778
BE100,2012,1151317
BE100,2013,1165208
BE100,2014,1172751
BE100,2015,1184101
BE100,2016,1201285
BE100,2017,1199095
BE100,2018,1205492
BE100,2019,1215289
BE100,2020,1223364
BE100,2021,1226329
BE100,2022,1228655
BE100,2023,1253178
BE100,2024,1264371
BE211,2000,932103
BE211,2001,931567
BE211,2002,935381
BE211,2003,940681
BE211,2004,944921
BE211,2005,948858
BE211,2006,954680
BE211,2007,961131
BE211,2008,969563
BE211,2009,977612
BE211,2010,985332
BE211,2011,1005002
BE211,2012,1014016
BE211,2013,1020901
BE211,2014,1024987
BE211,2015,1030055
BE211,2016,1036031
BE211,2017,1041811
BE211,2018,1047030
BE211,2019,1053033
BE211,2020,1059946
BE211,2021,1062427
BE211,2022,1067117
BE211,2023,1081771
BE211,2024,1091855
BE212,2000,305670
BE212,2001,306413
BE212,2002,307433
BE212,2003,308665
BE212,2004,309865
BE212,2005,311472
BE212,2006,314243
BE212,2007,316224
BE212,2008,319107
BE212,2009,321788
BE212,2010,324311
BE212,2011,327928
BE212,2012,329885
BE212,2013,331806
BE212,2014,333592
BE212,2015,335794
BE212,2016,337680
BE212,2017,340671
BE212,2018,343101
BE212,2019,344980
BE212,2020,347576
BE212,2021,348999
BE212,2022,351562
BE212,2023,357030
BE212,2024,360257
BE213,2000,406199
BE213,2001,407672
BE213,2002,409636
BE213,2003,411773
BE213,2004,414026
BE213,2005,416528
BE213,2006,419570
BE213,2007,423215
BE213,2008,427037
BE213,2009,431774
BE213,2010,435219
BE213,2011,440337
BE213,2012,443589
BE213,2013,445898
BE213,2014,448055
BE213,2015,451184
BE213,2016,455216
BE213,2017,456381
BE213,2018,459392
BE213,2019,462457
BE213,2020,465573
BE213,2021,467892
BE213,2022,471948
BE213,2023,477120
BE213,2024,480764
BE223,2000,189464
BE223,2001,190051
BE223,2002,190720
BE223,2003,191266
BE223,2004,191672
BE223,2005,192168
BE223,2006,193023
BE223,2007,194183
BE223,2008,195330
BE223,2009,196292
BE223,2010,197400
BE223,2011,199377
BE223,2012,200217
BE223,2013,200645
BE223,2014,200958
BE223,2015,201379
BE223,2016,202034
BE223,2017,202722
BE223,2018,203694
BE223,2019,204289
BE223,2020,205335
BE223,2021,205913
BE223,2022,207436
BE223,2023,209283
BE223,2024,210610
BE224,2000,373850
BE224,2001,375303
BE224,2002,377055
BE224,2003,379165
BE224,2004,380882
BE224,2005,383035
BE224,2006,385425
BE224,2007,388337
BE224,2008,392117
BE224,2009,395545
BE224,2010,398317
BE224,2011,401528
BE224,2012,405423
BE224,2013,407545
BE224,2014,409105
BE224,2015,411309
BE224,2016,414384
BE224,2017,415812
BE224,2018,417361
BE224,2019,419257
BE224,2020,421700
BE224,2021,423545
BE224,2022,425762
BE224,2023,430313
BE224,2024,433275
BE225,2000,227864
BE225,2001,229431
BE225,2002,230808
BE225,2003,232097
BE225,2004,233232
BE225,2005,234739
BE225,2006,236210
BE225,2007,237752
BE225,2008,239273
BE225,2009,241323
BE225,2010,242788
BE225,2011,244297
BE225,2012,245918
BE225,2013,247023
BE225,2014,247781
BE225,2015,248692
BE225,2016,250552
BE225,2017,251130
BE225,2018,251684
BE225,2019,252296
BE225,2020,253567
BE225,2021,253770
BE225,2022,255715
BE225,2023,259023
BE225,2024,260426
BE231,2000,262294
BE231,2001,262337
BE231,2002,262193
BE231,2003,262542
BE231,2004,262945
BE231,2005,263914
BE231,2006,265665
BE231,2007,267274
BE231,2008,269489
BE231,2009,271466
BE231,2010,273544
BE231,2011,276973
BE231,2012,279054
BE231,2013,280845
BE231,2014,282457
BE231,2015,283885
BE231,2016,285328
BE231,2017,287018
BE231,2018,289279
BE231,2019,291351
BE231,2020,293832
BE231,2021,296259
BE231,2022,298743
BE231,2023,302438
BE231,2024,305220
BE232,2000,186484
BE232,2001,186553
BE232,2002,186988
BE232,2003,186991
BE232,2004,187328
BE232,2005,187783
BE232,2006,188882
BE232,2007,189638
BE232,2008,190338
BE232,2009,191527
BE232,2010,192521
BE232,2011,194310
BE232,2012,195642
BE232,2013,196241
BE232,2014,197260
BE232,2015,197945
BE232,2016,198841
BE232,2017,199772
BE232,2018,200423
BE232,2019,201299
BE232,2020,202502
BE232,2021,203110
BE232,2022,204378
BE232,2023,206414
BE232,2024,207736
BE233,2000,79484
BE233,2001,79428
BE233,2002,79357
BE233,2003,79374
BE233,2004,79464
BE233,2005,79671
BE233,2006,80262
BE233,2007,80547
BE233,2008,80864
BE233,2009,81422
BE233,2010,81921
BE233,2011,82741
BE233,2012,83134
BE233,2013,83259
BE233,2014,83372
BE233,2015,83755
BE233,2016,83862
BE233,2017,84308
BE233,2018,84732
BE233,2019,85378
BE233,2020,85868
BE233,2021,86756
BE233,2022,87576
BE233,2023,88926
BE233,2024,89594
BE234,2000,495368
BE234,2001,496608
BE234,2002,498631
BE234,2003,500794
BE234,2004,502492
BE234,2005,505267
BE234,2006,508996
BE234,2007,512407
BE234,2008,516609
BE234,2009,521796
BE234,2010,527248
BE234,2011,534419
BE234,2012,536794
BE234,2013,538778
BE234,2014,542030
BE234,2015,545427
BE234,2016,550863
BE234,2017,554633
BE234,2018,557050
BE234,2019,560691
BE234,2020,563982
BE234,2021,565571
BE234,2022,569089
BE234,2023,575067
BE234,2024,578667
BE235,2000,114345
BE235,2001,114390
BE235,2002,114433
BE235,2003,114609
BE235,2004,114801
BE235,2005,115379
BE235,2006,116098
BE235,2007,117125
BE235,2008,118101
BE235,2009,119140
BE235,2010,119995
BE235,2011,120700
BE235,2012,121395
BE235,2013,121865
BE235,2014,122221
BE235,2015,122732
BE235,2016,123141
BE235,2017,123415
BE235,2018,123923
BE235,2019,124402
BE235,2020,124661
BE235,2021,125095
BE235,2022,126000
BE235,2023,127476
BE235,2024,128271
BE236,2000,223648
BE236,2001,224356
BE236,2002,225050
BE236,2003,225826
BE236,2004,226690
BE236,2005,228058
BE236,2006,229547
BE236,2007,231262
BE236,2008,233083
BE236,2009,235064
BE236,2010,237097
BE236,2011,239785
BE236,2012,241409
BE236,2013,242626
BE236,2014,243786
BE236,2015,245305
BE236,2016,247049
BE236,2017,249337
BE236,2018,250825
BE236,2019,253163
BE236,2020,255641
BE236,2021,257085
BE236,2022,259683
BE236,2023,263025
BE236,2024,265519
BE241,2000,558220
BE241,2001,560138
BE241,2002,563370
BE241,2003,565759
BE241,2004,568791
BE241,2005,572697
BE241,2006,576008
BE241,2007,580407
BE241,2008,584416
BE241,2009,588743
BE241,2010,593455
BE241,2011,600350
BE241,2012,605055
BE241,2013,609754
BE241,2014,613421
BE241,2015,618154
BE241,2016,623252
BE241,2017,628001
BE241,2018,632717
BE241,2019,638030
BE241,2020,644543
BE241,2021,649912
BE241,2022,656399
BE241,2023,664977
BE241,2024,670409
BE242,2000,456484
BE242,2001,458265
BE242,2002,459451
BE242,2003,462080
BE242,2004,463113
BE242,2005,465089
BE242,2006,468125
BE242,2007,472060
BE242,2008,475816
BE242,2009,480095
BE242,2010,483469
BE242,2011,488342
BE242,2012,491229
BE242,2013,493153
BE242,2014,494987
BE242,2015,496436
BE242,2016,499348
BE242,2017,502643
BE242,2018,505829
BE242,2019,508613
BE242,2020,511927
BE242,2021,513274
BE242,2022,517557
BE242,2023,523102
BE242,2024,527282
BE251,2000,270866
BE251,2001,271437
BE251,2002,272011
BE251,2003,272305
BE251,2004,272987
BE251,2005,273613
BE251,2006,274435
BE251,2007,274772
BE251,2008,275599
BE251,2009,275974
BE251,2010,276313
BE251,2011,277889
BE251,2012,279081
BE251,2013,280121
BE251,2014,279956
BE251,2015,280535
BE251,2016,280713
BE251,2017,281564
BE251,2018,282020
BE251,2019,282520
BE251,2020,283079
BE251,2021,283590
BE251,2022,283997
BE251,2023,286273
BE251,2024,287333
BE252,2000,47992
BE252,2001,48082
BE252,2002,48036
BE252,2003,48037
BE252,2004,48109
BE252,2005,48259
BE252,2006,48357
BE252,2007,48570
BE252,2008,49012
BE252,2009,49352
BE252,2010,49675
BE252,2011,50029
BE252,2012,50330
BE252,2013,50636
BE252,2014,50755
BE252,2015,50885
BE252,2016,51079
BE252,2017,51293
BE252,2018,51449
BE252,2019,51560
BE252,2020,51724
BE252,2021,51800
BE252,2022,51992
BE252,2023,52481
BE252,2024,52562
BE253,2000,104278
BE253,2001,104320
BE253,2002,104168
BE253,2003,104168
BE253,2004,104030
BE253,2005,104272
BE253,2006,104506
BE253,2007,104798
BE253,2008,105144
BE253,2009,105508
BE253,2010,105828
BE253,2011,106449
BE253,2012,106736
BE253,2013,106545
BE253,2014,106460
BE253,2015,106506
BE253,2016,106582
BE253,2017,106556
BE253,2018,106511
BE253,2019,106551
BE253,2020,106928
BE253,2021,106751
BE253,2022,107320
BE253,2023,108132
BE253,2024,108483
BE254,2000,278311
BE254,2001,277786
BE254,2002,277893
BE254,2003,277430
BE254,2004,277126
BE254,2005,277190
BE254,2006,277515
BE254,2007,278160
BE254,2008,278672
BE254,2009,280049
BE254,2010,281112
BE254,2011,283019
BE254,2012,283858
BE254,2013,284475
BE254,2014,285149
BE254,2015,285969
BE254,2016,286983
BE254,2017,288248
BE254,2018,289349
BE254,2019,290930
BE254,2020,292690
BE254,2021,293593
BE254,2022,296179
BE254,2023,299959
BE254,2024,302683
BE255,2000,142430
BE255,2001,142946
BE255,2002,143899
BE255,2003,144903
BE255,2004,145701
BE255,2005,146496
BE255,2006,147292
BE255,2007,148325
BE255,2008,149287
BE255,2009,150291
BE255,2010,150841
BE255,2011,152571
BE255,2012,153471
BE255,2013,153597
BE255,2014,154278
BE255,2015,154924
BE255,2016,155256
BE255,2017,155982
BE255,2018,156638
BE255,2019,157293
BE255,2020,157925
BE255,2021,158320
BE255,2022,158339
BE255,2023,159568
BE255,2024,160429
BE256,2000,140465
BE256,2001,140684
BE256,2002,140949
BE256,2003,141211
BE256,2004,141306
BE256,2005,141542
BE256,2006,142060
BE256,2007,142776
BE256,2008,143616
BE256,2009,144154
BE256,2010,145024
BE256,2011,146429
BE256,2012,147130
BE256,2013,147934
BE256,2014,148531
BE256,2015,149106
BE256,2016,150052
BE256,2017,150936
BE256,2018,151962
BE256,2019,153394
BE256,2020,154619
BE256,2021,155190
BE256,2022,156426
BE256,2023,158224
BE256,2024,159795
BE257,2000,88061
BE257,2001,88034
BE257,2002,88085
BE257,2003,88192
BE257,2004,88330
BE257,2005,88527
BE257,2006,88787
BE257,2007,89178
BE257,2008,89584
BE257,2009,90042
BE257,2010,90274
BE257,2011,90947
BE257,2012,91305
BE257,2013,91592
BE257,2014,91864
BE257,2015,92042
BE257,2016,92347
BE257,2017,92546
BE257,2018,92738
BE257,2019,93040
BE257,2020,93595
BE257,2021,93847
BE257,2022,94528
BE257,2023,95314
BE257,2024,95781
BE258,2000,56371
BE258,2001,56751
BE258,2002,57234
BE258,2003,57685
BE258,2004,58213
BE258,2005,58604
BE258,2006,58914
BE258,2007,59299
BE258,2008,59573
BE258,2009,59920
BE258,2010,60299
BE258,2011,60669
BE258,2012,60884
BE258,2013,61003
BE258,2014,60942
BE258,2015,60990
BE258,2016,61406
BE258,2017,61282
BE258,2018,61587
BE258,2019,61707
BE258,2020,61792
BE258,2021,62010
BE258,2022,62041
BE258,2023,62053
BE258,2024,61918
BE310,2000,349884
BE310,2001,352018
BE310,2002,355207
BE310,2003,358012
BE310,2004,360717
BE310,2005,363776
BE310,2006,366481
BE310,2007,370460
BE310,2008,373492
BE310,2009,375645
BE310,2010,379515
BE310,2011,383648
BE310,2012,386683
BE310,2013,389308
BE310,2014,391609
BE310,2015,394344
BE310,2016,397745
BE310,2017,399735
BE310,2018,401508
BE310,2019,404270
BE310,2020,406794
BE310,2021,408325
BE310,2022,410619
BE310,2023,413959
BE310,2024,415265
BE323,2000,249334
BE323,2001,249153
BE323,2002,248818
BE323,2003,248832
BE323,2004,249054
BE323,2005,248986
BE323,2006,249500
BE323,2007,249878
BE323,2008,250431
BE323,2009,250684
BE323,2010,251901
BE323,2011,253751
BE323,2012,254803
BE323,2013,256157
BE323,2014,257481
BE323,2015,258320
BE323,2016,258285
BE323,2017,258721
BE323,2018,258817
BE323,2019,259175
BE323,2020,259406
BE323,2021,259351
BE323,2022,260350
BE323,2023,260958
BE323,2024,261179
BE328,2000,210606
BE328,2001,210689
BE328,2002,210567
BE328,2003,210505
BE328,2004,210696
BE328,2005,211303
BE328,2006,212135
BE328,2007,212914
BE328,2008,214369
BE328,2009,215621
BE328,2010,216866
BE328,2011,218238
BE328,2012,219900
BE328,2013,221024
BE328,2014,221486
BE328,2015,222142
BE328,2016,223505
BE328,2017,223431
BE328,2018,223981
BE328,2019,224154
BE328,2020,225624
BE328,2021,225286
BE328,2022,225948
BE328,2023,226990
BE328,2024,227739
BE329,2000,134708
BE329,2001,134741
BE329,2002,134883
BE329,2003,134776
BE329,2004,134857
BE329,2005,135096
BE329,2006,135627
BE329,2007,136148
BE329,2008,136608
BE329,2009,136866
BE329,2010,137299
BE329,2011,137788
BE329,2012,139045
BE329,2013,139744
BE329,2014,140422
BE329,2015,140794
BE329,2016,141260
BE329,2017,141354
BE329,2018,141252
BE329,2019,141344
BE329,2020,141841
BE329,2021,141689
BE329,2022,141914
BE329,2023,142599
BE329,2024,142427
BE32A,2000,114597
BE32A,2001,115287
BE32A,2002,116081
BE32A,2003,116628
BE32A,2004,117224
BE32A,2005,117903
BE32A,2006,118830
BE32A,2007,120216
BE32A,2008,121306
BE32A,2009,122037
BE32A,2010,122915
BE32A,2011,124050
BE32A,2012,124681
BE32A,2013,125440
BE32A,2014,126035
BE32A,2015,126539
BE32A,2016,127075
BE32A,2017,127318
BE32A,2018,127534
BE32A,2019,127931
BE32A,2020,128570
BE32A,2021,128732
BE32A,2022,129495
BE32A,2023,130236
BE32A,2024,130561
BE32B,2000,388719
BE32B,2001,387797
BE32B,2002,387971
BE32B,2003,387828
BE32B,2004,387699
BE32B,2005,388381
BE32B,2006,388717
BE32B,2007,389591
BE32B,2008,389969
BE32B,2009,391110
BE32B,2010,392167
BE32B,2011,393910
BE32B,2012,396152
BE32B,2013,396996
BE32B,2014,396714
BE32B,2015,397022
BE32B,2016,397564
BE32B,2017,396695
BE32B,2018,396981
BE32B,2019,397123
BE32B,2020,397722
BE32B,2021,397002
BE32B,2022,397731
BE32B,2023,399827
BE32B,2024,401194
BE32C,2000,93557
BE32C,2001,94147
BE32C,2002,94644
BE32C,2003,95109
BE32C,2004,95532
BE32C,2005,96179
BE32C,2006,96710
BE32C,2007,97261
BE32C,2008,98120
BE32C,2009,98700
BE32C,2010,98878
BE32C,2011,99766
BE32C,2012,100457
BE32C,2013,100960
BE32C,2014,101028
BE32C,2015,101685
BE32C,2016,102340
BE32C,2017,102974
BE32C,2018,103488
BE32C,2019,104562
BE32C,2020,105268
BE32C,2021,105737
BE32C,2022,106686
BE32C,2023,107691
BE32C,2024,108633
BE32D,2000,87946
BE32D,2001,88009
BE32D,2002,88078
BE32D,2003,88028
BE32D,2004,88138
BE32D,2005,88427
BE32D,2006,88560
BE32D,2007,88836
BE32D,2008,89202
BE32D,2009,89418
BE32D,2010,89854
BE32D,2011,90159
BE32D,2012,90781
BE32D,2013,91134
BE32D,2014,91257
BE32D,2015,91278
BE32D,2016,91238
BE32D,2017,91560
BE32D,2018,91703
BE32D,2019,91793
BE32D,2020,91864
BE32D,2021,92064
BE32D,2022,92543
BE32D,2023,92725
BE32D,2024,92816
BE331,2000,100020
BE331,2001,100543
BE331,2002,101224
BE331,2003,102135
BE331,2004,102709
BE331,2005,103565
BE331,2006,103972
BE331,2007,104756
BE331,2008,105770
BE331,2009,106793
BE331,2010,107832
BE331,2011,109199
BE331,2012,109959
BE331,2013,110895
BE331,2014,111522
BE331,2015,112015
BE331,2016,112674
BE331,2017,112976
BE331,2018,113165
BE331,2019,113528
BE331,2020,114036
BE331,2021,114476
BE331,2022,115082
BE331,2023,115896
BE331,2024,116043
BE332,2000,585678
BE332,2001,584398
BE332,2002,585726
BE332,2003,585444
BE332,2004,587033
BE332,2005,588287
BE332,2006,590972
BE332,2007,594579
BE332,2008,597478
BE332,2009,600269
BE332,2010,604062
BE332,2011,612363
BE332,2012,615592
BE332,2013,618934
BE332,2014,620167
BE332,2015,621764
BE332,2016,623887
BE332,2017,625131
BE332,2018,626222
BE332,2019,626627
BE332,2020,628363
BE332,2021,627304
BE332,2022,628067
BE332,2023,630743
BE332,2024,633801
BE334,2000,68198
BE334,2001,68767
BE334,2002,69380
BE334,2003,69759
BE334,2004,70497
BE334,2005,71350
BE334,2006,72267
BE334,2007,73106
BE334,2008,73905
BE334,2009,74831
BE334,2010,75588
BE334,2011,76684
BE334,2012,77396
BE334,2013,78122
BE334,2014,78477
BE334,2015,78955
BE334,2016,79569
BE334,2017,80330
BE334,2018,80969
BE334,2019,81498
BE334,2020,82005
BE334,2021,82393
BE334,2022,83088
BE334,2023,83938
BE334,2024,84193
BE335,2000,194512
BE335,2001,195090
BE335,2002,196164
BE335,2003,196679
BE335,2004,197467
BE335,2005,198310
BE335,2006,199967
BE335,2007,201298
BE335,2008,202400
BE335,2009,203602
BE335,2010,204981
BE335,2011,207631
BE335,2012,208486
BE335,2013,208648
BE335,2014,208840
BE335,2015,209429
BE335,2016,210028
BE335,2017,210298
BE335,2018,210486
BE335,2019,210512
BE335,2020,211131
BE335,2021,210672
BE335,2022,210811
BE335,2023,211971
BE335,2024,212985
BE336,2000,71034
BE336,2001,71244
BE336,2002,71636
BE336,2003,71825
BE336,2004,71899
BE336,2005,72512
BE336,2006,73119
BE336,2007,73675
BE336,2008,74169
BE336,2009,74540
BE336,2010,75222
BE336,2011,76259
BE336,2012,76641
BE336,2013,76592
BE336,2014,76655
BE336,2015,76740
BE336,2016,77332
BE336,2017,77304
BE336,2018,77529
BE336,2019,77903
BE336,2020,78408
BE336,2021,78479
BE336,2022,79039
BE336,2023,79812
BE336,2024,79971
BE341,2000,51902
BE341,2001,52301
BE341,2002,52749
BE341,2003,53232
BE341,2004,53648
BE341,2005,54241
BE341,2006,54911
BE341,2007,55593
BE341,2008,56392
BE341,2009,57376
BE341,2010,57850
BE341,2011,58597
BE341,2012,59289
BE341,2013,59924
BE341,2014,60330
BE341,2015,60675
BE341,2016,61186
BE341,2017,62318
BE341,2018,62520
BE341,2019,63062
BE341,2020,63642
BE341,2021,64086
BE341,2022,64937
BE341,2023,65917
BE341,2024,66355
BE342,2000,40574
BE342,2001,41103
BE342,2002,41505
BE342,2003,41906
BE342,2004,42097
BE342,2005,42466
BE342,2006,42801
BE342,2007,43444
BE342,2008,44012
BE342,2009,44555
BE342,2010,45061
BE342,2011,46003
BE342,2012,46224
BE342,2013,46686
BE342,2014,46701
BE342,2015,47210
BE342,2016,48484
BE342,2017,48745
BE342,2018,48828
BE342,2019,49125
BE342,2020,50228
BE342,2021,50438
BE342,2022,50896
BE342,2023,51653
BE342,2024,51899
BE343,2000,50359
BE343,2001,50911
BE343,2002,51101
BE343,2003,51486
BE343,2004,51998
BE343,2005,52108
BE343,2006,52806
BE343,2007,53123
BE343,2008,53593
BE343,2009,54003
BE343,2010,54214
BE343,2011,55656
BE343,2012,56014
BE343,2013,56226
BE343,2014,56079
BE343,2015,56525
BE343,2016,57122
BE343,2017,56836
BE343,2018,56870
BE343,2019,57283
BE343,2020,57734
BE343,2021,57971
BE343,2022,58388
BE343,2023,58725
BE343,2024,58846
BE344,2000,55598
BE344,2001,55743
BE344,2002,56039
BE344,2003,56331
BE344,2004,56687
BE344,2005,57231
BE344,2006,57660
BE344,2007,58151
BE344,2008,58726
BE344,2009,59385
BE344,2010,59861
BE344,2011,60460
BE344,2012,61265
BE344,2013,61691
BE344,2014,61888
BE344,2015,62500
BE344,2016,62864
BE344,2017,63162
BE344,2018,63105
BE344,2019,63424
BE344,2020,63821
BE344,2021,64806
BE344,2022,65358
BE344,2023,66150
BE344,2024,66376
BE345,2000,48387
BE345,2001,48692
BE345,2002,49012
BE345,2003,49340
BE345,2004,49690
BE345,2005,49958
BE345,2006,50369
BE345,2007,50867
BE345,2008,51361
BE345,2009,51631
BE345,2010,52037
BE345,2011,52489
BE345,2012,52921
BE345,2013,53163
BE345,2014,53221
BE345,2015,53351
BE345,2016,53601
BE345,2017,53556
BE345,2018,53687
BE345,2019,53791
BE345,2020,54181
BE345,2021,54429
BE345,2022,54821
BE345,2023,55209
BE345,2024,55215
BE351,2000,99683
BE351,2001,100298
BE351,2002,100719
BE351,2003,101295
BE351,2004,101705
BE351,2005,102570
BE351,2006,103118
BE351,2007,104017
BE351,2008,104719
BE351,2009,105378
BE351,2010,105998
BE351,2011,108301
BE351,2012,108863
BE351,2013,109332
BE351,2014,109031
BE351,2015,109782
BE351,2016,111128
BE351,2017,111521
BE351,2018,111566
BE351,2019,112159
BE351,2020,112757
BE351,2021,113157
BE351,2022,113877
BE351,2023,114458
BE351,2024,114641
BE352,2000,282727
BE352,2001,283793
BE352,2002,285181
BE352,2003,286930
BE352,2004,288659
BE352,2005,290576
BE352,2006,292318
BE352,2007,294320
BE352,2008,296494
BE352,2009,298835
BE352,2010,301472
BE352,2011,304968
BE352,2012,307347
BE352,2013,308970
BE352,2014,310628
BE352,2015,312113
BE352,2016,313321
BE352,2017,315190
BE352,2018,316606
BE352,2019,317552
BE352,2020,319132
BE352,2021,319928
BE352,2022,321698
BE352,2023,324117
BE352,2024,325477
BE353,2000,61493
BE353,2001,61733
BE353,2002,61875
BE353,2003,62170
BE353,2004,62492
BE353,2005,62717
BE353,2006,63138
BE353,2007,63646
BE353,2008,64167
BE353,2009,64392
BE353,2010,64811
BE353,2011,66117
BE353,2012,66518
BE353,2013,66578
BE353,2014,66571
BE353,2015,66981
BE353,2016,67625
BE353,2017,67416
BE353,2018,66986
BE353,2019,67180
BE353,2020,67544
BE353,2021,67404
BE353,2022,67833
BE353,2023,68075
BE353,2024,68240
BG,2000,7986609
BG,2001,7928901
BG,2002,7868815
BG,2003,7805506
BG,2004,7745147
BG,2005,7688573
BG,2006,7629371
BG,2007,7572673
BG,2008,7518002
BG,2009,7467119
BG,2010,7421766
BG,2011,7369431
BG,2012,7327224
BG,2013,7202556
BG,2014,7117453
BG,2015,7029690
BG,2016,6938759
BG,2017,6849518
BG,2018,6757418
BG,2019,6664177
BG,2020,6569275
BG,2021,6532117
BG,2022,6482484
BG,2023,6447710
BG,2024,6445481
BG311,2000,132425
BG311,2001,130074
BG311,2002,127020
BG311,2003,123667
BG311,2004,120630
BG311,2005,117687
BG311,2006,114695
BG311,2007,111818
BG311,2008,109146
BG311,2009,106417
BG311,2010,103836
BG311,2011,101200
BG311,2012,99481
BG311,2013,95976
BG311,2014,93370
BG311,2015,90770
BG311,2016,88118
BG311,2017,85468
BG311,2018,82884
BG311,2019,80333
BG311,2020,77795
BG311,2021,76166
BG311,2022,74237
BG311,2023,72754
BG311,2024,71773
BG312,2000,184981
BG312,2001,182258
BG312,2002,178115
BG312,2003,174164
BG312,2004,170470
BG312,2005,166876
BG312,2006,163467
BG312,2007,160139
BG312,2008,156996
BG312,2009,154088
BG312,2010,151254
BG312,2011,148263
BG312,2012,145984
BG312,2013,142639
BG312,2014,139877
BG312,2015,136978
BG312,2016,134079
BG312,2017,131224
BG312,2018,128409
BG312,2019,125520
BG312,2020,122604
BG312,2021,120978
BG312,2022,118113
BG312,2023,116172
BG312,2024,114526
BG313,2000,227482
BG313,2001,225036
BG313,2002,221636
BG313,2003,217240
BG313,2004,212948
BG313,2005,208848
BG313,2006,204870
BG313,2007,201079
BG313,2008,197421
BG313,2009,193977
BG313,2010,190606
BG313,2011,187099
BG313,2012,184662
BG313,2013,180517
BG313,2014,177066
BG313,2015,173507
BG313,2016,169884
BG313,2017,166515
BG313,2018,162849
BG313,2019,159356
BG313,2020,155922
BG313,2021,154009
BG313,2022,151030
BG313,2023,148874
BG313,2024,147619
BG314,2000,333622
BG314,2001,329985
BG314,2002,322064
BG314,2003,315473
BG314,2004,309336
BG314,2005,303760
BG314,2006,297401
BG314,2007,291695
BG314,2008,285905
BG314,2009,280660
BG314,2010,275579
BG314,2011,270115
BG314,2012,266865
BG314,2013,261229
BG314,2014,257138
BG314,2015,252743
BG314,2016,248369
BG314,2017,244126
BG314,2018,239819
BG314,2019,235447
BG314,2020,231019
BG314,2021,228051
BG314,2022,223510
BG314,2023,220346
BG314,2024,217881
BG315,2000,172132
BG315,2001,169951
BG315,2002,166468
BG315,2003,163234
BG315,2004,160169
BG315,2005,157224
BG315,2006,154322
BG315,2007,151577
BG315,2008,148903
BG315,2009,146431
BG315,2010,144057
BG315,2011,141553
BG315,2012,139609
BG315,2013,136516
BG315,2014,133892
BG315,2015,131190
BG315,2016,128517
BG315,2017,125726
BG315,2018,122827
BG315,2019,120098
BG315,2020,117236
BG315,2021,117124
BG315,2022,115146
BG315,2023,113356
BG315,2024,112225
BG321,2000,299453
BG321,2001,293172
BG321,2002,289505
BG321,2003,285576
BG321,2004,281698
BG321,2005,277770
BG321,2006,273859
BG321,2007,270078
BG321,2008,266888
BG321,2009,263821
BG321,2010,261441
BG321,2011,258838
BG321,2012,256279
BG321,2013,248709
BG321,2014,243673
BG321,2015,238456
BG321,2016,233193
BG321,2017,228077
BG321,2018,222746
BG321,2019,217496
BG321,2020,212069
BG321,2021,209158
BG321,2022,206395
BG321,2023,204033
BG321,2024,202232
BG322,2000,147900
BG322,2001,144125
BG322,2002,142036
BG322,2003,139624
BG322,2004,137212
BG322,2005,135101
BG322,2006,132803
BG322,2007,130706
BG322,2008,128716
BG322,2009,126654
BG322,2010,124779
BG322,2011,122842
BG322,2012,121389
BG322,2013,118180
BG322,2014,115631
BG322,2015,113110
BG322,2016,110469
BG322,2017,107820
BG322,2018,105080
BG322,2019,102463
BG322,2020,99867
BG322,2021,99061
BG322,2022,97408
BG322,2023,95957
BG322,2024,94862
BG323,2000,272766
BG323,2001,266157
BG323,2002,262576
BG323,2003,259036
BG323,2004,255670
BG323,2005,252717
BG323,2006,249467
BG323,2007,246494
BG323,2008,243580
BG323,2009,240808
BG323,2010,238173
BG323,2011,235477
BG323,2012,233767
BG323,2013,227354
BG323,2014,223275
BG323,2015,219109
BG323,2016,214998
BG323,2017,210812
BG323,2018,206652
BG323,2019,202270
BG323,2020,197841
BG323,2021,194978
BG323,2022,192314
BG323,2023,189623
BG323,2024,187830
BG324,2000,155266
BG324,2001,152417
BG324,2002,149093
BG324,2003,146056
BG324,2004,143164
BG324,2005,140433
BG324,2006,137714
BG324,2007,135080
BG324,2008,132438
BG324,2009,130097
BG324,2010,127825
BG324,2011,125369
BG324,2012,123600
BG324,2013,120971
BG324,2014,118781
BG324,2015,116478
BG324,2016,114176
BG324,2017,111865
BG324,2018,109460
BG324,2019,107049
BG324,2020,104634
BG324,2021,103632
BG324,2022,102029
BG324,2023,101107
BG324,2024,100696
BG325,2000,146111
BG325,2001,142000
BG325,2002,139290
BG325,2003,136677
BG325,2004,134281
BG325,2005,132052
BG325,2006,129800
BG325,2007,127604
BG325,2008,125453
BG325,2009,123477
BG325,2010,121583
BG325,2011,119594
BG325,2012,118433
BG325,2013,115037
BG325,2014,112979
BG325,2015,110812
BG325,2016,108586
BG325,2017,106512
BG325,2018,104370
BG325,2019,101999
BG325,2020,99664
BG325,2021,98412
BG325,2022,96826
BG325,2023,95614
BG325,2024,94739
BG331,2000,450231
BG331,2001,462013
BG331,2002,463883
BG331,2003,465035
BG331,2004,466366
BG331,2005,467632
BG331,2006,468834
BG331,2007,470123
BG331,2008,471315
BG331,2009,472503
BG331,2010,474004
BG331,2011,474776
BG331,2012,474344
BG331,2013,466001
BG331,2014,461376
BG331,2015,456668
BG331,2016,451734
BG331,2017,446673
BG331,2018,441668
BG331,2019,436237
BG331,2020,430798
BG331,2021,430784
BG331,2022,431203
BG331,2023,430847
BG331,2024,434191
BG332,2000,211428
BG332,2001,215217
BG332,2002,212386
BG332,2003,209380
BG332,2004,206487
BG332,2005,204037
BG332,2006,201622
BG332,2007,199138
BG332,2008,196852
BG332,2009,194519
BG332,2010,192296
BG332,2011,189862
BG332,2012,188088
BG332,2013,181595
BG332,2014,177676
BG332,2015,173667
BG332,2016,169418
BG332,2017,165427
BG332,2018,161262
BG332,2019,156954
BG332,2020,152665
BG332,2021,151085
BG332,2022,149003
BG332,2023,147208
BG332,2024,146635
BG333,2000,200549
BG333,2001,204378
BG333,2002,201861
BG333,2003,199233
BG333,2004,196797
BG333,2005,194506
BG333,2006,192040
BG333,2007,189716
BG333,2008,187476
BG333,2009,185108
BG333,2010,183090
BG333,2011,180710
BG333,2012,179668
BG333,2013,174702
BG333,2014,171747
BG333,2015,168654
BG333,2016,165475
BG333,2017,162457
BG333,2018,159212
BG333,2019,155819
BG333,2020,152477
BG333,2021,151948
BG333,2022,150415
BG333,2023,149628
BG333,2024,149699
BG334,2000,136291
BG334,2001,137689
BG334,2002,135743
BG334,2003,133931
BG334,2004,131997
BG334,2005,130358
BG334,2006,128721
BG334,2007,127148
BG334,2008,125500
BG334,2009,123932
BG334,2010,122542
BG334,2011,120980
BG334,2012,119865
BG334,2013,116296
BG334,2014,114048
BG334,2015,111710
BG334,2016,109353
BG334,2017,106956
BG334,2018,104506
BG334,2019,102069
BG334,2020,99492
BG334,2021,98509
BG334,2022,97019
BG334,2023,96201
BG334,2024,95609
BG341,2000,425886
BG341,2001,423547
BG341,2002,422575
BG341,2003,421288
BG341,2004,420360
BG341,2005,419631
BG341,2006,418884
BG341,2007,418229
BG341,2008,417668
BG341,2009,417082
BG341,2010,416880
BG341,2011,415909
BG341,2012,414947
BG341,2013,408621
BG341,2014,404524
BG341,2015,400440
BG341,2016,396236
BG341,2017,391912
BG341,2018,387376
BG341,2019,382724
BG341,2020,377968
BG341,2021,378405
BG341,2022,379023
BG341,2023,378596
BG341,2024,384446
BG342,2000,220204
BG342,2001,218474
BG342,2002,216041
BG342,2003,213572
BG342,2004,211253
BG342,2005,209284
BG342,2006,207210
BG342,2007,205246
BG342,2008,203437
BG342,2009,201521
BG342,2010,199784
BG342,2011,197640
BG342,2012,196712
BG342,2013,193248
BG342,2014,190794
BG342,2015,188331
BG342,2016,185667
BG342,2017,183046
BG342,2018,180421
BG342,2019,177604
BG342,2020,174813
BG342,2021,173110
BG342,2022,171495
BG342,2023,170583
BG342,2024,170051
BG343,2000,158153
BG343,2001,156070
BG343,2002,152954
BG343,2003,150196
BG343,2004,147490
BG343,2005,145058
BG343,2006,142626
BG343,2007,140244
BG343,2008,137955
BG343,2009,135833
BG343,2010,133775
BG343,2011,131552
BG343,2012,130056
BG343,2013,127397
BG343,2014,125219
BG343,2015,123034
BG343,2016,120553
BG343,2017,118294
BG343,2018,115924
BG343,2019,113505
BG343,2020,111205
BG343,2021,110264
BG343,2022,108654
BG343,2023,107379
BG343,2024,106320
BG344,2000,373633
BG344,2001,370615
BG344,2002,366141
BG344,2003,362041
BG344,2004,357925
BG344,2005,354129
BG344,2006,350330
BG344,2007,346625
BG344,2008,343039
BG344,2009,339817
BG344,2010,336742
BG344,2011,333496
BG344,2012,331135
BG344,2013,326961
BG344,2014,323359
BG344,2015,319443
BG344,2016,315494
BG344,2017,311696
BG344,2018,307652
BG344,2019,303649
BG344,2020,299668
BG344,2021,297552
BG344,2022,294469
BG344,2023,291852
BG344,2024,290350
BG411,2000,1165843
BG411,2001,1170842
BG411,2002,1190675
BG411,2003,1207281
BG411,2004,1221916
BG411,2005,1234271
BG411,2006,1245295
BG411,2007,1255122
BG411,2008,1264405
BG411,2009,1273869
BG411,2010,1283266
BG411,2011,1291795
BG411,2012,1296615
BG411,2013,1290654
BG411,2014,1289179
BG411,2015,1287747
BG411,2016,1285879
BG411,2017,1284147
BG411,2018,1282475
BG411,2019,1280497
BG411,2020,1278137
BG411,2021,1271214
BG411,2022,1274538
BG411,2023,1280334
BG411,2024,1286965
BG412,2000,273945
BG412,2001,273240
BG412,2002,269875
BG412,2003,266547
BG412,2004,263622
BG412,2005,260936
BG412,2006,258283
BG412,2007,255954
BG412,2008,253486
BG412,2009,251462
BG412,2010,249668
BG412,2011,247625
BG412,2012,245616
BG412,2013,243626
BG412,2014,242506
BG412,2015,241413
BG412,2016,240259
BG412,2017,239149
BG412,2018,238069
BG412,2019,236950
BG412,2020,235778
BG412,2021,233785
BG412,2022,230160
BG412,2023,227610
BG412,2024,226420
BG413,2000,339745
BG413,2001,341173
BG413,2002,339178
BG413,2003,336983
BG413,2004,334994
BG413,2005,333295
BG413,2006,331392
BG413,2007,329699
BG413,2008,328070
BG413,2009,326745
BG413,2010,325417
BG413,2011,323728
BG413,2012,322025
BG413,2013,318042
BG413,2014,314859
BG413,2015,311418
BG413,2016,308021
BG413,2017,304704
BG413,2018,301109
BG413,2019,297379
BG413,2020,293692
BG413,2021,292149
BG413,2022,290216
BG413,2023,288161
BG413,2024,287077
BG414,2000,150205
BG414,2001,149832
BG414,2002,147964
BG414,2003,145969
BG414,2004,144124
BG414,2005,142347
BG414,2006,140789
BG414,2007,139201
BG414,2008,137728
BG414,2009,136272
BG414,2010,135055
BG414,2011,133696
BG414,2012,131987
BG414,2013,129475
BG414,2014,127255
BG414,2015,125115
BG414,2016,122772
BG414,2017,120542
BG414,2018,118343
BG414,2019,116107
BG414,2020,113756
BG414,2021,115045
BG414,2022,113283
BG414,2023,111746
BG414,2024,111032
BG415,2000,163708
BG415,2001,162534
BG415,2002,159572
BG415,2003,156543
BG415,2004,153754
BG415,2005,151256
BG415,2006,148690
BG415,2007,146206
BG415,2008,143809
BG415,2009,141507
BG415,2010,139228
BG415,2011,136887
BG415,2012,134990
BG415,2013,131920
BG415,2014,129281
BG415,2015,126682
BG415,2016,123967
BG415,2017,121258
BG415,2018,118452
BG415,2019,115743
BG415,2020,113054
BG415,2021,112784
BG415,2022,110303
BG415,2023,108703
BG415,2024,107673
BG421,2000,729023
BG421,2001,715816
BG421,2002,711933
BG421,2003,707748
BG421,2004,703830
BG421,2005,700627
BG421,2006,697194
BG421,2007,693734
BG421,2008,690683
BG421,2009,687879
BG421,2010,685860
BG421,2011,683298
BG421,2012,680884
BG421,2013,673310
BG421,2014,668255
BG421,2015,663073
BG421,2016,657444
BG421,2017,651886
BG421,2018,646063
BG421,2019,640277
BG421,2020,634286
BG421,2021,633757
BG421,2022,631760
BG421,2023,631516
BG421,2024,633586
BG422,2000,284885
BG422,2001,277478
BG422,2002,273252
BG422,2003,269289
BG422,2004,266122
BG422,2005,262903
BG422,2006,259764
BG422,2007,256852
BG422,2008,254012
BG422,2009,251319
BG422,2010,248944
BG422,2011,246534
BG422,2012,243955
BG422,2013,240416
BG422,2014,236940
BG422,2015,233212
BG422,2016,229411
BG422,2017,225667
BG422,2018,221777
BG422,2019,217969
BG422,2020,213980
BG422,2021,212175
BG422,2022,210364
BG422,2023,207439
BG422,2024,207114
BG423,2000,316766
BG423,2001,310723
BG423,2002,306506
BG423,2003,302647
BG423,2004,298770
BG423,2005,295132
BG423,2006,291607
BG423,2007,288142
BG423,2008,284786
BG423,2009,281642
BG423,2010,278765
BG423,2011,275768
BG423,2012,273803
BG423,2013,266403
BG423,2014,261945
BG423,2015,257225
BG423,2016,252327
BG423,2017,247445
BG423,2018,242410
BG423,2019,237643
BG423,2020,232578
BG423,2021,230946
BG423,2022,227625
BG423,2023,226209
BG423,2024,225261
BG424,2000,143693
BG424,2001,140066
BG424,2002,137703
BG424,2003,135776
BG424,2004,133809
BG424,2005,131907
BG424,2006,130034
BG424,2007,128362
BG424,2008,126657
BG424,2009,124988
BG424,2010,123446
BG424,2011,121887
BG424,2012,120456
BG424,2013,117203
BG424,2014,114738
BG424,2015,112159
BG424,2016,109549
BG424,2017,106992
BG424,2018,104267
BG424,2019,101572
BG424,2020,98880
BG424,2021,97217
BG424,2022,95152
BG424,2023,93354
BG424,2024,92107
BG425,2000,170283
BG425,2001,164019
BG425,2002,162770
BG425,2003,161300
BG425,2004,159953
BG425,2005,158796
BG425,2006,157658
BG425,2007,156662
BG425,2008,155678
BG425,2009,154691
BG425,2010,153871
BG425,2011,152938
BG425,2012,152009
BG425,2013,149558
BG425,2014,148070
BG425,2015,146546
BG425,2016,144811
BG425,2017,143122
BG425,2018,141336
BG425,2019,139448
BG425,2020,137397
BG425,2021,139819
BG425,2022,140794
BG425,2023,142508
BG425,2024,146562
CH,2000,7164444
CH,2001,7198994
CH,2002,7255653
CH,2003,7313853
CH,2004,7364148
CH,2005,7415102
CH,2006,7459128
CH,2007,7508739
CH,2008,7593494
CH,2009,7701856
CH,2010,7785806
CH,2011,7870134
CH,2012,7954662
CH,2013,8039060
CH,2014,8139631
CH,2015,8237666
CH,2016,8327126
CH,2017,8419550
CH,2018,8484130
CH,2019,8544527
CH,2020,8606033
CH,2021,8670300
CH,2022,8738791
CH,2023,8815385
CH,2024,8962258
CH011,2000,616275
CH011,2001,619097
CH011,2002,624980
CH011,2003,631039
CH011,2004,639105
CH011,2005,647382
CH011,2006,654093
CH011,2007,662145
CH011,2008,672039
CH011,2009,688245
CH011,2010,701526
CH011,2011,713281
CH011,2012,725944
CH011,2013,734356
CH011,2014,749373
CH011,2015,761446
CH011,2016,773407
CH011,2017,784822
CH011,2018,793129
CH011,2019,799145
CH011,2020,805098
CH011,2021,814762
CH011,2022,822968
CH011,2023,830431
CH011,2024,845870
CH012,2000,275632
CH012,2001,276314
CH012,2002,278419
CH012,2003,281345
CH012,2004,285008
CH012,2005,287976
CH012,2006,291575
CH012,2007,294608
CH012,2008,298580
CH012,2009,303241
CH012,2010,307392
CH012,2011,312684
CH012,2012,317022
CH012,2013,321732
CH012,2014,327011
CH012,2015,331763
CH012,2016,335696
CH012,2017,339176
CH012,2018,341463
CH012,2019,343955
CH012,2020,345525
CH012,2021,348503
CH012,2022,353209
CH012,2023,357282
CH012,2024,365844
CH013,2000,403067
CH013,2001,408146
CH013,2002,413618
CH013,2003,418747
CH013,2004,423993
CH013,2005,427396
CH013,2006,430638
CH013,2007,433235
CH013,2008,438177
CH013,2009,446106
CH013,2010,453292
CH013,2011,457715
CH013,2012,460534
CH013,2013,463101
CH013,2014,469433
CH013,2015,477385
CH013,2016,484736
CH013,2017,489524
CH013,2018,495249
CH013,2019,499480
CH013,2020,504128
CH013,2021,506343
CH013,2022,509448
CH013,2023,514114
CH013,2024,524410
CH021,2000,943427
CH021,2001,944024
CH021,2002,946310
CH021,2003,949590
CH021,2004,951957
CH021,2005,955378
CH021,2006,957064
CH021,2007,958897
CH021,2008,962982
CH021,2009,969299
CH021,2010,974235
CH021,2011,979802
CH021,2012,985046
CH021,2013,992617
CH021,2014,1001281
CH021,2015,1009418
CH021,2016,1017483
CH021,2017,1026513
CH021,2018,1031126
CH021,2019,1034977
CH021,2020,1039474
CH021,2021,1043132
CH021,2022,1047473
CH021,2023,1051437
CH021,2024,1063533
CH022,2000,234307
CH022,2001,237044
CH022,2002,240339
CH022,2003,243400
CH022,2004,246656
CH022,2005,250377
CH022,2006,253954
CH022,2007,258252
CH022,2008,263241
CH022,2009,268537
CH022,2010,273159
CH022,2011,278493
CH022,2012,284668
CH022,2013,291395
CH022,2014,297622
CH022,2015,303377
CH022,2016,307461
CH022,2017,311914
CH022,2018,315074
CH022,2019,318714
CH022,2020,321783
CH022,2021,325496
CH022,2022,329809
CH022,2023,334465
CH022,2024,341537
CH023,2000,243908
CH023,2001,243668
CH023,2002,245264
CH023,2003,246280
CH023,2004,246807
CH023,2005,247379
CH023,2006,247937
CH023,2007,248613
CH023,2008,250240
CH023,2009,251830
CH023,2010,252748
CH023,2011,255284
CH023,2012,256990
CH023,2013,259283
CH023,2014,261437
CH023,2015,263719
CH023,2016,266418
CH023,2017,269441
CH023,2018,271432
CH023,2019,273194
CH023,2020,275247
CH023,2021,277462
CH023,2022,280245
CH023,2023,282408
CH023,2024,286844
CH024,2000,165649
CH024,2001,165456
CH024,2002,166227
CH024,2003,166767
CH024,2004,167047
CH024,2005,167910
CH024,2006,168444
CH024,2007,168912
CH024,2008,169782
CH024,2009,170924
CH024,2010,171647
CH024,2011,172085
CH024,2012,173183
CH024,2013,174554
CH024,2014,176402
CH024,2015,177327
CH024,2016,178107
CH024,2017,178567
CH024,2018,177964
CH024,2019,176850
CH024,2020,176496
CH024,2021,175894
CH024,2022,176166
CH024,2023,176571
CH024,2024,178291
CH025,2000,68818
CH025,2001,68923
CH025,2002,68930
CH025,2003,69074
CH025,2004,69064
CH025,2005,69091
CH025,2006,69110
CH025,2007,69292
CH025,2008,69555
CH025,2009,69822
CH025,2010,70134
CH025,2011,70032
CH025,2012,70542
CH025,2013,70942
CH025,2014,71738
CH025,2015,72410
CH025,2016,72782
CH025,2017,73122
CH025,2018,73290
CH025,2019,73419
CH025,2020,73584
CH025,2021,73709
CH025,2022,73798
CH025,2023,73865
CH025,2024,74548
CH031,2000,188458
CH031,2001,187422
CH031,2002,186469
CH031,2003,186719
CH031,2004,186653
CH031,2005,186753
CH031,2006,185601
CH031,2007,184822
CH031,2008,185227
CH031,2009,186672
CH031,2010,187898
CH031,2011,184950
CH031,2012,186255
CH031,2013,187425
CH031,2014,189335
CH031,2015,190580
CH031,2016,191817
CH031,2017,193070
CH031,2018,193908
CH031,2019,194766
CH031,2020,195844
CH031,2021,196735
CH031,2022,196036
CH031,2023,196786
CH031,2024,200031
CH032,2000,258602
CH032,2001,259634
CH032,2002,261083
CH032,2003,262949
CH032,2004,264402
CH032,2005,265305
CH032,2006,266089
CH032,2007,267166
CH032,2008,269145
CH032,2009,271214
CH032,2010,272815
CH032,2011,274404
CH032,2012,275360
CH032,2013,276537
CH032,2014,278656
CH032,2015,281301
CH032,2016,283231
CH032,2017,285624
CH032,2018,287023
CH032,2019,288132
CH032,2020,289468
CH032,2021,290969
CH032,2022,292817
CH032,2023,294417
CH032,2024,298837
CH033,2000,540639
CH033,2001,543685
CH033,2002,550298
CH033,2003,555782
CH033,2004,560674
CH033,2005,565122
CH033,2006,569344
CH033,2007,574813
CH033,2008,581562
CH033,2009,591632
CH033,2010,600040
CH033,2011,611466
CH033,2012,618298
CH033,2013,627340
CH033,2014,636362
CH033,2015,645277
CH033,2016,653675
CH033,2017,663462
CH033,2018,670988
CH033,2019,678207
CH033,2020,685845
CH033,2021,694072
CH033,2022,703086
CH033,2023,711232
CH033,2024,726894
CH040,2000,1198569
CH040,2001,1211647
CH040,2002,1226931
CH040,2003,1241312
CH040,2004,1249893
CH040,2005,1261810
CH040,2006,1272590
CH040,2007,1284052
CH040,2008,1307567
CH040,2009,1332727
CH040,2010,1351297
CH040,2011,1373068
CH040,2012,1392396
CH040,2013,1408575
CH040,2014,1425538
CH040,2015,1446354
CH040,2016,1466424
CH040,2017,1487969
CH040,2018,1504346
CH040,2019,1520968
CH040,2020,1539275
CH040,2021,1553423
CH040,2022,1564662
CH040,2023,1579967
CH040,2024,1605508
CH051,2000,38708
CH051,2001,38196
CH051,2002,38216
CH051,2003,38322
CH051,2004,38502
CH051,2005,38317
CH051,2006,38173
CH051,2007,38084
CH051,2008,38237
CH051,2009,38370
CH051,2010,38479
CH051,2011,38608
CH051,2012,39217
CH051,2013,39369
CH051,2014,39593
CH051,2015,39794
CH051,2016,40028
CH051,2017,40147
CH051,2018,40349
CH051,2019,40403
CH051,2020,40590
CH051,2021,40851
CH051,2022,41190
CH051,2023,41471
CH051,2024,42056
CH052,2000,73552
CH052,2001,73025
CH052,2002,73229
CH052,2003,73834
CH052,2004,73968
CH052,2005,73788
CH052,2006,73764
CH052,2007,73866
CH052,2008,74527
CH052,2009,75303
CH052,2010,75657
CH052,2011,76356
CH052,2012,77139
CH052,2013,77955
CH052,2014,78783
CH052,2015,79417
CH052,2016,79836
CH052,2017,80769
CH052,2018,81351
CH052,2019,81991
CH052,2020,82348
CH052,2021,83107
CH052,2022,83995
CH052,2023,85214
CH052,2024,87111
CH053,2000,53737
CH053,2001,53479
CH053,2002,53138
CH053,2003,53097
CH053,2004,52976
CH053,2005,52841
CH053,2006,52561
CH053,2007,52509
CH053,2008,52654
CH053,2009,53054
CH053,2010,53043
CH053,2011,53017
CH053,2012,53313
CH053,2013,53438
CH053,2014,53691
CH053,2015,54064
CH053,2016,54543
CH053,2017,54954
CH053,2018,55178
CH053,2019,55234
CH053,2020,55445
CH053,2021,55309
CH053,2022,55585
CH053,2023,55759
CH053,2024,56495
CH054,2000,14946
CH054,2001,15012
CH054,2002,14977
CH054,2003,14985
CH054,2004,15010
CH054,2005,15029
CH054,2006,15220
CH054,2007,15300
CH054,2008,15471
CH054,2009,15549
CH054,2010,15681
CH054,2011,15688
CH054,2012,15743
CH054,2013,15717
CH054,2014,15778
CH054,2015,15854
CH054,2016,15974
CH054,2017,16003
CH054,2018,16105
CH054,2019,16145
CH054,2020,16128
CH054,2021,16293
CH054,2022,16360
CH054,2023,16416
CH054,2024,16585
CH055,2000,447609
CH055,2001,450239
CH055,2002,452904
CH055,2003,455251
CH055,2004,457289
CH055,2005,458821
CH055,2006,459999
CH055,2007,461810
CH055,2008,465937
CH055,2009,471152
CH055,2010,474676
CH055,2011,478907
CH055,2012,483156
CH055,2013,487060
CH055,2014,491699
CH055,2015,495824
CH055,2016,499065
CH055,2017,502552
CH055,2018,504686
CH055,2019,507697
CH055,2020,510734
CH055,2021,514504
CH055,2022,519245
CH055,2023,525967
CH055,2024,535114
CH056,2000,186026
CH056,2001,185889
CH056,2002,185225
CH056,2003,185771
CH056,2004,186943
CH056,2005,187812
CH056,2006,187803
CH056,2007,187920
CH056,2008,188762
CH056,2009,190459
CH056,2010,191861
CH056,2011,192621
CH056,2012,193388
CH056,2013,193920
CH056,2014,194959
CH056,2015,195886
CH056,2016,196610
CH056,2017,197550
CH056,2018,197888
CH056,2019,198379
CH056,2020,199021
CH056,2021,200096
CH056,2022,201376
CH056,2023,202538
CH056,2024,204888
CH057,2000,227285
CH057,2001,227481
CH057,2002,228206
CH057,2003,229904
CH057,2004,231836
CH057,2005,232978
CH057,2006,234332
CH057,2007,235764
CH057,2008,238316
CH057,2009,241811
CH057,2010,244805
CH057,2011,248444
CH057,2012,251973
CH057,2013,256213
CH057,2014,260278
CH057,2015,263733
CH057,2016,267429
CH057,2017,270709
CH057,2018,273801
CH057,2019,276472
CH057,2020,279547
CH057,2021,282909
CH057,2022,285964
CH057,2023,289650
CH057,2024,295220
CH061,2000,345357
CH061,2001,346473
CH061,2002,350017
CH061,2003,351889
CH061,2004,353175
CH061,2005,354731
CH061,2006,356384
CH061,2007,359110
CH061,2008,363475
CH061,2009,368742
CH061,2010,372964
CH061,2011,377610
CH061,2012,381966
CH061,2013,386082
CH061,2014,390349
CH061,2015,394604
CH061,2016,398762
CH061,2017,403397
CH061,2018,406506
CH061,2019,409557
CH061,2020,413120
CH061,2021,416347
CH061,2022,420326
CH061,2023,424851
CH061,2024,432744
CH062,2000,35487
CH062,2001,35190
CH062,2002,34992
CH062,2003,35209
CH062,2004,35118
CH062,2005,35083
CH062,2006,35087
CH062,2007,34948
CH062,2008,34989
CH062,2009,35162
CH062,2010,35335
CH062,2011,35422
CH062,2012,35382
CH062,2013,35693
CH062,2014,35865
CH062,2015,36008
CH062,2016,35973
CH062,2017,36145
CH062,2018,36299
CH062,2019,36433
CH062,2020,36703
CH062,2021,36819
CH062,2022,37047
CH062,2023,37317
CH062,2024,37931
CH063,2000,128248
CH063,2001,128855
CH063,2002,131264
CH063,2003,133227
CH063,2004,134903
CH063,2005,135989
CH063,2006,137522
CH063,2007,138832
CH063,2008,141024
CH063,2009,143719
CH063,2010,144686
CH063,2011,146730
CH063,2012,147904
CH063,2013,149830
CH063,2014,151396
CH063,2015,152759
CH063,2016,154093
CH063,2017,155863
CH063,2018,157301
CH063,2019,159165
CH063,2020,160480
CH063,2021,162157
CH063,2022,163689
CH063,2023,164920
CH063,2024,167403
CH064,2000,32225
CH064,2001,32356
CH064,2002,32678
CH064,2003,32961
CH064,2004,33142
CH064,2005,33162
CH064,2006,33269
CH064,2007,33755
CH064,2008,33997
CH064,2009,34429
CH064,2010,35032
CH064,2011,35585
CH064,2012,35885
CH064,2013,36115
CH064,2014,36507
CH064,2015,36834
CH064,2016,37076
CH064,2017,37378
CH064,2018,37575
CH064,2019,37841
CH064,2020,37930
CH064,2021,38108
CH064,2022,38435
CH064,2023,38700
CH064,2024,39272
CH065,2000,37657
CH065,2001,37810
CH065,2002,38389
CH065,2003,38736
CH065,2004,39070
CH065,2005,39497
CH065,2006,39803
CH065,2007,40012
CH065,2008,40287
CH065,2009,40737
CH065,2010,40794
CH065,2011,41024
CH065,2012,41311
CH065,2013,41584
CH065,2014,41888
CH065,2015,42080
CH065,2016,42420
CH065,2017,42556
CH065,2018,42969
CH065,2019,43223
CH065,2020,43087
CH065,2021,43520
CH065,2022,43894
CH065,2023,44420
CH065,2024,45016
CH066,2000,97758
CH066,2001,99714
CH066,2002,101022
CH066,2003,102407
CH066,2004,103642
CH066,2005,105244
CH066,2006,106496
CH066,2007,107171
CH066,2008,109141
CH066,2009,110384
CH066,2010,110890
CH066,2011,113105
CH066,2012,115104
CH066,2013,116575
CH066,2014,118118
CH066,2015,120089
CH066,2016,122134
CH066,2017,123948
CH066,2018,125421
CH066,2019,126837
CH066,2020,127642
CH066,2021,128794
CH066,2022,129787
CH066,2023,131164
CH066,2024,132556
CH070,2000,308498
CH070,2001,310215
CH070,2002,312528
CH070,2003,315256
CH070,2004,317315
CH070,2005,319931
CH070,2006,322276
CH070,2007,324851
CH070,2008,328580
CH070,2009,332736
CH070,2010,335720
CH070,2011,333753
CH070,2012,336943
CH070,2013,341652
CH070,2014,346539
CH070,2015,350363
CH070,2016,351946
CH070,2017,354375
CH070,2018,353709
CH070,2019,353343
CH070,2020,351491
CH070,2021,350986
CH070,2022,352181
CH070,2023,354023
CH070,2024,357720
CY,2000,690497
CY,2001,697549
CY,2002,705539
CY,2003,713720
CY,2004,722893
CY,2005,733067
CY,2006,744013
CY,2007,757916
CY,2008,776333
CY,2009,796930
CY,2010,819140
CY,2011,839751
CY,2012,862011
CY,2013,862854
CY,2014,860032
CY,2015,860846
CY,2016,863764
CY,2017,869878
CY,2018,878601
CY,2019,890194
CY,2020,902429
CY,2021,914476
CY,2022,929764
CY,2023,949084
CY,2024,966365
CY000,2000,690497
CY000,2001,697549
CY000,2002,705539
CY000,2003,713720
CY000,2004,722893
CY000,2005,733067
CY000,2006,744013
CY000,2007,757916
CY000,2008,776333
CY000,2009,796930
CY000,2010,819140
CY000,2011,839751
CY000,2012,862011
CY000,2013,862854
CY000,2014,860032
CY000,2015,860846
CY000,2016,863764
CY000,2017,869878
CY000,2018,878601
CY000,2019,890194
CY000,2020,902429
CY000,2021,914476
CY000,2022,929764
CY000,2023,949084
CY000,2024,966365
CZ,2000,10278098
CZ,2001,10232027
CZ,2002,10201182
CZ,2003,10192649
CZ,2004,10195347
CZ,2005,10198855
CZ,2006,10223577
CZ,2007,10254233
CZ,2008,10343422
CZ,2009,10425783
CZ,2010,10462088
CZ,2011,10466731
CZ,2012,10465445
CZ,2013,10456125
CZ,2014,10432419
CZ,2015,10438275
CZ,2016,10433843
CZ,2017,10438820
CZ,2018,10450055
CZ,2019,10469800
CZ,2020,10493939
CZ,2021,10494836
CZ,2022,10516707
CZ,2023,10827529
CZ,2024,10900555
CZ010,2000,1186855
CZ010,2001,1170476
CZ010,2002,1157876
CZ010,2003,1157443
CZ010,2004,1158738
CZ010,2005,1161334
CZ010,2006,1169892
CZ010,2007,1173933
CZ010,2008,1195521
CZ010,2009,1214300
CZ010,2010,1227932
CZ010,2011,1230983
CZ010,2012,1233337
CZ010,2013,1234742
CZ010,2014,1234440
CZ010,2015,1237632
CZ010,2016,1239604
CZ010,2017,1242695
CZ010,2018,1246534
CZ010,2019,1251396
CZ010,2020,1256793
CZ010,2021,1259413
CZ010,2022,1275406
CZ010,2023,1357326
CZ010,2024,1384732
CZ020,2000,1111354
CZ020,2001,1121591
CZ020,2002,1123895
CZ020,2003,1128603
CZ020,2004,1135690
CZ020,2005,1143925
CZ020,2006,1157881
CZ020,2007,1174964
CZ020,2008,1201524
CZ020,2009,1230405
CZ020,2010,1247330
CZ020,2011,1258886
CZ020,2012,1269733
CZ020,2013,1279593
CZ020,2014,1287659
CZ020,2015,1299354
CZ020,2016,1309771
CZ020,2017,1321369
CZ020,2018,1333776
CZ020,2019,1347302
CZ020,2020,1361439
CZ020,2021,1372588
CZ020,2022,1386824
CZ020,2023,1439391
CZ020,2024,1455940
CZ031,2000,625886
CZ031,2001,625293
CZ031,2002,624223
CZ031,2003,624394
CZ031,2004,624488
CZ031,2005,624302
CZ031,2006,626000
CZ031,2007,627899
CZ031,2008,630870
CZ031,2009,633679
CZ031,2010,634814
CZ031,2011,635062
CZ031,2012,634949
CZ031,2013,634349
CZ031,2014,632877
CZ031,2015,633198
CZ031,2016,632894
CZ031,2017,633162
CZ031,2018,633809
CZ031,2019,634973
CZ031,2020,636402
CZ031,2021,636422
CZ031,2022,637047
CZ031,2023,652303
CZ031,2024,654505
CZ032,2000,552096
CZ032,2001,550804
CZ032,2002,549492
CZ032,2003,549143
CZ032,2004,549769
CZ032,2005,549155
CZ032,2006,550931
CZ032,2007,553820
CZ032,2008,560286
CZ032,2009,568798
CZ032,2010,571020
CZ032,2011,571595
CZ032,2012,571847
CZ032,2013,571659
CZ032,2014,570684
CZ032,2015,571325
CZ032,2016,571404
CZ032,2017,571998
CZ032,2018,572935
CZ032,2019,574339
CZ032,2020,575986
CZ032,2021,576358
CZ032,2022,578707
CZ032,2023,605388
CZ032,2024,613374
CZ041,2000,306169
CZ041,2001,304433
CZ041,2002,303371
CZ041,2003,303521
CZ041,2004,303179
CZ041,2005,303132
CZ041,2006,302418
CZ041,2007,302347
CZ041,2008,304823
CZ041,2009,305406
CZ041,2010,304305
CZ041,2011,302605
CZ041,2012,300733
CZ041,2013,298633
CZ041,2014,296127
CZ041,2015,294463
CZ041,2016,292509
CZ041,2017,290819
CZ041,2018,289300
CZ041,2019,288011
CZ041,2020,286835
CZ041,2021,285020
CZ041,2022,283210
CZ041,2023,293595
CZ041,2024,295077
CZ042,2000,825805
CZ042,2001,820380
CZ042,2002,818718
CZ042,2003,818213
CZ042,2004,818577
CZ042,2005,819010
CZ042,2006,819172
CZ042,2007,818408
CZ042,2008,825512
CZ042,2009,829481
CZ042,2010,829120
CZ042,2011,826756
CZ042,2012,823924
CZ042,2013,820460
CZ042,2014,815877
CZ042,2015,813612
CZ042,2016,810543
CZ042,2017,808205
CZ042,2018,806347
CZ042,2019,805139
CZ042,2020,804257
CZ042,2021,801586
CZ042,2022,798898
CZ042,2023,812337
CZ042,2024,811169
CZ051,2000,428565
CZ051,2001,428247
CZ051,2002,427165
CZ051,2003,426857
CZ051,2004,427009
CZ051,2005,426600
CZ051,2006,427821
CZ051,2007,429343
CZ051,2008,432312
CZ051,2009,435507
CZ051,2010,437070
CZ051,2011,437181
CZ051,2012,437044
CZ051,2013,436572
CZ051,2014,435499
CZ051,2015,435661
CZ051,2016,435393
CZ051,2017,435518
CZ051,2018,435904
CZ051,2019,436644
CZ051,2020,437568
CZ051,2021,437522
CZ051,2022,437570
CZ051,2023,449177
CZ051,2024,450728
CZ052,2000,551827
CZ052,2001,550892
CZ052,2002,549268
CZ052,2003,548306
CZ052,2004,547368
CZ052,2005,547024
CZ052,2006,548024
CZ052,2007,549250
CZ052,2008,551785
CZ052,2009,554097
CZ052,2010,554027
CZ052,2011,553225
CZ052,2012,552110
CZ052,2013,550571
CZ052,2014,548279
CZ052,2015,547541
CZ052,2016,546265
CZ052,2017,545480
CZ052,2018,545021
CZ052,2019,545003
CZ052,2020,545209
CZ052,2021,544205
CZ052,2022,542583
CZ052,2023,555267
CZ052,2024,556949
CZ053,2000,509015
CZ053,2001,508261
CZ053,2002,507050
CZ053,2003,506270
CZ053,2004,505091
CZ053,2005,504754
CZ053,2006,505370
CZ053,2007,506982
CZ053,2008,510534
CZ053,2009,514261
CZ053,2010,515370
CZ053,2011,515366
CZ053,2012,515069
CZ053,2013,514378
CZ053,2014,512979
CZ053,2015,513035
CZ053,2016,512585
CZ053,2017,512597
CZ053,2018,512916
CZ053,2019,513652
CZ053,2020,514603
CZ053,2021,514413
CZ053,2022,514518
CZ053,2023,528761
CZ053,2024,530560
CZ063,2000,515546
CZ063,2001,512233
CZ063,2002,511002
CZ063,2003,510069
CZ063,2004,509694
CZ063,2005,509045
CZ063,2006,509437
CZ063,2007,510071
CZ063,2008,511867
CZ063,2009,513386
CZ063,2010,512788
CZ063,2011,512073
CZ063,2012,511069
CZ063,2013,509673
CZ063,2014,507578
CZ063,2015,506924
CZ063,2016,505770
CZ063,2017,505071
CZ063,2018,504675
CZ063,2019,504686
CZ063,2020,504905
CZ063,2021,504004
CZ063,2022,504025
CZ063,2023,514777
CZ063,2024,517960
CZ064,2000,1143215
CZ064,2001,1135045
CZ064,2002,1132200
CZ064,2003,1130156
CZ064,2004,1131603
CZ064,2005,1132975
CZ064,2006,1133821
CZ064,2007,1136827
CZ064,2008,1145726
CZ064,2009,1153392
CZ064,2010,1159205
CZ064,2011,1161386
CZ064,2012,1162909
CZ064,2013,1163540
CZ064,2014,1162563
CZ064,2015,1164877
CZ064,2016,1166044
CZ064,2017,1168262
CZ064,2018,1171183
CZ064,2019,1175063
CZ064,2020,1179444
CZ064,2021,1181216
CZ064,2022,1184568
CZ064,2023,1217200
CZ064,2024,1226749
CZ071,2000,644769
CZ071,2001,644066
CZ071,2002,642448
CZ071,2003,640492
CZ071,2004,639672
CZ071,2005,638079
CZ071,2006,637477
CZ071,2007,637896
CZ071,2008,639522
CZ071,2009,639660
CZ071,2010,639418
CZ071,2011,638207
CZ071,2012,636634
CZ071,2013,634573
CZ071,2014,631645
CZ071,2015,630508
CZ071,2016,628750
CZ071,2017,627559
CZ071,2018,626742
CZ071,2019,626431
CZ071,2020,626376
CZ071,2021,624931
CZ071,2022,622930
CZ071,2023,631802
CZ071,2024,632864
CZ072,2000,595586
CZ072,2001,595023
CZ072,2002,593940
CZ072,2003,592884
CZ072,2004,591516
CZ072,2005,590240
CZ072,2006,589568
CZ072,2007,589184
CZ072,2008,590096
CZ072,2009,590777
CZ072,2010,590513
CZ072,2011,589085
CZ072,2012,587322
CZ072,2013,585111
CZ072,2014,582099
CZ072,2015,580741
CZ072,2016,578809
CZ072,2017,577399
CZ072,2018,576333
CZ072,2019,575731
CZ072,2020,575364
CZ072,2021,573718
CZ072,2022,572432
CZ072,2023,580531
CZ072,2024,580744
CZ080,2000,1281410
CZ080,2001,1265283
CZ080,2002,1260534
CZ080,2003,1256298
CZ080,2004,1252953
CZ080,2005,1249280
CZ080,2006,1245765
CZ080,2007,1243309
CZ080,2008,1243044
CZ080,2009,1242634
CZ080,2010,1239176
CZ080,2011,1234321
CZ080,2012,1228765
CZ080,2013,1222271
CZ080,2014,1214113
CZ080,2015,1209404
CZ080,2016,1203502
CZ080,2017,1198686
CZ080,2018,1194580
CZ080,2019,1191430
CZ080,2020,1188758
CZ080,2021,1183440
CZ080,2022,1177989
CZ080,2023,1189674
CZ080,2024,1189204
DE,2000,82163475
DE,2001,82259540
DE,2002,82055793
DE,2003,81852045
DE,2004,81648298
DE,2005,81444550
DE,2006,81240803
DE,2007,81037055
DE,2008,80833308
DE,2009,80629560
DE,2010,80425813
DE,2011,80222065
DE,2012,80327900
DE,2013,80523746
DE,2014,80767463
DE,2015,81197537
DE,2016,82175684
DE,2017,82521653
DE,2018,82792351
DE,2019,83019213
DE,2020,83166711
DE,2021,83155031
DE,2022,83237124
DE,2023,83118501
DE,2024,83456045
DE111,2000,582443
DE111,2001,583874
DE111,2002,583906
DE111,2003,583930
DE111,2004,583948
DE111,2005,583960
DE111,2006,583962
DE111,2007,583957
DE111,2008,583949
DE111,2009,583927
DE111,2010,583900
DE111,2011,583868
DE111,2012,591015
DE111,2013,597939
DE111,2014,604297
DE111,2015,612441
DE111,2016,623738
DE111,2017,628032
DE111,2018,632743
DE111,2019,634830
DE111,2020,635911
DE111,2021,630305
DE111,2022,626275
DE111,2023,612041
DE111,2024,613111
DE112,2000,362048
DE112,2001,364987
DE112,2002,364856
DE112,2003,364720
DE112,2004,364581
DE112,2005,364438
DE112,2006,364292
DE112,2007,364141
DE112,2008,363986
DE112,2009,363828
DE112,2010,363666
DE112,2011,363500
DE112,2012,364458
DE112,2013,367208
DE112,2014,370392
DE112,2015,374279
DE112,2016,381281
DE112,2017,385888
DE112,2018,389548
DE112,2019,391640
DE112,2020,392807
DE112,2021,392898
DE112,2022,393195
DE112,2023,391368
DE112,2024,394261
DE113,2000,497826
DE113,2001,500666
DE113,2002,500878
DE113,2003,501083
DE113,2004,501281
DE113,2005,501471
DE113,2006,501654
DE113,2007,501830
DE113,2008,501999
DE113,2009,502161
DE113,2010,502315
DE113,2011,502462
DE113,2012,504961
DE113,2013,508577
DE113,2014,512279
DE113,2015,516779
DE113,2016,524127
DE113,2017,528792
DE113,2018,532447
DE113,2019,533859
DE113,2020,535024
DE113,2021,533617
DE113,2022,533388
DE113,2023,533434
DE113,2024,536027
DE114,2000,256136
DE114,2001,256792
DE114,2002,255874
DE114,2003,254957
DE114,2004,254042
DE114,2005,253128
DE114,2006,252216
DE114,2007,251305
DE114,2008,250395
DE114,2009,249487
DE114,2010,248580
DE114,2011,247675
DE114,2012,247194
DE114,2013,247835
DE114,2014,248813
DE114,2015,250117
DE114,2016,252749
DE114,2017,254618
DE114,2018,256345
DE114,2019,257253
DE114,2020,258145
DE114,2021,258781
DE114,2022,259046
DE114,2023,257269
DE114,2024,259232
DE115,2000,495443
DE115,2001,497764
DE115,2002,498943
DE115,2003,500111
DE115,2004,501266
DE115,2005,502409
DE115,2006,503541
DE115,2007,504660
DE115,2008,505768
DE115,2009,506863
DE115,2010,507947
DE115,2011,509018
DE115,2012,512086
DE115,2013,516748
DE115,2014,521633
DE115,2015,526377
DE115,2016,534074
DE115,2017,537902
DE115,2018,542630
DE115,2019,543984
DE115,2020,545423
DE115,2021,544971
DE115,2022,544679
DE115,2023,532109
DE115,2024,534808
DE116,2000,407213
DE116,2001,409296
DE116,2002,409065
DE116,2003,408829
DE116,2004,408590
DE116,2005,408347
DE116,2006,408100
DE116,2007,407849
DE116,2008,407594
DE116,2009,407335
DE116,2010,407073
DE116,2011,406806
DE116,2012,407150
DE116,2013,408827
DE116,2014,411025
DE116,2015,414016
DE116,2016,419456
DE116,2017,422698
DE116,2018,424878
DE116,2019,426158
DE116,2020,427248
DE116,2021,427286
DE116,2022,427316
DE116,2023,438079
DE116,2024,440103
DE117,2000,119526
DE117,2001,119305
DE117,2002,118913
DE117,2003,118522
DE117,2004,118131
DE117,2005,117740
DE117,2006,117350
DE117,2007,116960
DE117,2008,116571
DE117,2009,116183
DE117,2010,115795
DE117,2011,115407
DE117,2012,116716
DE117,2013,117531
DE117,2014,118122
DE117,2015,119841
DE117,2016,122567
DE117,2017,123771
DE117,2018,125113
DE117,2019,125960
DE117,2020,126592
DE117,2021,126458
DE117,2022,125613
DE117,2023,129931
DE117,2024,131653
DE118,2000,317578
DE118,2001,320955
DE118,2002,321160
DE118,2003,321359
DE118,2004,321554
DE118,2005,321744
DE118,2006,321929
DE118,2007,322108
DE118,2008,322283
DE118,2009,322453
DE118,2010,322618
DE118,2011,322778
DE118,2012,323168
DE118,2013,324543
DE118,2014,326035
DE118,2015,329250
DE118,2016,334388
DE118,2017,337571
DE118,2018,340772
DE118,2019,343068
DE118,2020,344456
DE118,2021,346363
DE118,2022,347798
DE118,2023,351402
DE118,2024,353609
DE119,2000,106930
DE119,2001,107754
DE119,2002,107709
DE119,2003,107664
DE119,2004,107617
DE119,2005,107569
DE119,2006,107520
DE119,2007,107470
DE119,2008,107418
DE119,2009,107366
DE119,2010,107313
DE119,2011,107258
DE119,2012,107200
DE119,2013,107498
DE119,2014,107866
DE119,2015,108816
DE119,2016,110181
DE119,2017,110689
DE119,2018,111392
DE119,2019,112010
DE119,2020,112655
DE119,2021,112765
DE119,2022,113318
DE119,2023,114553
DE119,2024,115335
DE11A,2000,184819
DE11A,2001,185728
DE11A,2002,185804
DE11A,2003,185877
DE11A,2004,185947
DE11A,2005,186015
DE11A,2006,186080
DE11A,2007,186143
DE11A,2008,186203
DE11A,2009,186260
DE11A,2010,186314
DE11A,2011,186366
DE11A,2012,186427
DE11A,2013,186928
DE11A,2014,187682
DE11A,2015,188974
DE11A,2016,191614
DE11A,2017,192958
DE11A,2018,194203
DE11A,2019,195861
DE11A,2020,196761
DE11A,2021,197860
DE11A,2022,199398
DE11A,2023,198650
DE11A,2024,200597
DE11B,2000,137135
DE11B,2001,137057
DE11B,2002,136421
DE11B,2003,135787
DE11B,2004,135154
DE11B,2005,134522
DE11B,2006,133892
DE11B,2007,133264
DE11B,2008,132636
DE11B,2009,132011
DE11B,2010,131387
DE11B,2011,130764
DE11B,2012,130431
DE11B,2013,129842
DE11B,2014,129857
DE11B,2015,130299
DE11B,2016,132181
DE11B,2017,132274
DE11B,2018,132189
DE11B,2019,132321
DE11B,2020,132399
DE11B,2021,132684
DE11B,2022,132956
DE11B,2023,132793
DE11B,2024,133459
DE11C,2000,136890
DE11C,2001,136976
DE11C,2002,136069
DE11C,2003,135164
DE11C,2004,134263
DE11C,2005,133364
DE11C,2006,132468
DE11C,2007,131575
DE11C,2008,130684
DE11C,2009,129797
DE11C,2010,128912
DE11C,2011,128030
DE11C,2012,127691
DE11C,2013,127608
DE11C,2014,127947
DE11C,2015,128894
DE11C,2016,130527
DE11C,2017,131498
DE11C,2018,132006
DE11C,2019,132472
DE11C,2020,132777
DE11C,2021,132812
DE11C,2022,132958
DE11C,2023,134766
DE11C,2024,135241
DE11D,2000,313318
DE11D,2001,314198
DE11D,2002,313449
DE11D,2003,312701
DE11D,2004,311952
DE11D,2005,311203
DE11D,2006,310453
DE11D,2007,309704
DE11D,2008,308954
DE11D,2009,308205
DE11D,2010,307455
DE11D,2011,306705
DE11D,2012,306425
DE11D,2013,306484
DE11D,2014,306933
DE11D,2015,308205
DE11D,2016,312650
DE11D,2017,311587
DE11D,2018,312422
DE11D,2019,314002
DE11D,2020,314025
DE11D,2021,314294
DE11D,2022,315009
DE11D,2023,316343
DE11D,2024,317263
DE121,2000,52627
DE121,2001,52729
DE121,2002,52697
DE121,2003,52664
DE121,2004,52630
DE121,2005,52596
DE121,2006,52562
DE121,2007,52527
DE121,2008,52492
DE121,2009,52456
DE121,2010,52420
DE121,2011,52383
DE121,2012,52424
DE121,2013,52585
DE121,2014,53012
DE121,2015,53342
DE121,2016,54160
DE121,2017,54307
DE121,2018,54718
DE121,2019,55123
DE121,2020,55185
DE121,2021,55449
DE121,2022,55527
DE121,2023,56094
DE121,2024,56526
DE122,2000,277204
DE122,2001,278558
DE122,2002,279652
DE122,2003,280737
DE122,2004,281814
DE122,2005,282881
DE122,2006,283940
DE122,2007,284990
DE122,2008,286030
DE122,2009,287062
DE122,2010,288086
DE122,2011,289100
DE122,2012,291995
DE122,2013,296033
DE122,2014,299103
DE122,2015,300051
DE122,2016,307755
DE122,2017,309999
DE122,2018,311919
DE122,2019,313092
DE122,2020,312060
DE122,2021,308436
DE122,2022,306502
DE122,2023,306630
DE122,2024,308197
DE123,2000,416429
DE123,2001,419555
DE123,2002,420009
DE123,2003,420455
DE123,2004,420893
DE123,2005,421325
DE123,2006,421749
DE123,2007,422165
DE123,2008,422574
DE123,2009,422976
DE123,2010,423370
DE123,2011,423757
DE123,2012,424510
DE123,2013,427106
DE123,2014,429186
DE123,2015,431315
DE123,2016,435841
DE123,2017,440337
DE123,2018,442673
DE123,2019,444232
DE123,2020,445101
DE123,2021,446852
DE123,2022,448487
DE123,2023,453378
DE123,2024,455350
DE124,2000,223529
DE124,2001,223328
DE124,2002,223205
DE124,2003,223079
DE124,2004,222951
DE124,2005,222822
DE124,2006,222690
DE124,2007,222556
DE124,2008,222419
DE124,2009,222281
DE124,2010,222141
DE124,2011,221998
DE124,2012,222201
DE124,2013,222472
DE124,2014,223311
DE124,2015,224687
DE124,2016,227474
DE124,2017,228907
DE124,2018,230216
DE124,2019,231018
DE124,2020,231420
DE124,2021,232091
DE124,2022,232296
DE124,2023,230698
DE124,2024,231356
DE125,2000,139672
DE125,2001,140259
DE125,2002,140866
DE125,2003,141468
DE125,2004,142066
DE125,2005,142659
DE125,2006,143247
DE125,2007,143830
DE125,2008,144409
DE125,2009,144983
DE125,2010,145552
DE125,2011,146116
DE125,2012,148415
DE125,2013,150335
DE125,2014,152113
DE125,2015,154715
DE125,2016,156267
DE125,2017,159914
DE125,2018,160601
DE125,2019,160355
DE125,2020,161485
DE125,2021,158741
DE125,2022,159245
DE125,2023,154570
DE125,2024,155175
DE126,2000,307730
DE126,2001,306729
DE126,2002,305006
DE126,2003,303288
DE126,2004,301575
DE126,2005,299867
DE126,2006,298163
DE126,2007,296464
DE126,2008,294770
DE126,2009,293081
DE126,2010,291397
DE126,2011,289717
DE126,2012,291458
DE126,2013,294627
DE126,2014,296690
DE126,2015,299844
DE126,2016,305780
DE126,2017,304781
DE126,2018,307997
DE126,2019,309370
DE126,2020,310658
DE126,2021,309721
DE126,2022,311831
DE126,2023,314961
DE126,2024,316256
DE127,2000,148938
DE127,2001,149424
DE127,2002,148805
DE127,2003,148187
DE127,2004,147571
DE127,2005,146956
DE127,2006,146342
DE127,2007,145729
DE127,2008,145117
DE127,2009,144507
DE127,2010,143898
DE127,2011,143290
DE127,2012,142435
DE127,2013,141847
DE127,2014,141584
DE127,2015,141651
DE127,2016,142936
DE127,2017,143278
DE127,2018,143376
DE127,2019,143535
DE127,2020,143633
DE127,2021,143797
DE127,2022,143929
DE127,2023,145039
DE127,2024,145681
DE128,2000,521954
DE128,2001,524028
DE128,2002,524033
DE128,2003,524032
DE128,2004,524024
DE128,2005,524008
DE128,2006,523987
DE128,2007,523962
DE128,2008,523928
DE128,2009,523886
DE128,2010,523838
DE128,2011,523787
DE128,2012,525204
DE128,2013,527287
DE128,2014,531013
DE128,2015,534729
DE128,2016,541859
DE128,2017,544400
DE128,2018,546745
DE128,2019,547625
DE128,2020,548355
DE128,2021,548233
DE128,2022,549030
DE128,2023,556316
DE128,2024,557819
DE129,2000,117227
DE129,2001,117156
DE129,2002,116866
DE129,2003,116576
DE129,2004,116287
DE129,2005,115997
DE129,2006,115707
DE129,2007,115417
DE129,2008,115127
DE129,2009,114838
DE129,2010,114548
DE129,2011,114258
DE129,2012,115211
DE129,2013,116425
DE129,2014,117754
DE129,2015,119291
DE129,2016,122247
DE129,2017,123493
DE129,2018,124289
DE129,2019,125542
DE129,2020,125957
DE129,2021,126016
DE129,2022,125529
DE129,2023,133896
DE129,2024,135087
DE12A,2000,158294
DE12A,2001,158959
DE12A,2002,158185
DE12A,2003,157413
DE12A,2004,156643
DE12A,2005,155874
DE12A,2006,155108
DE12A,2007,154343
DE12A,2008,153581
DE12A,2009,152820
DE12A,2010,152061
DE12A,2011,151304
DE12A,2012,150990
DE12A,2013,150709
DE12A,2014,151461
DE12A,2015,152766
DE12A,2016,155359
DE12A,2017,155960
DE12A,2018,157424
DE12A,2019,158397
DE12A,2020,159201
DE12A,2021,160149
DE12A,2022,160686
DE12A,2023,160139
DE12A,2024,161181
DE12B,2000,191590
DE12B,2001,192852
DE12B,2002,192722
DE12B,2003,192590
DE12B,2004,192456
DE12B,2005,192321
DE12B,2006,192184
DE12B,2007,192045
DE12B,2008,191905
DE12B,2009,191763
DE12B,2010,191619
DE12B,2011,191473
DE12B,2012,191461
DE12B,2013,192092
DE12B,2014,192811
DE12B,2015,193728
DE12B,2016,196066
DE12B,2017,197246
DE12B,2018,198369
DE12B,2019,198905
DE12B,2020,199556
DE12B,2021,199752
DE12B,2022,200237
DE12B,2023,198950
DE12B,2024,199878
DE12C,2000,121063
DE12C,2001,120848
DE12C,2002,120400
DE12C,2003,119954
DE12C,2004,119507
DE12C,2005,119062
DE12C,2006,118617
DE12C,2007,118173
DE12C,2008,117730
DE12C,2009,117288
DE12C,2010,116846
DE12C,2011,116405
DE12C,2012,115220
DE12C,2013,115055
DE12C,2014,114793
DE12C,2015,115147
DE12C,2016,116233
DE12C,2017,116692
DE12C,2018,117456
DE12C,2019,117935
DE12C,2020,118243
DE12C,2021,118364
DE12C,2022,119183
DE12C,2023,121450
DE12C,2024,121901
DE131,2000,202455
DE131,2001,205102
DE131,2002,205535
DE131,2003,205964
DE131,2004,206388
DE131,2005,206807
DE131,2006,207221
DE131,2007,207631
DE131,2008,208036
DE131,2009,208437
DE131,2010,208833
DE131,2011,209224
DE131,2012,214234
DE131,2013,218043
DE131,2014,220286
DE131,2015,222203
DE131,2016,226393
DE131,2017,227590
DE131,2018,229636
DE131,2019,230241
DE131,2020,231195
DE131,2021,230940
DE131,2022,231848
DE131,2023,235003
DE131,2024,236236
DE132,2000,238770
DE132,2001,240545
DE132,2002,241056
DE132,2003,241561
DE132,2004,242061
DE132,2005,242555
DE132,2006,243044
DE132,2007,243528
DE132,2008,244005
DE132,2009,244478
DE132,2010,244945
DE132,2011,245406
DE132,2012,246437
DE132,2013,247711
DE132,2014,250137
DE132,2015,252749
DE132,2016,257343
DE132,2017,260416
DE132,2018,262405
DE132,2019,262795
DE132,2020,263601
DE132,2021,264867
DE132,2022,265792
DE132,2023,269631
DE132,2024,271977
DE133,2000,150406
DE133,2001,151414
DE133,2002,151923
DE133,2003,152428
DE133,2004,152929
DE133,2005,153425
DE133,2006,153917
DE133,2007,154404
DE133,2008,154887
DE133,2009,155366
DE133,2010,155840
DE133,2011,156310
DE133,2012,156723
DE133,2013,157399
DE133,2014,158177
DE133,2015,159708
DE133,2016,162082
DE133,2017,163251
DE133,2018,164712
DE133,2019,165383
DE133,2020,166408
DE133,2021,166862
DE133,2022,167945
DE133,2023,168004
DE133,2024,169470
DE134,2000,405607
DE134,2001,408126
DE134,2002,408344
DE134,2003,408556
DE134,2004,408761
DE134,2005,408960
DE134,2006,409154
DE134,2007,409340
DE134,2008,409522
DE134,2009,409696
DE134,2010,409865
DE134,2011,410028
DE134,2012,410408
DE134,2013,411700
DE134,2014,412678
DE134,2015,415639
DE134,2016,420106
DE134,2017,423359
DE134,2018,425932
DE134,2019,429479
DE134,2020,430953
DE134,2021,432580
DE134,2022,434535
DE134,2023,440768
DE134,2024,443482
DE135,2000,140628
DE135,2001,140873
DE135,2002,140448
DE135,2003,140024
DE135,2004,139599
DE135,2005,139176
DE135,2006,138752
DE135,2007,138329
DE135,2008,137907
DE135,2009,137484
DE135,2010,137063
DE135,2011,136641
DE135,2012,136049
DE135,2013,135553
DE135,2014,135319
DE135,2015,135912
DE135,2016,137500
DE135,2017,138327
DE135,2018,138858
DE135,2019,139455
DE135,2020,139878
DE135,2021,140166
DE135,2022,140446
DE135,2023,139968
DE135,2024,140344
DE136,2000,209605
DE136,2001,210347
DE136,2002,209740
DE136,2003,209133
DE136,2004,208527
DE136,2005,207921
DE136,2006,207316
DE136,2007,206711
DE136,2008,206106
DE136,2009,205502
DE136,2010,204898
DE136,2011,204295
DE136,2012,203978
DE136,2013,204585
DE136,2014,205090
DE136,2015,206116
DE136,2016,209648
DE136,2017,210084
DE136,2018,211207
DE136,2019,212381
DE136,2020,212506
DE136,2021,212872
DE136,2022,213385
DE136,2023,212293
DE136,2024,213922
DE137,2000,132274
DE137,2001,132916
DE137,2002,132846
DE137,2003,132775
DE137,2004,132702
DE137,2005,132628
DE137,2006,132553
DE137,2007,132477
DE137,2008,132399
DE137,2009,132320
DE137,2010,132240
DE137,2011,132158
DE137,2012,132192
DE137,2013,132476
DE137,2014,133198
DE137,2015,134607
DE137,2016,136606
DE137,2017,138119
DE137,2018,139397
DE137,2019,140152
DE137,2020,140766
DE137,2021,141682
DE137,2022,142414
DE137,2023,143677
DE137,2024,144955
DE138,2000,264540
DE138,2001,266183
DE138,2002,266245
DE138,2003,266304
DE138,2004,266359
DE138,2005,266411
DE138,2006,266459
DE138,2007,266503
DE138,2008,266544
DE138,2009,266581
DE138,2010,266615
DE138,2011,266645
DE138,2012,268263
DE138,2013,270568
DE138,2014,273407
DE138,2015,275785
DE138,2016,280288
DE138,2017,282191
DE138,2018,284015
DE138,2019,285325
DE138,2020,286305
DE138,2021,286876
DE138,2022,288097
DE138,2023,289613
DE138,2024,291397
DE139,2000,216111
DE139,2001,217175
DE139,2002,217355
DE139,2003,217531
DE139,2004,217704
DE139,2005,217873
DE139,2006,218039
DE139,2007,218201
DE139,2008,218359
DE139,2009,218514
DE139,2010,218665
DE139,2011,218813
DE139,2012,219481
DE139,2013,220606
DE139,2014,221943
DE139,2015,223692
DE139,2016,226708
DE139,2017,227545
DE139,2018,228314
DE139,2019,228639
DE139,2020,228736
DE139,2021,228842
DE139,2022,229445
DE139,2023,235252
DE139,2024,237212
DE13A,2000,164968
DE13A,2001,164944
DE13A,2002,164775
DE13A,2003,164605
DE13A,2004,164434
DE13A,2005,164262
DE13A,2006,164088
DE13A,2007,163914
DE13A,2008,163738
DE13A,2009,163561
DE13A,2010,163382
DE13A,2011,163203
DE13A,2012,163141
DE13A,2013,163699
DE13A,2014,164265
DE13A,2015,165211
DE13A,2016,167861
DE13A,2017,168852
DE13A,2018,170198
DE13A,2019,170619
DE13A,2020,171003
DE13A,2021,171237
DE13A,2022,171249
DE13A,2023,170765
DE13A,2024,171777
DE141,2000,276671
DE141,2001,277995
DE141,2002,277536
DE141,2003,277074
DE141,2004,276614
DE141,2005,276151
DE141,2006,275688
DE141,2007,275222
DE141,2008,274758
DE141,2009,274289
DE141,2010,273822
DE141,2011,273352
DE141,2012,273646
DE141,2013,274691
DE141,2014,276019
DE141,2015,278031
DE141,2016,282113
DE141,2017,284082
DE141,2018,285754
DE141,2019,286748
DE141,2020,287034
DE141,2021,287497
DE141,2022,288158
DE141,2023,291335
DE141,2024,293385
DE142,2000,207030
DE142,2001,208535
DE142,2002,208909
DE142,2003,209278
DE142,2004,209643
DE142,2005,210003
DE142,2006,210359
DE142,2007,210711
DE142,2008,211058
DE142,2009,211401
DE142,2010,211739
DE142,2011,212073
DE142,2012,212800
DE142,2013,214894
DE142,2014,216535
DE142,2015,218355
DE142,2016,221837
DE142,2017,224635
DE142,2018,225755
DE142,2019,227331
DE142,2020,228678
DE142,2021,228471
DE142,2022,229806
DE142,2023,230987
DE142,2024,232897
DE143,2000,192920
DE143,2001,192891
DE143,2002,192175
DE143,2003,191461
DE143,2004,190747
DE143,2005,190035
DE143,2006,189324
DE143,2007,188614
DE143,2008,187905
DE143,2009,187198
DE143,2010,186491
DE143,2011,185786
DE143,2012,185129
DE143,2013,184658
DE143,2014,184615
DE143,2015,186360
DE143,2016,188595
DE143,2017,187401
DE143,2018,188170
DE143,2019,188935
DE143,2020,189363
DE143,2021,189862
DE143,2022,190545
DE143,2023,192726
DE143,2024,193339
DE144,2000,116103
DE144,2001,117233
DE144,2002,117176
DE144,2003,117119
DE144,2004,117059
DE144,2005,116999
DE144,2006,116938
DE144,2007,116876
DE144,2008,116812
DE144,2009,116747
DE144,2010,116681
DE144,2011,116614
DE144,2012,117541
DE144,2013,117977
DE144,2014,119218
DE144,2015,120714
DE144,2016,122636
DE144,2017,123953
DE144,2018,125596
DE144,2019,126329
DE144,2020,126790
DE144,2021,126405
DE144,2022,126949
DE144,2023,127932
DE144,2024,128998
DE145,2000,184803
DE145,2001,185929
DE145,2002,185984
DE145,2003,186037
DE145,2004,186086
DE145,2005,186134
DE145,2006,186178
DE145,2007,186221
DE145,2008,186260
DE145,2009,186297
DE145,2010,186332
DE145,2011,186364
DE145,2012,186444
DE145,2013,187123
DE145,2014,187892
DE145,2015,189129
DE145,2016,192104
DE145,2017,193318
DE145,2018,194629
DE145,2019,196047
DE145,2020,197076
DE145,2021,198204
DE145,2022,199732
DE145,2023,200294
DE145,2024,201769
DE146,2000,181409
DE146,2001,182979
DE146,2002,183429
DE146,2003,183875
DE146,2004,184316
DE146,2005,184752
DE146,2006,185185
DE146,2007,185612
DE146,2008,186035
DE146,2009,186454
DE146,2010,186868
DE146,2011,187278
DE146,2012,187508
DE146,2013,187747
DE146,2014,188696
DE146,2015,190438
DE146,2016,194019
DE146,2017,196206
DE146,2018,198265
DE146,2019,199742
DE146,2020,201282
DE146,2021,202250
DE146,2022,203244
DE146,2023,205073
DE146,2024,206783
DE147,2000,198024
DE147,2001,199181
DE147,2002,199592
DE147,2003,199999
DE147,2004,200401
DE147,2005,200799
DE147,2006,201192
DE147,2007,201581
DE147,2008,201965
DE147,2009,202345
DE147,2010,202720
DE147,2011,203091
DE147,2012,204483
DE147,2013,205843
DE147,2014,207450
DE147,2015,209386
DE147,2016,212201
DE147,2017,213070
DE147,2018,214655
DE147,2019,216227
DE147,2020,217470
DE147,2021,217901
DE147,2022,218885
DE147,2023,219641
DE147,2024,221208
DE148,2000,267147
DE148,2001,268770
DE148,2002,268830
DE148,2003,268886
DE148,2004,268939
DE148,2005,268988
DE148,2006,269033
DE148,2007,269075
DE148,2008,269113
DE148,2009,269148
DE148,2010,269179
DE148,2011,269206
DE148,2012,270129
DE148,2013,272425
DE148,2014,273540
DE148,2015,275339
DE148,2016,279296
DE148,2017,281627
DE148,2018,283264
DE148,2019,284285
DE148,2020,285424
DE148,2021,285888
DE148,2022,287011
DE148,2023,287393
DE148,2024,289725
DE149,2000,132899
DE149,2001,133500
DE149,2002,132924
DE149,2003,132349
DE149,2004,131775
DE149,2005,131203
DE149,2006,130631
DE149,2007,130061
DE149,2008,129492
DE149,2009,128925
DE149,2010,128358
DE149,2011,127793
DE149,2012,127409
DE149,2013,127272
DE149,2014,127101
DE149,2015,127716
DE149,2016,130772
DE149,2017,130275
DE149,2018,130192
DE149,2019,130873
DE149,2020,130849
DE149,2021,130946
DE149,2022,131725
DE149,2023,132507
DE149,2024,132758
DE211,2000,114826
DE211,2001,115722
DE211,2002,116623
DE211,2003,117517
DE211,2004,118406
DE211,2005,119289
DE211,2006,120166
DE211,2007,121037
DE211,2008,121903
DE211,2009,122762
DE211,2010,123615
DE211,2011,124463
DE211,2012,126076
DE211,2013,127886
DE211,2014,129136
DE211,2015,131002
DE211,2016,132438
DE211,2017,133639
DE211,2018,135244
DE211,2019,136981
DE211,2020,137392
DE211,2021,136952
DE211,2022,138016
DE211,2023,138263
DE211,2024,139536
DE212,2000,1194560
DE212,2001,1210223
DE212,2002,1223629
DE212,2003,1236950
DE212,2004,1250196
DE212,2005,1263355
DE212,2006,1276432
DE212,2007,1289430
DE212,2008,1302348
DE212,2009,1315181
DE212,2010,1327933
DE212,2011,1340607
DE212,2012,1364920
DE212,2013,1388308
DE212,2014,1407836
DE212,2015,1429584
DE212,2016,1450381
DE212,2017,1464301
DE212,2018,1456039
DE212,2019,1471508
DE212,2020,1484226
DE212,2021,1488202
DE212,2022,1487708
DE212,2023,1490516
DE212,2024,1488719
DE213,2000,58721
DE213,2001,58908
DE213,2002,58954
DE213,2003,58999
DE213,2004,59043
DE213,2005,59087
DE213,2006,59129
DE213,2007,59170
DE213,2008,59211
DE213,2009,59250
DE213,2010,59289
DE213,2011,59326
DE213,2012,59543
DE213,2013,59935
DE213,2014,60464
DE213,2015,60889
DE213,2016,61844
DE213,2017,62672
DE213,2018,63080
DE213,2019,63324
DE213,2020,63551
DE213,2021,63591
DE213,2022,63508
DE213,2023,63641
DE213,2024,64453
DE214,2000,107945
DE214,2001,108268
DE214,2002,108037
DE214,2003,107806
DE214,2004,107575
DE214,2005,107343
DE214,2006,107111
DE214,2007,106879
DE214,2008,106647
DE214,2009,106415
DE214,2010,106183
DE214,2011,105950
DE214,2012,106342
DE214,2013,106515
DE214,2014,106965
DE214,2015,107465
DE214,2016,108485
DE214,2017,109422
DE214,2018,110338
DE214,2019,111210
DE214,2020,111516
DE214,2021,111654
DE214,2022,112116
DE214,2023,112296
DE214,2024,113018
DE215,2000,99281
DE215,2001,99848
DE215,2002,99932
DE215,2003,100014
DE215,2004,100094
DE215,2005,100173
DE215,2006,100250
DE215,2007,100326
DE215,2008,100399
DE215,2009,100472
DE215,2010,100542
DE215,2011,100611
DE215,2012,101263
DE215,2013,101875
DE215,2014,102346
DE215,2015,102976
DE215,2016,103907
DE215,2017,104480
DE215,2018,105052
DE215,2019,105722
DE215,2020,105929
DE215,2021,106327
DE215,2022,106389
DE215,2023,104372
DE215,2024,105108
DE216,2000,114765
DE216,2001,116017
DE216,2002,116336
DE216,2003,116653
DE216,2004,116966
DE216,2005,117276
DE216,2006,117584
DE216,2007,117888
DE216,2008,118189
DE216,2009,118488
DE216,2010,118783
DE216,2011,119075
DE216,2012,119733
DE216,2013,120664
DE216,2014,122118
DE216,2015,123340
DE216,2016,124930
DE216,2017,125668
DE216,2018,126572
DE216,2019,127227
DE216,2020,127917
DE216,2021,128212
DE216,2022,127919
DE216,2023,129062
DE216,2024,129787
DE217,2000,127972
DE217,2001,129547
DE217,2002,130436
DE217,2003,131320
DE217,2004,132197
DE217,2005,133068
DE217,2006,133934
DE217,2007,134793
DE217,2008,135646
DE217,2009,136494
DE217,2010,137335
DE217,2011,138170
DE217,2012,139921
DE217,2013,142021
DE217,2014,144407
DE217,2015,146279
DE217,2016,149370
DE217,2017,150839
DE217,2018,152703
DE217,2019,153884
DE217,2020,154899
DE217,2021,155117
DE217,2022,155449
DE217,2023,151041
DE217,2024,151925
DE218,2000,116404
DE218,2001,118764
DE218,2002,119617
DE218,2003,120465
DE218,2004,121307
DE218,2005,122144
DE218,2006,122974
DE218,2007,123799
DE218,2008,124618
DE218,2009,125432
DE218,2010,126240
DE218,2011,127042
DE218,2012,128870
DE218,2013,131011
DE218,2014,133007
DE218,2015,134873
DE218,2016,137421
DE218,2017,139016
DE218,2018,140800
DE218,2019,142142
DE218,2020,143649
DE218,2021,144091
DE218,2022,144562
DE218,2023,142205
DE218,2024,143011
DE219,2000,118430
DE219,2001,119561
DE219,2002,119955
DE219,2003,120345
DE219,2004,120732
DE219,2005,121116
DE219,2006,121496
DE219,2007,121873
DE219,2008,122246
DE219,2009,122616
DE219,2010,122982
DE219,2011,123345
DE219,2012,123961
DE219,2013,125039
DE219,2014,125858
DE219,2015,127189
DE219,2016,128805
DE219,2017,130808
DE219,2018,131646
DE219,2019,132341
DE219,2020,132881
DE219,2021,133169
DE219,2022,133634
DE219,2023,134201
DE219,2024,135220
DE21A,2000,113460
DE21A,2001,115939
DE21A,2002,116911
DE21A,2003,117877
DE21A,2004,118836
DE21A,2005,119790
DE21A,2006,120737
DE21A,2007,121677
DE21A,2008,122612
DE21A,2009,123540
DE21A,2010,124462
DE21A,2011,125378
DE21A,2012,126676
DE21A,2013,128289
DE21A,2014,130238
DE21A,2015,131839
DE21A,2016,133747
DE21A,2017,135429
DE21A,2018,136884
DE21A,2019,137660
DE21A,2020,138182
DE21A,2021,138891
DE21A,2022,139622
DE21A,2023,138647
DE21A,2024,139547
DE21B,2000,149712
DE21B,2001,152307
DE21B,2002,153341
DE21B,2003,154369
DE21B,2004,155389
DE21B,2005,156403
DE21B,2006,157409
DE21B,2007,158409
DE21B,2008,159401
DE21B,2009,160386
DE21B,2010,161365
DE21B,2011,162336
DE21B,2012,164232
DE21B,2013,166286
DE21B,2014,169010
DE21B,2015,170357
DE21B,2016,173225
DE21B,2017,175803
DE21B,2018,177997
DE21B,2019,179116
DE21B,2020,180007
DE21B,2021,180313
DE21B,2022,181144
DE21B,2023,181568
DE21B,2024,183535
DE21C,2000,190995
DE21C,2001,193092
DE21C,2002,193896
DE21C,2003,194693
DE21C,2004,195484
DE21C,2005,196268
DE21C,2006,197047
DE21C,2007,197818
DE21C,2008,198584
DE21C,2009,199343
DE21C,2010,200096
DE21C,2011,200842
DE21C,2012,203029
DE21C,2013,205194
DE21C,2014,208272
DE21C,2015,210278
DE21C,2016,213481
DE21C,2017,216857
DE21C,2018,217831
DE21C,2019,219320
DE21C,2020,219311
DE21C,2021,218740
DE21C,2022,218579
DE21C,2023,215511
DE21C,2024,216912
DE21D,2000,86217
DE21D,2001,86577
DE21D,2002,86312
DE21D,2003,86048
DE21D,2004,85784
DE21D,2005,85520
DE21D,2006,85257
DE21D,2007,84994
DE21D,2008,84731
DE21D,2009,84468
DE21D,2010,84205
DE21D,2011,83943
DE21D,2012,84234
DE21D,2013,84710
DE21D,2014,85443
DE21D,2015,85931
DE21D,2016,87385
DE21D,2017,87877
DE21D,2018,88155
DE21D,2019,88467
DE21D,2020,88424
DE21D,2021,88279
DE21D,2022,88232
DE21D,2023,89224
DE21D,2024,89322
DE21E,2000,104233
DE21E,2001,105939
DE21E,2002,106659
DE21E,2003,107375
DE21E,2004,108085
DE21E,2005,108791
DE21E,2006,109492
DE21E,2007,110188
DE21E,2008,110879
DE21E,2009,111565
DE21E,2010,112247
DE21E,2011,112923
DE21E,2012,113539
DE21E,2013,114223
DE21E,2014,114926
DE21E,2015,116118
DE21E,2016,117657
DE21E,2017,118725
DE21E,2018,119141
DE21E,2019,120071
DE21E,2020,120302
DE21E,2021,121019
DE21E,2022,121466
DE21E,2023,119654
DE21E,2024,120966
DE21F,2000,90669
DE21F,2001,91654
DE21F,2002,91853
DE21F,2003,92050
DE21F,2004,92244
DE21F,2005,92437
DE21F,2006,92627
DE21F,2007,92816
DE21F,2008,93002
DE21F,2009,93186
DE21F,2010,93368
DE21F,2011,93548
DE21F,2012,93971
DE21F,2013,94759
DE21F,2014,96049
DE21F,2015,96773
DE21F,2016,98286
DE21F,2017,98828
DE21F,2018,99189
DE21F,2019,99726
DE21F,2020,100010
DE21F,2021,100183
DE21F,2022,99978
DE21F,2023,96557
DE21F,2024,96730
DE21G,2000,107907
DE21G,2001,108480
DE21G,2002,108270
DE21G,2003,108060
DE21G,2004,107849
DE21G,2005,107638
DE21G,2006,107427
DE21G,2007,107216
DE21G,2008,107004
DE21G,2009,106792
DE21G,2010,106580
DE21G,2011,106367
DE21G,2012,106803
DE21G,2013,107363
DE21G,2014,109227
DE21G,2015,110296
DE21G,2016,112034
DE21G,2017,113222
DE21G,2018,114486
DE21G,2019,115250
DE21G,2020,115872
DE21G,2021,116483
DE21G,2022,117606
DE21G,2023,120317
DE21G,2024,121263
DE21H,2000,289702
DE21H,2001,295247
DE21H,2002,297362
DE21H,2003,299464
DE21H,2004,301551
DE21H,2005,303625
DE21H,2006,305684
DE21H,2007,307729
DE21H,2008,309759
DE21H,2009,311776
DE21H,2010,313779
DE21H,2011,315767
DE21H,2012,320855
DE21H,2013,325744
DE21H,2014,329981
DE21H,2015,332800
DE21H,2016,340003
DE21H,2017,343405
DE21H,2018,346433
DE21H,2019,348871
DE21H,2020,350473
DE21H,2021,349685
DE21H,2022,349837
DE21H,2023,350047
DE21H,2024,352771
DE21I,2000,88580
DE21I,2001,89215
DE21I,2002,89349
DE21I,2003,89481
DE21I,2004,89611
DE21I,2005,89739
DE21I,2006,89866
DE21I,2007,89991
DE21I,2008,90114
DE21I,2009,90236
DE21I,2010,90355
DE21I,2011,90473
DE21I,2012,90973
DE21I,2013,91783
DE21I,2014,92700
DE21I,2015,93505
DE21I,2016,94654
DE21I,2017,95759
DE21I,2018,96164
DE21I,2019,96680
DE21I,2020,97303
DE21I,2021,97730
DE21I,2022,98503
DE21I,2023,97792
DE21I,2024,98967
DE21J,2000,110423
DE21J,2001,111669
DE21J,2002,112121
DE21J,2003,112570
DE21J,2004,113014
DE21J,2005,113456
DE21J,2006,113893
DE21J,2007,114327
DE21J,2008,114758
DE21J,2009,115184
DE21J,2010,115608
DE21J,2011,116027
DE21J,2012,116973
DE21J,2013,118349
DE21J,2014,119987
DE21J,2015,121594
DE21J,2016,124128
DE21J,2017,125085
DE21J,2018,126244
DE21J,2019,127151
DE21J,2020,128227
DE21J,2021,129128
DE21J,2022,129772
DE21J,2023,128537
DE21J,2024,129497
DE21K,2000,233478
DE21K,2001,236480
DE21K,2002,237247
DE21K,2003,238007
DE21K,2004,238761
DE21K,2005,239507
DE21K,2006,240247
DE21K,2007,240981
DE21K,2008,241707
DE21K,2009,242427
DE21K,2010,243141
DE21K,2011,243847
DE21K,2012,245264
DE21K,2013,247133
DE21K,2014,249810
DE21K,2015,251850
DE21K,2016,256074
DE21K,2017,257466
DE21K,2018,259449
DE21K,2019,260983
DE21K,2020,261330
DE21K,2021,261721
DE21K,2022,263367
DE21K,2023,255306
DE21K,2024,256815
DE21L,2000,123045
DE21L,2001,124956
DE21L,2002,125151
DE21L,2003,125344
DE21L,2004,125535
DE21L,2005,125723
DE21L,2006,125908
DE21L,2007,126091
DE21L,2008,126271
DE21L,2009,126449
DE21L,2010,126624
DE21L,2011,126797
DE21L,2012,128111
DE21L,2013,129530
DE21L,2014,130811
DE21L,2015,131873
DE21L,2016,133621
DE21L,2017,134732
DE21L,2018,135545
DE21L,2019,136092
DE21L,2020,136667
DE21L,2021,136610
DE21L,2022,136747
DE21L,2023,138488
DE21L,2024,138926
DE21M,2000,166672
DE21M,2001,167646
DE21M,2002,167736
DE21M,2003,167824
DE21M,2004,167909
DE21M,2005,167992
DE21M,2006,168072
DE21M,2007,168150
DE21M,2008,168225
DE21M,2009,168298
DE21M,2010,168368
DE21M,2011,168436
DE21M,2012,168827
DE21M,2013,169464
DE21M,2014,170364
DE21M,2015,171978
DE21M,2016,174162
DE21M,2017,175431
DE21M,2018,176290
DE21M,2019,177089
DE21M,2020,177319
DE21M,2021,177485
DE21M,2022,178447
DE21M,2023,170984
DE21M,2024,172021
DE21N,2000,125646
DE21N,2001,127018
DE21N,2002,127194
DE21N,2003,127369
DE21N,2004,127540
DE21N,2005,127709
DE21N,2006,127876
DE21N,2007,128040
DE21N,2008,128202
DE21N,2009,128362
DE21N,2010,128519
DE21N,2011,128673
DE21N,2012,129060
DE21N,2013,129568
DE21N,2014,130387
DE21N,2015,131190
DE21N,2016,132906
DE21N,2017,133859
DE21N,2018,134252
DE21N,2019,135348
DE21N,2020,135478
DE21N,2021,136134
DE21N,2022,136642
DE21N,2023,136811
DE21N,2024,138052
DE221,2000,58515
DE221,2001,58746
DE221,2002,59215
DE221,2003,59681
DE221,2004,60145
DE221,2005,60605
DE221,2006,61062
DE221,2007,61516
DE221,2008,61967
DE221,2009,62414
DE221,2010,62859
DE221,2011,63301
DE221,2012,64277
DE221,2013,65322
DE221,2014,66179
DE221,2015,67509
DE221,2016,69211
DE221,2017,70025
DE221,2018,71193
DE221,2019,72404
DE221,2020,73411
DE221,2021,73065
DE221,2022,73150
DE221,2023,68743
DE221,2024,68741
DE222,2000,50291
DE222,2001,50536
DE222,2002,50348
DE222,2003,50160
DE222,2004,49972
DE222,2005,49785
DE222,2006,49598
DE222,2007,49411
DE222,2008,49224
DE222,2009,49038
DE222,2010,48852
DE222,2011,48667
DE222,2012,48623
DE222,2013,49038
DE222,2014,49454
DE222,2015,49952
DE222,2016,50566
DE222,2017,51074
DE222,2018,51781
DE222,2019,52469
DE222,2020,52803
DE222,2021,52415
DE222,2022,53093
DE222,2023,52361
DE222,2024,52894
DE223,2000,43906
DE223,2001,44014
DE223,2002,44053
DE223,2003,44090
DE223,2004,44128
DE223,2005,44164
DE223,2006,44200
DE223,2007,44235
DE223,2008,44269
DE223,2009,44302
DE223,2010,44335
DE223,2011,44367
DE223,2012,44642
DE223,2013,45099
DE223,2014,45502
DE223,2015,46027
DE223,2016,46806
DE223,2017,47142
DE223,2018,47586
DE223,2019,47794
DE223,2020,47791
DE223,2021,47612
DE223,2022,47854
DE223,2023,46953
DE223,2024,47524
DE224,2000,115288
DE224,2001,115532
DE224,2002,115424
DE224,2003,115315
DE224,2004,115205
DE224,2005,115094
DE224,2006,114982
DE224,2007,114869
DE224,2008,114756
DE224,2009,114641
DE224,2010,114526
DE224,2011,114410
DE224,2012,114690
DE224,2013,114733
DE224,2014,115374
DE224,2015,115699
DE224,2016,116596
DE224,2017,117601
DE224,2018,118741
DE224,2019,119326
DE224,2020,119478
DE224,2021,119479
DE224,2022,120521
DE224,2023,120091
DE224,2024,121137
DE225,2000,82445
DE225,2001,82434
DE225,2002,82009
DE225,2003,81585
DE225,2004,81162
DE225,2005,80740
DE225,2006,80320
DE225,2007,79900
DE225,2008,79482
DE225,2009,79064
DE225,2010,78648
DE225,2011,78233
DE225,2012,78130
DE225,2013,77817
DE225,2014,77626
DE225,2015,77927
DE225,2016,78122
DE225,2017,78180
DE225,2018,78345
DE225,2019,78355
DE225,2020,78362
DE225,2021,78355
DE225,2022,78632
DE225,2023,78155
DE225,2024,78512
DE226,2000,108721
DE226,2001,109510
DE226,2002,109828
DE226,2003,110143
DE226,2004,110456
DE226,2005,110765
DE226,2006,111072
DE226,2007,111375
DE226,2008,111676
DE226,2009,111973
DE226,2010,112268
DE226,2011,112560
DE226,2012,113191
DE226,2013,113996
DE226,2014,115232
DE226,2015,116495
DE226,2016,118965
DE226,2017,119969
DE226,2018,121119
DE226,2019,122258
DE226,2020,123058
DE226,2021,123390
DE226,2022,123899
DE226,2023,124673
DE226,2024,125597
DE227,2000,140582
DE227,2001,142442
DE227,2002,142923
DE227,2003,143400
DE227,2004,143872
DE227,2005,144340
DE227,2006,144805
DE227,2007,145265
DE227,2008,145721
DE227,2009,146173
DE227,2010,146620
DE227,2011,147064
DE227,2012,147758
DE227,2013,148862
DE227,2014,150316
DE227,2015,151819
DE227,2016,154577
DE227,2017,155442
DE227,2018,157239
DE227,2019,158698
DE227,2020,159895
DE227,2021,161191
DE227,2022,162331
DE227,2023,160256
DE227,2024,161180
DE228,2000,185627
DE228,2001,186509
DE228,2002,186290
DE228,2003,186070
DE228,2004,185848
DE228,2005,185625
DE228,2006,185400
DE228,2007,185178
DE228,2008,184950
DE228,2009,184725
DE228,2010,184496
DE228,2011,184265
DE228,2012,184531
DE228,2013,184905
DE228,2014,185671
DE228,2015,186284
DE228,2016,188336
DE228,2017,188904
DE228,2018,190504
DE228,2019,192043
DE228,2020,192656
DE228,2021,193454
DE228,2022,194090
DE228,2023,193080
DE228,2024,194068
DE229,2000,82526
DE229,2001,82512
DE229,2002,81954
DE229,2003,81398
DE229,2004,80844
DE229,2005,80292
DE229,2006,79741
DE229,2007,79192
DE229,2008,78645
DE229,2009,78100
DE229,2010,77556
DE229,2011,77014
DE229,2012,76525
DE229,2013,76329
DE229,2014,76257
DE229,2015,76265
DE229,2016,76812
DE229,2017,77187
DE229,2018,77489
DE229,2019,77656
DE229,2020,77410
DE229,2021,77313
DE229,2022,77176
DE229,2023,77503
DE229,2024,77439
DE22A,2000,117612
DE22A,2001,118167
DE22A,2002,118027
DE22A,2003,117886
DE22A,2004,117744
DE22A,2005,117602
DE22A,2006,117458
DE22A,2007,117314
DE22A,2008,117170
DE22A,2009,117024
DE22A,2010,116878
DE22A,2011,116731
DE22A,2012,116849
DE22A,2013,117437
DE22A,2014,117654
DE22A,2015,118164
DE22A,2016,119218
DE22A,2017,119617
DE22A,2018,120371
DE22A,2019,120659
DE22A,2020,121502
DE22A,2021,121800
DE22A,2022,122252
DE22A,2023,119864
DE22A,2024,120475
DE22B,2000,94520
DE22B,2001,95242
DE22B,2002,95305
DE22B,2003,95367
DE22B,2004,95427
DE22B,2005,95486
DE22B,2006,95544
DE22B,2007,95599
DE22B,2008,95654
DE22B,2009,95707
DE22B,2010,95758
DE22B,2011,95808
DE22B,2012,96140
DE22B,2013,96667
DE22B,2014,97323
DE22B,2015,97967
DE22B,2016,98806
DE22B,2017,99221
DE22B,2018,99838
DE22B,2019,100649
DE22B,2020,101120
DE22B,2021,101745
DE22B,2022,102398
DE22B,2023,102914
DE22B,2024,103329
DE22C,2000,90137
DE22C,2001,90562
DE22C,2002,90515
DE22C,2003,90468
DE22C,2004,90419
DE22C,2005,90370
DE22C,2006,90320
DE22C,2007,90268
DE22C,2008,90216
DE22C,2009,90163
DE22C,2010,90110
DE22C,2011,90055
DE22C,2012,90567
DE22C,2013,91267
DE22C,2014,92565
DE22C,2015,93450
DE22C,2016,94104
DE22C,2017,95035
DE22C,2018,95831
DE22C,2019,96217
DE22C,2020,96683
DE22C,2021,97244
DE22C,2022,98045
DE22C,2023,99509
DE22C,2024,100727
DE231,2000,43367
DE231,2001,43794
DE231,2002,43616
DE231,2003,43439
DE231,2004,43262
DE231,2005,43086
DE231,2006,42910
DE231,2007,42734
DE231,2008,42558
DE231,2009,42383
DE231,2010,42208
DE231,2011,42034
DE231,2012,41790
DE231,2013,41578
DE231,2014,41592
DE231,2015,41535
DE231,2016,41861
DE231,2017,42348
DE231,2018,42248
DE231,2019,41970
DE231,2020,42207
DE231,2021,42052
DE231,2022,41994
DE231,2023,42080
DE231,2024,42217
DE232,2000,125236
DE232,2001,125676
DE232,2002,126661
DE232,2003,127640
DE232,2004,128612
DE232,2005,129578
DE232,2006,130538
DE232,2007,131491
DE232,2008,132437
DE232,2009,133377
DE232,2010,134311
DE232,2011,135238
DE232,2012,136352
DE232,2013,138296
DE232,2014,140276
DE232,2015,142292
DE232,2016,145465
DE232,2017,148638
DE232,2018,150894
DE232,2019,152610
DE232,2020,153094
DE232,2021,152270
DE232,2022,153542
DE232,2023,147509
DE232,2024,149664
DE233,2000,42997
DE233,2001,43030
DE233,2002,42900
DE233,2003,42770
DE233,2004,42641
DE233,2005,42511
DE233,2006,42382
DE233,2007,42252
DE233,2008,42123
DE233,2009,41994
DE233,2010,41865
DE233,2011,41736
DE233,2012,41734
DE233,2013,41684
DE233,2014,41726
DE233,2015,41817
DE233,2016,42055
DE233,2017,42494
DE233,2018,42543
DE233,2019,42520
DE233,2020,42743
DE233,2021,42535
DE233,2022,42472
DE233,2023,42251
DE233,2024,42430
DE234,2000,108368
DE234,2001,108899
DE234,2002,108411
DE234,2003,107925
DE234,2004,107439
DE234,2005,106954
DE234,2006,106471
DE234,2007,105989
DE234,2008,105507
DE234,2009,105027
DE234,2010,104548
DE234,2011,104070
DE234,2012,103597
DE234,2013,103352
DE234,2014,103074
DE234,2015,103045
DE234,2016,103568
DE234,2017,103009
DE234,2018,102836
DE234,2019,103109
DE234,2020,103049
DE234,2021,102998
DE234,2022,103277
DE234,2023,103621
DE234,2024,104127
DE235,2000,130951
DE235,2001,131035
DE235,2002,130506
DE235,2003,129977
DE235,2004,129450
DE235,2005,128924
DE235,2006,128398
DE235,2007,127874
DE235,2008,127351
DE235,2009,126829
DE235,2010,126307
DE235,2011,125787
DE235,2012,125504
DE235,2013,125620
DE235,2014,125553
DE235,2015,125844
DE235,2016,126359
DE235,2017,126918
DE235,2018,127339
DE235,2019,127882
DE235,2020,127998
DE235,2021,128094
DE235,2022,128444
DE235,2023,127452
DE235,2024,128230
DE236,2000,125329
DE236,2001,126369
DE236,2002,126388
DE236,2003,126406
DE236,2004,126422
DE236,2005,126437
DE236,2006,126450
DE236,2007,126461
DE236,2008,126470
DE236,2009,126478
DE236,2010,126484
DE236,2011,126489
DE236,2012,126746
DE236,2013,127145
DE236,2014,127826
DE236,2015,128975
DE236,2016,130385
DE236,2017,131662
DE236,2018,132644
DE236,2019,133561
DE236,2020,134573
DE236,2021,135225
DE236,2022,136062
DE236,2023,136901
DE236,2024,138214
DE237,2000,100738
DE237,2001,101011
DE237,2002,100559
DE237,2003,100108
DE237,2004,99658
DE237,2005,99209
DE237,2006,98761
DE237,2007,98314
DE237,2008,97868
DE237,2009,97423
DE237,2010,96979
DE237,2011,96536
DE237,2012,96094
DE237,2013,95849
DE237,2014,95447
DE237,2015,95184
DE237,2016,95078
DE237,2017,94528
DE237,2018,94486
DE237,2019,94352
DE237,2020,94450
DE237,2021,94645
DE237,2022,94838
DE237,2023,95742
DE237,2024,96209
DE238,2000,174119
DE238,2001,176067
DE238,2002,176686
DE238,2003,177298
DE238,2004,177907
DE238,2005,178508
DE238,2006,179106
DE238,2007,179698
DE238,2008,180286
DE238,2009,180868
DE238,2010,181445
DE238,2011,182015
DE238,2012,183161
DE238,2013,184344
DE238,2014,185980
DE238,2015,187205
DE238,2016,189390
DE238,2017,190481
DE238,2018,192200
DE238,2019,193572
DE238,2020,194070
DE238,2021,194275
DE238,2022,195225
DE238,2023,191651
DE238,2024,193801
DE239,2000,142812
DE239,2001,143343
DE239,2002,143261
DE239,2003,143178
DE239,2004,143093
DE239,2005,143007
DE239,2006,142919
DE239,2007,142831
DE239,2008,142741
DE239,2009,142649
DE239,2010,142556
DE239,2011,142462
DE239,2012,142630
DE239,2013,142947
DE239,2014,143060
DE239,2015,143614
DE239,2016,144864
DE239,2017,145382
DE239,2018,146487
DE239,2019,147189
DE239,2020,147872
DE239,2021,148477
DE239,2022,149239
DE239,2023,147982
DE239,2024,148698
DE23A,2000,80421
DE23A,2001,79993
DE23A,2002,79493
DE23A,2003,78994
DE23A,2004,78496
DE23A,2005,78001
DE23A,2006,77506
DE23A,2007,77013
DE23A,2008,76522
DE23A,2009,76032
DE23A,2010,75544
DE23A,2011,75057
DE23A,2012,74483
DE23A,2013,73923
DE23A,2014,73457
DE23A,2015,73250
DE23A,2016,73314
DE23A,2017,72918
DE23A,2018,72730
DE23A,2019,72504
DE23A,2020,72046
DE23A,2021,71696
DE23A,2022,71648
DE23A,2023,72561
DE23A,2024,72545
DE241,2000,69004
DE241,2001,69036
DE241,2002,69199
DE241,2003,69360
DE241,2004,69520
DE241,2005,69677
DE241,2006,69834
DE241,2007,69988
DE241,2008,70141
DE241,2009,70292
DE241,2010,70442
DE241,2011,70590
DE241,2012,70712
DE241,2013,70863
DE241,2014,71167
DE241,2015,71952
DE241,2016,73331
DE241,2017,75743
DE241,2018,77179
DE241,2019,77592
DE241,2020,77373
DE241,2021,76674
DE241,2022,77749
DE241,2023,74405
DE241,2024,75087
DE242,2000,73967
DE242,2001,74153
DE242,2002,73821
DE242,2003,73489
DE242,2004,73158
DE242,2005,72828
DE242,2006,72498
DE242,2007,72170
DE242,2008,71842
DE242,2009,71514
DE242,2010,71188
DE242,2011,70862
DE242,2012,71214
DE242,2013,71482
DE242,2014,71572
DE242,2015,71601
DE242,2016,72148
DE242,2017,73065
DE242,2018,73999
DE242,2019,74657
DE242,2020,74783
DE242,2021,74048
DE242,2022,73909
DE242,2023,72661
DE242,2024,73074
DE243,2000,43272
DE243,2001,42756
DE243,2002,42593
DE243,2003,42431
DE243,2004,42269
DE243,2005,42107
DE243,2006,41946
DE243,2007,41785
DE243,2008,41624
DE243,2009,41463
DE243,2010,41303
DE243,2011,41143
DE243,2012,40991
DE243,2013,41022
DE243,2014,40994
DE243,2015,41062
DE243,2016,41257
DE243,2017,41071
DE243,2018,41236
DE243,2019,41249
DE243,2020,41072
DE243,2021,40842
DE243,2022,40955
DE243,2023,40618
DE243,2024,40907
DE244,2000,51133
DE244,2001,50741
DE244,2002,50146
DE244,2003,49554
DE244,2004,48964
DE244,2005,48376
DE244,2006,47791
DE244,2007,47208
DE244,2008,46627
DE244,2009,46049
DE244,2010,45473
DE244,2011,44899
DE244,2012,44511
DE244,2013,44461
DE244,2014,44522
DE244,2015,44325
DE244,2016,44660
DE244,2017,45183
DE244,2018,45950
DE244,2019,45930
DE244,2020,45825
DE244,2021,45173
DE244,2022,45125
DE244,2023,46151
DE244,2024,46484
DE245,2000,141687
DE245,2001,142372
DE245,2002,142506
DE245,2003,142636
DE245,2004,142764
DE245,2005,142891
DE245,2006,143014
DE245,2007,143135
DE245,2008,143254
DE245,2009,143370
DE245,2010,143484
DE245,2011,143596
DE245,2012,143746
DE245,2013,143758
DE245,2014,144425
DE245,2015,144695
DE245,2016,145570
DE245,2017,146042
DE245,2018,146584
DE245,2019,147086
DE245,2020,147163
DE245,2021,147497
DE245,2022,147697
DE245,2023,147269
DE245,2024,148017
DE246,2000,108895
DE246,2001,109124
DE246,2002,108763
DE246,2003,108402
DE246,2004,108042
DE246,2005,107682
DE246,2006,107323
DE246,2007,106964
DE246,2008,106606
DE246,2009,106248
DE246,2010,105890
DE246,2011,105533
DE246,2012,105227
DE246,2013,104901
DE246,2014,104637
DE246,2015,104615
DE246,2016,104306
DE246,2017,103876
DE246,2018,103805
DE246,2019,103656
DE246,2020,103664
DE246,2021,103679
DE246,2022,103648
DE246,2023,103106
DE246,2024,103269
DE247,2000,92304
DE247,2001,92243
DE247,2002,91799
DE247,2003,91355
DE247,2004,90913
DE247,2005,90472
DE247,2006,90032
DE247,2007,89592
DE247,2008,89155
DE247,2009,88718
DE247,2010,88282
DE247,2011,87847
DE247,2012,87404
DE247,2013,87006
DE247,2014,86719
DE247,2015,86715
DE247,2016,86599
DE247,2017,86734
DE247,2018,86885
DE247,2019,86906
DE247,2020,86747
DE247,2021,86571
DE247,2022,86544
DE247,2023,84341
DE247,2024,84518
DE248,2000,111848
DE248,2001,112500
DE248,2002,112533
DE248,2003,112565
DE248,2004,112595
DE248,2005,112624
DE248,2006,112651
DE248,2007,112676
DE248,2008,112700
DE248,2009,112723
DE248,2010,112744
DE248,2011,112763
DE248,2012,112986
DE248,2013,113331
DE248,2014,113424
DE248,2015,113900
DE248,2016,114834
DE248,2017,115259
DE248,2018,115681
DE248,2019,116099
DE248,2020,116203
DE248,2021,116600
DE248,2022,116753
DE248,2023,115457
DE248,2024,116284
DE249,2000,109661
DE249,2001,109026
DE249,2002,108095
DE249,2003,107167
DE249,2004,106243
DE249,2005,105321
DE249,2006,104403
DE249,2007,103489
DE249,2008,102577
DE249,2009,101669
DE249,2010,100764
DE249,2011,99863
DE249,2012,98787
DE249,2013,97873
DE249,2014,97096
DE249,2015,96608
DE249,2016,96429
DE249,2017,95915
DE249,2018,95773
DE249,2019,95311
DE249,2020,94801
DE249,2021,94522
DE249,2022,93907
DE249,2023,92905
DE249,2024,92675
DE24A,2000,75905
DE24A,2001,75591
DE24A,2002,75039
DE24A,2003,74488
DE24A,2004,73939
DE24A,2005,73392
DE24A,2006,72847
DE24A,2007,72304
DE24A,2008,71763
DE24A,2009,71223
DE24A,2010,70685
DE24A,2011,70149
DE24A,2012,69599
DE24A,2013,69095
DE24A,2014,68484
DE24A,2015,67998
DE24A,2016,67916
DE24A,2017,67613
DE24A,2018,67474
DE24A,2019,67135
DE24A,2020,66743
DE24A,2021,66355
DE24A,2022,66091
DE24A,2023,65087
DE24A,2024,65009
DE24B,2000,78815
DE24B,2001,78825
DE24B,2002,78362
DE24B,2003,77901
DE24B,2004,77441
DE24B,2005,76982
DE24B,2006,76524
DE24B,2007,76068
DE24B,2008,75613
DE24B,2009,75160
DE24B,2010,74708
DE24B,2011,74257
DE24B,2012,73710
DE24B,2013,73211
DE24B,2014,72898
DE24B,2015,72541
DE24B,2016,72468
DE24B,2017,71993
DE24B,2018,72012
DE24B,2019,71845
DE24B,2020,71566
DE24B,2021,71428
DE24B,2022,71328
DE24B,2023,71439
DE24B,2024,71752
DE24C,2000,70910
DE24C,2001,70840
DE24C,2002,70488
DE24C,2003,70137
DE24C,2004,69787
DE24C,2005,69438
DE24C,2006,69090
DE24C,2007,68742
DE24C,2008,68395
DE24C,2009,68050
DE24C,2010,67705
DE24C,2011,67361
DE24C,2012,67245
DE24C,2013,67109
DE24C,2014,66644
DE24C,2015,66540
DE24C,2016,66655
DE24C,2017,66640
DE24C,2018,66777
DE24C,2019,66838
DE24C,2020,66776
DE24C,2021,66722
DE24C,2022,66741
DE24C,2023,67466
DE24C,2024,67716
DE24D,2000,86754
DE24D,2001,86044
DE24D,2002,85068
DE24D,2003,84097
DE24D,2004,83129
DE24D,2005,82165
DE24D,2006,81204
DE24D,2007,80248
DE24D,2008,79295
DE24D,2009,78346
DE24D,2010,77400
DE24D,2011,76459
DE24D,2012,75441
DE24D,2013,74599
DE24D,2014,73783
DE24D,2015,73403
DE24D,2016,73185
DE24D,2017,73260
DE24D,2018,73485
DE24D,2019,73178
DE24D,2020,72655
DE24D,2021,71974
DE24D,2022,71482
DE24D,2023,70963
DE24D,2024,70959
DE251,2000,40163
DE251,2001,40165
DE251,2002,40104
DE251,2003,40043
DE251,2004,39982
DE251,2005,39921
DE251,2006,39859
DE251,2007,39797
DE251,2008,39735
DE251,2009,39673
DE251,2010,39611
DE251,2011,39548
DE251,2012,39600
DE251,2013,39684
DE251,2014,39839
DE251,2015,40010
DE251,2016,41159
DE251,2017,41532
DE251,2018,41652
DE251,2019,41847
DE251,2020,41798
DE251,2021,41681
DE251,2022,41662
DE251,2023,39596
DE251,2024,39700
DE252,2000,100750
DE252,2001,100778
DE252,2002,101067
DE252,2003,101354
DE252,2004,101638
DE252,2005,101920
DE252,2006,102198
DE252,2007,102475
DE252,2008,102748
DE252,2009,103019
DE252,2010,103287
DE252,2011,103552
DE252,2012,104312
DE252,2013,105412
DE252,2014,105624
DE252,2015,106423
DE252,2016,108336
DE252,2017,110238
DE252,2018,110998
DE252,2019,111962
DE252,2020,112528
DE252,2021,112385
DE252,2022,113292
DE252,2023,113911
DE252,2024,115314
DE253,2000,109771
DE253,2001,110477
DE253,2002,110943
DE253,2003,111405
DE253,2004,111864
DE253,2005,112319
DE253,2006,112770
DE253,2007,113218
DE253,2008,113662
DE253,2009,114102
DE253,2010,114539
DE253,2011,114972
DE253,2012,116640
DE253,2013,118358
DE253,2014,119808
DE253,2015,121519
DE253,2016,124171
DE253,2017,125403
DE253,2018,126526
DE253,2019,127748
DE253,2020,128497
DE253,2021,128223
DE253,2022,129122
DE253,2023,131060
DE253,2024,131712
DE254,2000,486628
DE254,2001,488400
DE254,2002,488053
DE254,2003,487700
DE254,2004,487342
DE254,2005,486981
DE254,2006,486616
DE254,2007,486246
DE254,2008,485872
DE254,2009,485495
DE254,2010,485110
DE254,2011,484725
DE254,2012,490085
DE254,2013,495121
DE254,2014,498876
DE254,2015,501072
DE254,2016,509975
DE254,2017,511628
DE254,2018,515201
DE254,2019,518365
DE254,2020,518370
DE254,2021,515543
DE254,2022,510632
DE254,2023,523734
DE254,2024,526606
DE255,2000,37947
DE255,2001,38213
DE255,2002,38230
DE255,2003,38247
DE255,2004,38263
DE255,2005,38278
DE255,2006,38293
DE255,2007,38307
DE255,2008,38321
DE255,2009,38334
DE255,2010,38347
DE255,2011,38359
DE255,2012,38610
DE255,2013,39137
DE255,2014,39546
DE255,2015,39941
DE255,2016,40428
DE255,2017,40707
DE255,2018,40781
DE255,2019,40792
DE255,2020,40981
DE255,2021,41056
DE255,2022,41146
DE255,2023,40812
DE255,2024,40994
DE256,2000,182307
DE256,2001,183207
DE256,2002,182744
DE256,2003,182280
DE256,2004,181817
DE256,2005,181354
DE256,2006,180890
DE256,2007,180427
DE256,2008,179964
DE256,2009,179501
DE256,2010,179038
DE256,2011,178575
DE256,2012,178262
DE256,2013,178289
DE256,2014,178914
DE256,2015,179419
DE256,2016,181314
DE256,2017,182178
DE256,2018,183256
DE256,2019,183949
DE256,2020,184591
DE256,2021,185316
DE256,2022,186279
DE256,2023,186359
DE256,2024,187340
DE257,2000,128177
DE257,2001,128939
DE257,2002,129066
DE257,2003,129191
DE257,2004,129314
DE257,2005,129434
DE257,2006,129553
DE257,2007,129669
DE257,2008,129783
DE257,2009,129894
DE257,2010,130004
DE257,2011,130111
DE257,2012,130747
DE257,2013,131227
DE257,2014,132012
DE257,2015,132830
DE257,2016,134136
DE257,2017,134640
DE257,2018,135334
DE257,2019,136271
DE257,2020,137262
DE257,2021,138105
DE257,2022,139323
DE257,2023,137981
DE257,2024,138581
DE258,2000,113369
DE258,2001,112896
DE258,2002,112862
DE258,2003,112827
DE258,2004,112791
DE258,2005,112753
DE258,2006,112715
DE258,2007,112675
DE258,2008,112634
DE258,2009,112591
DE258,2010,112548
DE258,2011,112503
DE258,2012,113259
DE258,2013,113959
DE258,2014,114513
DE258,2015,113847
DE258,2016,114291
DE258,2017,115971
DE258,2018,116193
DE258,2019,117387
DE258,2020,117853
DE258,2021,118695
DE258,2022,119432
DE258,2023,117602
DE258,2024,117617
DE259,2000,167483
DE259,2001,168024
DE259,2002,167627
DE259,2003,167229
DE259,2004,166831
DE259,2005,166434
DE259,2006,166036
DE259,2007,165638
DE259,2008,165240
DE259,2009,164842
DE259,2010,164443
DE259,2011,164045
DE259,2012,164079
DE259,2013,164564
DE259,2014,165000
DE259,2015,165918
DE259,2016,167643
DE259,2017,168893
DE259,2018,169752
DE259,2019,170365
DE259,2020,170792
DE259,2021,171143
DE259,2022,171424
DE259,2023,168856
DE259,2024,169193
DE25A,2000,98201
DE25A,2001,98671
DE25A,2002,98563
DE25A,2003,98455
DE25A,2004,98346
DE25A,2005,98237
DE25A,2006,98127
DE25A,2007,98016
DE25A,2008,97904
DE25A,2009,97792
DE25A,2010,97679
DE25A,2011,97565
DE25A,2012,97518
DE25A,2013,97409
DE25A,2014,97482
DE25A,2015,97808
DE25A,2016,98751
DE25A,2017,99332
DE25A,2018,99641
DE25A,2019,100364
DE25A,2020,101014
DE25A,2021,101272
DE25A,2022,101788
DE25A,2023,100568
DE25A,2024,100982
DE25B,2000,123496
DE25B,2001,124187
DE25B,2002,124106
DE25B,2003,124024
DE25B,2004,123941
DE25B,2005,123856
DE25B,2006,123771
DE25B,2007,123684
DE25B,2008,123596
DE25B,2009,123507
DE25B,2010,123417
DE25B,2011,123326
DE25B,2012,123120
DE25B,2013,123168
DE25B,2014,123431
DE25B,2015,123890
DE25B,2016,125140
DE25B,2017,125563
DE25B,2018,126101
DE25B,2019,126958
DE25B,2020,126749
DE25B,2021,127168
DE25B,2022,127520
DE25B,2023,127472
DE25B,2024,128438
DE25C,2000,94990
DE25C,2001,95109
DE25C,2002,94854
DE25C,2003,94600
DE25C,2004,94346
DE25C,2005,94091
DE25C,2006,93837
DE25C,2007,93583
DE25C,2008,93329
DE25C,2009,93075
DE25C,2010,92822
DE25C,2011,92568
DE25C,2012,92182
DE25C,2013,92187
DE25C,2014,92331
DE25C,2015,92518
DE25C,2016,93342
DE25C,2017,93974
DE25C,2018,94208
DE25C,2019,94393
DE25C,2020,94734
DE25C,2021,95117
DE25C,2022,95523
DE25C,2023,94468
DE25C,2024,94670
DE261,2000,67028
DE261,2001,67592
DE261,2002,67569
DE261,2003,67545
DE261,2004,67520
DE261,2005,67494
DE261,2006,67468
DE261,2007,67441
DE261,2008,67413
DE261,2009,67385
DE261,2010,67356
DE261,2011,67326
DE261,2012,67470
DE261,2013,67681
DE261,2014,67844
DE261,2015,68167
DE261,2016,68986
DE261,2017,69187
DE261,2018,69928
DE261,2019,70527
DE261,2020,71002
DE261,2021,70858
DE261,2022,71381
DE261,2023,72054
DE261,2024,72554
DE262,2000,54511
DE262,2001,54325
DE262,2002,54116
DE262,2003,53908
DE262,2004,53700
DE262,2005,53493
DE262,2006,53285
DE262,2007,53079
DE262,2008,52872
DE262,2009,52666
DE262,2010,52460
DE262,2011,52255
DE262,2012,52118
DE262,2013,52098
DE262,2014,51851
DE262,2015,51610
DE262,2016,51969
DE262,2017,52724
DE262,2018,53437
DE262,2019,54032
DE262,2020,53426
DE262,2021,53319
DE262,2022,53585
DE262,2023,53539
DE262,2024,53938
DE263,2000,127350
DE263,2001,127966
DE263,2002,127623
DE263,2003,127280
DE263,2004,126937
DE263,2005,126595
DE263,2006,126252
DE263,2007,125910
DE263,2008,125568
DE263,2009,125226
DE263,2010,124884
DE263,2011,124542
DE263,2012,124449
DE263,2013,124577
DE263,2014,124698
DE263,2015,124219
DE263,2016,124873
DE263,2017,126010
DE263,2018,126635
DE263,2019,127880
DE263,2020,127934
DE263,2021,126954
DE263,2022,126933
DE263,2023,131271
DE263,2024,131759
DE264,2000,173730
DE264,2001,173915
DE264,2002,173811
DE264,2003,173708
DE264,2004,173600
DE264,2005,173489
DE264,2006,173380
DE264,2007,173268
DE264,2008,173156
DE264,2009,173041
DE264,2010,172924
DE264,2011,172806
DE264,2012,172351
DE264,2013,172575
DE264,2014,172791
DE264,2015,172776
DE264,2016,173695
DE264,2017,173504
DE264,2018,173969
DE264,2019,174208
DE264,2020,174200
DE264,2021,174658
DE264,2022,174965
DE264,2023,170651
DE264,2024,170856
DE265,2000,109413
DE265,2001,109328
DE265,2002,108808
DE265,2003,108289
DE265,2004,107772
DE265,2005,107256
DE265,2006,106741
DE265,2007,106227
DE265,2008,105714
DE265,2009,105203
DE265,2010,104693
DE265,2011,104184
DE265,2012,103653
DE265,2013,103124
DE265,2014,102865
DE265,2015,102901
DE265,2016,103106
DE265,2017,103100
DE265,2018,103265
DE265,2019,103218
DE265,2020,103235
DE265,2021,103169
DE265,2022,103454
DE265,2023,103088
DE265,2024,103447
DE266,2000,87076
DE266,2001,86609
DE266,2002,86048
DE266,2003,85488
DE266,2004,84931
DE266,2005,84375
DE266,2006,83821
DE266,2007,83268
DE266,2008,82717
DE266,2009,82168
DE266,2010,81621
DE266,2011,81075
DE266,2012,80469
DE266,2013,80224
DE266,2014,79965
DE266,2015,79676
DE266,2016,79723
DE266,2017,79855
DE266,2018,79796
DE266,2019,79690
DE266,2020,79635
DE266,2021,79510
DE266,2022,79376
DE266,2023,79216
DE266,2024,79430
DE267,2000,88371
DE267,2001,88509
DE267,2002,88126
DE267,2003,87743
DE267,2004,87362
DE267,2005,86981
DE267,2006,86601
DE267,2007,86222
DE267,2008,85843
DE267,2009,85466
DE267,2010,85089
DE267,2011,84713
DE267,2012,84440
DE267,2013,84226
DE267,2014,84090
DE267,2015,84152
DE267,2016,84581
DE267,2017,84373
DE267,2018,84464
DE267,2019,84599
DE267,2020,84384
DE267,2021,84275
DE267,2022,84284
DE267,2023,83258
DE267,2024,83673
DE268,2000,88730
DE268,2001,88986
DE268,2002,88858
DE268,2003,88730
DE268,2004,88601
DE268,2005,88472
DE268,2006,88343
DE268,2007,88213
DE268,2008,88082
DE268,2009,87951
DE268,2010,87820
DE268,2011,87688
DE268,2012,87731
DE268,2013,87899
DE268,2014,88097
DE268,2015,88492
DE268,2016,89306
DE268,2017,89748
DE268,2018,90429
DE268,2019,90909
DE268,2020,91155
DE268,2021,91696
DE268,2022,91980
DE268,2023,90576
DE268,2024,91197
DE269,2000,130635
DE269,2001,131261
DE269,2002,130995
DE269,2003,130728
DE269,2004,130462
DE269,2005,130195
DE269,2006,129927
DE269,2007,129659
DE269,2008,129392
DE269,2009,129123
DE269,2010,128855
DE269,2011,128586
DE269,2012,128122
DE269,2013,127944
DE269,2014,127909
DE269,2015,127941
DE269,2016,128446
DE269,2017,128543
DE269,2018,128484
DE269,2019,128756
DE269,2020,128743
DE269,2021,128743
DE269,2022,128782
DE269,2023,126649
DE269,2024,127204
DE26A,2000,132014
DE26A,2001,132012
DE26A,2002,131578
DE26A,2003,131144
DE26A,2004,130711
DE26A,2005,130279
DE26A,2006,129847
DE26A,2007,129415
DE26A,2008,128985
DE26A,2009,128554
DE26A,2010,128124
DE26A,2011,127695
DE26A,2012,127154
DE26A,2013,126496
DE26A,2014,126295
DE26A,2015,125915
DE26A,2016,126123
DE26A,2017,126301
DE26A,2018,126523
DE26A,2019,126365
DE26A,2020,126158
DE26A,2021,125976
DE26A,2022,126105
DE26A,2023,125270
DE26A,2024,125814
DE26B,2000,116290
DE26B,2001,116569
DE26B,2002,116226
DE26B,2003,115882
DE26B,2004,115539
DE26B,2005,115197
DE26B,2006,114854
DE26B,2007,114512
DE26B,2008,114170
DE26B,2009,113828
DE26B,2010,113487
DE26B,2011,113146
DE26B,2012,112991
DE26B,2013,112857
DE26B,2014,113007
DE26B,2015,113747
DE26B,2016,114813
DE26B,2017,114823
DE26B,2018,115105
DE26B,2019,115106
DE26B,2020,115445
DE26B,2021,115652
DE26B,2022,116134
DE26B,2023,114749
DE26B,2024,114404
DE26C,2000,158655
DE26C,2001,158919
DE26C,2002,158847
DE26C,2003,158774
DE26C,2004,158698
DE26C,2005,158622
DE26C,2006,158544
DE26C,2007,158464
DE26C,2008,158382
DE26C,2009,158299
DE26C,2010,158214
DE26C,2011,158128
DE26C,2012,158128
DE26C,2013,158026
DE26C,2014,158580
DE26C,2015,159253
DE26C,2016,160427
DE26C,2017,161041
DE26C,2018,161340
DE26C,2019,161834
DE26C,2020,162302
DE26C,2021,162697
DE26C,2022,163534
DE26C,2023,160240
DE26C,2024,160879
DE271,2000,254867
DE271,2001,254982
DE271,2002,256262
DE271,2003,257531
DE271,2004,258791
DE271,2005,260044
DE271,2006,261284
DE271,2007,262515
DE271,2008,263739
DE271,2009,264952
DE271,2010,266154
DE271,2011,267350
DE271,2012,269402
DE271,2013,272699
DE271,2014,276542
DE271,2015,281111
DE271,2016,286374
DE271,2017,289584
DE271,2018,292851
DE271,2019,295135
DE271,2020,296582
DE271,2021,295830
DE271,2022,296478
DE271,2023,296706
DE271,2024,298972
DE272,2000,41772
DE272,2001,41905
DE272,2002,41873
DE272,2003,41840
DE272,2004,41806
DE272,2005,41773
DE272,2006,41739
DE272,2007,41705
DE272,2008,41670
DE272,2009,41635
DE272,2010,41600
DE272,2011,41564
DE272,2012,41460
DE272,2013,41570
DE272,2014,41759
DE272,2015,42014
DE272,2016,42731
DE272,2017,43134
DE272,2018,43478
DE272,2019,43893
DE272,2020,44398
DE272,2021,44662
DE272,2022,45118
DE272,2023,45459
DE272,2024,46071
DE273,2000,61348
DE273,2001,61389
DE273,2002,61674
DE273,2003,61957
DE273,2004,62238
DE273,2005,62516
DE273,2006,62793
DE273,2007,63067
DE273,2008,63339
DE273,2009,63609
DE273,2010,63876
DE273,2011,64142
DE273,2012,64300
DE273,2013,64625
DE273,2014,65044
DE273,2015,65624
DE273,2016,66947
DE273,2017,67529
DE273,2018,68330
DE273,2019,68907
DE273,2020,69151
DE273,2021,68940
DE273,2022,69053
DE273,2023,65229
DE273,2024,65933
DE274,2000,40993
DE274,2001,40849
DE274,2002,40893
DE274,2003,40936
DE274,2004,40978
DE274,2005,41019
DE274,2006,41060
DE274,2007,41100
DE274,2008,41139
DE274,2009,41178
DE274,2010,41216
DE274,2011,41253
DE274,2012,41242
DE274,2013,41551
DE274,2014,41772
DE274,2015,42201
DE274,2016,42841
DE274,2017,43293
DE274,2018,43470
DE274,2019,43837
DE274,2020,44100
DE274,2021,44360
DE274,2022,44721
DE274,2023,43696
DE274,2024,44048
DE275,2000,121833
DE275,2001,123263
DE275,2002,123567
DE275,2003,123867
DE275,2004,124165
DE275,2005,124459
DE275,2006,124751
DE275,2007,125039
DE275,2008,125325
DE275,2009,125607
DE275,2010,125887
DE275,2011,126163
DE275,2012,126720
DE275,2013,127250
DE275,2014,128435
DE275,2015,129294
DE275,2016,130916
DE275,2017,131399
DE275,2018,132596
DE275,2019,133596
DE275,2020,134655
DE275,2021,135024
DE275,2022,135538
DE275,2023,135133
DE275,2024,136430
DE276,2000,235035
DE276,2001,236422
DE276,2002,236480
DE276,2003,236535
DE276,2004,236587
DE276,2005,236636
DE276,2006,236681
DE276,2007,236723
DE276,2008,236762
DE276,2009,236798
DE276,2010,236831
DE276,2011,236860
DE276,2012,237839
DE276,2013,239004
DE276,2014,240911
DE276,2015,242697
DE276,2016,245600
DE276,2017,247539
DE276,2018,249838
DE276,2019,251534
DE276,2020,253468
DE276,2021,255900
DE276,2022,257790
DE276,2023,259302
DE276,2024,261600
DE277,2000,93479
DE277,2001,93773
DE277,2002,93751
DE277,2003,93728
DE277,2004,93703
DE277,2005,93678
DE277,2006,93652
DE277,2007,93624
DE277,2008,93596
DE277,2009,93566
DE277,2010,93536
DE277,2011,93504
DE277,2012,93212
DE277,2013,93122
DE277,2014,93129
DE277,2015,93478
DE277,2016,94575
DE277,2017,94556
DE277,2018,95159
DE277,2019,96021
DE277,2020,96562
DE277,2021,97172
DE277,2022,97985
DE277,2023,97430
DE277,2024,98474
DE278,2000,121284
DE278,2001,121563
DE278,2002,121441
DE278,2003,121318
DE278,2004,121195
DE278,2005,121070
DE278,2006,120945
DE278,2007,120818
DE278,2008,120691
DE278,2009,120563
DE278,2010,120434
DE278,2011,120304
DE278,2012,120134
DE278,2013,120130
DE278,2014,120696
DE278,2015,121828
DE278,2016,123153
DE278,2017,123498
DE278,2018,124519
DE278,2019,125747
DE278,2020,127027
DE278,2021,127342
DE278,2022,128436
DE278,2023,128361
DE278,2024,129696
DE279,2000,158923
DE279,2001,159670
DE279,2002,160086
DE279,2003,160499
DE279,2004,160907
DE279,2005,161311
DE279,2006,161711
DE279,2007,162108
DE279,2008,162500
DE279,2009,162888
DE279,2010,163272
DE279,2011,163652
DE279,2012,164388
DE279,2013,165270
DE279,2014,166643
DE279,2015,167847
DE279,2016,170309
DE279,2017,171011
DE279,2018,172546
DE279,2019,174200
DE279,2020,175204
DE279,2021,175823
DE279,2022,177330
DE279,2023,180320
DE279,2024,182560
DE27A,2000,76815
DE27A,2001,77106
DE27A,2002,77234
DE27A,2003,77360
DE27A,2004,77484
DE27A,2005,77607
DE27A,2006,77729
DE27A,2007,77849
DE27A,2008,77967
DE27A,2009,78083
DE27A,2010,78199
DE27A,2011,78312
DE27A,2012,78455
DE27A,2013,78641
DE27A,2014,78939
DE27A,2015,79387
DE27A,2016,80429
DE27A,2017,80961
DE27A,2018,81148
DE27A,2019,81669
DE27A,2020,81981
DE27A,2021,82085
DE27A,2022,82330
DE27A,2023,81874
DE27A,2024,82224
DE27B,2000,130650
DE27B,2001,131546
DE27B,2002,131746
DE27B,2003,131944
DE27B,2004,132140
DE27B,2005,132332
DE27B,2006,132522
DE27B,2007,132710
DE27B,2008,132894
DE27B,2009,133077
DE27B,2010,133256
DE27B,2011,133433
DE27B,2012,133607
DE27B,2013,134118
DE27B,2014,134771
DE27B,2015,135894
DE27B,2016,137709
DE27B,2017,138265
DE27B,2018,139278
DE27B,2019,140316
DE27B,2020,141182
DE27B,2021,141907
DE27B,2022,143236
DE27B,2023,140153
DE27B,2024,141137
DE27C,2000,132773
DE27C,2001,133709
DE27C,2002,133864
DE27C,2003,134017
DE27C,2004,134167
DE27C,2005,134314
DE27C,2006,134460
DE27C,2007,134603
DE27C,2008,134743
DE27C,2009,134881
DE27C,2010,135017
DE27C,2011,135150
DE27C,2012,135597
DE27C,2013,136383
DE27C,2014,137484
DE27C,2015,138712
DE27C,2016,140419
DE27C,2017,141165
DE27C,2018,142544
DE27C,2019,144041
DE27C,2020,145341
DE27C,2021,146164
DE27C,2022,147776
DE27C,2023,143384
DE27C,2024,145298
DE27D,2000,129085
DE27D,2001,129865
DE27D,2002,129671
DE27D,2003,129477
DE27D,2004,129282
DE27D,2005,129087
DE27D,2006,128890
DE27D,2007,128694
DE27D,2008,128496
DE27D,2009,128298
DE27D,2010,128099
DE27D,2011,127900
DE27D,2012,128072
DE27D,2013,128939
DE27D,2014,129422
DE27D,2015,130203
DE27D,2016,131345
DE27D,2017,132298
DE27D,2018,133043
DE27D,2019,133496
DE27D,2020,133783
DE27D,2021,134324
DE27D,2022,134986
DE27D,2023,133770
DE27D,2024,134677
DE27E,2000,146719
DE27E,2001,147405
DE27E,2002,147541
DE27E,2003,147675
DE27E,2004,147807
DE27E,2005,147936
DE27E,2006,148062
DE27E,2007,148186
DE27E,2008,148308
DE27E,2009,148427
DE27E,2010,148543
DE27E,2011,148657
DE27E,2012,148691
DE27E,2013,149457
DE27E,2014,150478
DE27E,2015,150981
DE27E,2016,152672
DE27E,2017,153759
DE27E,2018,154568
DE27E,2019,155362
DE27E,2020,156008
DE27E,2021,156308
DE27E,2022,157202
DE27E,2023,152664
DE27E,2024,153394
DE300,2000,3386667
DE300,2001,3382169
DE300,2002,3371741
DE300,2003,3361323
DE300,2004,3350915
DE300,2005,3340518
DE300,2006,3330130
DE300,2007,3319753
DE300,2008,3309386
DE300,2009,3299029
DE300,2010,3288682
DE300,2011,3278346
DE300,2012,3326002
DE300,2013,3375222
DE300,2014,3421829
DE300,2015,3469849
DE300,2016,3520031
DE300,2017,3574830
DE300,2018,3613495
DE300,2019,3644826
DE300,2020,3669491
DE300,2021,3664088
DE300,2022,3677472
DE300,2023,3632853
DE300,2024,3662381
DE401,2000,79828
DE401,2001,78404
DE401,2002,77715
DE401,2003,77028
DE401,2004,76344
DE401,2005,75662
DE401,2006,74982
DE401,2007,74305
DE401,2008,73631
DE401,2009,72959
DE401,2010,72289
DE401,2011,71622
DE401,2012,71381
DE401,2013,71149
DE401,2014,71032
DE401,2015,71032
DE401,2016,71574
DE401,2017,71664
DE401,2018,71886
DE401,2019,72124
DE401,2020,72184
DE401,2021,72040
DE401,2022,72461
DE401,2023,73612
DE401,2024,73939
DE402,2000,115970
DE402,2001,113618
DE402,2002,112246
DE402,2003,110879
DE402,2004,109518
DE402,2005,108162
DE402,2006,106812
DE402,2007,105467
DE402,2008,104127
DE402,2009,102793
DE402,2010,101464
DE402,2011,100141
DE402,2012,99974
DE402,2013,99913
DE402,2014,99595
DE402,2015,99491
DE402,2016,99687
DE402,2017,100416
DE402,2018,101036
DE402,2019,100219
DE402,2020,99678
DE402,2021,98693
DE402,2022,98359
DE402,2023,94250
DE402,2024,94778
DE403,2000,73832
DE403,2001,72131
DE403,2002,70833
DE403,2003,69540
DE403,2004,68252
DE403,2005,66971
DE403,2006,65694
DE403,2007,64424
DE403,2008,63159
DE403,2009,61899
DE403,2010,60645
DE403,2011,59397
DE403,2012,59063
DE403,2013,58537
DE403,2014,58018
DE403,2015,57649
DE403,2016,58092
DE403,2017,58193
DE403,2018,58237
DE403,2019,57873
DE403,2020,57751
DE403,2021,57015
DE403,2022,56679
DE403,2023,56434
DE403,2024,57065
DE404,2000,139695
DE404,2001,140668
DE404,2002,142211
DE404,2003,143745
DE404,2004,145269
DE404,2005,146784
DE404,2006,148290
DE404,2007,149786
DE404,2008,151273
DE404,2009,152750
DE404,2010,154218
DE404,2011,155677
DE404,2012,157603
DE404,2013,159456
DE404,2014,161468
DE404,2015,164042
DE404,2016,167745
DE404,2017,171810
DE404,2018,175710
DE404,2019,178089
DE404,2020,180334
DE404,2021,182112
DE404,2022,183154
DE404,2023,182987
DE404,2024,184290
DE405,2000,167914
DE405,2001,170288
DE405,2002,170526
DE405,2003,170761
DE405,2004,170993
DE405,2005,171221
DE405,2006,171446
DE405,2007,171668
DE405,2008,171886
DE405,2009,172101
DE405,2010,172313
DE405,2011,172522
DE405,2012,172572
DE405,2013,173193
DE405,2014,173754
DE405,2015,174981
DE405,2016,177411
DE405,2017,179365
DE405,2018,180864
DE405,2019,182760
DE405,2020,185244
DE405,2021,187343
DE405,2022,188835
DE405,2023,191525
DE405,2024,192776
DE406,2000,157341
DE406,2001,158994
DE406,2002,159144
DE406,2003,159291
DE406,2004,159436
DE406,2005,159578
DE406,2006,159717
DE406,2007,159853
DE406,2008,159987
DE406,2009,160118
DE406,2010,160246
DE406,2011,160372
DE406,2012,160108
DE406,2013,160314
DE406,2014,160793
DE406,2015,161952
DE406,2016,164528
DE406,2017,166074
DE406,2018,167319
DE406,2019,169067
DE406,2020,170791
DE406,2021,173316
DE406,2022,175834
DE406,2023,176373
DE406,2024,177662
DE407,2000,132873
DE407,2001,131161
DE407,2002,129083
DE407,2003,127014
DE407,2004,124953
DE407,2005,122901
DE407,2006,120858
DE407,2007,118823
DE407,2008,116797
DE407,2009,114780
DE407,2010,112772
DE407,2011,110772
DE407,2012,109087
DE407,2013,107649
DE407,2014,106157
DE407,2015,104997
DE407,2016,104673
DE407,2017,104397
DE407,2018,103455
DE407,2019,102638
DE407,2020,101827
DE407,2021,101085
DE407,2022,100317
DE407,2023,99684
DE407,2024,98750
DE408,2000,146064
DE408,2001,149285
DE408,2002,149633
DE408,2003,149978
DE408,2004,150318
DE408,2005,150656
DE408,2006,150990
DE408,2007,151320
DE408,2008,151646
DE408,2009,151970
DE408,2010,152289
DE408,2011,152605
DE408,2012,152915
DE408,2013,153294
DE408,2014,153874
DE408,2015,155408
DE408,2016,158236
DE408,2017,159685
DE408,2018,160710
DE408,2019,161909
DE408,2020,162996
DE408,2021,164693
DE408,2022,165906
DE408,2023,168494
DE408,2024,169721
DE409,2000,186573
DE409,2001,188277
DE409,2002,188247
DE409,2003,188215
DE409,2004,188181
DE409,2005,188144
DE409,2006,188106
DE409,2007,188065
DE409,2008,188022
DE409,2009,187977
DE409,2010,187929
DE409,2011,187880
DE409,2012,187085
DE409,2013,186925
DE409,2014,187668
DE409,2015,188422
DE409,2016,190714
DE409,2017,191685
DE409,2018,192921
DE409,2019,194328
DE409,2020,195751
DE409,2021,197195
DE409,2022,197965
DE409,2023,196930
DE409,2024,197785
DE40A,2000,189191
DE40A,2001,192123
DE40A,2002,193030
DE40A,2003,193930
DE40A,2004,194823
DE40A,2005,195709
DE40A,2006,196589
DE40A,2007,197461
DE40A,2008,198327
DE40A,2009,199186
DE40A,2010,200038
DE40A,2011,200883
DE40A,2012,201199
DE40A,2013,202162
DE40A,2014,203012
DE40A,2015,204898
DE40A,2016,207524
DE40A,2017,208639
DE40A,2018,209893
DE40A,2019,211249
DE40A,2020,212914
DE40A,2021,214234
DE40A,2022,215795
DE40A,2023,216849
DE40A,2024,217290
DE40B,2000,148124
DE40B,2001,145110
DE40B,2002,142397
DE40B,2003,139696
DE40B,2004,137006
DE40B,2005,134328
DE40B,2006,131662
DE40B,2007,129007
DE40B,2008,126364
DE40B,2009,123733
DE40B,2010,121114
DE40B,2011,118506
DE40B,2012,116898
DE40B,2013,115212
DE40B,2014,113842
DE40B,2015,112896
DE40B,2016,112450
DE40B,2017,111962
DE40B,2018,111122
DE40B,2019,110476
DE40B,2020,109371
DE40B,2021,108396
DE40B,2022,107558
DE40B,2023,109091
DE40B,2024,108434
DE40C,2000,196784
DE40C,2001,196453
DE40C,2002,194656
DE40C,2003,192866
DE40C,2004,191083
DE40C,2005,189306
DE40C,2006,187535
DE40C,2007,185771
DE40C,2008,184014
DE40C,2009,182263
DE40C,2010,180518
DE40C,2011,178780
DE40C,2012,177764
DE40C,2013,177047
DE40C,2014,176850
DE40C,2015,177823
DE40C,2016,182397
DE40C,2017,178849
DE40C,2018,178347
DE40C,2019,178658
DE40C,2020,178803
DE40C,2021,179276
DE40C,2022,179245
DE40C,2023,179748
DE40C,2024,180499
DE40D,2000,114273
DE40D,2001,112930
DE40D,2002,111674
DE40D,2003,110423
DE40D,2004,109176
DE40D,2005,107935
DE40D,2006,106698
DE40D,2007,105467
DE40D,2008,104240
DE40D,2009,103018
DE40D,2010,101800
DE40D,2011,100588
DE40D,2012,99753
DE40D,2013,99125
DE40D,2014,98944
DE40D,2015,98886
DE40D,2016,99110
DE40D,2017,99414
DE40D,2018,99368
DE40D,2019,99078
DE40D,2020,98861
DE40D,2021,98808
DE40D,2022,98829
DE40D,2023,99294
DE40D,2024,99372
DE40E,2000,193086
DE40E,2001,196644
DE40E,2002,197288
DE40E,2003,197926
DE40E,2004,198561
DE40E,2005,199189
DE40E,2006,199810
DE40E,2007,200427
DE40E,2008,201038
DE40E,2009,201644
DE40E,2010,202245
DE40E,2011,202837
DE40E,2012,203391
DE40E,2013,204388
DE40E,2014,205520
DE40E,2015,207498
DE40E,2016,210910
DE40E,2017,212207
DE40E,2018,213214
DE40E,2019,214664
DE40E,2020,216566
DE40E,2021,217954
DE40E,2022,219521
DE40E,2023,219092
DE40E,2024,220158
DE40F,2000,97076
DE40F,2001,95701
DE40F,2002,94177
DE40F,2003,92658
DE40F,2004,91147
DE40F,2005,89641
DE40F,2006,88143
DE40F,2007,86650
DE40F,2008,85164
DE40F,2009,83684
DE40F,2010,82211
DE40F,2011,80744
DE40F,2012,79574
DE40F,2013,78799
DE40F,2014,77993
DE40F,2015,77550
DE40F,2016,77573
DE40F,2017,77813
DE40F,2018,77263
DE40F,2019,76508
DE40F,2020,76158
DE40F,2021,76096
DE40F,2022,75574
DE40F,2023,76322
DE40F,2024,76148
DE40G,2000,150171
DE40G,2001,148700
DE40G,2002,146107
DE40G,2003,143525
DE40G,2004,140954
DE40G,2005,138394
DE40G,2006,135845
DE40G,2007,133307
DE40G,2008,130780
DE40G,2009,128264
DE40G,2010,125760
DE40G,2011,123266
DE40G,2012,121571
DE40G,2013,120178
DE40G,2014,118899
DE40G,2015,118030
DE40G,2016,117635
DE40G,2017,116826
DE40G,2018,115456
DE40G,2019,114429
DE40G,2020,113720
DE40G,2021,113011
DE40G,2022,111955
DE40G,2023,111083
DE40G,2024,110580
DE40H,2000,158326
DE40H,2001,159735
DE40H,2002,159707
DE40H,2003,159678
DE40H,2004,159646
DE40H,2005,159613
DE40H,2006,159578
DE40H,2007,159542
DE40H,2008,159503
DE40H,2009,159462
DE40H,2010,159420
DE40H,2011,159376
DE40H,2012,159511
DE40H,2013,159686
DE40H,2014,160448
DE40H,2015,161488
DE40H,2016,163553
DE40H,2017,164771
DE40H,2018,166890
DE40H,2019,168296
DE40H,2020,169997
DE40H,2021,171554
DE40H,2022,172545
DE40H,2023,175569
DE40H,2024,177420
DE40I,2000,154086
DE40I,2001,151740
DE40I,2002,149042
DE40I,2003,146355
DE40I,2004,143679
DE40I,2005,141015
DE40I,2006,138363
DE40I,2007,135722
DE40I,2008,133093
DE40I,2009,130475
DE40I,2010,127869
DE40I,2011,125274
DE40I,2012,123731
DE40I,2013,122484
DE40I,2014,121326
DE40I,2015,120829
DE40I,2016,121014
DE40I,2017,120878
DE40I,2018,120349
DE40I,2019,119552
DE40I,2020,118947
DE40I,2021,118250
DE40I,2022,117336
DE40I,2023,117822
DE40I,2024,117797
DE501,2000,540330
DE501,2001,539403
DE501,2002,539797
DE501,2003,540182
DE501,2004,540559
DE501,2005,540927
DE501,2006,541287
DE501,2007,541637
DE501,2008,541980
DE501,2009,542314
DE501,2010,542639
DE501,2011,542956
DE501,2012,544043
DE501,2013,546451
DE501,2014,548547
DE501,2015,551767
DE501,2016,557464
DE501,2017,565719
DE501,2018,568006
DE501,2019,569352
DE501,2020,567559
DE501,2021,566573
DE501,2022,563290
DE501,2023,576947
DE501,2024,584332
DE502,2000,122735
DE502,2001,120822
DE502,2002,119570
DE502,2003,118322
DE502,2004,117079
DE502,2005,115841
DE502,2006,114607
DE502,2007,113379
DE502,2008,112155
DE502,2009,110935
DE502,2010,109721
DE502,2011,108511
DE502,2012,108139
DE502,2013,108323
DE502,2014,108844
DE502,2015,110121
DE502,2016,114025
DE502,2017,113034
DE502,2018,113026
DE502,2019,113634
DE502,2020,113643
DE502,2021,113557
DE502,2022,113173
DE502,2023,118811
DE502,2024,118323
DE600,2000,1704735
DE600,2001,1715392
DE600,2002,1714498
DE600,2003,1713587
DE600,2004,1712659
DE600,2005,1711715
DE600,2006,1710754
DE600,2007,1709777
DE600,2008,1708783
DE600,2009,1707772
DE600,2010,1706744
DE600,2011,1705700
DE600,2012,1718187
DE600,2013,1734272
DE600,2014,1746342
DE600,2015,1762791
DE600,2016,1787408
DE600,2017,1810438
DE600,2018,1830584
DE600,2019,1841179
DE600,2020,1847253
DE600,2021,1852478
DE600,2022,1853935
DE600,2023,1832675
DE600,2024,1851596
DE711,2000,137776
DE711,2001,138242
DE711,2002,138552
DE711,2003,138860
DE711,2004,139164
DE711,2005,139465
DE711,2006,139762
DE711,2007,140056
DE711,2008,140347
DE711,2009,140635
DE711,2010,140920
DE711,2011,141201
DE711,2012,145845
DE711,2013,147925
DE711,2014,149743
DE711,2015,151879
DE711,2016,155353
DE711,2017,157437
DE711,2018,158254
DE711,2019,159207
DE711,2020,159878
DE711,2021,159174
DE711,2022,159631
DE711,2023,162329
DE711,2024,164832
DE712,2000,643821
DE712,2001,646550
DE712,2002,648469
DE712,2003,650366
DE712,2004,652249
DE712,2005,654111
DE712,2006,655958
DE712,2007,657788
DE712,2008,659599
DE712,2009,661395
DE712,2010,663171
DE712,2011,664931
DE712,2012,676533
DE712,2013,687775
DE712,2014,701350
DE712,2015,717624
DE712,2016,732688
DE712,2017,736414
DE712,2018,746878
DE712,2019,753056
DE712,2020,763380
DE712,2021,764104
DE712,2022,759224
DE712,2023,747389
DE712,2024,749596
DE713,2000,116627
DE713,2001,117535
DE713,2002,117052
DE713,2003,116571
DE713,2004,116090
DE713,2005,115610
DE713,2006,115131
DE713,2007,114653
DE713,2008,114176
DE713,2009,113700
DE713,2010,113225
DE713,2011,112751
DE713,2012,114855
DE713,2013,116945
DE713,2014,119203
DE713,2015,120988
DE713,2016,123734
DE713,2017,124589
DE713,2018,126658
DE713,2019,128744
DE713,2020,130280
DE713,2021,130892
DE713,2022,131295
DE713,2023,130542
DE713,2024,131845
DE714,2000,268716
DE714,2001,270109
DE714,2002,269929
DE714,2003,269746
DE714,2004,269561
DE714,2005,269374
DE714,2006,269184
DE714,2007,268992
DE714,2008,268797
DE714,2009,268600
DE714,2010,268400
DE714,2011,268198
DE714,2012,270952
DE714,2013,272636
DE714,2014,273871
DE714,2015,275116
DE714,2016,276218
DE714,2017,277619
DE714,2018,278654
DE714,2019,278342
DE714,2020,278474
DE714,2021,278609
DE714,2022,278950
DE714,2023,284787
DE714,2024,287241
DE715,2000,262613
DE715,2001,263730
DE715,2002,263465
DE715,2003,263199
DE715,2004,262930
DE715,2005,262660
DE715,2006,262387
DE715,2007,262113
DE715,2008,261836
DE715,2009,261558
DE715,2010,261278
DE715,2011,260996
DE715,2012,261158
DE715,2013,261695
DE715,2014,262322
DE715,2015,263822
DE715,2016,266928
DE715,2017,267935
DE715,2018,268780
DE715,2019,269694
DE715,2020,270340
DE715,2021,271015
DE715,2022,271166
DE715,2023,273288
DE715,2024,274484
DE716,2000,285484
DE716,2001,286780
DE716,2002,286372
DE716,2003,285963
DE716,2004,285553
DE716,2005,285140
DE716,2006,284727
DE716,2007,284312
DE716,2008,283895
DE716,2009,283477
DE716,2010,283057
DE716,2011,282636
DE716,2012,283465
DE716,2013,284413
DE716,2014,285407
DE716,2015,287966
DE716,2016,292773
DE716,2017,294744
DE716,2018,296048
DE716,2019,297399
DE716,2020,297844
DE716,2021,297701
DE716,2022,296900
DE716,2023,300928
DE716,2024,302263
DE717,2000,248190
DE717,2001,249266
DE717,2002,249406
DE717,2003,249543
DE717,2004,249675
DE717,2005,249804
DE717,2006,249930
DE717,2007,250051
DE717,2008,250169
DE717,2009,250283
DE717,2010,250393
DE717,2011,250499
DE717,2012,252770
DE717,2013,254883
DE717,2014,257301
DE717,2015,260793
DE717,2016,266042
DE717,2017,269045
DE717,2018,271403
DE717,2019,274526
DE717,2020,275726
DE717,2021,275807
DE717,2022,276307
DE717,2023,266326
DE717,2024,267920
DE718,2000,223976
DE718,2001,225638
DE718,2002,225692
DE718,2003,225743
DE718,2004,225790
DE718,2005,225835
DE718,2006,225877
DE718,2007,225915
DE718,2008,225951
DE718,2009,225983
DE718,2010,226013
DE718,2011,226039
DE718,2012,226964
DE718,2013,228098
DE718,2014,229167
DE718,2015,230798
DE718,2016,233427
DE718,2017,234991
DE718,2018,235995
DE718,2019,236564
DE718,2020,236914
DE718,2021,237281
DE718,2022,237041
DE718,2023,238534
DE718,2024,240622
DE719,2000,404375
DE719,2001,405942
DE719,2002,405457
DE719,2003,404970
DE719,2004,404479
DE719,2005,403987
DE719,2006,403491
DE719,2007,402993
DE719,2008,402493
DE719,2009,401990
DE719,2010,401484
DE719,2011,400976
DE719,2012,401823
DE719,2013,403134
DE719,2014,404995
DE719,2015,407619
DE719,2016,411956
DE719,2017,416715
DE719,2018,418208
DE719,2019,418950
DE719,2020,420552
DE719,2021,421689
DE719,2022,423465
DE719,2023,415753
DE719,2024,419055
DE71A,2000,218170
DE71A,2001,220264
DE71A,2002,220639
DE71A,2003,221010
DE71A,2004,221376
DE71A,2005,221738
DE71A,2006,222095
DE71A,2007,222448
DE71A,2008,222796
DE71A,2009,223139
DE71A,2010,223478
DE71A,2011,223812
DE71A,2012,224823
DE71A,2013,226113
DE71A,2014,228021
DE71A,2015,229976
DE71A,2016,232848
DE71A,2017,235708
DE71A,2018,236969
DE71A,2019,237735
DE71A,2020,238558
DE71A,2021,239264
DE71A,2022,239276
DE71A,2023,237671
DE71A,2024,238593
DE71B,2000,99373
DE71B,2001,99667
DE71B,2002,99401
DE71B,2003,99135
DE71B,2004,98870
DE71B,2005,98604
DE71B,2006,98338
DE71B,2007,98073
DE71B,2008,97808
DE71B,2009,97542
DE71B,2010,97277
DE71B,2011,97012
DE71B,2012,96785
DE71B,2013,96648
DE71B,2014,96201
DE71B,2015,96082
DE71B,2016,97000
DE71B,2017,96473
DE71B,2018,96597
DE71B,2019,96798
DE71B,2020,96703
DE71B,2021,96754
DE71B,2022,96953
DE71B,2023,94619
DE71B,2024,94246
DE71C,2000,333336
DE71C,2001,335030
DE71C,2002,334740
DE71C,2003,334448
DE71C,2004,334153
DE71C,2005,333856
DE71C,2006,333556
DE71C,2007,333253
DE71C,2008,332947
DE71C,2009,332639
DE71C,2010,332328
DE71C,2011,332014
DE71C,2012,334019
DE71C,2013,336265
DE71C,2014,338300
DE71C,2015,341669
DE71C,2016,347357
DE71C,2017,349982
DE71C,2018,351692
DE71C,2019,354092
DE71C,2020,355813
DE71C,2021,356542
DE71C,2022,357466
DE71C,2023,353948
DE71C,2024,356578
DE71D,2000,184328
DE71D,2001,184576
DE71D,2002,184164
DE71D,2003,183752
DE71D,2004,183340
DE71D,2005,182928
DE71D,2006,182515
DE71D,2007,182102
DE71D,2008,181689
DE71D,2009,181275
DE71D,2010,180862
DE71D,2011,180448
DE71D,2012,180506
DE71D,2013,180911
DE71D,2014,181190
DE71D,2015,182117
DE71D,2016,184114
DE71D,2017,185668
DE71D,2018,186602
DE71D,2019,187157
DE71D,2020,187160
DE71D,2021,187433
DE71D,2022,187229
DE71D,2023,185684
DE71D,2024,186050
DE71E,2000,292569
DE71E,2001,294260
DE71E,2002,294116
DE71E,2003,293968
DE71E,2004,293818
DE71E,2005,293665
DE71E,2006,293509
DE71E,2007,293350
DE71E,2008,293189
DE71E,2009,293024
DE71E,2010,292856
DE71E,2011,292686
DE71E,2012,293113
DE71E,2013,293940
DE71E,2014,295408
DE71E,2015,297369
DE71E,2016,301931
DE71E,2017,303914
DE71E,2018,305312
DE71E,2019,306460
DE71E,2020,308339
DE71E,2021,310353
DE71E,2022,311661
DE71E,2023,309348
DE71E,2024,310705
DE721,2000,253210
DE721,2001,253587
DE721,2002,253400
DE721,2003,253211
DE721,2004,253021
DE721,2005,252827
DE721,2006,252632
DE721,2007,252434
DE721,2008,252234
DE721,2009,252033
DE721,2010,251828
DE721,2011,251622
DE721,2012,252587
DE721,2013,253041
DE721,2014,253820
DE721,2015,259834
DE721,2016,262505
DE721,2017,265699
DE721,2018,267056
DE721,2019,268876
DE721,2020,270688
DE721,2021,271667
DE721,2022,272874
DE721,2023,266314
DE721,2024,268141
DE722,2000,262951
DE722,2001,262859
DE722,2002,261965
DE722,2003,261072
DE722,2004,260179
DE722,2005,259289
DE722,2006,258399
DE722,2007,257510
DE722,2008,256623
DE722,2009,255736
DE722,2010,254852
DE722,2011,253968
DE722,2012,252899
DE722,2013,252106
DE722,2014,251327
DE722,2015,251440
DE722,2016,253167
DE722,2017,254074
DE722,2018,254164
DE722,2019,253777
DE722,2020,253319
DE722,2021,253373
DE722,2022,253364
DE722,2023,253208
DE722,2024,254444
DE723,2000,175089
DE723,2001,175317
DE723,2002,174865
DE723,2003,174413
DE723,2004,173962
DE723,2005,173510
DE723,2006,173059
DE723,2007,172607
DE723,2008,172156
DE723,2009,171705
DE723,2010,171254
DE723,2011,170803
DE723,2012,170471
DE723,2013,169904
DE723,2014,169964
DE723,2015,170385
DE723,2016,171922
DE723,2017,172120
DE723,2018,171971
DE723,2019,172083
DE723,2020,171912
DE723,2021,172291
DE723,2022,172759
DE723,2023,173484
DE723,2024,174281
DE724,2000,253583
DE724,2001,253279
DE724,2002,252126
DE724,2003,250976
DE724,2004,249829
DE724,2005,248684
DE724,2006,247542
DE724,2007,246403
DE724,2008,245266
DE724,2009,244132
DE724,2010,243000
DE724,2011,241871
DE724,2012,241574
DE724,2013,241279
DE724,2014,241656
DE724,2015,241598
DE724,2016,245241
DE724,2017,245013
DE724,2018,246165
DE724,2019,246648
DE724,2020,247084
DE724,2021,245903
DE724,2022,246097
DE724,2023,242197
DE724,2024,243093
DE725,2000,118670
DE725,2001,118496
DE725,2002,117521
DE725,2003,116549
DE725,2004,115580
DE725,2005,114615
DE725,2006,113653
DE725,2007,112695
DE725,2008,111740
DE725,2009,110788
DE725,2010,109840
DE725,2011,108895
DE725,2012,107994
DE725,2013,106947
DE725,2014,106383
DE725,2015,105763
DE725,2016,107256
DE725,2017,106737
DE725,2018,106451
DE725,2019,105878
DE725,2020,105643
DE725,2021,105506
DE725,2022,105671
DE725,2023,101545
DE725,2024,101494
DE731,2000,196211
DE731,2001,194766
DE731,2002,194381
DE731,2003,193996
DE731,2004,193610
DE731,2005,193223
DE731,2006,192837
DE731,2007,192449
DE731,2008,192061
DE731,2009,191673
DE731,2010,191284
DE731,2011,190895
DE731,2012,191854
DE731,2013,192874
DE731,2014,194087
DE731,2015,194747
DE731,2016,197984
DE731,2017,199062
DE731,2018,200736
DE731,2019,201585
DE731,2020,202137
DE731,2021,201048
DE731,2022,200406
DE731,2023,196575
DE731,2024,197065
DE732,2000,217080
DE732,2001,217710
DE732,2002,217602
DE732,2003,217492
DE732,2004,217380
DE732,2005,217266
DE732,2006,217149
DE732,2007,217031
DE732,2008,216910
DE732,2009,216787
DE732,2010,216662
DE732,2011,216535
DE732,2012,215945
DE732,2013,216093
DE732,2014,216314
DE732,2015,217326
DE732,2016,220132
DE732,2017,221170
DE732,2018,221783
DE732,2019,222584
DE732,2020,223145
DE732,2021,223023
DE732,2022,223572
DE732,2023,221445
DE732,2024,222688
DE733,2000,131131
DE733,2001,130654
DE733,2002,129668
DE733,2003,128684
DE733,2004,127704
DE733,2005,126728
DE733,2006,125754
DE733,2007,124784
DE733,2008,123817
DE733,2009,122854
DE733,2010,121894
DE733,2011,120937
DE733,2012,120776
DE733,2013,120165
DE733,2014,119651
DE733,2015,119394
DE733,2016,121166
DE733,2017,121037
DE733,2018,121101
DE733,2019,120829
DE733,2020,120719
DE733,2021,120304
DE733,2022,120163
DE733,2023,118183
DE733,2024,118010
DE734,2000,245591
DE734,2001,245997
DE734,2002,244915
DE734,2003,243835
DE734,2004,242758
DE734,2005,241682
DE734,2006,240608
DE734,2007,239539
DE734,2008,238471
DE734,2009,237404
DE734,2010,236341
DE734,2011,235279
DE734,2012,234680
DE734,2013,234206
DE734,2014,233352
DE734,2015,233451
DE734,2016,235813
DE734,2017,236905
DE734,2018,236674
DE734,2019,236633
DE734,2020,236764
DE734,2021,237007
DE734,2022,237268
DE734,2023,230318
DE734,2024,230742
DE735,2000,193367
DE735,2001,193345
DE735,2002,192239
DE735,2003,191135
DE735,2004,190035
DE735,2005,188938
DE735,2006,187845
DE735,2007,186754
DE735,2008,185666
DE735,2009,184582
DE735,2010,183500
DE735,2011,182422
DE735,2012,181327
DE735,2013,180279
DE735,2014,179429
DE735,2015,179466
DE735,2016,180310
DE735,2017,181105
DE735,2018,180754
DE735,2019,180222
DE735,2020,179673
DE735,2021,179840
DE735,2022,180052
DE735,2023,179406
DE735,2024,180368
DE736,2000,170709
DE736,2001,170568
DE736,2002,169446
DE736,2003,168328
DE736,2004,167213
DE736,2005,166102
DE736,2006,164995
DE736,2007,163890
DE736,2008,162789
DE736,2009,161692
DE736,2010,160598
DE736,2011,159508
DE736,2012,158210
DE736,2013,157293
DE736,2014,156607
DE736,2015,156460
DE736,2016,157592
DE736,2017,157967
DE736,2018,157256
DE736,2019,156953
DE736,2020,156406
DE736,2021,156528
DE736,2022,156513
DE736,2023,155068
DE736,2024,155135
DE737,2000,115020
DE737,2001,113962
DE737,2002,112793
DE737,2003,111629
DE737,2004,110469
DE737,2005,109314
DE737,2006,108163
DE737,2007,107016
DE737,2008,105874
DE737,2009,104736
DE737,2010,103603
DE737,2011,102474
DE737,2012,101843
DE737,2013,100913
DE737,2014,100356
DE737,2015,100206
DE737,2016,100715
DE737,2017,100965
DE737,2018,101101
DE737,2019,101017
DE737,2020,100629
DE737,2021,100046
DE737,2022,99714
DE737,2023,98044
DE737,2024,98055
DE803,2000,203279
DE803,2001,200506
DE803,2002,200391
DE803,2003,200403
DE803,2004,200413
DE803,2005,200420
DE803,2006,200424
DE803,2007,200427
DE803,2008,200427
DE803,2009,200425
DE803,2010,200421
DE803,2011,200414
DE803,2012,201813
DE803,2013,202887
DE803,2014,203431
DE803,2015,204167
DE803,2016,206011
DE803,2017,207513
DE803,2018,208409
DE803,2019,208886
DE803,2020,209191
DE803,2021,209061
DE803,2022,208400
DE803,2023,203909
DE803,2024,204948
DE804,2000,102878
DE804,2001,101267
DE804,2002,100198
DE804,2003,99198
DE804,2004,98201
DE804,2005,97208
DE804,2006,96219
DE804,2007,95234
DE804,2008,94252
DE804,2009,93275
DE804,2010,92300
DE804,2011,91330
DE804,2012,91327
DE804,2013,91264
DE804,2014,91583
DE804,2015,92138
DE804,2016,96800
DE804,2017,95668
DE804,2018,95797
DE804,2019,95818
DE804,2020,95653
DE804,2021,95609
DE804,2022,95740
DE804,2023,97614
DE804,2024,97850
DE80J,2000,315732
DE80J,2001,312566
DE80J,2002,308140
DE80J,2003,303690
DE80J,2004,299260
DE80J,2005,294847
DE80J,2006,290453
DE80J,2007,286077
DE80J,2008,281718
DE80J,2009,277378
DE80J,2010,273056
DE80J,2011,268753
DE80J,2012,266593
DE80J,2013,264261
DE80J,2014,262412
DE80J,2015,261733
DE80J,2016,262517
DE80J,2017,261816
DE80J,2018,260574
DE80J,2019,259130
DE80J,2020,258074
DE80J,2021,258057
DE80J,2022,257525
DE80J,2023,247735
DE80J,2024,247575
DE80K,2000,221324
DE80K,2001,221413
DE80K,2002,220609
DE80K,2003,219777
DE80K,2004,218947
DE80K,2005,218119
DE80K,2006,217292
DE80K,2007,216467
DE80K,2008,215643
DE80K,2009,214821
DE80K,2010,214000
DE80K,2011,213181
DE80K,2012,211863
DE80K,2013,210732
DE80K,2014,210555
DE80K,2015,211878
DE80K,2016,213473
DE80K,2017,213945
DE80K,2018,214635
DE80K,2019,215113
DE80K,2020,215794
DE80K,2021,217072
DE80K,2022,217796
DE80K,2023,218132
DE80K,2024,218780
DE80L,2000,263736
DE80L,2001,261247
DE80L,2002,257706
DE80L,2003,254145
DE80L,2004,250599
DE80L,2005,247067
DE80L,2006,243549
DE80L,2007,240045
DE80L,2008,236557
DE80L,2009,233082
DE80L,2010,229622
DE80L,2011,226176
DE80L,2012,224751
DE80L,2013,223718
DE80L,2014,223109
DE80L,2015,223470
DE80L,2016,224820
DE80L,2017,224971
DE80L,2018,225123
DE80L,2019,224684
DE80L,2020,224702
DE80L,2021,225383
DE80L,2022,225900
DE80L,2023,215983
DE80L,2024,216175
DE80M,2000,166178
DE80M,2001,165973
DE80M,2002,165100
DE80M,2003,164207
DE80M,2004,163316
DE80M,2005,162428
DE80M,2006,161543
DE80M,2007,160659
DE80M,2008,159779
DE80M,2009,158901
DE80M,2010,158025
DE80M,2011,157152
DE80M,2012,156004
DE80M,2013,155801
DE80M,2014,155265
DE80M,2015,155424
DE80M,2016,156270
DE80M,2017,156825
DE80M,2018,156993
DE80M,2019,156729
DE80M,2020,157322
DE80M,2021,157975
DE80M,2022,158449
DE80M,2023,157108
DE80M,2024,157160
DE80N,2000,282959
DE80N,2001,280276
DE80N,2002,276463
DE80N,2003,272630
DE80N,2004,268811
DE80N,2005,265009
DE80N,2006,261222
DE80N,2007,257450
DE80N,2008,253694
DE80N,2009,249953
DE80N,2010,246228
DE80N,2011,242518
DE80N,2012,240971
DE80N,2013,239291
DE80N,2014,238185
DE80N,2015,237697
DE80N,2016,238358
DE80N,2017,237374
DE80N,2018,237066
DE80N,2019,236697
DE80N,2020,235623
DE80N,2021,235773
DE80N,2022,235451
DE80N,2023,226324
DE80N,2024,226181
DE80O,2000,233236
DE80O,2001,232455
DE80O,2002,230737
DE80O,2003,228995
DE80O,2004,227258
DE80O,2005,225527
DE80O,2006,223802
DE80O,2007,222083
DE80O,2008,220370
DE80O,2009,218662
DE80O,2010,216961
DE80O,2011,215265
DE80O,2012,213577
DE80O,2013,212373
DE80O,2014,211965
DE80O,2015,212631
DE80O,2016,214113
DE80O,2017,212562
DE80O,2018,212522
DE80O,2019,212618
DE80O,2020,211779
DE80O,2021,211844
DE80O,2022,211899
DE80O,2023,209244
DE80O,2024,209372
DE911,2000,246322
DE911,2001,245816
DE911,2002,246298
DE911,2003,245889
DE911,2004,245479
DE911,2005,245067
DE911,2006,244654
DE911,2007,244239
DE911,2008,243823
DE911,2009,243405
DE911,2010,242986
DE911,2011,242376
DE911,2012,243829
DE911,2013,245798
DE911,2014,247227
DE911,2015,248502
DE911,2016,251364
DE911,2017,248667
DE911,2018,248023
DE911,2019,248292
DE911,2020,249406
DE911,2021,248561
DE911,2022,248823
DE911,2023,253194
DE911,2024,253527
DE912,2000,112934
DE912,2001,112302
DE912,2002,111341
DE912,2003,109980
DE912,2004,108625
DE912,2005,107275
DE912,2006,105932
DE912,2007,104594
DE912,2008,103262
DE912,2009,101935
DE912,2010,100615
DE912,2011,99223
DE912,2012,98588
DE912,2013,98095
DE912,2014,98197
DE912,2015,98966
DE912,2016,101079
DE912,2017,103668
DE912,2018,104548
DE912,2019,104948
DE912,2020,104291
DE912,2021,103866
DE912,2022,103694
DE912,2023,104564
DE912,2024,105056
DE913,2000,121954
DE913,2001,121805
DE913,2002,122012
DE913,2003,121777
DE913,2004,121542
DE913,2005,121306
DE913,2006,121070
DE913,2007,120833
DE913,2008,120596
DE913,2009,120358
DE913,2010,120119
DE913,2011,119787
DE913,2012,120889
DE913,2013,121758
DE913,2014,122457
DE913,2015,123027
DE913,2016,124045
DE913,2017,123909
DE913,2018,123914
DE913,2019,124151
DE913,2020,124371
DE913,2021,123840
DE913,2022,123949
DE913,2023,127990
DE913,2024,129347
DE914,2000,170033
DE914,2001,171501
DE914,2002,172076
DE914,2003,172028
DE914,2004,171978
DE914,2005,171925
DE914,2006,171870
DE914,2007,171813
DE914,2008,171753
DE914,2009,171691
DE914,2010,171627
DE914,2011,171426
DE914,2012,170865
DE914,2013,171015
DE914,2014,171475
DE914,2015,172541
DE914,2016,174205
DE914,2017,174749
DE914,2018,175079
DE914,2019,175920
DE914,2020,176523
DE914,2021,177227
DE914,2022,177919
DE914,2023,175361
DE914,2024,175876
DE916,2000,157013
DE916,2001,156247
DE916,2002,155163
DE916,2003,153519
DE916,2004,151883
DE916,2005,150253
DE916,2006,148631
DE916,2007,147014
DE916,2008,145405
DE916,2009,143802
DE916,2010,142206
DE916,2011,140507
DE916,2012,139575
DE916,2013,138655
DE916,2014,137833
DE916,2015,137256
DE916,2016,138236
DE916,2017,137979
DE916,2018,137563
DE916,2019,137014
DE916,2020,136292
DE916,2021,134688
DE916,2022,134050
DE916,2023,127856
DE916,2024,127712
DE917,2000,100634
DE917,2001,100033
DE917,2002,99511
DE917,2003,98631
DE917,2004,97754
DE917,2005,96880
DE917,2006,96010
DE917,2007,95143
DE917,2008,94279
DE917,2009,93419
DE917,2010,92562
DE917,2011,91637
DE917,2012,90919
DE917,2013,90391
DE917,2014,90423
DE917,2015,90908
DE917,2016,91500
DE917,2017,92079
DE917,2018,91720
DE917,2019,91307
DE917,2020,91297
DE917,2021,91518
DE917,2022,91379
DE917,2023,90985
DE917,2024,90692
DE918,2000,151845
DE918,2001,151112
DE918,2002,150273
DE918,2003,148892
DE918,2004,147517
DE918,2005,146147
DE918,2006,144783
DE918,2007,143424
DE918,2008,142070
DE918,2009,140721
DE918,2010,139378
DE918,2011,137933
DE918,2012,136516
DE918,2013,135418
DE918,2014,134661
DE918,2015,133905
DE918,2016,134896
DE918,2017,133610
DE918,2018,133046
DE918,2019,132765
DE918,2020,132285
DE918,2021,131772
DE918,2022,131765
DE918,2023,126598
DE918,2024,126310
DE91A,2000,131291
DE91A,2001,132243
DE91A,2002,132517
DE91A,2003,132312
DE91A,2004,132106
DE91A,2005,131898
DE91A,2006,131690
DE91A,2007,131481
DE91A,2008,131272
DE91A,2009,131061
DE91A,2010,130849
DE91A,2011,130535
DE91A,2012,130165
DE91A,2013,130047
DE91A,2014,130147
DE91A,2015,130601
DE91A,2016,132320
DE91A,2017,132979
DE91A,2018,133368
DE91A,2019,133965
DE91A,2020,134801
DE91A,2021,135844
DE91A,2022,136960
DE91A,2023,136719
DE91A,2024,136983
DE91B,2000,125597
DE91B,2001,126697
DE91B,2002,126530
DE91B,2003,125906
DE91B,2004,125283
DE91B,2005,124662
DE91B,2006,124042
DE91B,2007,123424
DE91B,2008,122808
DE91B,2009,122193
DE91B,2010,121579
DE91B,2011,120873
DE91B,2012,120425
DE91B,2013,120117
DE91B,2014,119900
DE91B,2015,120035
DE91B,2016,120981
DE91B,2017,120904
DE91B,2018,120437
DE91B,2019,119960
DE91B,2020,119622
DE91B,2021,119361
DE91B,2022,119224
DE91B,2023,118296
DE91B,2024,118540
DE91C,2000,352011
DE91C,2001,350847
DE91C,2002,343875
DE91C,2003,341679
DE91C,2004,339488
DE91C,2005,337307
DE91C,2006,335128
DE91C,2007,332959
DE91C,2008,330795
DE91C,2009,328640
DE91C,2010,326491
DE91C,2011,325326
DE91C,2012,324197
DE91C,2013,323233
DE91C,2014,322616
DE91C,2015,324013
DE91C,2016,329538
DE91C,2017,327065
DE91C,2018,328036
DE91C,2019,328074
DE91C,2020,326041
DE91C,2021,323900
DE91C,2022,323661
DE91C,2023,328039
DE91C,2024,328657
DE922,2000,210004
DE922,2001,211227
DE922,2002,211103
DE922,2003,210977
DE922,2004,210849
DE922,2005,210719
DE922,2006,210587
DE922,2007,210453
DE922,2008,210318
DE922,2009,210180
DE922,2010,210040
DE922,2011,209898
DE922,2012,209745
DE922,2013,209671
DE922,2014,209955
DE922,2015,211093
DE922,2016,213976
DE922,2017,215082
DE922,2018,216012
DE922,2019,216886
DE922,2020,217089
DE922,2021,218072
DE922,2022,218839
DE922,2023,219641
DE922,2024,220743
DE923,2000,162891
DE923,2001,162663
DE923,2002,161473
DE923,2003,160288
DE923,2004,159106
DE923,2005,157928
DE923,2006,156754
DE923,2007,155583
DE923,2008,154417
DE923,2009,153255
DE923,2010,152096
DE923,2011,150942
DE923,2012,149513
DE923,2013,148532
DE923,2014,147755
DE923,2015,147813
DE923,2016,148281
DE923,2017,148265
DE923,2018,148296
DE923,2019,148559
DE923,2020,148549
DE923,2021,148580
DE923,2022,148963
DE923,2023,150717
DE923,2024,150535
DE925,2000,292466
DE925,2001,292979
DE925,2002,291487
DE925,2003,289998
DE925,2004,288513
DE925,2005,287033
DE925,2006,285555
DE925,2007,284082
DE925,2008,282613
DE925,2009,281147
DE925,2010,279685
DE925,2011,278227
DE925,2012,276383
DE925,2013,275330
DE925,2014,274519
DE925,2015,274554
DE925,2016,277055
DE925,2017,277300
DE925,2018,276640
DE925,2019,276594
DE925,2020,275817
DE925,2021,275464
DE925,2022,274773
DE925,2023,268062
DE925,2024,268318
DE926,2000,81870
DE926,2001,81389
DE926,2002,80632
DE926,2003,79878
DE926,2004,79127
DE926,2005,78379
DE926,2006,77633
DE926,2007,76890
DE926,2008,76150
DE926,2009,75413
DE926,2010,74678
DE926,2011,73946
DE926,2012,73155
DE926,2013,72459
DE926,2014,71877
DE926,2015,71438
DE926,2016,71659
DE926,2017,71510
DE926,2018,71144
DE926,2019,70975
DE926,2020,70458
DE926,2021,70207
DE926,2022,69862
DE926,2023,66288
DE926,2024,66088
DE927,2000,125745
DE927,2001,125938
DE927,2002,125476
DE927,2003,125015
DE927,2004,124555
DE927,2005,124095
DE927,2006,123637
DE927,2007,123179
DE927,2008,122721
DE927,2009,122265
DE927,2010,121809
DE927,2011,121354
DE927,2012,121390
DE927,2013,120225
DE927,2014,119848
DE927,2015,119631
DE927,2016,120632
DE927,2017,121503
DE927,2018,121470
DE927,2019,121386
DE927,2020,121390
DE927,2021,121645
DE927,2022,121773
DE927,2023,121295
DE927,2024,121723
DE928,2000,165534
DE928,2001,166020
DE928,2002,165202
DE928,2003,164386
DE928,2004,163572
DE928,2005,162760
DE928,2006,161950
DE928,2007,161142
DE928,2008,160336
DE928,2009,159532
DE928,2010,158730
DE928,2011,157930
DE928,2012,157026
DE928,2013,156039
DE928,2014,155599
DE928,2015,155847
DE928,2016,156206
DE928,2017,157616
DE928,2018,157883
DE928,2019,157781
DE928,2020,157820
DE928,2021,158406
DE928,2022,158108
DE928,2023,156747
DE928,2024,157051
DE929,2000,1114249
DE929,2001,1118091
DE929,2002,1116473
DE929,2003,1114848
DE929,2004,1113218
DE929,2005,1111582
DE929,2006,1109941
DE929,2007,1108294
DE929,2008,1106641
DE929,2009,1104981
DE929,2010,1103318
DE929,2011,1101648
DE929,2012,1106219
DE929,2013,1112675
DE929,2014,1119526
DE929,2015,1128037
DE929,2016,1144481
DE929,2017,1148700
DE929,2018,1152675
DE929,2019,1157624
DE929,2020,1157115
DE929,2021,1155330
DE929,2022,1157541
DE929,2023,1134284
DE929,2024,1138943
DE931,2000,181441
DE931,2001,181792
DE931,2002,181309
DE931,2003,180826
DE931,2004,180343
DE931,2005,179861
DE931,2006,179378
DE931,2007,178896
DE931,2008,178414
DE931,2009,177932
DE931,2010,177451
DE931,2011,176969
DE931,2012,176054
DE931,2013,175706
DE931,2014,175552
DE931,2015,176157
DE931,2016,177971
DE931,2017,178370
DE931,2018,178764
DE931,2019,178936
DE931,2020,179011
DE931,2021,179386
DE931,2022,179915
DE931,2023,172477
DE931,2024,172871
DE932,2000,203833
DE932,2001,204843
DE932,2002,204278
DE932,2003,203713
DE932,2004,203148
DE932,2005,202584
DE932,2006,202020
DE932,2007,201456
DE932,2008,200893
DE932,2009,200330
DE932,2010,199767
DE932,2011,199204
DE932,2012,198115
DE932,2013,197433
DE932,2014,196607
DE932,2015,196787
DE932,2016,198103
DE932,2017,198670
DE932,2018,198100
DE932,2019,198213
DE932,2020,198038
DE932,2021,198826
DE932,2022,199603
DE932,2023,198898
DE932,2024,199390
DE933,2000,229961
DE933,2001,232799
DE933,2002,233367
DE933,2003,233929
DE933,2004,234487
DE933,2005,235036
DE933,2006,235581
DE933,2007,236122
DE933,2008,236654
DE933,2009,237183
DE933,2010,237703
DE933,2011,238221
DE933,2012,239269
DE933,2013,240548
DE933,2014,242871
DE933,2015,245199
DE933,2016,248122
DE933,2017,250326
DE933,2018,251511
DE933,2019,252776
DE933,2020,254431
DE933,2021,256016
DE933,2022,257548
DE933,2023,262954
DE933,2024,264767
DE934,2000,52079
DE934,2001,52100
DE934,2002,51815
DE934,2003,51531
DE934,2004,51247
DE934,2005,50965
DE934,2006,50683
DE934,2007,50402
DE934,2008,50121
DE934,2009,49842
DE934,2010,49563
DE934,2011,49285
DE934,2012,49082
DE934,2013,48928
DE934,2014,48670
DE934,2015,48728
DE934,2016,50128
DE934,2017,48825
DE934,2018,48357
DE934,2019,48424
DE934,2020,48412
DE934,2021,48503
DE934,2022,48472
DE934,2023,46791
DE934,2024,46815
DE935,2000,164347
DE935,2001,166661
DE935,2002,167406
DE935,2003,168145
DE935,2004,168878
DE935,2005,169606
DE935,2006,170327
DE935,2007,171043
DE935,2008,171754
DE935,2009,172458
DE935,2010,173157
DE935,2011,173850
DE935,2012,174685
DE935,2013,175640
DE935,2014,176727
DE935,2015,178122
DE935,2016,180719
DE935,2017,181605
DE935,2018,182930
DE935,2019,183372
DE935,2020,184139
DE935,2021,184235
DE935,2022,185129
DE935,2023,178099
DE935,2024,179403
DE936,2000,109538
DE936,2001,110582
DE936,2002,110640
DE936,2003,110697
DE936,2004,110752
DE936,2005,110805
DE936,2006,110857
DE936,2007,110907
DE936,2008,110956
DE936,2009,111002
DE936,2010,111048
DE936,2011,111091
DE936,2012,110842
DE936,2013,110816
DE936,2014,110882
DE936,2015,111484
DE936,2016,113579
DE936,2017,112695
DE936,2018,113105
DE936,2019,113517
DE936,2020,113928
DE936,2021,114640
DE936,2022,115054
DE936,2023,113800
DE936,2024,113784
DE937,2000,160036
DE937,2001,161692
DE937,2002,161845
DE937,2003,161996
DE937,2004,162144
DE937,2005,162289
DE937,2006,162431
DE937,2007,162570
DE937,2008,162707
DE937,2009,162841
DE937,2010,162972
DE937,2011,163101
DE937,2012,162182
DE937,2013,161780
DE937,2014,161308
DE937,2015,161842
DE937,2016,163253
DE937,2017,163372
DE937,2018,163377
DE937,2019,163455
DE937,2020,163782
DE937,2021,164486
DE937,2022,165001
DE937,2023,164657
DE937,2024,165561
DE938,2000,139173
DE938,2001,140203
DE938,2002,139875
DE938,2003,139547
DE938,2004,139219
DE938,2005,138891
DE938,2006,138563
DE938,2007,138235
DE938,2008,137907
DE938,2009,137578
DE938,2010,137250
DE938,2011,136921
DE938,2012,136072
DE938,2013,135772
DE938,2014,136251
DE938,2015,136200
DE938,2016,140264
DE938,2017,139641
DE938,2018,139099
DE938,2019,139755
DE938,2020,140673
DE938,2021,140885
DE938,2022,142912
DE938,2023,143728
DE938,2024,141627
DE939,2000,190729
DE939,2001,191690
DE939,2002,192065
DE939,2003,192437
DE939,2004,192803
DE939,2005,193166
DE939,2006,193525
DE939,2007,193879
DE939,2008,194229
DE939,2009,194575
DE939,2010,194917
DE939,2011,195254
DE939,2012,195606
DE939,2013,195779
DE939,2014,196516
DE939,2015,197448
DE939,2016,200054
DE939,2017,201638
DE939,2018,201887
DE939,2019,203102
DE939,2020,204512
DE939,2021,205357
DE939,2022,206496
DE939,2023,206375
DE939,2024,207659
DE93A,2000,97231
DE93A,2001,97285
DE93A,2002,96932
DE93A,2003,96579
DE93A,2004,96227
DE93A,2005,95875
DE93A,2006,95525
DE93A,2007,95174
DE93A,2008,94824
DE93A,2009,94475
DE93A,2010,94126
DE93A,2011,93778
DE93A,2012,93284
DE93A,2013,92801
DE93A,2014,92356
DE93A,2015,92533
DE93A,2016,93131
DE93A,2017,92961
DE93A,2018,92744
DE93A,2019,92572
DE93A,2020,92389
DE93A,2021,92566
DE93A,2022,92894
DE93A,2023,91059
DE93A,2024,91832
DE93B,2000,132285
DE93B,2001,132820
DE93B,2002,132777
DE93B,2003,132732
DE93B,2004,132686
DE93B,2005,132639
DE93B,2006,132590
DE93B,2007,132540
DE93B,2008,132488
DE93B,2009,132435
DE93B,2010,132381
DE93B,2011,132325
DE93B,2012,131936
DE93B,2013,132129
DE93B,2014,132459
DE93B,2015,133215
DE93B,2016,134645
DE93B,2017,135842
DE93B,2018,136590
DE93B,2019,136792
DE93B,2020,137133
DE93B,2021,137574
DE93B,2022,138507
DE93B,2023,137793
DE93B,2024,138273
DE941,2000,76903
DE941,2001,76644
DE941,2002,76302
DE941,2003,75961
DE941,2004,75620
DE941,2005,75280
DE941,2006,74941
DE941,2007,74603
DE941,2008,74265
DE941,2009,73928
DE941,2010,73592
DE941,2011,73257
DE941,2012,73364
DE941,2013,73588
DE941,2014,74052
DE941,2015,74804
DE941,2016,76323
DE941,2017,77045
DE941,2018,77521
DE941,2019,77607
DE941,2020,77559
DE941,2021,77503
DE941,2022,77522
DE941,2023,81148
DE941,2024,81746
DE942,2000,51173
DE942,2001,50963
DE942,2002,50859
DE942,2003,50755
DE942,2004,50651
DE942,2005,50547
DE942,2006,50443
DE942,2007,50339
DE942,2008,50234
DE942,2009,50129
DE942,2010,50025
DE942,2011,49920
DE942,2012,49848
DE942,2013,49751
DE942,2014,49790
DE942,2015,50016
DE942,2016,50694
DE942,2017,50486
DE942,2018,50607
DE942,2019,50195
DE942,2020,49913
DE942,2021,49874
DE942,2022,49523
DE942,2023,49563
DE942,2024,49701
DE943,2000,154125
DE943,2001,154832
DE943,2002,155110
DE943,2003,155385
DE943,2004,155657
DE943,2005,155925
DE943,2006,156191
DE943,2007,156452
DE943,2008,156711
DE943,2009,156966
DE943,2010,157218
DE943,2011,157467
DE943,2012,157706
DE943,2013,158658
DE943,2014,159610
DE943,2015,160907
DE943,2016,163830
DE943,2017,165711
DE943,2018,167081
DE943,2019,168210
DE943,2020,169077
DE943,2021,169605
DE943,2022,170389
DE943,2023,174445
DE943,2024,176242
DE944,2000,164539
DE944,2001,164101
DE944,2002,163048
DE944,2003,161999
DE944,2004,160952
DE944,2005,159909
DE944,2006,158869
DE944,2007,157833
DE944,2008,156799
DE944,2009,155769
DE944,2010,154742
DE944,2011,153718
DE944,2012,154513
DE944,2013,155625
DE944,2014,156315
DE944,2015,156897
DE944,2016,162403
DE944,2017,164070
DE944,2018,164374
DE944,2019,164748
DE944,2020,165251
DE944,2021,164223
DE944,2022,165034
DE944,2023,165741
DE944,2024,165686
DE945,2000,86453
DE945,2001,85287
DE945,2002,84497
DE945,2003,83710
DE945,2004,82926
DE945,2005,82144
DE945,2006,81366
DE945,2007,80590
DE945,2008,79817
DE945,2009,79047
DE945,2010,78280
DE945,2011,77516
DE945,2012,76926
DE945,2013,76545
DE945,2014,75728
DE945,2015,75534
DE945,2016,75995
DE945,2017,76201
DE945,2018,76316
DE945,2019,76278
DE945,2020,76089
DE945,2021,75189
DE945,2022,75027
DE945,2023,75860
DE945,2024,76010
DE946,2000,109458
DE946,2001,110650
DE946,2002,111316
DE946,2003,111977
DE946,2004,112633
DE946,2005,113285
DE946,2006,113932
DE946,2007,114575
DE946,2008,115213
DE946,2009,115846
DE946,2010,116474
DE946,2011,117098
DE946,2012,117951
DE946,2013,118489
DE946,2014,118865
DE946,2015,119917
DE946,2016,121435
DE946,2017,122698
DE946,2018,123377
DE946,2019,124071
DE946,2020,124859
DE946,2021,125643
DE946,2022,126475
DE946,2023,126390
DE946,2024,127292
DE947,2000,186024
DE947,2001,187403
DE947,2002,187405
DE947,2003,187404
DE947,2004,187402
DE947,2005,187396
DE947,2006,187389
DE947,2007,187379
DE947,2008,187367
DE947,2009,187353
DE947,2010,187336
DE947,2011,187317
DE947,2012,186713
DE947,2013,186673
DE947,2014,187058
DE947,2015,187998
DE947,2016,189199
DE947,2017,190066
DE947,2018,189949
DE947,2019,189848
DE947,2020,189694
DE947,2021,190178
DE947,2022,190425
DE947,2023,188402
DE947,2024,188960
DE948,2000,147894
DE948,2001,149647
DE948,2002,150547
DE948,2003,151440
DE948,2004,152327
DE948,2005,153208
DE948,2006,154083
DE948,2007,154951
DE948,2008,155813
DE948,2009,156669
DE948,2010,157518
DE948,2011,158361
DE948,2012,159290
DE948,2013,160033
DE948,2014,160176
DE948,2015,162350
DE948,2016,164734
DE948,2017,165930
DE948,2018,167925
DE948,2019,169348
DE948,2020,170682
DE948,2021,172632
DE948,2022,173980
DE948,2023,175549
DE948,2024,176540
DE949,2000,301079
DE949,2001,303034
DE949,2002,303873
DE949,2003,304705
DE949,2004,305529
DE949,2005,306344
DE949,2006,307152
DE949,2007,307952
DE949,2008,308744
DE949,2009,309528
DE949,2010,310305
DE949,2011,311073
DE949,2012,311634
DE949,2013,312855
DE949,2014,313689
DE949,2015,315757
DE949,2016,319488
DE949,2017,321391
DE949,2018,323636
DE949,2019,325657
DE949,2020,326954
DE949,2021,328930
DE949,2022,331397
DE949,2023,331711
DE949,2024,334203
DE94A,2000,100335
DE94A,2001,100889
DE94A,2002,100621
DE94A,2003,100354
DE94A,2004,100086
DE94A,2005,99818
DE94A,2006,99551
DE94A,2007,99284
DE94A,2008,99016
DE94A,2009,98749
DE94A,2010,98482
DE94A,2011,98215
DE94A,2012,97857
DE94A,2013,97327
DE94A,2014,97093
DE94A,2015,96937
DE94A,2016,97900
DE94A,2017,98409
DE94A,2018,98509
DE94A,2019,98460
DE94A,2020,98704
DE94A,2021,98971
DE94A,2022,98971
DE94A,2023,100089
DE94A,2024,100461
DE94B,2000,128995
DE94B,2001,129759
DE94B,2002,130159
DE94B,2003,130555
DE94B,2004,130948
DE94B,2005,131337
DE94B,2006,131722
DE94B,2007,132104
DE94B,2008,132482
DE94B,2009,132857
DE94B,2010,133228
DE94B,2011,133596
DE94B,2012,133400
DE94B,2013,133652
DE94B,2014,133678
DE94B,2015,134329
DE94B,2016,135662
DE94B,2017,135770
DE94B,2018,135859
DE94B,2019,136511
DE94B,2020,137162
DE94B,2021,137891
DE94B,2022,138722
DE94B,2023,143472
DE94B,2024,144212
DE94C,2000,160313
DE94C,2001,161425
DE94C,2002,161667
DE94C,2003,161906
DE94C,2004,162142
DE94C,2005,162375
DE94C,2006,162604
DE94C,2007,162831
DE94C,2008,163054
DE94C,2009,163274
DE94C,2010,163490
DE94C,2011,163704
DE94C,2012,163991
DE94C,2013,164202
DE94C,2014,164792
DE94C,2015,165809
DE94C,2016,167548
DE94C,2017,168253
DE94C,2018,168946
DE94C,2019,169809
DE94C,2020,170756
DE94C,2021,171483
DE94C,2022,172421
DE94C,2023,169390
DE94C,2024,169111
DE94D,2000,119302
DE94D,2001,121017
DE94D,2002,121409
DE94D,2003,121797
DE94D,2004,122182
DE94D,2005,122563
DE94D,2006,122941
DE94D,2007,123316
DE94D,2008,123687
DE94D,2009,124055
DE94D,2010,124419
DE94D,2011,124780
DE94D,2012,125265
DE94D,2013,125413
DE94D,2014,125778
DE94D,2015,126798
DE94D,2016,128608
DE94D,2017,129484
DE94D,2018,129924
DE94D,2019,130144
DE94D,2020,130890
DE94D,2021,131467
DE94D,2022,132091
DE94D,2023,131228
DE94D,2024,131965
DE94E,2000,353038
DE94E,2001,353313
DE94E,2002,353052
DE94E,2003,352785
DE94E,2004,352517
DE94E,2005,352249
DE94E,2006,351973
DE94E,2007,351693
DE94E,2008,351415
DE94E,2009,351131
DE94E,2010,350845
DE94E,2011,350554
DE94E,2012,350418
DE94E,2013,350444
DE94E,2014,350302
DE94E,2015,351316
DE94E,2016,358079
DE94E,2017,354807
DE94E,2018,356140
DE94E,2019,357343
DE94E,2020,358080
DE94E,2021,359471
DE94E,2022,361550
DE94E,2023,356060
DE94E,2024,356194
DE94F,2000,124655
DE94F,2001,126434
DE94F,2002,126970
DE94F,2003,127503
DE94F,2004,128031
DE94F,2005,128554
DE94F,2006,129074
DE94F,2007,129589
DE94F,2008,130100
DE94F,2009,130607
DE94F,2010,131110
DE94F,2011,131608
DE94F,2012,132752
DE94F,2013,133462
DE94F,2014,134188
DE94F,2015,136184
DE94F,2016,137866
DE94F,2017,139671
DE94F,2018,140540
DE94F,2019,141598
DE94F,2020,142814
DE94F,2021,143698
DE94F,2022,144805
DE94F,2023,145552
DE94F,2024,146400
DE94G,2000,94130
DE94G,2001,94084
DE94G,2002,93694
DE94G,2003,93306
DE94G,2004,92918
DE94G,2005,92531
DE94G,2006,92144
DE94G,2007,91759
DE94G,2008,91374
DE94G,2009,90990
DE94G,2010,90606
DE94G,2011,90224
DE94G,2012,89527
DE94G,2013,89126
DE94G,2014,88831
DE94G,2015,88765
DE94G,2016,89239
DE94G,2017,89282
DE94G,2018,89022
DE94G,2019,88624
DE94G,2020,88583
DE94G,2021,88524
DE94G,2022,88430
DE94G,2023,89127
DE94G,2024,89316
DE94H,2000,57298
DE94H,2001,57334
DE94H,2002,57288
DE94H,2003,57242
DE94H,2004,57195
DE94H,2005,57147
DE94H,2006,57099
DE94H,2007,57051
DE94H,2008,57002
DE94H,2009,56953
DE94H,2010,56903
DE94H,2011,56853
DE94H,2012,56572
DE94H,2013,56362
DE94H,2014,56400
DE94H,2015,56539
DE94H,2016,57173
DE94H,2017,56881
DE94H,2018,56731
DE94H,2019,56882
DE94H,2020,56926
DE94H,2021,57384
DE94H,2022,57455
DE94H,2023,55953
DE94H,2024,56013
DEA11,2000,568855
DEA11,2001,569364
DEA11,2002,571095
DEA11,2003,572811
DEA11,2004,574511
DEA11,2005,576196
DEA11,2006,577865
DEA11,2007,579518
DEA11,2008,581157
DEA11,2009,582778
DEA11,2010,584384
DEA11,2011,585975
DEA11,2012,589649
DEA11,2013,593682
DEA11,2014,598686
DEA11,2015,604527
DEA11,2016,612178
DEA11,2017,613230
DEA11,2018,617280
DEA11,2019,619294
DEA11,2020,621877
DEA11,2021,620523
DEA11,2022,619477
DEA11,2023,614399
DEA11,2024,616319
DEA12,2000,519793
DEA12,2001,514915
DEA12,2002,512317
DEA12,2003,509726
DEA12,2004,507141
DEA12,2005,504563
DEA12,2006,501991
DEA12,2007,499426
DEA12,2008,496867
DEA12,2009,494315
DEA12,2010,491770
DEA12,2011,489231
DEA12,2012,487470
DEA12,2013,486816
DEA12,2014,486855
DEA12,2015,485465
DEA12,2016,491231
DEA12,2017,499845
DEA12,2018,498110
DEA12,2019,498590
DEA12,2020,498686
DEA12,2021,495885
DEA12,2022,495152
DEA12,2023,501671
DEA12,2024,503185
DEA13,2000,599515
DEA13,2001,595243
DEA13,2002,592416
DEA13,2003,589592
DEA13,2004,586780
DEA13,2005,583970
DEA13,2006,581171
DEA13,2007,578374
DEA13,2008,575586
DEA13,2009,572805
DEA13,2010,570031
DEA13,2011,567263
DEA13,2012,565900
DEA13,2013,566862
DEA13,2014,569884
DEA13,2015,573784
DEA13,2016,582624
DEA13,2017,583084
DEA13,2018,583393
DEA13,2019,583109
DEA13,2020,582760
DEA13,2021,582415
DEA13,2022,579432
DEA13,2023,572237
DEA13,2024,574082
DEA14,2000,241769
DEA14,2001,239916
DEA14,2002,238157
DEA14,2003,236404
DEA14,2004,234656
DEA14,2005,232914
DEA14,2006,231178
DEA14,2007,229448
DEA14,2008,227724
DEA14,2009,226005
DEA14,2010,224292
DEA14,2011,222585
DEA14,2012,221864
DEA14,2013,222026
DEA14,2014,222058
DEA14,2015,222500
DEA14,2016,225144
DEA14,2017,226812
DEA14,2018,226699
DEA14,2019,227020
DEA14,2020,227417
DEA14,2021,226844
DEA14,2022,227050
DEA14,2023,230375
DEA14,2024,230393
DEA15,2000,263697
DEA15,2001,263014
DEA15,2002,262278
DEA15,2003,261543
DEA15,2004,260808
DEA15,2005,260074
DEA15,2006,259340
DEA15,2007,258607
DEA15,2008,257874
DEA15,2009,257141
DEA15,2010,256409
DEA15,2011,255677
DEA15,2012,254834
DEA15,2013,255087
DEA15,2014,255430
DEA15,2015,256853
DEA15,2016,259996
DEA15,2017,260925
DEA15,2018,262188
DEA15,2019,261454
DEA15,2020,261034
DEA15,2021,259665
DEA15,2022,261001
DEA15,2023,267333
DEA15,2024,267667
DEA16,2000,173895
DEA16,2001,172862
DEA16,2002,172276
DEA16,2003,171690
DEA16,2004,171105
DEA16,2005,170521
DEA16,2006,169938
DEA16,2007,169356
DEA16,2008,168774
DEA16,2009,168193
DEA16,2010,167613
DEA16,2011,167034
DEA16,2012,166804
DEA16,2013,166654
DEA16,2014,166640
DEA16,2015,167108
DEA16,2016,169278
DEA16,2017,170936
DEA16,2018,171265
DEA16,2019,170880
DEA16,2020,170632
DEA16,2021,170921
DEA16,2022,170739
DEA16,2023,172054
DEA16,2024,172887
DEA17,2000,222349
DEA17,2001,222151
DEA17,2002,220971
DEA17,2003,219794
DEA17,2004,218620
DEA17,2005,217449
DEA17,2006,216281
DEA17,2007,215117
DEA17,2008,213955
DEA17,2009,212797
DEA17,2010,211642
DEA17,2011,210490
DEA17,2012,210256
DEA17,2013,210005
DEA17,2014,209097
DEA17,2015,209292
DEA17,2016,210934
DEA17,2017,211382
DEA17,2018,211422
DEA17,2019,210829
DEA17,2020,210764
DEA17,2021,209566
DEA17,2022,208752
DEA17,2023,213252
DEA17,2024,213510
DEA18,2000,120125
DEA18,2001,119287
DEA18,2002,118450
DEA18,2003,117616
DEA18,2004,116784
DEA18,2005,115955
DEA18,2006,115129
DEA18,2007,114305
DEA18,2008,113484
DEA18,2009,112666
DEA18,2010,111851
DEA18,2011,111038
DEA18,2012,110132
DEA18,2013,109352
DEA18,2014,108955
DEA18,2015,109009
DEA18,2016,109499
DEA18,2017,110611
DEA18,2018,110584
DEA18,2019,110994
DEA18,2020,111338
DEA18,2021,111516
DEA18,2022,111770
DEA18,2023,113731
DEA18,2024,114061
DEA19,2000,165583
DEA19,2001,164973
DEA19,2002,163996
DEA19,2003,163022
DEA19,2004,162050
DEA19,2005,161082
DEA19,2006,160116
DEA19,2007,159153
DEA19,2008,158193
DEA19,2009,157236
DEA19,2010,156282
DEA19,2011,155330
DEA19,2012,155080
DEA19,2013,155316
DEA19,2014,155768
DEA19,2015,156771
DEA19,2016,158726
DEA19,2017,158908
DEA19,2018,158803
DEA19,2019,159360
DEA19,2020,159245
DEA19,2021,159193
DEA19,2022,158957
DEA19,2023,165229
DEA19,2024,166078
DEA1A,2000,368993
DEA1A,2001,366434
DEA1A,2002,364034
DEA1A,2003,361642
DEA1A,2004,359257
DEA1A,2005,356880
DEA1A,2006,354510
DEA1A,2007,352147
DEA1A,2008,349792
DEA1A,2009,347444
DEA1A,2010,345104
DEA1A,2011,342771
DEA1A,2012,342570
DEA1A,2013,342885
DEA1A,2014,343488
DEA1A,2015,345425
DEA1A,2016,350046
DEA1A,2017,352390
DEA1A,2018,353590
DEA1A,2019,354382
DEA1A,2020,355100
DEA1A,2021,355004
DEA1A,2022,354572
DEA1A,2023,358568
DEA1A,2024,358592
DEA1B,2000,297608
DEA1B,2001,299362
DEA1B,2002,299534
DEA1B,2003,299702
DEA1B,2004,299865
DEA1B,2005,300024
DEA1B,2006,300178
DEA1B,2007,300328
DEA1B,2008,300473
DEA1B,2009,300614
DEA1B,2010,300750
DEA1B,2011,300881
DEA1B,2012,301171
DEA1B,2013,301977
DEA1B,2014,302698
DEA1B,2015,304963
DEA1B,2016,310337
DEA1B,2017,310329
DEA1B,2018,311270
DEA1B,2019,310974
DEA1B,2020,312465
DEA1B,2021,313586
DEA1B,2022,314676
DEA1B,2023,317411
DEA1B,2024,319928
DEA1C,2000,506649
DEA1C,2001,507699
DEA1C,2002,504727
DEA1C,2003,501764
DEA1C,2004,498810
DEA1C,2005,495864
DEA1C,2006,492926
DEA1C,2007,489997
DEA1C,2008,487076
DEA1C,2009,484165
DEA1C,2010,481261
DEA1C,2011,478366
DEA1C,2012,477919
DEA1C,2013,477397
DEA1C,2014,476633
DEA1C,2015,477760
DEA1C,2016,483279
DEA1C,2017,484770
DEA1C,2018,485409
DEA1C,2019,485684
DEA1C,2020,485570
DEA1C,2021,484322
DEA1C,2022,484411
DEA1C,2023,489246
DEA1C,2024,489760
DEA1D,2000,443071
DEA1D,2001,443865
DEA1D,2002,443196
DEA1D,2003,442525
DEA1D,2004,441851
DEA1D,2005,441176
DEA1D,2006,440498
DEA1D,2007,439818
DEA1D,2008,439136
DEA1D,2009,438453
DEA1D,2010,437766
DEA1D,2011,437078
DEA1D,2012,437732
DEA1D,2013,439225
DEA1D,2014,440602
DEA1D,2015,442522
DEA1D,2016,450026
DEA1D,2017,447431
DEA1D,2018,449408
DEA1D,2019,451007
DEA1D,2020,451730
DEA1D,2021,452001
DEA1D,2022,452496
DEA1D,2023,455818
DEA1D,2024,457398
DEA1E,2000,299199
DEA1E,2001,300842
DEA1E,2002,300415
DEA1E,2003,299986
DEA1E,2004,299555
DEA1E,2005,299123
DEA1E,2006,298689
DEA1E,2007,298254
DEA1E,2008,297817
DEA1E,2009,297379
DEA1E,2010,296939
DEA1E,2011,296497
DEA1E,2012,295982
DEA1E,2013,295448
DEA1E,2014,294921
DEA1E,2015,295067
DEA1E,2016,297661
DEA1E,2017,298422
DEA1E,2018,298733
DEA1E,2019,298935
DEA1E,2020,298863
DEA1E,2021,298536
DEA1E,2022,298761
DEA1E,2023,295362
DEA1E,2024,297504
DEA1F,2000,473367
DEA1F,2001,474390
DEA1F,2002,473049
DEA1F,2003,471708
DEA1F,2004,470369
DEA1F,2005,469030
DEA1F,2006,467692
DEA1F,2007,466355
DEA1F,2008,465019
DEA1F,2009,463683
DEA1F,2010,462349
DEA1F,2011,461015
DEA1F,2012,459740
DEA1F,2013,458329
DEA1F,2014,457033
DEA1F,2015,457244
DEA1F,2016,462664
DEA1F,2017,461715
DEA1F,2018,460666
DEA1F,2019,459809
DEA1F,2020,459976
DEA1F,2021,460113
DEA1F,2022,460433
DEA1F,2023,455854
DEA1F,2024,457545
DEA22,2000,301048
DEA22,2001,302247
DEA22,2002,302337
DEA22,2003,302594
DEA22,2004,302847
DEA22,2005,303095
DEA22,2006,303337
DEA22,2007,303575
DEA22,2008,303808
DEA22,2009,304036
DEA22,2010,304258
DEA22,2011,304476
DEA22,2012,307530
DEA22,2013,309869
DEA22,2014,311287
DEA22,2015,313958
DEA22,2016,318809
DEA22,2017,322125
DEA22,2018,325490
DEA22,2019,327258
DEA22,2020,329673
DEA22,2021,330579
DEA22,2022,331885
DEA22,2023,322221
DEA22,2024,321680
DEA23,2000,962507
DEA23,2001,962884
DEA23,2002,966523
DEA23,2003,970681
DEA23,2004,974806
DEA23,2005,978899
DEA23,2006,982962
DEA23,2007,986990
DEA23,2008,990986
DEA23,2009,994951
DEA23,2010,998884
DEA23,2011,1002785
DEA23,2012,1013665
DEA23,2013,1024373
DEA23,2014,1034175
DEA23,2015,1046680
DEA23,2016,1060582
DEA23,2017,1075935
DEA23,2018,1080394
DEA23,2019,1085664
DEA23,2020,1087863
DEA23,2021,1083498
DEA23,2022,1073096
DEA23,2023,1021253
DEA23,2024,1024408
DEA24,2000,160841
DEA24,2001,161047
DEA24,2002,160759
DEA24,2003,160562
DEA24,2004,160363
DEA24,2005,160164
DEA24,2006,159964
DEA24,2007,159763
DEA24,2008,159560
DEA24,2009,159357
DEA24,2010,159152
DEA24,2011,158947
DEA24,2012,159373
DEA24,2013,159926
DEA24,2014,160819
DEA24,2015,161540
DEA24,2016,163487
DEA24,2017,163113
DEA24,2018,163577
DEA24,2019,163838
DEA24,2020,163729
DEA24,2021,163905
DEA24,2022,163851
DEA24,2023,167174
DEA24,2024,167850
DEA26,2000,266457
DEA26,2001,268564
DEA26,2002,267472
DEA26,2003,266536
DEA26,2004,265601
DEA26,2005,264666
DEA26,2006,263734
DEA26,2007,262802
DEA26,2008,261872
DEA26,2009,260942
DEA26,2010,260015
DEA26,2011,259088
DEA26,2012,258524
DEA26,2013,258651
DEA26,2014,258385
DEA26,2015,259073
DEA26,2016,262828
DEA26,2017,262072
DEA26,2018,262889
DEA26,2019,263722
DEA26,2020,264638
DEA26,2021,265140
DEA26,2022,266771
DEA26,2023,276675
DEA26,2024,278462
DEA27,2000,452503
DEA27,2001,455487
DEA27,2002,454819
DEA27,2003,454408
DEA27,2004,453993
DEA27,2005,453575
DEA27,2006,453153
DEA27,2007,452727
DEA27,2008,452298
DEA27,2009,451865
DEA27,2010,451428
DEA27,2011,450988
DEA27,2012,452792
DEA27,2013,454792
DEA27,2014,456602
DEA27,2015,459448
DEA27,2016,466657
DEA27,2017,465549
DEA27,2018,467209
DEA27,2019,470089
DEA27,2020,470615
DEA27,2021,469611
DEA27,2022,471891
DEA27,2023,473669
DEA27,2024,476412
DEA28,2000,187885
DEA28,2001,189316
DEA28,2002,189111
DEA28,2003,189013
DEA28,2004,188914
DEA28,2005,188812
DEA28,2006,188708
DEA28,2007,188603
DEA28,2008,188495
DEA28,2009,188386
DEA28,2010,188275
DEA28,2011,188162
DEA28,2012,187801
DEA28,2013,187724
DEA28,2014,187437
DEA28,2015,188158
DEA28,2016,191165
DEA28,2017,191202
DEA28,2018,192127
DEA28,2019,192840
DEA28,2020,193656
DEA28,2021,194359
DEA28,2022,194701
DEA28,2023,199228
DEA28,2024,201841
DEA29,2000,248283
DEA29,2001,250400
DEA29,2002,250064
DEA29,2003,249868
DEA29,2004,249671
DEA29,2005,249471
DEA29,2006,249270
DEA29,2007,249066
DEA29,2008,248860
DEA29,2009,248652
DEA29,2010,248441
DEA29,2011,248229
DEA29,2012,248161
DEA29,2013,247827
DEA29,2014,248233
DEA29,2015,249310
DEA29,2016,252527
DEA29,2017,252651
DEA29,2018,253106
DEA29,2019,254322
DEA29,2020,255555
DEA29,2021,256458
DEA29,2022,258306
DEA29,2023,261239
DEA29,2024,262149
DEA2A,2000,286398
DEA2A,2001,288170
DEA2A,2002,286540
DEA2A,2003,285079
DEA2A,2004,283621
DEA2A,2005,282167
DEA2A,2006,280716
DEA2A,2007,279269
DEA2A,2008,277826
DEA2A,2009,276386
DEA2A,2010,274950
DEA2A,2011,273517
DEA2A,2012,272287
DEA2A,2013,271332
DEA2A,2014,270290
DEA2A,2015,270618
DEA2A,2016,273452
DEA2A,2017,273139
DEA2A,2018,272968
DEA2A,2019,272471
DEA2A,2020,272057
DEA2A,2021,271699
DEA2A,2022,271621
DEA2A,2023,273634
DEA2A,2024,273963
DEA2B,2000,275712
DEA2B,2001,275474
DEA2B,2002,275659
DEA2B,2003,275997
DEA2B,2004,276330
DEA2B,2005,276658
DEA2B,2006,276980
DEA2B,2007,277298
DEA2B,2008,277611
DEA2B,2009,277918
DEA2B,2010,278221
DEA2B,2011,278518
DEA2B,2012,277816
DEA2B,2013,277997
DEA2B,2014,278440
DEA2B,2015,279497
DEA2B,2016,282729
DEA2B,2017,283304
DEA2B,2018,283344
DEA2B,2019,283455
DEA2B,2020,283271
DEA2B,2021,283275
DEA2B,2022,283429
DEA2B,2023,283037
DEA2B,2024,283607
DEA2C,2000,572637
DEA2C,2001,576993
DEA2C,2002,576818
DEA2C,2003,576965
DEA2C,2004,577104
DEA2C,2005,577236
DEA2C,2006,577359
DEA2C,2007,577475
DEA2C,2008,577583
DEA2C,2009,577683
DEA2C,2010,577775
DEA2C,2011,577859
DEA2C,2012,579594
DEA2C,2013,580588
DEA2C,2014,582280
DEA2C,2015,585781
DEA2C,2016,596213
DEA2C,2017,597854
DEA2C,2018,599056
DEA2C,2019,599780
DEA2C,2020,600764
DEA2C,2021,600375
DEA2C,2022,600732
DEA2C,2023,602933
DEA2C,2024,605283
DEA2D,2000,549404
DEA2D,2001,550966
DEA2D,2002,551828
DEA2D,2003,550554
DEA2D,2004,549280
DEA2D,2005,548005
DEA2D,2006,546729
DEA2D,2007,545453
DEA2D,2008,544176
DEA2D,2009,542899
DEA2D,2010,541621
DEA2D,2011,540342
DEA2D,2012,541521
DEA2D,2013,542833
DEA2D,2014,545067
DEA2D,2015,547661
DEA2D,2016,553922
DEA2D,2017,552472
DEA2D,2018,554068
DEA2D,2019,555465
DEA2D,2020,557026
DEA2D,2021,556631
DEA2D,2022,556673
DEA2D,2023,580359
DEA2D,2024,582463
DEA31,2000,121097
DEA31,2001,120611
DEA31,2002,120297
DEA31,2003,119983
DEA31,2004,119669
DEA31,2005,119355
DEA31,2006,119042
DEA31,2007,118728
DEA31,2008,118414
DEA31,2009,118101
DEA31,2010,117787
DEA31,2011,117474
DEA31,2012,117074
DEA31,2013,116498
DEA31,2014,116055
DEA31,2015,116017
DEA31,2016,117143
DEA31,2017,117409
DEA31,2018,117364
DEA31,2019,117383
DEA31,2020,117565
DEA31,2021,117388
DEA31,2022,117311
DEA31,2023,118327
DEA31,2024,118912
DEA32,2000,281979
DEA32,2001,278695
DEA32,2002,276735
DEA32,2003,274782
DEA32,2004,272835
DEA32,2005,270895
DEA32,2006,268960
DEA32,2007,267032
DEA32,2008,265110
DEA32,2009,263195
DEA32,2010,261286
DEA32,2011,259383
DEA32,2012,257994
DEA32,2013,257607
DEA32,2014,257850
DEA32,2015,257651
DEA32,2016,260368
DEA32,2017,262528
DEA32,2018,260305
DEA32,2019,260654
DEA32,2020,259645
DEA32,2021,259105
DEA32,2022,260126
DEA32,2023,264644
DEA32,2024,267284
DEA33,2000,264670
DEA33,2001,265609
DEA33,2002,267275
DEA33,2003,268930
DEA33,2004,270572
DEA33,2005,272204
DEA33,2006,273824
DEA33,2007,275432
DEA33,2008,277029
DEA33,2009,278614
DEA33,2010,280188
DEA33,2011,281750
DEA33,2012,293393
DEA33,2013,296599
DEA33,2014,299708
DEA33,2015,302178
DEA33,2016,310039
DEA33,2017,311846
DEA33,2018,313559
DEA33,2019,314319
DEA33,2020,315293
DEA33,2021,316403
DEA33,2022,317713
DEA33,2023,305222
DEA33,2024,307071
DEA34,2000,356706
DEA34,2001,359573
DEA34,2002,360098
DEA34,2003,360615
DEA34,2004,361126
DEA34,2005,361629
DEA34,2006,362125
DEA34,2007,362615
DEA34,2008,363097
DEA34,2009,363572
DEA34,2010,364041
DEA34,2011,364502
DEA34,2012,364093
DEA34,2013,363819
DEA34,2014,364271
DEA34,2015,365191
DEA34,2016,369666
DEA34,2017,369226
DEA34,2018,369718
DEA34,2019,370676
DEA34,2020,371339
DEA34,2021,371898
DEA34,2022,373582
DEA34,2023,377154
DEA34,2024,379787
DEA35,2000,212780
DEA35,2001,214893
DEA35,2002,214981
DEA35,2003,215066
DEA35,2004,215148
DEA35,2005,215226
DEA35,2006,215302
DEA35,2007,215375
DEA35,2008,215444
DEA35,2009,215510
DEA35,2010,215574
DEA35,2011,215634
DEA35,2012,215031
DEA35,2013,215087
DEA35,2014,215282
DEA35,2015,215996
DEA35,2016,218401
DEA35,2017,219019
DEA35,2018,219360
DEA35,2019,219929
DEA35,2020,220586
DEA35,2021,220712
DEA35,2022,221352
DEA35,2023,224745
DEA35,2024,226217
DEA36,2000,660459
DEA36,2001,657592
DEA36,2002,653872
DEA36,2003,650163
DEA36,2004,646464
DEA36,2005,642775
DEA36,2006,639097
DEA36,2007,635429
DEA36,2008,631773
DEA36,2009,628125
DEA36,2010,624487
DEA36,2011,620862
DEA36,2012,617831
DEA36,2013,615778
DEA36,2014,613878
DEA36,2015,613092
DEA36,2016,617807
DEA36,2017,617195
DEA36,2018,616824
DEA36,2019,615261
DEA36,2020,614137
DEA36,2021,613599
DEA36,2022,612801
DEA36,2023,621933
DEA36,2024,622855
DEA37,2000,432552
DEA37,2001,434885
DEA37,2002,434899
DEA37,2003,434908
DEA37,2004,434912
DEA37,2005,434910
DEA37,2006,434902
DEA37,2007,434889
DEA37,2008,434871
DEA37,2009,434848
DEA37,2010,434819
DEA37,2011,434784
DEA37,2012,433820
DEA37,2013,434170
DEA37,2014,434481
DEA37,2015,437127
DEA37,2016,443374
DEA37,2017,444409
DEA37,2018,446565
DEA37,2019,447614
DEA37,2020,448220
DEA37,2021,448197
DEA37,2022,450176
DEA37,2023,447192
DEA37,2024,450042
DEA38,2000,278536
DEA38,2001,280443
DEA38,2002,279797
DEA38,2003,279150
DEA38,2004,278503
DEA38,2005,277856
DEA38,2006,277209
DEA38,2007,276562
DEA38,2008,275914
DEA38,2009,275266
DEA38,2010,274618
DEA38,2011,273969
DEA38,2012,272985
DEA38,2013,272832
DEA38,2014,272623
DEA38,2015,273412
DEA38,2016,277431
DEA38,2017,277744
DEA38,2018,277458
DEA38,2019,277783
DEA38,2020,277840
DEA38,2021,277417
DEA38,2022,278176
DEA38,2023,281090
DEA38,2024,282216
DEA41,2000,321125
DEA41,2001,321758
DEA41,2002,322323
DEA41,2003,322881
DEA41,2004,323433
DEA41,2005,323977
DEA41,2006,324515
DEA41,2007,325046
DEA41,2008,325571
DEA41,2009,326088
DEA41,2010,326599
DEA41,2011,327103
DEA41,2012,327199
DEA41,2013,328314
DEA41,2014,328864
DEA41,2015,329782
DEA41,2016,333090
DEA41,2017,333451
DEA41,2018,332552
DEA41,2019,333786
DEA41,2020,334195
DEA41,2021,333509
DEA41,2022,334002
DEA41,2023,331385
DEA41,2024,331519
DEA42,2000,342879
DEA42,2001,345379
DEA42,2002,345862
DEA42,2003,346338
DEA42,2004,346808
DEA42,2005,347271
DEA42,2006,347727
DEA42,2007,348177
DEA42,2008,348620
DEA42,2009,349056
DEA42,2010,349486
DEA42,2011,349909
DEA42,2012,350814
DEA42,2013,351624
DEA42,2014,352334
DEA42,2015,354463
DEA42,2016,360642
DEA42,2017,361828
DEA42,2018,363049
DEA42,2019,364083
DEA42,2020,364938
DEA42,2021,364818
DEA42,2022,366104
DEA42,2023,361931
DEA42,2024,363674
DEA43,2000,253964
DEA43,2001,254754
DEA43,2002,254404
DEA43,2003,254053
DEA43,2004,253701
DEA43,2005,253347
DEA43,2006,252991
DEA43,2007,252635
DEA43,2008,252277
DEA43,2009,251917
DEA43,2010,251556
DEA43,2011,251194
DEA43,2012,249947
DEA43,2013,249147
DEA43,2014,248988
DEA43,2015,249219
DEA43,2016,252122
DEA43,2017,251074
DEA43,2018,251539
DEA43,2019,250783
DEA43,2020,250578
DEA43,2021,250547
DEA43,2022,250635
DEA43,2023,254949
DEA43,2024,254593
DEA44,2000,155668
DEA44,2001,155808
DEA44,2002,154828
DEA44,2003,153850
DEA44,2004,152875
DEA44,2005,151904
DEA44,2006,150935
DEA44,2007,149969
DEA44,2008,149007
DEA44,2009,148047
DEA44,2010,147090
DEA44,2011,146136
DEA44,2012,144891
DEA44,2013,143709
DEA44,2014,142788
DEA44,2015,142770
DEA44,2016,144010
DEA44,2017,141855
DEA44,2018,141565
DEA44,2019,140667
DEA44,2020,140251
DEA44,2021,139729
DEA44,2022,139994
DEA44,2023,138943
DEA44,2024,139042
DEA45,2000,364863
DEA45,2001,365006
DEA45,2002,363457
DEA45,2003,361913
DEA45,2004,360369
DEA45,2005,358830
DEA45,2006,357295
DEA45,2007,355762
DEA45,2008,354231
DEA45,2009,352706
DEA45,2010,351183
DEA45,2011,349663
DEA45,2012,347729
DEA45,2013,346496
DEA45,2014,345374
DEA45,2015,345127
DEA45,2016,350750
DEA45,2017,348933
DEA45,2018,349069
DEA45,2019,348391
DEA45,2020,347514
DEA45,2021,346970
DEA45,2022,346151
DEA45,2023,348275
DEA45,2024,347613
DEA46,2000,322011
DEA46,2001,322789
DEA46,2002,321794
DEA46,2003,320800
DEA46,2004,319808
DEA46,2005,318816
DEA46,2006,317825
DEA46,2007,316835
DEA46,2008,315846
DEA46,2009,314858
DEA46,2010,313871
DEA46,2011,312885
DEA46,2012,310932
DEA46,2013,309990
DEA46,2014,309356
DEA46,2015,309216
DEA46,2016,313050
DEA46,2017,311866
DEA46,2018,311207
DEA46,2019,310710
DEA46,2020,310409
DEA46,2021,310270
DEA46,2022,311214
DEA46,2023,320648
DEA46,2024,320925
DEA47,2000,288110
DEA47,2001,290301
DEA47,2002,290742
DEA47,2003,291176
DEA47,2004,291605
DEA47,2005,292028
DEA47,2006,292446
DEA47,2007,292858
DEA47,2008,293264
DEA47,2009,293664
DEA47,2010,294058
DEA47,2011,294447
DEA47,2012,295614
DEA47,2013,296135
DEA47,2014,296688
DEA47,2015,299071
DEA47,2016,304332
DEA47,2017,305198
DEA47,2018,305362
DEA47,2019,306890
DEA47,2020,307839
DEA47,2021,308335
DEA47,2022,309380
DEA47,2023,313921
DEA47,2024,315606
DEA51,2000,392830
DEA51,2001,391147
DEA51,2002,388299
DEA51,2003,385460
DEA51,2004,382630
DEA51,2005,379810
DEA51,2006,376999
DEA51,2007,374197
DEA51,2008,371405
DEA51,2009,368622
DEA51,2010,365848
DEA51,2011,363084
DEA51,2012,362585
DEA51,2013,362213
DEA51,2014,361734
DEA51,2015,361876
DEA51,2016,364742
DEA51,2017,364920
DEA51,2018,365529
DEA51,2019,364628
DEA51,2020,365587
DEA51,2021,364454
DEA51,2022,363441
DEA51,2023,356209
DEA51,2024,357024
DEA52,2000,590213
DEA52,2001,588994
DEA52,2002,587206
DEA52,2003,585421
DEA52,2004,583638
DEA52,2005,581855
DEA52,2006,580074
DEA52,2007,578295
DEA52,2008,576516
DEA52,2009,574741
DEA52,2010,572967
DEA52,2011,571195
DEA52,2012,571403
DEA52,2013,572087
DEA52,2014,575944
DEA52,2015,580511
DEA52,2016,586181
DEA52,2017,585813
DEA52,2018,586600
DEA52,2019,587010
DEA52,2020,588250
DEA52,2021,587696
DEA52,2022,586852
DEA52,2023,599370
DEA52,2024,601343
DEA53,2000,205201
DEA53,2001,203151
DEA53,2002,201645
DEA53,2003,200143
DEA53,2004,198647
DEA53,2005,197155
DEA53,2006,195669
DEA53,2007,194187
DEA53,2008,192711
DEA53,2009,191239
DEA53,2010,189773
DEA53,2011,188311
DEA53,2012,187333
DEA53,2013,186243
DEA53,2014,185996
DEA53,2015,186716
DEA53,2016,189044
DEA53,2017,188266
DEA53,2018,187730
DEA53,2019,188814
DEA53,2020,188686
DEA53,2021,188687
DEA53,2022,188713
DEA53,2023,189957
DEA53,2024,190640
DEA54,2000,181804
DEA54,2001,182427
DEA54,2002,181787
DEA54,2003,181147
DEA54,2004,180509
DEA54,2005,179871
DEA54,2006,179234
DEA54,2007,178599
DEA54,2008,177964
DEA54,2009,177330
DEA54,2010,176697
DEA54,2011,176065
DEA54,2012,176474
DEA54,2013,176440
DEA54,2014,176048
DEA54,2015,176580
DEA54,2016,179397
DEA54,2017,179571
DEA54,2018,179185
DEA54,2019,179111
DEA54,2020,179916
DEA54,2021,178967
DEA54,2022,179238
DEA54,2023,179479
DEA54,2024,179380
DEA55,2000,175661
DEA55,2001,174529
DEA55,2002,172588
DEA55,2003,170654
DEA55,2004,168728
DEA55,2005,166809
DEA55,2006,164898
DEA55,2007,162995
DEA55,2008,161099
DEA55,2009,159210
DEA55,2010,157329
DEA55,2011,155455
DEA55,2012,154887
DEA55,2013,154563
DEA55,2014,154417
DEA55,2015,154608
DEA55,2016,155851
DEA55,2017,156774
DEA55,2018,156490
DEA55,2019,156374
DEA55,2020,156449
DEA55,2021,156940
DEA55,2022,156621
DEA55,2023,155603
DEA55,2024,156154
DEA56,2000,351413
DEA56,2001,350781
DEA56,2002,348350
DEA56,2003,345928
DEA56,2004,343512
DEA56,2005,341105
DEA56,2006,338706
DEA56,2007,336314
DEA56,2008,333930
DEA56,2009,331553
DEA56,2010,329185
DEA56,2011,326824
DEA56,2012,325145
DEA56,2013,324223
DEA56,2014,322731
DEA56,2015,322916
DEA56,2016,325954
DEA56,2017,325374
DEA56,2018,324670
DEA56,2019,324296
DEA56,2020,324106
DEA56,2021,323130
DEA56,2022,322143
DEA56,2023,315325
DEA56,2024,315069
DEA57,2000,283055
DEA57,2001,281830
DEA57,2002,280357
DEA57,2003,278889
DEA57,2004,277424
DEA57,2005,275963
DEA57,2006,274505
DEA57,2007,273052
DEA57,2008,271603
DEA57,2009,270157
DEA57,2010,268715
DEA57,2011,267277
DEA57,2012,265199
DEA57,2013,263720
DEA57,2014,261999
DEA57,2015,261561
DEA57,2016,263762
DEA57,2017,262269
DEA57,2018,261591
DEA57,2019,260475
DEA57,2020,259777
DEA57,2021,259030
DEA57,2022,258615
DEA57,2023,261006
DEA57,2024,261193
DEA58,2000,459615
DEA58,2001,457465
DEA58,2002,454175
DEA58,2003,450897
DEA58,2004,447628
DEA58,2005,444371
DEA58,2006,441124
DEA58,2007,437888
DEA58,2008,434663
DEA58,2009,431448
DEA58,2010,428244
DEA58,2011,425051
DEA58,2012,422614
DEA58,2013,419976
DEA58,2014,416240
DEA58,2015,413820
DEA58,2016,416171
DEA58,2017,414886
DEA58,2018,413383
DEA58,2019,412120
DEA58,2020,410222
DEA58,2021,408662
DEA58,2022,406793
DEA58,2023,410629
DEA58,2024,408899
DEA59,2000,140921
DEA59,2001,141207
DEA59,2002,140751
DEA59,2003,140295
DEA59,2004,139840
DEA59,2005,139386
DEA59,2006,138932
DEA59,2007,138478
DEA59,2008,138026
DEA59,2009,137573
DEA59,2010,137121
DEA59,2011,136670
DEA59,2012,136144
DEA59,2013,135523
DEA59,2014,134947
DEA59,2015,134759
DEA59,2016,136365
DEA59,2017,134983
DEA59,2018,134808
DEA59,2019,134775
DEA59,2020,133955
DEA59,2021,133362
DEA59,2022,133120
DEA59,2023,132519
DEA59,2024,132426
DEA5A,2000,297207
DEA5A,2001,296256
DEA5A,2002,294332
DEA5A,2003,292414
DEA5A,2004,290501
DEA5A,2005,288595
DEA5A,2006,286695
DEA5A,2007,284800
DEA5A,2008,282911
DEA5A,2009,281029
DEA5A,2010,279152
DEA5A,2011,277281
DEA5A,2012,276227
DEA5A,2013,275594
DEA5A,2014,274904
DEA5A,2015,275909
DEA5A,2016,280800
DEA5A,2017,277933
DEA5A,2018,277977
DEA5A,2019,278210
DEA5A,2020,276944
DEA5A,2021,275491
DEA5A,2022,274342
DEA5A,2023,274634
DEA5A,2024,274379
DEA5B,2000,306131
DEA5B,2001,306377
DEA5B,2002,305440
DEA5B,2003,304504
DEA5B,2004,303569
DEA5B,2005,302635
DEA5B,2006,301702
DEA5B,2007,300770
DEA5B,2008,299838
DEA5B,2009,298908
DEA5B,2010,297978
DEA5B,2011,297049
DEA5B,2012,296540
DEA5B,2013,296029
DEA5B,2014,294971
DEA5B,2015,296742
DEA5B,2016,302995
DEA5B,2017,301655
DEA5B,2018,301693
DEA5B,2019,301902
DEA5B,2020,301785
DEA5B,2021,301016
DEA5B,2022,302298
DEA5B,2023,299749
DEA5B,2024,300347
DEA5C,2000,430207
DEA5C,2001,431740
DEA5C,2002,428221
DEA5C,2003,424713
DEA5C,2004,421218
DEA5C,2005,417735
DEA5C,2006,414264
DEA5C,2007,410806
DEA5C,2008,407359
DEA5C,2009,403925
DEA5C,2010,400503
DEA5C,2011,397093
DEA5C,2012,394873
DEA5C,2013,392940
DEA5C,2014,391622
DEA5C,2015,391774
DEA5C,2016,396035
DEA5C,2017,393869
DEA5C,2018,393934
DEA5C,2019,394782
DEA5C,2020,394891
DEA5C,2021,393618
DEA5C,2022,393063
DEA5C,2023,395619
DEA5C,2024,396283
DEB11,2000,108003
DEB11,2001,107950
DEB11,2002,108479
DEB11,2003,108444
DEB11,2004,108407
DEB11,2005,108369
DEB11,2006,108329
DEB11,2007,108288
DEB11,2008,108247
DEB11,2009,108203
DEB11,2010,108159
DEB11,2011,107756
DEB11,2012,107954
DEB11,2013,109779
DEB11,2014,110643
DEB11,2015,111434
DEB11,2016,112586
DEB11,2017,113605
DEB11,2018,113844
DEB11,2019,114024
DEB11,2020,114052
DEB11,2021,113388
DEB11,2022,113638
DEB11,2023,113294
DEB11,2024,113346
DEB12,2000,128947
DEB12,2001,129462
DEB12,2002,129790
DEB12,2003,129441
DEB12,2004,129093
DEB12,2005,128745
DEB12,2006,128397
DEB12,2007,128049
DEB12,2008,127702
DEB12,2009,127354
DEB12,2010,127007
DEB12,2011,126241
DEB12,2012,125951
DEB12,2013,125837
DEB12,2014,126102
DEB12,2015,126643
DEB12,2016,127770
DEB12,2017,128455
DEB12,2018,128914
DEB12,2019,129727
DEB12,2020,130086
DEB12,2021,130479
DEB12,2022,128146
DEB12,2023,127881
DEB12,2024,128546
DEB13,2000,137456
DEB13,2001,137223
DEB13,2002,137291
DEB13,2003,136644
DEB13,2004,135999
DEB13,2005,135355
DEB13,2006,134713
DEB13,2007,134073
DEB13,2008,133434
DEB13,2009,132797
DEB13,2010,132162
DEB13,2011,131093
DEB13,2012,129962
DEB13,2013,129166
DEB13,2014,128373
DEB13,2015,128228
DEB13,2016,129171
DEB13,2017,128961
DEB13,2018,128791
DEB13,2019,128705
DEB13,2020,128805
DEB13,2021,129087
DEB13,2022,129261
DEB13,2023,131657
DEB13,2024,132149
DEB14,2000,157087
DEB14,2001,157576
DEB14,2002,158163
DEB14,2003,157926
DEB14,2004,157688
DEB14,2005,157449
DEB14,2006,157210
DEB14,2007,156970
DEB14,2008,156729
DEB14,2009,156487
DEB14,2010,156244
DEB14,2011,155485
DEB14,2012,155404
DEB14,2013,155306
DEB14,2014,155297
DEB14,2015,155944
DEB14,2016,156821
DEB14,2017,157392
DEB14,2018,157549
DEB14,2019,158080
DEB14,2020,158345
DEB14,2021,158746
DEB14,2022,159402
DEB14,2023,163979
DEB14,2024,164564
DEB15,2000,90143
DEB15,2001,90294
DEB15,2002,90009
DEB15,2003,89256
DEB15,2004,88505
DEB15,2005,87757
DEB15,2006,87012
DEB15,2007,86270
DEB15,2008,85531
DEB15,2009,84795
DEB15,2010,84061
DEB15,2011,83055
DEB15,2012,82323
DEB15,2013,81135
DEB15,2014,80673
DEB15,2015,80591
DEB15,2016,80615
DEB15,2017,80799
DEB15,2018,80728
DEB15,2019,80720
DEB15,2020,80951
DEB15,2021,80830
DEB15,2022,80849
DEB15,2023,82350
DEB15,2024,82622
DEB17,2000,209706
DEB17,2001,210812
DEB17,2002,211867
DEB17,2003,211818
DEB17,2004,211765
DEB17,2005,211713
DEB17,2006,211657
DEB17,2007,211596
DEB17,2008,211535
DEB17,2009,211471
DEB17,2010,211404
DEB17,2011,210637
DEB17,2012,210246
DEB17,2013,210035
DEB17,2014,209785
DEB17,2015,210441
DEB17,2016,211925
DEB17,2017,212968
DEB17,2018,213554
DEB17,2019,214259
DEB17,2020,214434
DEB17,2021,214786
DEB17,2022,215446
DEB17,2023,216056
DEB17,2024,216874
DEB18,2000,183929
DEB18,2001,184278
DEB18,2002,184869
DEB18,2003,184497
DEB18,2004,184125
DEB18,2005,183752
DEB18,2006,183378
DEB18,2007,183005
DEB18,2008,182630
DEB18,2009,182256
DEB18,2010,181881
DEB18,2011,180905
DEB18,2012,180497
DEB18,2013,179812
DEB18,2014,179454
DEB18,2015,179317
DEB18,2016,180655
DEB18,2017,181537
DEB18,2018,181655
DEB18,2019,181941
DEB18,2020,182811
DEB18,2021,183131
DEB18,2022,184390
DEB18,2023,187905
DEB18,2024,188656
DEB1A,2000,128953
DEB1A,2001,129082
DEB1A,2002,129168
DEB1A,2003,128581
DEB1A,2004,127995
DEB1A,2005,127411
DEB1A,2006,126828
DEB1A,2007,126247
DEB1A,2008,125667
DEB1A,2009,125088
DEB1A,2010,124511
DEB1A,2011,123526
DEB1A,2012,122609
DEB1A,2013,121838
DEB1A,2014,121375
DEB1A,2015,121487
DEB1A,2016,123543
DEB1A,2017,122553
DEB1A,2018,122381
DEB1A,2019,122308
DEB1A,2020,122297
DEB1A,2021,122574
DEB1A,2022,122724
DEB1A,2023,124860
DEB1A,2024,125283
DEB1B,2000,201435
DEB1B,2001,201840
DEB1B,2002,202735
DEB1B,2003,202573
DEB1B,2004,202410
DEB1B,2005,202245
DEB1B,2006,202078
DEB1B,2007,201910
DEB1B,2008,201739
DEB1B,2009,201567
DEB1B,2010,201393
DEB1B,2011,200552
DEB1B,2012,199691
DEB1B,2013,198852
DEB1B,2014,198704
DEB1B,2015,199131
DEB1B,2016,200302
DEB1B,2017,201027
DEB1B,2018,201039
DEB1B,2019,201597
DEB1B,2020,201904
DEB1B,2021,202830
DEB1B,2022,203831
DEB1B,2023,207154
DEB1B,2024,207648
DEB1C,2000,66317
DEB1C,2001,66456
DEB1C,2002,63625
DEB1C,2003,63530
DEB1C,2004,63436
DEB1C,2005,63340
DEB1C,2006,63245
DEB1C,2007,63149
DEB1C,2008,63053
DEB1C,2009,62956
DEB1C,2010,62859
DEB1C,2011,64451
DEB1C,2012,63879
DEB1C,2013,63435
DEB1C,2014,63202
DEB1C,2015,62041
DEB1C,2016,62391
DEB1C,2017,61864
DEB1C,2018,61662
DEB1C,2019,61587
DEB1C,2020,61375
DEB1C,2021,61578
DEB1C,2022,61735
DEB1C,2023,61509
DEB1C,2024,61538
DEB1D,2000,104261
DEB1D,2001,104588
DEB1D,2002,100235
DEB1D,2003,100188
DEB1D,2004,100140
DEB1D,2005,100090
DEB1D,2006,100040
DEB1D,2007,99989
DEB1D,2008,99936
DEB1D,2009,99883
DEB1D,2010,99829
DEB1D,2011,102459
DEB1D,2012,101650
DEB1D,2013,101042
DEB1D,2014,100770
DEB1D,2015,101945
DEB1D,2016,102529
DEB1D,2017,103026
DEB1D,2018,102938
DEB1D,2019,102937
DEB1D,2020,103163
DEB1D,2021,103401
DEB1D,2022,103767
DEB1D,2023,105740
DEB1D,2024,106390
DEB21,2000,99891
DEB21,2001,99410
DEB21,2002,100073
DEB21,2003,100731
DEB21,2004,101385
DEB21,2005,102034
DEB21,2006,102678
DEB21,2007,103319
DEB21,2008,103954
DEB21,2009,104585
DEB21,2010,105212
DEB21,2011,105834
DEB21,2012,106284
DEB21,2013,106544
DEB21,2014,107233
DEB21,2015,108472
DEB21,2016,114914
DEB21,2017,110111
DEB21,2018,110013
DEB21,2019,110636
DEB21,2020,111528
DEB21,2021,110674
DEB21,2022,110570
DEB21,2023,103307
DEB21,2024,103986
DEB22,2000,113752
DEB22,2001,113899
DEB22,2002,113755
DEB22,2003,113609
DEB22,2004,113464
DEB22,2005,113317
DEB22,2006,113170
DEB22,2007,113022
DEB22,2008,112874
DEB22,2009,112724
DEB22,2010,112574
DEB22,2011,112424
DEB22,2012,112308
DEB22,2013,110833
DEB22,2014,110643
DEB22,2015,110981
DEB22,2016,111828
DEB22,2017,112006
DEB22,2018,112134
DEB22,2019,112262
DEB22,2020,112483
DEB22,2021,112685
DEB22,2022,113194
DEB22,2023,113299
DEB22,2024,113327
DEB23,2000,96244
DEB23,2001,96468
DEB23,2002,96417
DEB23,2003,96364
DEB23,2004,96311
DEB23,2005,96257
DEB23,2006,96202
DEB23,2007,96146
DEB23,2008,96089
DEB23,2009,96031
DEB23,2010,95972
DEB23,2011,95912
DEB23,2012,95751
DEB23,2013,95946
DEB23,2014,96158
DEB23,2015,96408
DEB23,2016,97180
DEB23,2017,98021
DEB23,2018,98213
DEB23,2019,98561
DEB23,2020,99058
DEB23,2021,100055
DEB23,2022,100959
DEB23,2023,99866
DEB23,2024,100740
DEB24,2000,64331
DEB24,2001,64367
DEB24,2002,64144
DEB24,2003,63922
DEB24,2004,63700
DEB24,2005,63478
DEB24,2006,63257
DEB24,2007,63036
DEB24,2008,62815
DEB24,2009,62595
DEB24,2010,62375
DEB24,2011,62155
DEB24,2012,61533
DEB24,2013,61073
DEB24,2014,60765
DEB24,2015,60775
DEB24,2016,60794
DEB24,2017,60757
DEB24,2018,60705
DEB24,2019,60603
DEB24,2020,60646
DEB24,2021,60491
DEB24,2022,60882
DEB24,2023,59389
DEB24,2024,59542
DEB25,2000,137330
DEB25,2001,137610
DEB25,2002,138090
DEB25,2003,138567
DEB25,2004,139038
DEB25,2005,139507
DEB25,2006,139971
DEB25,2007,140430
DEB25,2008,140886
DEB25,2009,141338
DEB25,2010,141785
DEB25,2011,142229
DEB25,2012,142494
DEB25,2013,143893
DEB25,2014,144337
DEB25,2015,145227
DEB25,2016,147999
DEB25,2017,147833
DEB25,2018,148532
DEB25,2019,148945
DEB25,2020,149398
DEB25,2021,150533
DEB25,2022,151167
DEB25,2023,149015
DEB25,2024,149056
DEB31,2000,48213
DEB31,2001,47763
DEB31,2002,47628
DEB31,2003,47493
DEB31,2004,47357
DEB31,2005,47222
DEB31,2006,47087
DEB31,2007,46953
DEB31,2008,46818
DEB31,2009,46683
DEB31,2010,46549
DEB31,2011,46414
DEB31,2012,46617
DEB31,2013,47035
DEB31,2014,47332
DEB31,2015,47724
DEB31,2016,48363
DEB31,2017,48445
DEB31,2018,48417
DEB31,2019,48561
DEB31,2020,48762
DEB31,2021,48750
DEB31,2022,48773
DEB31,2023,48007
DEB31,2024,48107
DEB32,2000,100025
DEB32,2001,99825
DEB32,2002,99484
DEB32,2003,99143
DEB32,2004,98802
DEB32,2005,98462
DEB32,2006,98123
DEB32,2007,97784
DEB32,2008,97445
DEB32,2009,97107
DEB32,2010,96769
DEB32,2011,96432
DEB32,2012,96963
DEB32,2013,97112
DEB32,2014,97162
DEB32,2015,97382
DEB32,2016,98520
DEB32,2017,99302
DEB32,2018,99684
DEB32,2019,99845
DEB32,2020,100030
DEB32,2021,99662
DEB32,2022,99292
DEB32,2023,100316
DEB32,2024,100571
DEB33,2000,40810
DEB33,2001,41122
DEB33,2002,41334
DEB33,2003,41545
DEB33,2004,41755
DEB33,2005,41962
DEB33,2006,42169
DEB33,2007,42373
DEB33,2008,42576
DEB33,2009,42778
DEB33,2010,42978
DEB33,2011,43176
DEB33,2012,43476
DEB33,2013,43641
DEB33,2014,43825
DEB33,2015,44465
DEB33,2016,45362
DEB33,2017,46006
DEB33,2018,46292
DEB33,2019,46677
DEB33,2020,46881
DEB33,2021,46685
DEB33,2022,46919
DEB33,2023,47455
DEB33,2024,48202
DEB34,2000,163771
DEB34,2001,162233
DEB34,2002,161742
DEB34,2003,161252
DEB34,2004,160762
DEB34,2005,160272
DEB34,2006,159783
DEB34,2007,159295
DEB34,2008,158807
DEB34,2009,158319
DEB34,2010,157832
DEB34,2011,157345
DEB34,2012,158637
DEB34,2013,160179
DEB34,2014,161518
DEB34,2015,163832
DEB34,2016,164718
DEB34,2017,166621
DEB34,2018,168497
DEB34,2019,171061
DEB34,2020,172253
DEB34,2021,172557
DEB34,2022,172145
DEB34,2023,173869
DEB34,2024,175816
DEB35,2000,183134
DEB35,2001,182870
DEB35,2002,184596
DEB35,2003,186312
DEB35,2004,188017
DEB35,2005,189711
DEB35,2006,191394
DEB35,2007,193066
DEB35,2008,194727
DEB35,2009,196378
DEB35,2010,198018
DEB35,2011,199647
DEB35,2012,201002
DEB35,2013,202756
DEB35,2014,204268
DEB35,2015,206991
DEB35,2016,209779
DEB35,2017,213528
DEB35,2018,215110
DEB35,2019,217118
DEB35,2020,218578
DEB35,2021,217123
DEB35,2022,217556
DEB35,2023,221516
DEB35,2024,223871
DEB36,2000,53886
DEB36,2001,53917
DEB36,2002,53750
DEB36,2003,53582
DEB36,2004,53415
DEB36,2005,53249
DEB36,2006,53082
DEB36,2007,52915
DEB36,2008,52749
DEB36,2009,52583
DEB36,2010,52417
DEB36,2011,52251
DEB36,2012,52322
DEB36,2013,52268
DEB36,2014,52400
DEB36,2015,52564
DEB36,2016,52999
DEB36,2017,53209
DEB36,2018,53353
DEB36,2019,53148
DEB36,2020,53264
DEB36,2021,53306
DEB36,2022,53491
DEB36,2023,52759
DEB36,2024,52709
DEB37,2000,45773
DEB37,2001,45212
DEB37,2002,44785
DEB37,2003,44360
DEB37,2004,43936
DEB37,2005,43514
DEB37,2006,43093
DEB37,2007,42674
DEB37,2008,42256
DEB37,2009,41840
DEB37,2010,41426
DEB37,2011,41013
DEB37,2012,40655
DEB37,2013,40267
DEB37,2014,40101
DEB37,2015,40046
DEB37,2016,40125
DEB37,2017,40416
DEB37,2018,40632
DEB37,2019,40403
DEB37,2020,40231
DEB37,2021,40176
DEB37,2022,40054
DEB37,2023,39324
DEB37,2024,39576
DEB38,2000,49851
DEB38,2001,49776
DEB38,2002,49755
DEB38,2003,49733
DEB38,2004,49711
DEB38,2005,49688
DEB38,2006,49665
DEB38,2007,49642
DEB38,2008,49618
DEB38,2009,49593
DEB38,2010,49568
DEB38,2011,49542
DEB38,2012,49712
DEB38,2013,49764
DEB38,2014,49740
DEB38,2015,49855
DEB38,2016,50284
DEB38,2017,50551
DEB38,2018,50931
DEB38,2019,50378
DEB38,2020,50561
DEB38,2021,50741
DEB38,2022,50565
DEB38,2023,49881
DEB38,2024,49874
DEB39,2000,80361
DEB39,2001,80361
DEB39,2002,80249
DEB39,2003,80136
DEB39,2004,80022
DEB39,2005,79909
DEB39,2006,79794
DEB39,2007,79680
DEB39,2008,79565
DEB39,2009,79449
DEB39,2010,79333
DEB39,2011,79217
DEB39,2012,79526
DEB39,2013,79727
DEB39,2014,80296
DEB39,2015,81010
DEB39,2016,82102
DEB39,2017,82595
DEB39,2018,83081
DEB39,2019,83330
DEB39,2020,83542
DEB39,2021,83459
DEB39,2022,83850
DEB39,2023,85378
DEB39,2024,86403
DEB3A,2000,35646
DEB3A,2001,35719
DEB3A,2002,35576
DEB3A,2003,35434
DEB3A,2004,35292
DEB3A,2005,35151
DEB3A,2006,35009
DEB3A,2007,34868
DEB3A,2008,34727
DEB3A,2009,34586
DEB3A,2010,34446
DEB3A,2011,34306
DEB3A,2012,34161
DEB3A,2013,34064
DEB3A,2014,34084
DEB3A,2015,34011
DEB3A,2016,34260
DEB3A,2017,34428
DEB3A,2018,34270
DEB3A,2019,34209
DEB3A,2020,34193
DEB3A,2021,34001
DEB3A,2022,34091
DEB3A,2023,33264
DEB3A,2024,33355
DEB3B,2000,123113
DEB3B,2001,124183
DEB3B,2002,124298
DEB3B,2003,124412
DEB3B,2004,124523
DEB3B,2005,124632
DEB3B,2006,124739
DEB3B,2007,124844
DEB3B,2008,124946
DEB3B,2009,125047
DEB3B,2010,125146
DEB3B,2011,125242
DEB3B,2012,125109
DEB3B,2013,125173
DEB3B,2014,125213
DEB3B,2015,125998
DEB3B,2016,127274
DEB3B,2017,128197
DEB3B,2018,128519
DEB3B,2019,129244
DEB3B,2020,129687
DEB3B,2021,130715
DEB3B,2022,131330
DEB3B,2023,129893
DEB3B,2024,130794
DEB3C,2000,133517
DEB3C,2001,133815
DEB3C,2002,133558
DEB3C,2003,133301
DEB3C,2004,133044
DEB3C,2005,132786
DEB3C,2006,132528
DEB3C,2007,132270
DEB3C,2008,132011
DEB3C,2009,131752
DEB3C,2010,131492
DEB3C,2011,131232
DEB3C,2012,130920
DEB3C,2013,130927
DEB3C,2014,131041
DEB3C,2015,131530
DEB3C,2016,132203
DEB3C,2017,132960
DEB3C,2018,132739
DEB3C,2019,132660
DEB3C,2020,132671
DEB3C,2021,133004
DEB3C,2022,133206
DEB3C,2023,134032
DEB3C,2024,134221
DEB3D,2000,78258
DEB3D,2001,78401
DEB3D,2002,78180
DEB3D,2003,77960
DEB3D,2004,77739
DEB3D,2005,77519
DEB3D,2006,77299
DEB3D,2007,77079
DEB3D,2008,76859
DEB3D,2009,76639
DEB3D,2010,76420
DEB3D,2011,76200
DEB3D,2012,75822
DEB3D,2013,75508
DEB3D,2014,75192
DEB3D,2015,74962
DEB3D,2016,75230
DEB3D,2017,75203
DEB3D,2018,75102
DEB3D,2019,75101
DEB3D,2020,75325
DEB3D,2021,75539
DEB3D,2022,75569
DEB3D,2023,74854
DEB3D,2024,74728
DEB3E,2000,123003
DEB3E,2001,123362
DEB3E,2002,123441
DEB3E,2003,123517
DEB3E,2004,123592
DEB3E,2005,123665
DEB3E,2006,123736
DEB3E,2007,123805
DEB3E,2008,123872
DEB3E,2009,123937
DEB3E,2010,124001
DEB3E,2011,124062
DEB3E,2012,124294
DEB3E,2013,124889
DEB3E,2014,125434
DEB3E,2015,126266
DEB3E,2016,127303
DEB3E,2017,128205
DEB3E,2018,128477
DEB3E,2019,129075
DEB3E,2020,129013
DEB3E,2021,129006
DEB3E,2022,129313
DEB3E,2023,130935
DEB3E,2024,131678
DEB3F,2000,110142
DEB3F,2001,110103
DEB3F,2002,109655
DEB3F,2003,109208
DEB3F,2004,108761
DEB3F,2005,108316
DEB3F,2006,107871
DEB3F,2007,107427
DEB3F,2008,106984
DEB3F,2009,106542
DEB3F,2010,106101
DEB3F,2011,105661
DEB3F,2012,104910
DEB3F,2013,104443
DEB3F,2014,104117
DEB3F,2015,104288
DEB3F,2016,104966
DEB3F,2017,105504
DEB3F,2018,105649
DEB3F,2019,106057
DEB3F,2020,105979
DEB3F,2021,106320
DEB3F,2022,106853
DEB3F,2023,105752
DEB3F,2024,106082
DEB3G,2000,79184
DEB3G,2001,78685
DEB3G,2002,78128
DEB3G,2003,77573
DEB3G,2004,77020
DEB3G,2005,76469
DEB3G,2006,75920
DEB3G,2007,75372
DEB3G,2008,74826
DEB3G,2009,74282
DEB3G,2010,73740
DEB3G,2011,73199
DEB3G,2012,72458
DEB3G,2013,71766
DEB3G,2014,71098
DEB3G,2015,70883
DEB3G,2016,70997
DEB3G,2017,70899
DEB3G,2018,70764
DEB3G,2019,70526
DEB3G,2020,70219
DEB3G,2021,70105
DEB3G,2022,69949
DEB3G,2023,70124
DEB3G,2024,69846
DEB3H,2000,109028
DEB3H,2001,109375
DEB3H,2002,109285
DEB3H,2003,109195
DEB3H,2004,109103
DEB3H,2005,109011
DEB3H,2006,108917
DEB3H,2007,108823
DEB3H,2008,108728
DEB3H,2009,108632
DEB3H,2010,108535
DEB3H,2011,108437
DEB3H,2012,108300
DEB3H,2013,108752
DEB3H,2014,109026
DEB3H,2015,109735
DEB3H,2016,110526
DEB3H,2017,110885
DEB3H,2018,110622
DEB3H,2019,110356
DEB3H,2020,110521
DEB3H,2021,110783
DEB3H,2022,111279
DEB3H,2023,112907
DEB3H,2024,113150
DEB3I,2000,146479
DEB3I,2001,146986
DEB3I,2002,146970
DEB3I,2003,146953
DEB3I,2004,146934
DEB3I,2005,146913
DEB3I,2006,146890
DEB3I,2007,146866
DEB3I,2008,146840
DEB3I,2009,146812
DEB3I,2010,146782
DEB3I,2011,146751
DEB3I,2012,147341
DEB3I,2013,148079
DEB3I,2014,149068
DEB3I,2015,150051
DEB3I,2016,151546
DEB3I,2017,153043
DEB3I,2018,153629
DEB3I,2019,154201
DEB3I,2020,154609
DEB3I,2021,154754
DEB3I,2022,155050
DEB3I,2023,155061
DEB3I,2024,155525
DEB3J,2000,193066
DEB3J,2001,194156
DEB3J,2002,194827
DEB3J,2003,195491
DEB3J,2004,196152
DEB3J,2005,196803
DEB3J,2006,197452
DEB3J,2007,198092
DEB3J,2008,198730
DEB3J,2009,199362
DEB3J,2010,199983
DEB3J,2011,200605
DEB3J,2012,201264
DEB3J,2013,202222
DEB3J,2014,203338
DEB3J,2015,204514
DEB3J,2016,208749
DEB3J,2017,209184
DEB3J,2018,209785
DEB3J,2019,210889
DEB3J,2020,211417
DEB3J,2021,211525
DEB3J,2022,212420
DEB3J,2023,205823
DEB3J,2024,206220
DEB3K,2000,105728
DEB3K,2001,105378
DEB3K,2002,104705
DEB3K,2003,104034
DEB3K,2004,103365
DEB3K,2005,102698
DEB3K,2006,102033
DEB3K,2007,101370
DEB3K,2008,100709
DEB3K,2009,100050
DEB3K,2010,99394
DEB3K,2011,98739
DEB3K,2012,98008
DEB3K,2013,97180
DEB3K,2014,96599
DEB3K,2015,96410
DEB3K,2016,96474
DEB3K,2017,95957
DEB3K,2018,95474
DEB3K,2019,95113
DEB3K,2020,94831
DEB3K,2021,94912
DEB3K,2022,94819
DEB3K,2023,90144
DEB3K,2024,90168
DEC01,2000,351816
DEC01,2001,350924
DEC01,2002,348574
DEC01,2003,346230
DEC01,2004,343894
DEC01,2005,341567
DEC01,2006,339246
DEC01,2007,336932
DEC01,2008,334626
DEC01,2009,332327
DEC01,2010,330036
DEC01,2011,327752
DEC01,2012,326996
DEC01,2013,326638
DEC01,2014,325978
DEC01,2015,325604
DEC01,2016,327380
DEC01,2017,329593
DEC01,2018,330150
DEC01,2019,329708
DEC01,2020,328714
DEC01,2021,327502
DEC01,2022,327284
DEC01,2023,330672
DEC01,2024,332416
DEC02,2000,105856
DEC02,2001,105954
DEC02,2002,105743
DEC02,2003,105531
DEC02,2004,105320
DEC02,2005,105107
DEC02,2006,104895
DEC02,2007,104683
DEC02,2008,104470
DEC02,2009,104257
DEC02,2010,104044
DEC02,2011,103830
DEC02,2012,103639
DEC02,2013,103520
DEC02,2014,103135
DEC02,2015,102987
DEC02,2016,103997
DEC02,2017,103908
DEC02,2018,103656
DEC02,2019,103366
DEC02,2020,103243
DEC02,2021,103471
DEC02,2022,103426
DEC02,2023,109393
DEC02,2024,109336
DEC03,2000,148069
DEC03,2001,147464
DEC03,2002,146282
DEC03,2003,145105
DEC03,2004,143932
DEC03,2005,142762
DEC03,2006,141597
DEC03,2007,140436
DEC03,2008,139278
DEC03,2009,138125
DEC03,2010,136976
DEC03,2011,135831
DEC03,2012,134957
DEC03,2013,134099
DEC03,2014,133222
DEC03,2015,133021
DEC03,2016,133735
DEC03,2017,133984
DEC03,2018,133297
DEC03,2019,132206
DEC03,2020,131408
DEC03,2021,131172
DEC03,2022,130847
DEC03,2023,133544
DEC03,2024,133667
DEC04,2000,212559
DEC04,2001,211671
DEC04,2002,210320
DEC04,2003,208973
DEC04,2004,207630
DEC04,2005,206291
DEC04,2006,204956
DEC04,2007,203626
DEC04,2008,202299
DEC04,2009,200977
DEC04,2010,199658
DEC04,2011,198344
DEC04,2012,197452
DEC04,2013,196611
DEC04,2014,195976
DEC04,2015,195632
DEC04,2016,197009
DEC04,2017,196609
DEC04,2018,195815
DEC04,2019,195201
DEC04,2020,194319
DEC04,2021,193732
DEC04,2022,193661
DEC04,2023,205785
DEC04,2024,206094
DEC05,2000,157625
DEC05,2001,157309
DEC05,2002,156129
DEC05,2003,154954
DEC05,2004,153782
DEC05,2005,152614
DEC05,2006,151450
DEC05,2007,150290
DEC05,2008,149134
DEC05,2009,147982
DEC05,2010,146833
DEC05,2011,145689
DEC05,2012,145099
DEC05,2013,144291
DEC05,2014,143851
DEC05,2015,143532
DEC05,2016,144584
DEC05,2017,144100
DEC05,2018,143402
DEC05,2019,142631
DEC05,2020,142196
DEC05,2021,141656
DEC05,2022,140960
DEC05,2023,144492
DEC05,2024,144478
DEC06,2000,95576
DEC06,2001,95381
DEC06,2002,94880
DEC06,2003,94381
DEC06,2004,93883
DEC06,2005,93386
DEC06,2006,92891
DEC06,2007,92396
DEC06,2008,91904
DEC06,2009,91412
DEC06,2010,90922
DEC06,2011,90433
DEC06,2012,89712
DEC06,2013,89128
DEC06,2014,88556
DEC06,2015,88259
DEC06,2016,88892
DEC06,2017,88457
DEC06,2018,87867
DEC06,2019,87397
DEC06,2020,87007
DEC06,2021,86458
DEC06,2022,86170
DEC06,2023,88005
DEC06,2024,88056
DED21,2000,476668
DED21,2001,477807
DED21,2002,483824
DED21,2003,487003
DED21,2004,490152
DED21,2005,493272
DED21,2006,496361
DED21,2007,499420
DED21,2008,502450
DED21,2009,505447
DED21,2010,508416
DED21,2011,511352
DED21,2012,517765
DED21,2013,525105
DED21,2014,530754
DED21,2015,536308
DED21,2016,543825
DED21,2017,547172
DED21,2018,551072
DED21,2019,554649
DED21,2020,556780
DED21,2021,556227
DED21,2022,555351
DED21,2023,559986
DED21,2024,563019
DED2C,2000,366727
DED2C,2001,362648
DED2C,2002,360358
DED2C,2003,355383
DED2C,2004,350430
DED2C,2005,345500
DED2C,2006,340593
DED2C,2007,335708
DED2C,2008,330846
DED2C,2009,326006
DED2C,2010,321189
DED2C,2011,316395
DED2C,2012,313618
DED2C,2013,310898
DED2C,2014,308350
DED2C,2015,306570
DED2C,2016,306273
DED2C,2017,304691
DED2C,2018,302634
DED2C,2019,300880
DED2C,2020,299758
DED2C,2021,298010
DED2C,2022,296290
DED2C,2023,295917
DED2C,2024,294746
DED2D,2000,333365
DED2D,2001,328130
DED2D,2002,324509
DED2D,2003,318467
DED2D,2004,312455
DED2D,2005,306473
DED2D,2006,300521
DED2D,2007,294599
DED2D,2008,288706
DED2D,2009,282844
DED2D,2010,277012
DED2D,2011,271210
DED2D,2012,267815
DED2D,2013,264673
DED2D,2014,262168
DED2D,2015,260188
DED2D,2016,260000
DED2D,2017,258337
DED2D,2018,256587
DED2D,2019,254894
DED2D,2020,252725
DED2D,2021,250558
DED2D,2022,248273
DED2D,2023,246989
DED2D,2024,245867
DED2E,2000,277924
DED2E,2001,275592
DED2E,2002,274623
DED2E,2003,271608
DED2E,2004,268605
DED2E,2005,265615
DED2E,2006,262637
DED2E,2007,259672
DED2E,2008,256719
DED2E,2009,253779
DED2E,2010,250851
DED2E,2011,247936
DED2E,2012,246237
DED2E,2013,244717
DED2E,2014,243716
DED2E,2015,243745
DED2E,2016,245244
DED2E,2017,243889
DED2E,2018,242862
DED2E,2019,242165
DED2E,2020,241717
DED2E,2021,240371
DED2E,2022,239344
DED2E,2023,240519
DED2E,2024,240368
DED2F,2000,270019
DED2F,2001,268385
DED2F,2002,268082
DED2F,2003,265781
DED2F,2004,263489
DED2F,2005,261205
DED2F,2006,258930
DED2F,2007,256662
DED2F,2008,254403
DED2F,2009,252152
DED2F,2010,249909
DED2F,2011,247675
DED2F,2012,246275
DED2F,2013,245927
DED2F,2014,245939
DED2F,2015,245954
DED2F,2016,247412
DED2F,2017,246066
DED2F,2018,245418
DED2F,2019,245611
DED2F,2020,245586
DED2F,2021,244722
DED2F,2022,244009
DED2F,2023,245313
DED2F,2024,245143
DED41,2000,263222
DED41,2001,259246
DED41,2002,258713
DED41,2003,256663
DED41,2004,254620
DED41,2005,252583
DED41,2006,250554
DED41,2007,248532
DED41,2008,246516
DED41,2009,244508
DED41,2010,242506
DED41,2011,240511
DED41,2012,240543
DED41,2013,241210
DED41,2014,242022
DED41,2015,243521
DED41,2016,248645
DED41,2017,246353
DED41,2018,246855
DED41,2019,247237
DED41,2020,246334
DED41,2021,244401
DED41,2022,243105
DED41,2023,242896
DED41,2024,245150
DED42,2000,418973
DED42,2001,414183
DED42,2002,405883
DED42,2003,401079
DED42,2004,396295
DED42,2005,391532
DED42,2006,386790
DED42,2007,382068
DED42,2008,377367
DED42,2009,372686
DED42,2010,368026
DED42,2011,363387
DED42,2012,359103
DED42,2013,355275
DED42,2014,351309
DED42,2015,349582
DED42,2016,347665
DED42,2017,344136
DED42,2018,340373
DED42,2019,337696
DED42,2020,334948
DED42,2021,331917
DED42,2022,328695
DED42,2023,324070
DED42,2024,322179
DED43,2000,365611
DED43,2001,362023
DED43,2002,355359
DED43,2003,351746
DED43,2004,348148
DED43,2005,344565
DED43,2006,340995
DED43,2007,337441
DED43,2008,333900
DED43,2009,330374
DED43,2010,326862
DED43,2011,323365
DED43,2012,320062
DED43,2013,317204
DED43,2014,314591
DED43,2015,312711
DED43,2016,312450
DED43,2017,310505
DED43,2018,308153
DED43,2019,306185
DED43,2020,304099
DED43,2021,301474
DED43,2022,299329
DED43,2023,297991
DED43,2024,297766
DED44,2000,274147
DED44,2001,271328
DED44,2002,266205
DED44,2003,263370
DED44,2004,260547
DED44,2005,257736
DED44,2006,254936
DED44,2007,252148
DED44,2008,249371
DED44,2009,246606
DED44,2010,243852
DED44,2011,241110
DED44,2012,238443
DED44,2013,236227
DED44,2014,233970
DED44,2015,232390
DED44,2016,232318
DED44,2017,231051
DED44,2018,229584
DED44,2019,227796
DED44,2020,225997
DED44,2021,223905
DED44,2022,221376
DED44,2023,221783
DED44,2024,221088
DED45,2000,381147
DED45,2001,377385
DED45,2002,370416
DED45,2003,366630
DED45,2004,362858
DED45,2005,359102
DED45,2006,355361
DED45,2007,351635
DED45,2008,347923
DED45,2009,344227
DED45,2010,340547
DED45,2011,336881
DED45,2012,333291
DED45,2013,330294
DED45,2014,327062
DED45,2015,325137
DED45,2016,324534
DED45,2017,322099
DED45,2018,319988
DED45,2019,317531
DED45,2020,315002
DED45,2021,312033
DED45,2022,309621
DED45,2023,310532
DED45,2024,309866
DED51,2000,489532
DED51,2001,493208
DED51,2002,496699
DED51,2003,497278
DED51,2004,497844
DED51,2005,498391
DED51,2006,498925
DED51,2007,499444
DED51,2008,499952
DED51,2009,500443
DED51,2010,500920
DED51,2011,501382
DED51,2012,510043
DED51,2013,520838
DED51,2014,531562
DED51,2015,544479
DED51,2016,560472
DED51,2017,571088
DED51,2018,581980
DED51,2019,587857
DED51,2020,593145
DED51,2021,597493
DED51,2022,601866
DED51,2023,603578
DED51,2024,608013
DED52,2000,299399
DED52,2001,296289
DED52,2002,290663
DED52,2003,287536
DED52,2004,284422
DED52,2005,281321
DED52,2006,278233
DED52,2007,275157
DED52,2008,272094
DED52,2009,269044
DED52,2010,266007
DED52,2011,262983
DED52,2012,260925
DED52,2013,259207
DED52,2014,257596
DED52,2015,257647
DED52,2016,258408
DED52,2017,258333
DED52,2018,258008
DED52,2019,257763
DED52,2020,258139
DED52,2021,258386
DED52,2022,258214
DED52,2023,259568
DED52,2024,260706
DED53,2000,242952
DED53,2001,239357
DED53,2002,233744
DED53,2003,230157
DED53,2004,226587
DED53,2005,223034
DED53,2006,219497
DED53,2007,215978
DED53,2008,212475
DED53,2009,208990
DED53,2010,205521
DED53,2011,202069
DED53,2012,200062
DED53,2013,198629
DED53,2014,197346
DED53,2015,197042
DED53,2016,197605
DED53,2017,198063
DED53,2018,197794
DED53,2019,197673
DED53,2020,197741
DED53,2021,197444
DED53,2022,197529
DED53,2023,200825
DED53,2024,200778
DEE01,2000,105493
DEE01,2001,104048
DEE01,2002,102043
DEE01,2003,100282
DEE01,2004,98529
DEE01,2005,96784
DEE01,2006,95048
DEE01,2007,93319
DEE01,2008,91598
DEE01,2009,89886
DEE01,2010,88181
DEE01,2011,86485
DEE01,2012,85488
DEE01,2013,84606
DEE01,2014,83616
DEE01,2015,83061
DEE01,2016,82919
DEE01,2017,82505
DEE01,2018,82111
DEE01,2019,81237
DEE01,2020,80103
DEE01,2021,79354
DEE01,2022,78731
DEE01,2023,76042
DEE01,2024,76062
DEE02,2000,254360
DEE02,2001,247736
DEE02,2002,247242
DEE02,2003,245280
DEE02,2004,243324
DEE02,2005,241373
DEE02,2006,239427
DEE02,2007,237486
DEE02,2008,235551
DEE02,2009,233622
DEE02,2010,231697
DEE02,2011,229778
DEE02,2012,230494
DEE02,2013,231440
DEE02,2014,231565
DEE02,2015,232470
DEE02,2016,236991
DEE02,2017,238005
DEE02,2018,239173
DEE02,2019,239257
DEE02,2020,238762
DEE02,2021,237865
DEE02,2022,238061
DEE02,2023,227416
DEE02,2024,227639
DEE03,2000,235073
DEE03,2001,231450
DEE03,2002,232360
DEE03,2003,231890
DEE03,2004,231417
DEE03,2005,230941
DEE03,2006,230461
DEE03,2007,229978
DEE03,2008,229491
DEE03,2009,229001
DEE03,2010,228507
DEE03,2011,228009
DEE03,2012,228910
DEE03,2013,229924
DEE03,2014,231021
DEE03,2015,232306
DEE03,2016,235723
DEE03,2017,238136
DEE03,2018,238478
DEE03,2019,238697
DEE03,2020,237565
DEE03,2021,235775
DEE03,2022,236188
DEE03,2023,241753
DEE03,2024,242491
DEE04,2000,101828
DEE04,2001,101134
DEE04,2002,100405
DEE04,2003,99080
DEE04,2004,97760
DEE04,2005,96446
DEE04,2006,95137
DEE04,2007,93834
DEE04,2008,92536
DEE04,2009,91244
DEE04,2010,89957
DEE04,2011,88675
DEE04,2012,87624
DEE04,2013,86878
DEE04,2014,86312
DEE04,2015,86071
DEE04,2016,86164
DEE04,2017,85236
DEE04,2018,84457
DEE04,2019,83765
DEE04,2020,83173
DEE04,2021,82687
DEE04,2022,81986
DEE04,2023,81369
DEE04,2024,80780
DEE05,2000,211446
DEE05,2001,208531
DEE05,2002,204494
DEE05,2003,200946
DEE05,2004,197414
DEE05,2005,193898
DEE05,2006,190399
DEE05,2007,186916
DEE05,2008,183449
DEE05,2009,179998
DEE05,2010,176564
DEE05,2011,173147
DEE05,2012,170827
DEE05,2013,168475
DEE05,2014,166828
DEE05,2015,165076
DEE05,2016,164817
DEE05,2017,163100
DEE05,2018,161264
DEE05,2019,159854
DEE05,2020,158486
DEE05,2021,157217
DEE05,2022,155900
DEE05,2023,154366
DEE05,2024,153801
DEE06,2000,105378
DEE06,2001,104676
DEE06,2002,103408
DEE06,2003,102381
DEE06,2004,101357
DEE06,2005,100337
DEE06,2006,99320
DEE06,2007,98306
DEE06,2008,97296
DEE06,2009,96290
DEE06,2010,95287
DEE06,2011,94288
DEE06,2012,93242
DEE06,2013,92367
DEE06,2014,91721
DEE06,2015,91359
DEE06,2016,91693
DEE06,2017,91345
DEE06,2018,90465
DEE06,2019,89928
DEE06,2020,89589
DEE06,2021,89403
DEE06,2022,89118
DEE06,2023,89033
DEE06,2024,88695
DEE07,2000,191761
DEE07,2001,190970
DEE07,2002,189142
DEE07,2003,187751
DEE07,2004,186363
DEE07,2005,184979
DEE07,2006,183598
DEE07,2007,182221
DEE07,2008,180847
DEE07,2009,179476
DEE07,2010,178109
DEE07,2011,176745
DEE07,2012,175198
DEE07,2013,174001
DEE07,2014,172955
DEE07,2015,172829
DEE07,2016,173473
DEE07,2017,172959
DEE07,2018,172619
DEE07,2019,171734
DEE07,2020,170923
DEE07,2021,170567
DEE07,2022,170106
DEE07,2023,168952
DEE07,2024,168593
DEE08,2000,228504
DEE08,2001,225695
DEE08,2002,221671
DEE08,2003,218174
DEE08,2004,214692
DEE08,2005,211226
DEE08,2006,207775
DEE08,2007,204339
DEE08,2008,200920
DEE08,2009,197515
DEE08,2010,194127
DEE08,2011,190754
DEE08,2012,188149
DEE08,2013,186081
DEE08,2014,184956
DEE08,2015,184055
DEE08,2016,184081
DEE08,2017,183174
DEE08,2018,181968
DEE08,2019,180190
DEE08,2020,178846
DEE08,2021,177590
DEE08,2022,176333
DEE08,2023,175180
DEE08,2024,175217
DEE09,2000,268115
DEE09,2001,265216
DEE09,2002,260890
DEE09,2003,257175
DEE09,2004,253478
DEE09,2005,249796
DEE09,2006,246130
DEE09,2007,242480
DEE09,2008,238847
DEE09,2009,235227
DEE09,2010,231626
DEE09,2011,228039
DEE09,2012,225191
DEE09,2013,223094
DEE09,2014,221043
DEE09,2015,219618
DEE09,2016,221366
DEE09,2017,219643
DEE09,2018,216299
DEE09,2019,214446
DEE09,2020,213310
DEE09,2021,210975
DEE09,2022,209117
DEE09,2023,208634
DEE09,2024,207134
DEE0A,2000,182236
DEE0A,2001,179684
DEE0A,2002,176166
DEE0A,2003,173069
DEE0A,2004,169987
DEE0A,2005,166918
DEE0A,2006,163864
DEE0A,2007,160825
DEE0A,2008,157800
DEE0A,2009,154789
DEE0A,2010,151792
DEE0A,2011,148810
DEE0A,2012,146659
DEE0A,2013,144735
DEE0A,2014,143246
DEE0A,2015,142054
DEE0A,2016,141408
DEE0A,2017,139781
DEE0A,2018,138013
DEE0A,2019,136249
DEE0A,2020,134942
DEE0A,2021,133690
DEE0A,2022,132317
DEE0A,2023,131107
DEE0A,2024,130162
DEE0B,2000,208830
DEE0B,2001,207968
DEE0B,2002,205978
DEE0B,2003,204463
DEE0B,2004,202951
DEE0B,2005,201443
DEE0B,2006,199939
DEE0B,2007,198439
DEE0B,2008,196942
DEE0B,2009,195449
DEE0B,2010,193960
DEE0B,2011,192474
DEE0B,2012,190747
DEE0B,2013,189217
DEE0B,2014,187690
DEE0B,2015,186510
DEE0B,2016,186431
DEE0B,2017,185951
DEE0B,2018,185494
DEE0B,2019,184582
DEE0B,2020,183815
DEE0B,2021,183434
DEE0B,2022,182814
DEE0B,2023,182390
DEE0B,2024,182677
DEE0C,2000,252253
DEE0C,2001,248770
DEE0C,2002,243949
DEE0C,2003,239712
DEE0C,2004,235494
DEE0C,2005,231295
DEE0C,2006,227115
DEE0C,2007,222956
DEE0C,2008,218815
DEE0C,2009,214695
DEE0C,2010,210593
DEE0C,2011,206512
DEE0C,2012,203785
DEE0C,2013,201210
DEE0C,2014,198715
DEE0C,2015,196750
DEE0C,2016,196695
DEE0C,2017,194575
DEE0C,2018,192739
DEE0C,2019,190560
DEE0C,2020,189125
DEE0C,2021,187457
DEE0C,2022,185495
DEE0C,2023,183727
DEE0C,2024,182296
DEE0D,2000,142536
DEE0D,2001,140604
DEE0D,2002,139242
DEE0D,2003,137054
DEE0D,2004,134875
DEE0D,2005,132706
DEE0D,2006,130547
DEE0D,2007,128397
DEE0D,2008,126257
DEE0D,2009,124127
DEE0D,2010,122007
DEE0D,2011,119896
DEE0D,2012,118268
DEE0D,2013,116666
DEE0D,2014,115471
DEE0D,2015,114668
DEE0D,2016,115262
DEE0D,2017,114393
DEE0D,2018,113186
DEE0D,2019,111982
DEE0D,2020,111190
DEE0D,2021,110485
DEE0D,2022,109746
DEE0D,2023,107462
DEE0D,2024,106793
DEE0E,2000,160924
DEE0E,2001,158893
DEE0E,2002,156007
DEE0E,2003,153491
DEE0E,2004,150987
DEE0E,2005,148494
DEE0E,2006,146013
DEE0E,2007,143542
DEE0E,2008,141083
DEE0E,2009,138636
DEE0E,2010,136199
DEE0E,2011,133774
DEE0E,2012,132154
DEE0E,2013,130699
DEE0E,2014,129438
DEE0E,2015,128721
DEE0E,2016,128447
DEE0E,2017,127449
DEE0E,2018,126815
DEE0E,2019,125840
DEE0E,2020,124953
DEE0E,2021,124185
DEE0E,2022,123341
DEE0E,2023,122808
DEE0E,2024,122230
DEF01,2000,84449
DEF01,2001,84281
DEF01,2002,84074
DEF01,2003,83866
DEF01,2004,83659
DEF01,2005,83451
DEF01,2006,83244
DEF01,2007,83036
DEF01,2008,82829
DEF01,2009,82621
DEF01,2010,82414
DEF01,2011,82206
DEF01,2012,82801
DEF01,2013,83462
DEF01,2014,83971
DEF01,2015,84694
DEF01,2016,85942
DEF01,2017,87432
DEF01,2018,88519
DEF01,2019,89504
DEF01,2020,90164
DEF01,2021,89934
DEF01,2022,91113
DEF01,2023,96217
DEF01,2024,96431
DEF02,2000,233795
DEF02,2001,232612
DEF02,2002,232914
DEF02,2003,233212
DEF02,2004,233505
DEF02,2005,233794
DEF02,2006,234079
DEF02,2007,234359
DEF02,2008,234635
DEF02,2009,234907
DEF02,2010,235174
DEF02,2011,235437
DEF02,2012,237667
DEF02,2013,239866
DEF02,2014,241533
DEF02,2015,243148
DEF02,2016,246306
DEF02,2017,247441
DEF02,2018,247943
DEF02,2019,247548
DEF02,2020,246794
DEF02,2021,246601
DEF02,2022,246243
DEF02,2023,250064
DEF02,2024,251751
DEF03,2000,213326
DEF03,2001,213399
DEF03,2002,213097
DEF03,2003,212793
DEF03,2004,212489
DEF03,2005,212183
DEF03,2006,211876
DEF03,2007,211568
DEF03,2008,211259
DEF03,2009,210949
DEF03,2010,210637
DEF03,2011,210325
DEF03,2012,210679
DEF03,2013,211713
DEF03,2014,212958
DEF03,2015,214420
DEF03,2016,216253
DEF03,2017,216712
DEF03,2018,216318
DEF03,2019,217198
DEF03,2020,216530
DEF03,2021,215846
DEF03,2022,216277
DEF03,2023,216097
DEF03,2024,217061
DEF04,2000,80243
DEF04,2001,79831
DEF04,2002,79574
DEF04,2003,79317
DEF04,2004,79061
DEF04,2005,78805
DEF04,2006,78549
DEF04,2007,78294
DEF04,2008,78039
DEF04,2009,77784
DEF04,2010,77529
DEF04,2011,77275
DEF04,2012,77201
DEF04,2013,76951
DEF04,2014,77058
DEF04,2015,77588
DEF04,2016,79197
DEF04,2017,79680
DEF04,2018,79335
DEF04,2019,79487
DEF04,2020,80196
DEF04,2021,79905
DEF04,2022,79496
DEF04,2023,78858
DEF04,2024,79461
DEF05,2000,136920
DEF05,2001,137174
DEF05,2002,136876
DEF05,2003,136578
DEF05,2004,136280
DEF05,2005,135982
DEF05,2006,135684
DEF05,2007,135385
DEF05,2008,135086
DEF05,2009,134787
DEF05,2010,134488
DEF05,2011,134188
DEF05,2012,133487
DEF05,2013,132965
DEF05,2014,132665
DEF05,2015,132685
DEF05,2016,132917
DEF05,2017,133560
DEF05,2018,133447
DEF05,2019,133210
DEF05,2020,133193
DEF05,2021,133251
DEF05,2022,133969
DEF05,2023,133104
DEF05,2024,133514
DEF06,2000,177703
DEF06,2001,179848
DEF06,2002,180583
DEF06,2003,181313
DEF06,2004,182037
DEF06,2005,182755
DEF06,2006,183467
DEF06,2007,184173
DEF06,2008,184873
DEF06,2009,185568
DEF06,2010,186256
DEF06,2011,186939
DEF06,2012,187296
DEF06,2013,187905
DEF06,2014,189043
DEF06,2015,190703
DEF06,2016,192999
DEF06,2017,195063
DEF06,2018,196074
DEF06,2019,197264
DEF06,2020,198019
DEF06,2021,199152
DEF06,2022,200819
DEF06,2023,204237
DEF06,2024,205445
DEF07,2000,163974
DEF07,2001,164280
DEF07,2002,164212
DEF07,2003,164143
DEF07,2004,164071
DEF07,2005,163999
DEF07,2006,163924
DEF07,2007,163848
DEF07,2008,163770
DEF07,2009,163690
DEF07,2010,163609
DEF07,2011,163526
DEF07,2012,163029
DEF07,2013,162237
DEF07,2014,161923
DEF07,2015,162203
DEF07,2016,163960
DEF07,2017,164926
DEF07,2018,165462
DEF07,2019,165507
DEF07,2020,165951
DEF07,2021,167147
DEF07,2022,167560
DEF07,2023,168886
DEF07,2024,170048
DEF08,2000,201400
DEF08,2001,202247
DEF08,2002,201890
DEF08,2003,201533
DEF08,2004,201174
DEF08,2005,200815
DEF08,2006,200455
DEF08,2007,200095
DEF08,2008,199734
DEF08,2009,199372
DEF08,2010,199009
DEF08,2011,198646
DEF08,2012,197960
DEF08,2013,197882
DEF08,2014,197835
DEF08,2015,198355
DEF08,2016,199574
DEF08,2017,200813
DEF08,2018,200584
DEF08,2019,200581
DEF08,2020,200539
DEF08,2021,201487
DEF08,2022,202014
DEF08,2023,200802
DEF08,2024,201529
DEF09,2000,289557
DEF09,2001,291609
DEF09,2002,292064
DEF09,2003,292508
DEF09,2004,292949
DEF09,2005,293385
DEF09,2006,293815
DEF09,2007,294238
DEF09,2008,294654
DEF09,2009,295067
DEF09,2010,295473
DEF09,2011,295873
DEF09,2012,297307
DEF09,2013,298826
DEF09,2014,301223
DEF09,2015,304087
DEF09,2016,307471
DEF09,2017,310653
DEF09,2018,312662
DEF09,2019,314391
DEF09,2020,316103
DEF09,2021,317085
DEF09,2022,318326
DEF09,2023,321849
DEF09,2024,323762
DEF0A,2000,131960
DEF0A,2001,132895
DEF0A,2002,132405
DEF0A,2003,131915
DEF0A,2004,131427
DEF0A,2005,130939
DEF0A,2006,130451
DEF0A,2007,129965
DEF0A,2008,129480
DEF0A,2009,128995
DEF0A,2010,128511
DEF0A,2011,128028
DEF0A,2012,127212
DEF0A,2013,126721
DEF0A,2014,126643
DEF0A,2015,126865
DEF0A,2016,128304
DEF0A,2017,128703
DEF0A,2018,128842
DEF0A,2019,128647
DEF0A,2020,128686
DEF0A,2021,129353
DEF0A,2022,129687
DEF0A,2023,130494
DEF0A,2024,130635
DEF0B,2000,268220
DEF0B,2001,270110
DEF0B,2002,270069
DEF0B,2003,270026
DEF0B,2004,269979
DEF0B,2005,269929
DEF0B,2006,269875
DEF0B,2007,269819
DEF0B,2008,269760
DEF0B,2009,269697
DEF0B,2010,269632
DEF0B,2011,269563
DEF0B,2012,268846
DEF0B,2013,268058
DEF0B,2014,268075
DEF0B,2015,268628
DEF0B,2016,270378
DEF0B,2017,272337
DEF0B,2018,273022
DEF0B,2019,272775
DEF0B,2020,274098
DEF0B,2021,274765
DEF0B,2022,276053
DEF0B,2023,276964
DEF0B,2024,277888
DEF0C,2000,196416
DEF0C,2001,197754
DEF0C,2002,197617
DEF0C,2003,197479
DEF0C,2004,197339
DEF0C,2005,197197
DEF0C,2006,197053
DEF0C,2007,196908
DEF0C,2008,196761
DEF0C,2009,196612
DEF0C,2010,196461
DEF0C,2011,196309
DEF0C,2012,195721
DEF0C,2013,194911
DEF0C,2014,195135
DEF0C,2015,195593
DEF0C,2016,196839
DEF0C,2017,198685
DEF0C,2018,199503
DEF0C,2019,200025
DEF0C,2020,201156
DEF0C,2021,202647
DEF0C,2022,203799
DEF0C,2023,204255
DEF0C,2024,204761
DEF0D,2000,247611
DEF0D,2001,250112
DEF0D,2002,251187
DEF0D,2003,252255
DEF0D,2004,253313
DEF0D,2005,254363
DEF0D,2006,255405
DEF0D,2007,256439
DEF0D,2008,257464
DEF0D,2009,258480
DEF0D,2010,259488
DEF0D,2011,260488
DEF0D,2012,261141
DEF0D,2013,261988
DEF0D,2014,263202
DEF0D,2015,264972
DEF0D,2016,267503
DEF0D,2017,272235
DEF0D,2018,274025
DEF0D,2019,276032
DEF0D,2020,277175
DEF0D,2021,278007
DEF0D,2022,280400
DEF0D,2023,279922
DEF0D,2024,282268
DEF0E,2000,135798
DEF0E,2001,136027
DEF0E,2002,135536
DEF0E,2003,135047
DEF0E,2004,134558
DEF0E,2005,134069
DEF0E,2006,133582
DEF0E,2007,133095
DEF0E,2008,132609
DEF0E,2009,132124
DEF0E,2010,131640
DEF0E,2011,131156
DEF0E,2012,130543
DEF0E,2013,130135
DEF0E,2014,130017
DEF0E,2015,130218
DEF0E,2016,131457
DEF0E,2017,131875
DEF0E,2018,131613
DEF0E,2019,131347
DEF0E,2020,131013
DEF0E,2021,130706
DEF0E,2022,130843
DEF0E,2023,131712
DEF0E,2024,132447
DEF0F,2000,215903
DEF0F,2001,217582
DEF0F,2002,218882
DEF0F,2003,220174
DEF0F,2004,221456
DEF0F,2005,222729
DEF0F,2006,223993
DEF0F,2007,225247
DEF0F,2008,226493
DEF0F,2009,227729
DEF0F,2010,228957
DEF0F,2011,230175
DEF0F,2012,231376
DEF0F,2013,232911
DEF0F,2014,234674
DEF0F,2015,236705
DEF0F,2016,239614
DEF0F,2017,241811
DEF0F,2018,242472
DEF0F,2019,243196
DEF0F,2020,244156
DEF0F,2021,244989
DEF0F,2022,245406
DEF0F,2023,245822
DEF0F,2024,246201
DEG01,2000,201267
DEG01,2001,200564
DEG01,2002,200581
DEG01,2003,200599
DEG01,2004,200617
DEG01,2005,200625
DEG01,2006,200632
DEG01,2007,200641
DEG01,2008,200643
DEG01,2009,200644
DEG01,2010,200643
DEG01,2011,200638
DEG01,2012,201952
DEG01,2013,203485
DEG01,2014,204880
DEG01,2015,206219
DEG01,2016,210118
DEG01,2017,211113
DEG01,2018,212988
DEG01,2019,213699
DEG01,2020,213981
DEG01,2021,213692
DEG01,2022,213227
DEG01,2023,218769
DEG01,2024,219549
DEG02,2000,114718
DEG02,2001,112835
DEG02,2002,111147
DEG02,2003,109466
DEG02,2004,107792
DEG02,2005,106125
DEG02,2006,104465
DEG02,2007,102812
DEG02,2008,101166
DEG02,2009,99527
DEG02,2010,97895
DEG02,2011,96270
DEG02,2012,95746
DEG02,2013,95384
DEG02,2014,94977
DEG02,2015,94492
DEG02,2016,96011
DEG02,2017,94750
DEG02,2018,94859
DEG02,2019,94152
DEG02,2020,93125
DEG02,2021,92126
DEG02,2022,91368
DEG02,2023,94454
DEG02,2024,95695
DEG03,2000,99779
DEG03,2001,99893
DEG03,2002,100526
DEG03,2003,101155
DEG03,2004,101779
DEG03,2005,102399
DEG03,2006,103015
DEG03,2007,103626
DEG03,2008,104233
DEG03,2009,104836
DEG03,2010,105434
DEG03,2011,106028
DEG03,2012,106428
DEG03,2013,106915
DEG03,2014,107679
DEG03,2015,108207
DEG03,2016,109527
DEG03,2017,110321
DEG03,2018,111099
DEG03,2019,111407
DEG03,2020,111343
DEG03,2021,110731
DEG03,2022,110502
DEG03,2023,110470
DEG03,2024,110076
DEG05,2000,62452
DEG05,2001,62425
DEG05,2002,62469
DEG05,2003,62511
DEG05,2004,62553
DEG05,2005,62593
DEG05,2006,62633
DEG05,2007,62671
DEG05,2008,62709
DEG05,2009,62746
DEG05,2010,62781
DEG05,2011,62816
DEG05,2012,62886
DEG05,2013,63236
DEG05,2014,63315
DEG05,2015,63477
DEG05,2016,64131
DEG05,2017,64355
DEG05,2018,64426
DEG05,2019,65090
DEG05,2020,65228
DEG05,2021,65098
DEG05,2022,65138
DEG05,2023,65507
DEG05,2024,65528
DEG06,2000,114718
DEG06,2001,114109
DEG06,2002,112934
DEG06,2003,111763
DEG06,2004,110596
DEG06,2005,109434
DEG06,2006,108277
DEG06,2007,107123
DEG06,2008,105975
DEG06,2009,104830
DEG06,2010,103690
DEG06,2011,102555
DEG06,2012,101906
DEG06,2013,101312
DEG06,2014,100951
DEG06,2015,100730
DEG06,2016,101325
DEG06,2017,101033
DEG06,2018,100645
DEG06,2019,100380
DEG06,2020,100006
DEG06,2021,99463
DEG06,2022,99324
DEG06,2023,99358
DEG06,2024,102699
DEG07,2000,99355
DEG07,2001,98609
DEG07,2002,97482
DEG07,2003,96359
DEG07,2004,95241
DEG07,2005,94127
DEG07,2006,93017
DEG07,2007,91912
DEG07,2008,90811
DEG07,2009,89715
DEG07,2010,88623
DEG07,2011,87535
DEG07,2012,86734
DEG07,2013,85921
DEG07,2014,85380
DEG07,2015,85055
DEG07,2016,85355
DEG07,2017,85098
DEG07,2018,84697
DEG07,2019,83822
DEG07,2020,83416
DEG07,2021,82456
DEG07,2022,81687
DEG07,2023,81811
DEG07,2024,81502
DEG09,2000,120643
DEG09,2001,119504
DEG09,2002,118171
DEG09,2003,116842
DEG09,2004,115519
DEG09,2005,114201
DEG09,2006,112888
DEG09,2007,111580
DEG09,2008,110278
DEG09,2009,108980
DEG09,2010,107688
DEG09,2011,106401
DEG09,2012,105683
DEG09,2013,104947
DEG09,2014,104245
DEG09,2015,103922
DEG09,2016,105273
DEG09,2017,103948
DEG09,2018,103504
DEG09,2019,102912
DEG09,2020,102232
DEG09,2021,101698
DEG09,2022,101269
DEG09,2023,100435
DEG09,2024,96458
DEG0A,2000,95290
DEG0A,2001,94343
DEG0A,2002,92927
DEG0A,2003,91516
DEG0A,2004,90111
DEG0A,2005,88713
DEG0A,2006,87320
DEG0A,2007,85932
DEG0A,2008,84551
DEG0A,2009,83176
DEG0A,2010,81807
DEG0A,2011,80443
DEG0A,2012,79464
DEG0A,2013,78618
DEG0A,2014,77656
DEG0A,2015,77148
DEG0A,2016,77110
DEG0A,2017,76685
DEG0A,2018,75818
DEG0A,2019,75009
DEG0A,2020,74212
DEG0A,2021,73522
DEG0A,2022,72964
DEG0A,2023,73022
DEG0A,2024,72556
DEG0C,2000,149491
DEG0C,2001,148527
DEG0C,2002,147327
DEG0C,2003,146132
DEG0C,2004,144940
DEG0C,2005,143753
DEG0C,2006,142570
DEG0C,2007,141391
DEG0C,2008,140216
DEG0C,2009,139045
DEG0C,2010,137879
DEG0C,2011,136716
DEG0C,2012,135986
DEG0C,2013,135376
DEG0C,2014,135155
DEG0C,2015,135381
DEG0C,2016,136831
DEG0C,2017,135430
DEG0C,2018,135521
DEG0C,2019,135452
DEG0C,2020,134908
DEG0C,2021,134563
DEG0C,2022,133825
DEG0C,2023,137321
DEG0C,2024,136933
DEG0D,2000,81884
DEG0D,2001,81204
DEG0D,2002,80273
DEG0D,2003,79346
DEG0D,2004,78423
DEG0D,2005,77503
DEG0D,2006,76587
DEG0D,2007,75674
DEG0D,2008,74765
DEG0D,2009,73860
DEG0D,2010,72958
DEG0D,2011,72060
DEG0D,2012,71544
DEG0D,2013,71005
DEG0D,2014,70833
DEG0D,2015,70537
DEG0D,2016,70600
DEG0D,2017,70118
DEG0D,2018,70027
DEG0D,2019,69655
DEG0D,2020,69427
DEG0D,2021,69107
DEG0D,2022,68717
DEG0D,2023,68325
DEG0D,2024,68109
DEG0E,2000,74167
DEG0E,2001,73839
DEG0E,2002,73113
DEG0E,2003,72390
DEG0E,2004,71669
DEG0E,2005,70951
DEG0E,2006,70236
DEG0E,2007,69524
DEG0E,2008,68814
DEG0E,2009,68107
DEG0E,2010,67403
DEG0E,2011,66701
DEG0E,2012,66007
DEG0E,2013,65540
DEG0E,2014,65032
DEG0E,2015,64673
DEG0E,2016,64524
DEG0E,2017,64330
DEG0E,2018,63923
DEG0E,2019,63553
DEG0E,2020,63197
DEG0E,2021,62656
DEG0E,2022,62089
DEG0E,2023,61271
DEG0E,2024,60691
DEG0G,2000,91937
DEG0G,2001,91443
DEG0G,2002,90568
DEG0G,2003,89696
DEG0G,2004,88827
DEG0G,2005,87962
DEG0G,2006,87100
DEG0G,2007,86241
DEG0G,2008,85385
DEG0G,2009,84532
DEG0G,2010,83683
DEG0G,2011,82837
DEG0G,2012,82458
DEG0G,2013,82016
DEG0G,2014,81704
DEG0G,2015,81641
DEG0G,2016,82127
DEG0G,2017,82316
DEG0G,2018,82131
DEG0G,2019,81947
DEG0G,2020,82156
DEG0G,2021,82291
DEG0G,2022,82103
DEG0G,2023,83148
DEG0G,2024,82868
DEG0J,2000,93679
DEG0J,2001,93929
DEG0J,2002,93042
DEG0J,2003,92159
DEG0J,2004,91278
DEG0J,2005,90401
DEG0J,2006,89527
DEG0J,2007,88657
DEG0J,2008,87789
DEG0J,2009,86925
DEG0J,2010,86065
DEG0J,2011,85207
DEG0J,2012,84677
DEG0J,2013,84282
DEG0J,2014,84001
DEG0J,2015,83966
DEG0J,2016,86184
DEG0J,2017,84525
DEG0J,2018,82990
DEG0J,2019,83051
DEG0J,2020,82950
DEG0J,2021,82816
DEG0J,2022,82513
DEG0J,2023,83595
DEG0J,2024,84040
DEG0K,2000,99651
DEG0K,2001,98592
DEG0K,2002,97325
DEG0K,2003,96063
DEG0K,2004,94806
DEG0K,2005,93555
DEG0K,2006,92308
DEG0K,2007,91066
DEG0K,2008,89830
DEG0K,2009,88599
DEG0K,2010,87372
DEG0K,2011,86151
DEG0K,2012,85259
DEG0K,2013,84435
DEG0K,2014,83654
DEG0K,2015,82887
DEG0K,2016,82951
DEG0K,2017,82362
DEG0K,2018,81501
DEG0K,2019,80868
DEG0K,2020,80312
DEG0K,2021,79632
DEG0K,2022,79030
DEG0K,2023,78404
DEG0K,2024,77859
DEG0L,2000,125156
DEG0L,2001,123869
DEG0L,2002,122048
DEG0L,2003,120234
DEG0L,2004,118427
DEG0L,2005,116628
DEG0L,2006,114837
DEG0L,2007,113053
DEG0L,2008,111277
DEG0L,2009,109508
DEG0L,2010,107747
DEG0L,2011,105993
DEG0L,2012,104464
DEG0L,2013,103297
DEG0L,2014,102167
DEG0L,2015,101382
DEG0L,2016,101114
DEG0L,2017,99717
DEG0L,2018,99275
DEG0L,2019,98159
DEG0L,2020,97398
DEG0L,2021,96668
DEG0L,2022,96102
DEG0L,2023,95281
DEG0L,2024,94488
DEG0M,2000,115689
DEG0M,2001,114200
DEG0M,2002,112468
DEG0M,2003,110743
DEG0M,2004,109025
DEG0M,2005,107315
DEG0M,2006,105612
DEG0M,2007,103915
DEG0M,2008,102227
DEG0M,2009,100545
DEG0M,2010,98870
DEG0M,2011,97203
DEG0M,2012,95829
DEG0M,2013,94749
DEG0M,2014,93605
DEG0M,2015,92705
DEG0M,2016,92344
DEG0M,2017,91607
DEG0M,2018,90650
DEG0M,2019,90118
DEG0M,2020,89393
DEG0M,2021,88356
DEG0M,2022,87807
DEG0M,2023,88034
DEG0M,2024,87955
DEG0Q,2000,144546
DEG0Q,2001,143702
DEG0Q,2002,142127
DEG0Q,2003,140557
DEG0Q,2004,138994
DEG0Q,2005,137437
DEG0Q,2006,135886
DEG0Q,2007,134341
DEG0Q,2008,132802
DEG0Q,2009,131269
DEG0Q,2010,129742
DEG0Q,2011,128221
DEG0Q,2012,127042
DEG0Q,2013,126208
DEG0Q,2014,125574
DEG0Q,2015,125056
DEG0Q,2016,124623
DEG0Q,2017,123506
DEG0Q,2018,122952
DEG0Q,2019,122347
DEG0Q,2020,124916
DEG0Q,2021,124241
DEG0Q,2022,123404
DEG0Q,2023,121791
DEG0Q,2024,121151
DEG0R,2000,190211
DEG0R,2001,189119
DEG0R,2002,187270
DEG0R,2003,185428
DEG0R,2004,183593
DEG0R,2005,181765
DEG0R,2006,179944
DEG0R,2007,178129
DEG0R,2008,176322
DEG0R,2009,174521
DEG0R,2010,172727
DEG0R,2011,170940
DEG0R,2012,169813
DEG0R,2013,168971
DEG0R,2014,167850
DEG0R,2015,167719
DEG0R,2016,168072
DEG0R,2017,167317
DEG0R,2018,166474
DEG0R,2019,165395
DEG0R,2020,161224
DEG0R,2021,159937
DEG0R,2022,158900
DEG0R,2023,156566
DEG0R,2024,156334
DEG0S,2000,49206
DEG0S,2001,48025
DEG0S,2002,46912
DEG0S,2003,45805
DEG0S,2004,44702
DEG0S,2005,43604
DEG0S,2006,42511
DEG0S,2007,41423
DEG0S,2008,40340
DEG0S,2009,39262
DEG0S,2010,38189
DEG0S,2011,37121
DEG0S,2012,36570
DEG0S,2013,35967
DEG0S,2014,35665
DEG0S,2015,36208
DEG0S,2016,36778
DEG0S,2017,35608
DEG0S,2018,35166
DEG0S,2019,34835
DEG0S,2020,36789
DEG0S,2021,36395
DEG0S,2022,36054
DEG0S,2023,36325
DEG0S,2024,36307
DEG0T,2000,122513
DEG0T,2001,121806
DEG0T,2002,120679
DEG0T,2003,119556
DEG0T,2004,118437
DEG0T,2005,117323
DEG0T,2006,116212
DEG0T,2007,115106
DEG0T,2008,114003
DEG0T,2009,112905
DEG0T,2010,111811
DEG0T,2011,110721
DEG0T,2012,110135
DEG0T,2013,109531
DEG0T,2014,108958
DEG0T,2015,108899
DEG0T,2016,109620
DEG0T,2017,109167
DEG0T,2018,108830
DEG0T,2019,108742
DEG0T,2020,106249
DEG0T,2021,105606
DEG0T,2022,105367
DEG0T,2023,106975
DEG0T,2024,107002
DEG0U,2000,134307
DEG0U,2001,132885
DEG0U,2002,130924
DEG0U,2003,128971
DEG0U,2004,127026
DEG0U,2005,125089
DEG0U,2006,123160
DEG0U,2007,121240
DEG0U,2008,119327
DEG0U,2009,117423
DEG0U,2010,115526
DEG0U,2011,113638
DEG0U,2012,112555
DEG0U,2013,111463
DEG0U,2014,110307
DEG0U,2015,109646
DEG0U,2016,109278
DEG0U,2017,108315
DEG0U,2018,107368
DEG0U,2019,106356
DEG0U,2020,103199
DEG0U,2021,102139
DEG0U,2022,100969
DEG0U,2023,101556
DEG0U,2024,101111
DEG0V,2000,68423
DEG0V,2001,67833
DEG0V,2002,66949
DEG0V,2003,66068
DEG0V,2004,65190
DEG0V,2005,64317
DEG0V,2006,63447
DEG0V,2007,62580
DEG0V,2008,61717
DEG0V,2009,60857
DEG0V,2010,60001
DEG0V,2011,59149
DEG0V,2012,58465
DEG0V,2013,57802
DEG0V,2014,57252
DEG0V,2015,56809
DEG0V,2016,56818
DEG0V,2017,56507
DEG0V,2018,56361
DEG0V,2019,56196
DEG0V,2020,57717
DEG0V,2021,57044
DEG0V,2022,56504
DEG0V,2023,56412
DEG0V,2024,55959
DK,2000,5330020
DK,2001,5349212
DK,2002,5368354
DK,2003,5383507
DK,2004,5397640
DK,2005,5411405
DK,2006,5427459
DK,2007,5447084
DK,2008,5475791
DK,2009,5511451
DK,2010,5534738
DK,2011,5560628
DK,2012,5580516
DK,2013,5602628
DK,2014,5627235
DK,2015,5659715
DK,2016,5707251
DK,2017,5748769
DK,2018,5781190
DK,2019,5806081
DK,2020,5822763
DK,2021,5840045
DK,2022,5873420
DK,2023,5932654
DK,2024,5961249
DK011,2000,638667
DK011,2001,642585
DK011,2002,643989
DK011,2003,644908
DK011,2004,645701
DK011,2005,646444
DK011,2006,647457
DK011,2007,648889
DK011,2008,656582
DK011,2009,667228
DK011,2010,678873
DK011,2011,692876
DK011,2012,704108
DK011,2013,716958
DK011,2014,728243
DK011,2015,739977
DK011,2016,752964
DK011,2017,764816
DK011,2018,775033
DK011,2019,784618
DK011,2020,794128
DK011,2021,799033
DK011,2022,805402
DK011,2023,815979
DK011,2024,822733
DK012,2000,502069
DK012,2001,503031
DK012,2002,503381
DK012,2003,503348
DK012,2004,503211
DK012,2005,503033
DK012,2006,503059
DK012,2007,503407
DK012,2008,504481
DK012,2009,508183
DK012,2010,512692
DK012,2011,516751
DK012,2012,520784
DK012,2013,525393
DK012,2014,530612
DK012,2015,535355
DK012,2016,539241
DK012,2017,542601
DK012,2018,546059
DK012,2019,547534
DK012,2020,548370
DK012,2021,550504
DK012,2022,553622
DK012,2023,562572
DK012,2024,572774
DK013,2000,425169
DK013,2001,427872
DK013,2002,430326
DK013,2003,432466
DK013,2004,434529
DK013,2005,436567
DK013,2006,438795
DK013,2007,441318
DK013,2008,441849
DK013,2009,444215
DK013,2010,446451
DK013,2011,447864
DK013,2012,448291
DK013,2013,448910
DK013,2014,450245
DK013,2015,452874
DK013,2016,457122
DK013,2017,460214
DK013,2018,461852
DK013,2019,463748
DK013,2020,463942
DK013,2021,465887
DK013,2022,469286
DK013,2023,473625
DK013,2024,476137
DK014,2000,44303
DK014,2001,44126
DK014,2002,43989
DK014,2003,43816
DK014,2004,43634
DK014,2005,43448
DK014,2006,43278
DK014,2007,43135
DK014,2008,42913
DK014,2009,42659
DK014,2010,42255
DK014,2011,41896
DK014,2012,41406
DK014,2013,40807
DK014,2014,40305
DK014,2015,39919
DK014,2016,39847
DK014,2017,39773
DK014,2018,39715
DK014,2019,39662
DK014,2020,39583
DK014,2021,39660
DK014,2022,39638
DK014,2023,39695
DK014,2024,39423
DK021,2000,221732
DK021,2001,223073
DK021,2002,224700
DK021,2003,226165
DK021,2004,227592
DK021,2005,229008
DK021,2006,230526
DK021,2007,232200
DK021,2008,232459
DK021,2009,233605
DK021,2010,234574
DK021,2011,235519
DK021,2012,236429
DK021,2013,237351
DK021,2014,239016
DK021,2015,241870
DK021,2016,244698
DK021,2017,246594
DK021,2018,247774
DK021,2019,249359
DK021,2020,250702
DK021,2021,252492
DK021,2022,254400
DK021,2023,257557
DK021,2024,259862
DK022,2000,565189
DK022,2001,566673
DK022,2002,569830
DK022,2003,572572
DK022,2004,575210
DK022,2005,577816
DK022,2006,580672
DK022,2007,583918
DK022,2008,586968
DK022,2009,587647
DK022,2010,585990
DK022,2011,584244
DK022,2012,581478
DK022,2013,579008
DK022,2014,577710
DK022,2015,578610
DK022,2016,582801
DK022,2017,585959
DK022,2018,587250
DK022,2019,587379
DK022,2020,586657
DK022,2021,586348
DK022,2022,589113
DK022,2023,592300
DK022,2024,593091
DK031,2000,471106
DK031,2001,472067
DK031,2002,473742
DK031,2003,475064
DK031,2004,476297
DK031,2005,477497
DK031,2006,478899
DK031,2007,480616
DK031,2008,482410
DK031,2009,484346
DK031,2010,484862
DK031,2011,484969
DK031,2012,485190
DK031,2013,485672
DK031,2014,486709
DK031,2015,488578
DK031,2016,491474
DK031,2017,494049
DK031,2018,496243
DK031,2019,498481
DK031,2020,498506
DK031,2021,499419
DK031,2022,501782
DK031,2023,505026
DK031,2024,505817
DK032,2000,700024
DK032,2001,701946
DK032,2002,703540
DK032,2003,704605
DK032,2004,705532
DK032,2005,706406
DK032,2006,707574
DK032,2007,709201
DK032,2008,712249
DK032,2009,715321
DK032,2010,715415
DK032,2011,715687
DK032,2012,716152
DK032,2013,715747
DK032,2014,715800
DK032,2015,717150
DK032,2016,720296
DK032,2017,723175
DK032,2018,724520
DK032,2019,724867
DK032,2020,724599
DK032,2021,724215
DK032,2022,726580
DK032,2023,732387
DK032,2024,732589
DK041,2000,416567
DK041,2001,417554
DK041,2002,418614
DK041,2003,419360
DK041,2004,420024
DK041,2005,420658
DK041,2006,421467
DK041,2007,422550
DK041,2008,424668
DK041,2009,427174
DK041,2010,427075
DK041,2011,426880
DK041,2012,426972
DK041,2013,426539
DK041,2014,425769
DK041,2015,425720
DK041,2016,427479
DK041,2017,429169
DK041,2018,430232
DK041,2019,430111
DK041,2020,429211
DK041,2021,428074
DK041,2022,427996
DK041,2023,430783
DK041,2024,429734
DK042,2000,767875
DK042,2001,772309
DK042,2002,778101
DK042,2003,783336
DK042,2004,788438
DK042,2005,793501
DK042,2006,798916
DK042,2007,804878
DK042,2008,812373
DK042,2009,820558
DK042,2010,826923
DK042,2011,834113
DK042,2012,839710
DK042,2013,845971
DK042,2014,851769
DK042,2015,857030
DK042,2016,865830
DK042,2017,875084
DK042,2018,883364
DK042,2019,890567
DK042,2020,897129
DK042,2021,903974
DK042,2022,913861
DK042,2023,928096
DK042,2024,935954
DK050,2000,577319
DK050,2001,577976
DK050,2002,578142
DK050,2003,577867
DK050,2004,577472
DK050,2005,577027
DK050,2006,576816
DK050,2007,576972
DK050,2008,578839
DK050,2009,580515
DK050,2010,579628
DK050,2011,579829
DK050,2012,579996
DK050,2013,580272
DK050,2014,581057
DK050,2015,582632
DK050,2016,585499
DK050,2017,587335
DK050,2018,589148
DK050,2019,589755
DK050,2020,589936
DK050,2021,590439
DK050,2022,591740
DK050,2023,594634
DK050,2024,593135
EE,2000,1401250
EE,2001,1392720
EE,2002,1383510
EE,2003,1375190
EE,2004,1366250
EE,2005,1358850
EE,2006,1350700
EE,2007,1342920
EE,2008,1338440
EE,2009,1335740
EE,2010,1333290
EE,2011,1329660
EE,2012,1325217
EE,2013,1320169
EE,2014,1315819
EE,2015,1313271
EE,2016,1315944
EE,2017,1315635
EE,2018,1319133
EE,2019,1324820
EE,2020,1328889
EE,2021,1330068
EE,2022,1331796
EE,2023,1365884
EE,2024,1374687
EE001,2000,536470
EE001,2001,533710
EE001,2002,532800
EE001,2003,533820
EE001,2004,536830
EE001,2005,540730
EE001,2006,542030
EE001,2007,544170
EE001,2008,547840
EE001,2009,552060
EE001,2010,556650
EE001,2011,562230
EE001,2012,566741
EE001,2013,567963
EE001,2014,572103
EE001,2015,575554
EE001,2016,577789
EE001,2017,583028
EE001,2018,590981
EE001,2019,598772
EE001,2020,607099
EE001,2021,613158
EE001,2022,614561
EE001,2023,638076
EE001,2024,646315
EE004,2000,168480
EE004,2001,167340
EE004,2002,165670
EE004,2003,163890
EE004,2004,161700
EE004,2005,159740
EE004,2006,158370
EE004,2007,156850
EE004,2008,155600
EE004,2009,154440
EE004,2010,153230
EE004,2011,151330
EE004,2012,149577
EE004,2013,148752
EE004,2014,147497
EE004,2015,146759
EE004,2016,150456
EE004,2017,149658
EE004,2018,149020
EE004,2019,149082
EE004,2020,149027
EE004,2021,148458
EE004,2022,145721
EE004,2023,148499
EE004,2024,148955
EE008,2000,364550
EE008,2001,363040
EE008,2002,360800
EE008,2003,358020
EE008,2004,353010
EE008,2005,348410
EE008,2006,344250
EE008,2007,340050
EE008,2008,337290
EE008,2009,335100
EE008,2010,332820
EE008,2011,330210
EE008,2012,327322
EE008,2013,327049
EE008,2014,324022
EE008,2015,321716
EE008,2016,318843
EE008,2017,317454
EE008,2018,317115
EE008,2019,317539
EE008,2020,316186
EE008,2021,315204
EE008,2022,316847
EE008,2023,322233
EE008,2024,323265
EE009,2000,147900
EE009,2001,147120
EE009,2002,146030
EE009,2003,144440
EE009,2004,142260
EE009,2005,139880
EE009,2006,138080
EE009,2007,136310
EE009,2008,134660
EE009,2009,133300
EE009,2010,131790
EE009,2011,129780
EE009,2012,127861
EE009,2013,128287
EE009,2014,126391
EE009,2015,125222
EE009,2016,125922
EE009,2017,124984
EE009,2018,123751
EE009,2019,123009
EE009,2020,122318
EE009,2021,121335
EE009,2022,121931
EE009,2023,123718
EE009,2024,123866
EE00A,2000,183850
EE00A,2001,181510
EE00A,2002,178210
EE00A,2003,175020
EE00A,2004,172450
EE00A,2005,170090
EE00A,2006,167970
EE00A,2007,165540
EE00A,2008,163050
EE00A,2009,160840
EE00A,2010,158800
EE00A,2011,156110
EE00A,2012,153716
EE00A,2013,148118
EE00A,2014,145806
EE00A,2015,144020
EE00A,2016,142934
EE00A,2017,140511
EE00A,2018,138266
EE00A,2019,136418
EE00A,2020,134259
EE00A,2021,131913
EE00A,2022,132736
EE00A,2023,133358
EE00A,2024,132286
EL,2000,10775627
EL,2001,10835989
EL,2002,10888274
EL,2003,10915770
EL,2004,10940369
EL,2005,10969912
EL,2006,11004716
EL,2007,11036008
EL,2008,11060937
EL,2009,11094745
EL,2010,11119289
EL,2011,11123392
EL,2012,11072725
EL,2013,10980006
EL,2014,10894294
EL,2015,10818041
EL,2016,10735415
EL,2017,10707527
EL,2018,10667336
EL,2019,10635213
EL,2020,10612591
EL,2021,10555344
EL,2022,10461627
EL,2023,10401868
EL,2024,10375764
EL301,2000,576752
EL301,2001,583217
EL301,2002,586065
EL301,2003,591910
EL301,2004,596957
EL301,2005,601740
EL301,2006,606545
EL301,2007,610082
EL301,2008,613000
EL301,2009,615895
EL301,2010,617820
EL301,2011,617596
EL301,2012,617628
EL301,2013,614951
EL301,2014,612664
EL301,2015,611321
EL301,2016,609458
EL301,2017,607567
EL301,2018,606203
EL301,2019,604158
EL301,2020,603906
EL301,2021,602256
EL301,2022,600247
EL301,2023,598143
EL301,2024,594942
EL302,2000,495298
EL302,2001,497776
EL302,2002,498942
EL302,2003,501311
EL302,2004,503233
EL302,2005,505177
EL302,2006,507426
EL302,2007,508831
EL302,2008,509984
EL302,2009,511296
EL302,2010,511949
EL302,2011,510883
EL302,2012,506138
EL302,2013,498939
EL302,2014,491954
EL302,2015,485820
EL302,2016,479019
EL302,2017,483619
EL302,2018,482269
EL302,2019,481626
EL302,2020,482196
EL302,2021,484170
EL302,2022,478090
EL302,2023,472628
EL302,2024,467122
EL303,2000,1189631
EL303,2001,1184667
EL303,2002,1166820
EL303,2003,1160953
EL303,2004,1153640
EL303,2005,1145768
EL303,2006,1137812
EL303,2007,1127416
EL303,2008,1115832
EL303,2009,1104107
EL303,2010,1090838
EL303,2011,1073971
EL303,2012,1061679
EL303,2013,1040148
EL303,2014,1019277
EL303,2015,1005342
EL303,2016,993209
EL303,2017,986760
EL303,2018,989377
EL303,2019,997050
EL303,2020,1008258
EL303,2021,1010861
EL303,2022,1000231
EL303,2023,991335
EL303,2024,983144
EL304,2000,538390
EL304,2001,542265
EL304,2002,542274
EL304,2003,545571
EL304,2004,548143
EL304,2005,550466
EL304,2006,552793
EL304,2007,553947
EL304,2008,554526
EL304,2009,555055
EL304,2010,554701
EL304,2011,552403
EL304,2012,551108
EL304,2013,547703
EL304,2014,544553
EL304,2015,542007
EL304,2016,538768
EL304,2017,543092
EL304,2018,540605
EL304,2019,537298
EL304,2020,535418
EL304,2021,532527
EL304,2022,528616
EL304,2023,524747
EL304,2024,520407
EL305,2000,374700
EL305,2001,387311
EL305,2002,399501
EL305,2003,412887
EL305,2004,426251
EL305,2005,439972
EL305,2006,454331
EL305,2007,468285
EL305,2008,482359
EL305,2009,496949
EL305,2010,511228
EL305,2011,523999
EL305,2012,526323
EL305,2013,527215
EL305,2014,527840
EL305,2015,526821
EL305,2016,525307
EL305,2017,527352
EL305,2018,525233
EL305,2019,522092
EL305,2020,519947
EL305,2021,521503
EL305,2022,518193
EL305,2023,522019
EL305,2024,528510
EL306,2000,146050
EL306,2001,148475
EL306,2002,151231
EL306,2003,153571
EL306,2004,155707
EL306,2005,157818
EL306,2006,160015
EL306,2007,161912
EL306,2008,163719
EL306,2009,165562
EL306,2010,167133
EL306,2011,168045
EL306,2012,168630
EL306,2013,168512
EL306,2014,168392
EL306,2015,167793
EL306,2016,167068
EL306,2017,167033
EL306,2018,166041
EL306,2019,164587
EL306,2020,163436
EL306,2021,167896
EL306,2022,165351
EL306,2023,164848
EL306,2024,164555
EL307,2000,550706
EL307,2001,552188
EL307,2002,549426
EL307,2003,550672
EL307,2004,551323
EL307,2005,551852
EL307,2006,552519
EL307,2007,552129
EL307,2008,551307
EL307,2009,550593
EL307,2010,549202
EL307,2011,546015
EL307,2012,544094
EL307,2013,539602
EL307,2014,535530
EL307,2015,532446
EL307,2016,528450
EL307,2017,527713
EL307,2018,525752
EL307,2019,523089
EL307,2020,521920
EL307,2021,518997
EL307,2022,516970
EL307,2023,515385
EL307,2024,513995
EL411,2000,102837
EL411,2001,102899
EL411,2002,103745
EL411,2003,103653
EL411,2004,103518
EL411,2005,103648
EL411,2006,104073
EL411,2007,103991
EL411,2008,103977
EL411,2009,104173
EL411,2010,104189
EL411,2011,104277
EL411,2012,102768
EL411,2013,100775
EL411,2014,98834
EL411,2015,97085
EL411,2016,95223
EL411,2017,97841
EL411,2018,98261
EL411,2019,101488
EL411,2020,103733
EL411,2021,101766
EL411,2022,100240
EL411,2023,100604
EL411,2024,105748
EL412,2000,41525
EL412,2001,41423
EL412,2002,42315
EL412,2003,42489
EL412,2004,42560
EL412,2005,42578
EL412,2006,42378
EL412,2007,41959
EL412,2008,42226
EL412,2009,42551
EL412,2010,42884
EL412,2011,43192
EL412,2012,42802
EL412,2013,42158
EL412,2014,41573
EL412,2015,40889
EL412,2016,40156
EL412,2017,40874
EL412,2018,42533
EL412,2019,43502
EL412,2020,44242
EL412,2021,43504
EL412,2022,42746
EL412,2023,42168
EL412,2024,42461
EL413,2000,52542
EL413,2001,52452
EL413,2002,53315
EL413,2003,53233
EL413,2004,53082
EL413,2005,52951
EL413,2006,52736
EL413,2007,52241
EL413,2008,52472
EL413,2009,52793
EL413,2010,53106
EL413,2011,53362
EL413,2012,52956
EL413,2013,52401
EL413,2014,51857
EL413,2015,51233
EL413,2016,50514
EL413,2017,50569
EL413,2018,51904
EL413,2019,52614
EL413,2020,53009
EL413,2021,52234
EL413,2022,51611
EL413,2023,51449
EL413,2024,51842
EL421,2000,191153
EL421,2001,193149
EL421,2002,195604
EL421,2003,196799
EL421,2004,197927
EL421,2005,200432
EL421,2006,202759
EL421,2007,204598
EL421,2008,205642
EL421,2009,206641
EL421,2010,206328
EL421,2011,206698
EL421,2012,206176
EL421,2013,205001
EL421,2014,203918
EL421,2015,202967
EL421,2016,201854
EL421,2017,204006
EL421,2018,205077
EL421,2019,206682
EL421,2020,208321
EL421,2021,207269
EL421,2022,206722
EL421,2023,207343
EL421,2024,208928
EL422,2000,114801
EL422,2001,118063
EL422,2002,120274
EL422,2003,120516
EL422,2004,120886
EL422,2005,121366
EL422,2006,121953
EL422,2007,122873
EL422,2008,123883
EL422,2009,125174
EL422,2010,126324
EL422,2011,127285
EL422,2012,126871
EL422,2013,126282
EL422,2014,125897
EL422,2015,125326
EL422,2016,124808
EL422,2017,124312
EL422,2018,123816
EL422,2019,123292
EL422,2020,122835
EL422,2021,122205
EL422,2022,120925
EL422,2023,119090
EL422,2024,117445
EL431,2000,284118
EL431,2001,286042
EL431,2002,291398
EL431,2003,292471
EL431,2004,293742
EL431,2005,295371
EL431,2006,297286
EL431,2007,299140
EL431,2008,301083
EL431,2009,303484
EL431,2010,305833
EL431,2011,307717
EL431,2012,308273
EL431,2013,308061
EL431,2014,307901
EL431,2015,307544
EL431,2016,307060
EL431,2017,306727
EL431,2018,306674
EL431,2019,306980
EL431,2020,307367
EL431,2021,306587
EL431,2022,304810
EL431,2023,303463
EL431,2024,302495
EL432,2000,72488
EL432,2001,72458
EL432,2002,74934
EL432,2003,74988
EL432,2004,74920
EL432,2005,74964
EL432,2006,74968
EL432,2007,75194
EL432,2008,75310
EL432,2009,75596
EL432,2010,75708
EL432,2011,75844
EL432,2012,76294
EL432,2013,76652
EL432,2014,76974
EL432,2015,77289
EL432,2016,77453
EL432,2017,77647
EL432,2018,77754
EL432,2019,77882
EL432,2020,77901
EL432,2021,77882
EL432,2022,77700
EL432,2023,77380
EL432,2024,77216
EL433,2000,75552
EL433,2001,76582
EL433,2002,78679
EL433,2003,79385
EL433,2004,80129
EL433,2005,80979
EL433,2006,81774
EL433,2007,82666
EL433,2008,83465
EL433,2009,84508
EL433,2010,85449
EL433,2011,86284
EL433,2012,86307
EL433,2013,86103
EL433,2014,85929
EL433,2015,85781
EL433,2016,85594
EL433,2017,85509
EL433,2018,85279
EL433,2019,85018
EL433,2020,84801
EL433,2021,84633
EL433,2022,84837
EL433,2023,85049
EL433,2024,85285
EL434,2000,143441
EL434,2001,144590
EL434,2002,144833
EL434,2003,146299
EL434,2004,147635
EL434,2005,149176
EL434,2006,150654
EL434,2007,151988
EL434,2008,153286
EL434,2009,154729
EL434,2010,156123
EL434,2011,157299
EL434,2012,157624
EL434,2013,157572
EL434,2014,157573
EL434,2015,157564
EL434,2016,157469
EL434,2017,157479
EL434,2018,157320
EL434,2019,157239
EL434,2020,157094
EL434,2021,156770
EL434,2022,156553
EL434,2023,156354
EL434,2024,156446
EL511,2000,144643
EL511,2001,144402
EL511,2002,144134
EL511,2003,144560
EL511,2004,144884
EL511,2005,145383
EL511,2006,145895
EL511,2007,146507
EL511,2008,147119
EL511,2009,147837
EL511,2010,147231
EL511,2011,147283
EL511,2012,146556
EL511,2013,145104
EL511,2014,143783
EL511,2015,142411
EL511,2016,140996
EL511,2017,139649
EL511,2018,138225
EL511,2019,136788
EL511,2020,135515
EL511,2021,133932
EL511,2022,133428
EL511,2023,133244
EL511,2024,134532
EL512,2000,102334
EL512,2001,103258
EL512,2002,104099
EL512,2003,105221
EL512,2004,106219
EL512,2005,107300
EL512,2006,108294
EL512,2007,109224
EL512,2008,110001
EL512,2009,110939
EL512,2010,111854
EL512,2011,112534
EL512,2012,112655
EL512,2013,112379
EL512,2014,112086
EL512,2015,111825
EL512,2016,111444
EL512,2017,111130
EL512,2018,110707
EL512,2019,110177
EL512,2020,109701
EL512,2021,109032
EL512,2022,108011
EL512,2023,107594
EL512,2024,107668
EL513,2000,103834
EL513,2001,103572
EL513,2002,106252
EL513,2003,106996
EL513,2004,107800
EL513,2005,108595
EL513,2006,109420
EL513,2007,110192
EL513,2008,110913
EL513,2009,111729
EL513,2010,112526
EL513,2011,113082
EL513,2012,112382
EL513,2013,111297
EL513,2014,110289
EL513,2015,109298
EL513,2016,108465
EL513,2017,107580
EL513,2018,106581
EL513,2019,105696
EL513,2020,104900
EL513,2021,103843
EL513,2022,104016
EL513,2023,104771
EL513,2024,105760
EL514,2000,95612
EL514,2001,95780
EL514,2002,96234
EL514,2003,96442
EL514,2004,96556
EL514,2005,96778
EL514,2006,97005
EL514,2007,97460
EL514,2008,97696
EL514,2009,98167
EL514,2010,98460
EL514,2011,98690
EL514,2012,97594
EL514,2013,96225
EL514,2014,94968
EL514,2015,93818
EL514,2016,92554
EL514,2017,91514
EL514,2018,90584
EL514,2019,89808
EL514,2020,89012
EL514,2021,87402
EL514,2022,86375
EL514,2023,86137
EL514,2024,87340
EL515,2000,136327
EL515,2001,137271
EL515,2002,138770
EL515,2003,138866
EL515,2004,139053
EL515,2005,139202
EL515,2006,139420
EL515,2007,139582
EL515,2008,139682
EL515,2009,139967
EL515,2010,140041
EL515,2011,139984
EL515,2012,139177
EL515,2013,137977
EL515,2014,136693
EL515,2015,135703
EL515,2016,134642
EL515,2017,133624
EL515,2018,132890
EL515,2019,132271
EL515,2020,131791
EL515,2021,130462
EL515,2022,128957
EL515,2023,127261
EL515,2024,126025
EL521,2000,137824
EL521,2001,137967
EL521,2002,137751
EL521,2003,138295
EL521,2004,138761
EL521,2005,139248
EL521,2006,139769
EL521,2007,140622
EL521,2008,141289
EL521,2009,142044
EL521,2010,142835
EL521,2011,143287
EL521,2012,142471
EL521,2013,141295
EL521,2014,140206
EL521,2015,138974
EL521,2016,137576
EL521,2017,136859
EL521,2018,135934
EL521,2019,135249
EL521,2020,134547
EL521,2021,132811
EL521,2022,130642
EL521,2023,129178
EL521,2024,129143
EL522,2000,1068709
EL522,2001,1085121
EL522,2002,1087329
EL522,2003,1095721
EL522,2004,1103632
EL522,2005,1111060
EL522,2006,1118880
EL522,2007,1124921
EL522,2008,1128970
EL522,2009,1133889
EL522,2010,1138290
EL522,2011,1139647
EL522,2012,1136081
EL522,2013,1128869
EL522,2014,1122381
EL522,2015,1116258
EL522,2016,1109670
EL522,2017,1108207
EL522,2018,1106397
EL522,2019,1105875
EL522,2020,1105741
EL522,2021,1098879
EL522,2022,1090902
EL522,2023,1087802
EL522,2024,1084183
EL523,2000,78482
EL523,2001,78454
EL523,2002,80016
EL523,2003,80726
EL523,2004,80793
EL523,2005,80906
EL523,2006,80915
EL523,2007,80947
EL523,2008,80954
EL523,2009,80756
EL523,2010,81340
EL523,2011,81770
EL523,2012,81015
EL523,2013,79889
EL523,2014,78751
EL523,2015,77587
EL523,2016,76375
EL523,2017,76052
EL523,2018,75050
EL523,2019,74172
EL523,2020,73310
EL523,2021,71759
EL523,2022,70196
EL523,2023,69408
EL523,2024,69472
EL524,2000,139562
EL524,2001,139762
EL524,2002,140526
EL524,2003,140779
EL524,2004,140864
EL524,2005,140999
EL524,2006,141175
EL524,2007,141412
EL524,2008,141790
EL524,2009,142102
EL524,2010,142344
EL524,2011,142285
EL524,2012,140989
EL524,2013,139503
EL524,2014,138088
EL524,2015,136741
EL524,2016,135414
EL524,2017,134274
EL524,2018,132940
EL524,2019,131676
EL524,2020,130345
EL524,2021,128565
EL524,2022,126280
EL524,2023,124003
EL524,2024,122186
EL525,2000,117732
EL525,2001,118036
EL525,2002,118610
EL525,2003,119533
EL525,2004,120421
EL525,2005,121348
EL525,2006,122536
EL525,2007,123770
EL525,2008,124887
EL525,2009,126360
EL525,2010,127710
EL525,2011,128958
EL525,2012,128706
EL525,2013,128117
EL525,2014,127551
EL525,2015,126852
EL525,2016,126096
EL525,2017,125164
EL525,2018,124413
EL525,2019,123607
EL525,2020,122842
EL525,2021,121213
EL525,2022,119054
EL525,2023,117400
EL525,2024,116209
EL526,2000,185056
EL526,2001,184188
EL526,2002,183282
EL526,2003,182954
EL526,2004,182487
EL526,2005,182078
EL526,2006,181760
EL526,2007,181655
EL526,2008,181367
EL526,2009,181287
EL526,2010,181033
EL526,2011,180267
EL526,2012,177604
EL526,2013,174204
EL526,2014,171172
EL526,2015,168310
EL526,2016,165267
EL526,2017,162516
EL526,2018,160395
EL526,2019,158403
EL526,2020,156527
EL526,2021,153399
EL526,2022,150639
EL526,2023,149749
EL526,2024,151718
EL527,2000,101060
EL527,2001,103225
EL527,2002,104525
EL527,2003,104467
EL527,2004,104608
EL527,2005,104878
EL527,2006,105209
EL527,2007,105915
EL527,2008,106647
EL527,2009,107542
EL527,2010,108354
EL527,2011,109223
EL527,2012,109100
EL527,2013,108591
EL527,2014,108130
EL527,2015,107680
EL527,2016,107190
EL527,2017,106767
EL527,2018,106311
EL527,2019,105806
EL527,2020,105351
EL527,2021,104613
EL527,2022,103607
EL527,2023,102451
EL527,2024,101526
EL531,2000,186510
EL531,2001,186622
EL531,2002,187738
EL531,2003,186975
EL531,2004,186287
EL531,2005,185716
EL531,2006,185152
EL531,2007,184787
EL531,2008,184349
EL531,2009,184061
EL531,2010,183642
EL531,2011,183178
EL531,2012,181669
EL531,2013,179622
EL531,2014,177744
EL531,2015,176114
EL531,2016,174303
EL531,2017,172632
EL531,2018,171086
EL531,2019,169493
EL531,2020,167843
EL531,2021,165800
EL531,2022,163339
EL531,2023,160737
EL531,2024,158702
EL532,2000,51144
EL532,2001,50537
EL532,2002,50898
EL532,2003,51160
EL532,2004,51231
EL532,2005,51286
EL532,2006,51322
EL532,2007,51324
EL532,2008,51227
EL532,2009,51125
EL532,2010,51041
EL532,2011,50815
EL532,2012,50417
EL532,2013,49961
EL532,2014,49508
EL532,2015,49123
EL532,2016,48675
EL532,2017,48275
EL532,2018,47826
EL532,2019,47445
EL532,2020,46946
EL532,2021,46478
EL532,2022,45796
EL532,2023,45035
EL532,2024,44356
EL533,2000,49502
EL533,2001,48848
EL533,2002,49177
EL533,2003,49990
EL533,2004,50282
EL533,2005,50629
EL533,2006,50741
EL533,2007,50744
EL533,2008,51120
EL533,2009,51486
EL533,2010,51767
EL533,2011,51906
EL533,2012,51282
EL533,2013,50549
EL533,2014,49889
EL533,2015,49300
EL533,2016,48668
EL533,2017,48093
EL533,2018,47485
EL533,2019,46860
EL533,2020,46222
EL533,2021,45597
EL533,2022,44740
EL533,2023,44037
EL533,2024,43466
EL541,2000,130988
EL541,2001,131031
EL541,2002,132770
EL541,2003,131931
EL541,2004,131259
EL541,2005,130581
EL541,2006,130030
EL541,2007,129876
EL541,2008,129664
EL541,2009,129512
EL541,2010,129346
EL541,2011,129141
EL541,2012,128272
EL541,2013,127007
EL541,2014,125833
EL541,2015,124802
EL541,2016,123570
EL541,2017,122727
EL541,2018,121838
EL541,2019,120981
EL541,2020,120152
EL541,2021,119043
EL541,2022,118039
EL541,2023,116760
EL541,2024,115736
EL542,2000,41934
EL542,2001,42272
EL542,2002,42313
EL542,2003,42417
EL542,2004,42521
EL542,2005,42744
EL542,2006,42946
EL542,2007,43217
EL542,2008,43539
EL542,2009,43925
EL542,2010,44300
EL542,2011,44687
EL542,2012,44412
EL542,2013,44064
EL542,2014,43781
EL542,2015,43550
EL542,2016,43203
EL542,2017,42858
EL542,2018,42515
EL542,2019,42116
EL542,2020,41770
EL542,2021,41273
EL542,2022,40702
EL542,2023,40375
EL542,2024,40228
EL543,2000,164591
EL543,2001,166486
EL543,2002,167249
EL543,2003,167821
EL543,2004,168343
EL543,2005,169129
EL543,2006,169940
EL543,2007,170693
EL543,2008,171207
EL543,2009,171730
EL543,2010,172314
EL543,2011,172675
EL543,2012,171169
EL543,2013,169117
EL543,2014,167266
EL543,2015,165559
EL543,2016,163905
EL543,2017,162628
EL543,2018,162095
EL543,2019,161835
EL543,2020,161781
EL543,2021,160364
EL543,2022,160473
EL543,2023,161360
EL543,2024,164734
EL611,2000,253109
EL611,2001,251411
EL611,2002,255215
EL611,2003,253728
EL611,2004,252276
EL611,2005,250971
EL611,2006,250100
EL611,2007,250007
EL611,2008,249734
EL611,2009,249894
EL611,2010,249921
EL611,2011,249762
EL611,2012,247871
EL611,2013,245386
EL611,2014,243431
EL611,2015,241563
EL611,2016,239747
EL611,2017,237991
EL611,2018,235853
EL611,2019,234011
EL611,2020,232087
EL611,2021,229845
EL611,2022,227629
EL611,2023,225493
EL611,2024,223764
EL612,2000,285077
EL612,2001,286422
EL612,2002,287186
EL612,2003,287169
EL612,2004,287314
EL612,2005,287498
EL612,2006,287994
EL612,2007,288709
EL612,2008,289123
EL612,2009,289712
EL612,2010,290276
EL612,2011,290289
EL612,2012,288636
EL612,2013,286334
EL612,2014,284036
EL612,2015,281696
EL612,2016,279332
EL612,2017,277556
EL612,2018,276110
EL612,2019,274852
EL612,2020,273535
EL612,2021,271180
EL612,2022,268424
EL612,2023,266264
EL612,2024,265788
EL613,2000,201235
EL613,2001,201670
EL613,2002,202938
EL613,2003,202751
EL613,2004,202984
EL613,2005,203130
EL613,2006,203671
EL613,2007,204494
EL613,2008,205062
EL613,2009,205963
EL613,2010,206779
EL613,2011,207639
EL613,2012,206571
EL613,2013,204930
EL613,2014,203407
EL613,2015,201983
EL613,2016,200518
EL613,2017,199168
EL613,2018,197631
EL613,2019,196083
EL613,2020,194558
EL613,2021,192635
EL613,2022,190397
EL613,2023,189080
EL613,2024,188169
EL621,2000,39003
EL621,2001,39633
EL621,2002,39794
EL621,2003,39971
EL621,2004,40050
EL621,2005,40231
EL621,2006,40392
EL621,2007,40599
EL621,2008,40685
EL621,2009,40855
EL621,2010,40937
EL621,2011,40950
EL621,2012,41066
EL621,2013,41052
EL621,2014,41119
EL621,2015,41221
EL621,2016,41223
EL621,2017,41278
EL621,2018,41318
EL621,2019,41395
EL621,2020,41406
EL621,2021,41388
EL621,2022,41173
EL621,2023,40757
EL621,2024,40384
EL622,2000,105452
EL622,2001,105794
EL622,2002,106638
EL622,2003,106172
EL622,2004,105790
EL622,2005,105445
EL622,2006,105257
EL622,2007,105169
EL622,2008,105164
EL622,2009,105185
EL622,2010,105155
EL622,2011,105234
EL622,2012,105515
EL622,2013,105322
EL622,2014,105192
EL622,2015,105048
EL622,2016,104722
EL622,2017,104446
EL622,2018,103979
EL622,2019,103585
EL622,2020,103165
EL622,2021,102564
EL622,2022,101391
EL622,2023,99937
EL622,2024,98763
EL623,2000,35915
EL623,2001,36366
EL623,2002,37716
EL623,2003,37626
EL623,2004,37603
EL623,2005,37688
EL623,2006,37813
EL623,2007,38059
EL623,2008,38272
EL623,2009,38603
EL623,2010,38901
EL623,2011,39200
EL623,2012,39261
EL623,2013,39253
EL623,2014,39311
EL623,2015,39352
EL623,2016,39289
EL623,2017,39286
EL623,2018,39182
EL623,2019,39150
EL623,2020,39024
EL623,2021,38950
EL623,2022,38842
EL623,2023,38663
EL623,2024,38530
EL624,2000,23288
EL624,2001,23506
EL624,2002,23927
EL624,2003,23646
EL624,2004,23434
EL624,2005,23324
EL624,2006,23241
EL624,2007,23322
EL624,2008,23387
EL624,2009,23518
EL624,2010,23682
EL624,2011,23837
EL624,2012,23956
EL624,2013,23910
EL624,2014,23945
EL624,2015,23910
EL624,2016,23839
EL624,2017,23743
EL624,2018,23604
EL624,2019,23438
EL624,2020,23250
EL624,2021,23026
EL624,2022,22760
EL624,2023,22520
EL624,2024,22337
EL631,2000,221229
EL631,2001,220276
EL631,2002,218881
EL631,2003,218094
EL631,2004,217203
EL631,2005,216479
EL631,2006,215850
EL631,2007,215664
EL631,2008,215247
EL631,2009,215037
EL631,2010,214810
EL631,2011,214270
EL631,2012,212841
EL631,2013,210878
EL631,2014,209025
EL631,2015,207262
EL631,2016,205323
EL631,2017,203382
EL631,2018,201257
EL631,2019,199324
EL631,2020,197259
EL631,2021,195104
EL631,2022,191876
EL631,2023,188917
EL631,2024,186231
EL632,2000,318631
EL632,2001,319748
EL632,2002,320180
EL632,2003,319173
EL632,2004,318384
EL632,2005,317933
EL632,2006,317595
EL632,2007,317034
EL632,2008,316409
EL632,2009,316121
EL632,2010,315837
EL632,2011,315165
EL632,2012,315217
EL632,2013,314082
EL632,2014,313231
EL632,2015,312521
EL632,2016,311464
EL632,2017,310647
EL632,2018,309720
EL632,2019,308657
EL632,2020,307597
EL632,2021,306677
EL632,2022,305414
EL632,2023,302849
EL632,2024,301170
EL633,2000,167340
EL633,2001,166467
EL633,2002,167285
EL633,2003,165848
EL633,2004,164628
EL633,2005,163563
EL633,2006,162606
EL633,2007,162203
EL633,2008,161893
EL633,2009,161832
EL633,2010,161622
EL633,2011,161469
EL633,2012,160547
EL633,2013,159104
EL633,2014,157768
EL633,2015,156645
EL633,2016,155365
EL633,2017,154486
EL633,2018,153604
EL633,2019,152849
EL633,2020,152113
EL633,2021,150926
EL633,2022,149474
EL633,2023,149877
EL633,2024,151067
EL641,2000,119403
EL641,2001,119133
EL641,2002,119143
EL641,2003,118430
EL641,2004,118098
EL641,2005,117892
EL641,2006,117904
EL641,2007,118285
EL641,2008,118533
EL641,2009,119184
EL641,2010,119807
EL641,2011,120402
EL641,2012,119281
EL641,2013,117805
EL641,2014,116395
EL641,2015,115018
EL641,2016,113485
EL641,2017,112547
EL641,2018,111441
EL641,2019,110484
EL641,2020,109460
EL641,2021,107575
EL641,2022,105814
EL641,2023,105734
EL641,2024,106762
EL642,2000,215064
EL642,2001,217456
EL642,2002,218267
EL642,2003,217109
EL642,2004,216263
EL642,2005,215611
EL642,2006,215291
EL642,2007,215433
EL642,2008,215410
EL642,2009,215907
EL642,2010,216571
EL642,2011,217067
EL642,2012,216509
EL642,2013,215513
EL642,2014,214808
EL642,2015,213895
EL642,2016,212827
EL642,2017,212544
EL642,2018,212538
EL642,2019,212691
EL642,2020,212751
EL642,2021,211586
EL642,2022,210346
EL642,2023,209255
EL642,2024,210210
EL643,2000,19847
EL643,2001,19744
EL643,2002,19856
EL643,2003,19983
EL643,2004,20083
EL643,2005,20197
EL643,2006,20193
EL643,2007,20359
EL643,2008,20445
EL643,2009,20531
EL643,2010,20622
EL643,2011,20637
EL643,2012,20227
EL643,2013,19776
EL643,2014,19362
EL643,2015,19025
EL643,2016,18709
EL643,2017,18405
EL643,2018,18088
EL643,2019,17814
EL643,2020,17537
EL643,2021,17310
EL643,2022,17373
EL643,2023,17389
EL643,2024,17446
EL644,2000,160783
EL644,2001,160682
EL644,2002,163628
EL644,2003,162671
EL644,2004,162153
EL644,2005,161798
EL644,2006,161718
EL644,2007,161422
EL644,2008,161376
EL644,2009,161531
EL644,2010,162078
EL644,2011,162537
EL644,2012,160736
EL644,2013,158550
EL644,2014,156567
EL644,2015,154336
EL644,2016,151966
EL644,2017,149967
EL644,2018,147744
EL644,2019,145578
EL644,2020,143359
EL644,2021,140547
EL644,2022,137357
EL644,2023,135558
EL644,2024,133801
EL645,2000,38785
EL645,2001,39248
EL645,2002,41954
EL645,2003,40912
EL645,2004,40238
EL645,2005,39784
EL645,2006,39553
EL645,2007,39650
EL645,2008,39813
EL645,2009,40138
EL645,2010,40577
EL645,2011,41050
EL645,2012,40606
EL645,2013,40106
EL645,2014,39772
EL645,2015,39346
EL645,2016,38922
EL645,2017,38475
EL645,2018,37978
EL645,2019,37451
EL645,2020,36887
EL645,2021,36323
EL645,2022,36101
EL645,2023,36396
EL645,2024,36744
EL651,2000,186924
EL651,2001,187360
EL651,2002,192276
EL651,2003,191241
EL651,2004,190300
EL651,2005,189503
EL651,2006,188824
EL651,2007,188640
EL651,2008,188293
EL651,2009,188045
EL651,2010,187865
EL651,2011,187578
EL651,2012,186705
EL651,2013,185128
EL651,2014,183607
EL651,2015,182189
EL651,2016,180675
EL651,2017,179117
EL651,2018,177535
EL651,2019,176001
EL651,2020,174233
EL651,2021,172165
EL651,2022,170374
EL651,2023,168703
EL651,2024,167295
EL652,2000,141958
EL652,2001,143740
EL652,2002,146790
EL652,2003,145936
EL652,2004,145415
EL652,2005,145034
EL652,2006,144923
EL652,2007,145283
EL652,2008,145719
EL652,2009,146583
EL652,2010,147474
EL652,2011,148193
EL652,2012,147799
EL652,2013,147147
EL652,2014,146636
EL652,2015,145995
EL652,2016,145103
EL652,2017,144282
EL652,2018,143239
EL652,2019,142002
EL652,2020,140815
EL652,2021,139456
EL652,2022,137946
EL652,2023,136851
EL652,2024,136621
EL653,2000,256756
EL653,2001,256944
EL653,2002,255571
EL653,2003,253748
EL653,2004,252499
EL653,2005,251713
EL653,2006,251360
EL653,2007,251576
EL653,2008,251880
EL653,2009,252542
EL653,2010,253132
EL653,2011,253831
EL653,2012,252159
EL653,2013,249885
EL653,2014,247897
EL653,2015,245903
EL653,2016,243483
EL653,2017,241558
EL653,2018,239145
EL653,2019,236993
EL653,2020,234875
EL653,2021,232562
EL653,2022,229898
EL653,2023,228318
EL653,2024,227157
ES,2000,40470182
ES,2001,40665545
ES,2002,41035278
ES,2003,41827838
ES,2004,42547451
ES,2005,43296338
ES,2006,44009971
ES,2007,44784666
ES,2008,45668939
ES,2009,46239273
ES,2010,46486619
ES,2011,46667174
ES,2012,46818219
ES,2013,46712650
ES,2014,46495744
ES,2015,46425722
ES,2016,46418884
ES,2017,46497393
ES,2018,46645070
ES,2019,46918951
ES,2020,47318050
ES,2021,47400798
ES,2022,47486843
ES,2023,48085361
ES,2024,48619695
ES111,2000,1096111
ES111,2001,1095881
ES111,2002,1096076
ES111,2003,1100951
ES111,2004,1104703
ES111,2005,1109964
ES111,2006,1115415
ES111,2007,1121341
ES111,2008,1128598
ES111,2009,1135281
ES111,2010,1138110
ES111,2011,1140071
ES111,2012,1141178
ES111,2013,1137890
ES111,2014,1132596
ES111,2015,1127596
ES111,2016,1123015
ES111,2017,1120302
ES111,2018,1120074
ES111,2019,1120432
ES111,2020,1121994
ES111,2021,1120501
ES111,2022,1119166
ES111,2023,1123884
ES111,2024,1128449
ES112,2000,362565
ES112,2001,359818
ES112,2002,357301
ES112,2003,355698
ES112,2004,354343
ES112,2005,353357
ES112,2006,352620
ES112,2007,352245
ES112,2008,352638
ES112,2009,352326
ES112,2010,351000
ES112,2011,349523
ES112,2012,347630
ES112,2013,344603
ES112,2014,341495
ES112,2015,338430
ES112,2016,335752
ES112,2017,333152
ES112,2018,331128
ES112,2019,329070
ES112,2020,327573
ES112,2021,326068
ES112,2022,324240
ES112,2023,324267
ES112,2024,325048
ES113,2000,341375
ES113,2001,339681
ES113,2002,338161
ES113,2003,337307
ES113,2004,336021
ES113,2005,335066
ES113,2006,334131
ES113,2007,333543
ES113,2008,332807
ES113,2009,332164
ES113,2010,331648
ES113,2011,330017
ES113,2012,328184
ES113,2013,325140
ES113,2014,321472
ES113,2015,318288
ES113,2016,314476
ES113,2017,311385
ES113,2018,309290
ES113,2019,307764
ES113,2020,306825
ES113,2021,305297
ES113,2022,304225
ES113,2023,304563
ES113,2024,304467
ES114,2000,902420
ES114,2001,902645
ES114,2002,905271
ES114,2003,911203
ES114,2004,916519
ES114,2005,922302
ES114,2006,927941
ES114,2007,933945
ES114,2008,940723
ES114,2009,947698
ES114,2010,951708
ES114,2011,953800
ES114,2012,954924
ES114,2013,953087
ES114,2014,950254
ES114,2015,948487
ES114,2016,945852
ES114,2017,944116
ES114,2018,942556
ES114,2019,942944
ES114,2020,946213
ES114,2021,946311
ES114,2022,945198
ES114,2023,946710
ES114,2024,947869
ES120,2000,1068287
ES120,2001,1064851
ES120,2002,1062786
ES120,2003,1062326
ES120,2004,1062412
ES120,2005,1062753
ES120,2006,1063488
ES120,2007,1065287
ES120,2008,1071079
ES120,2009,1076276
ES120,2010,1077102
ES120,2011,1075869
ES120,2012,1074308
ES120,2013,1067425
ES120,2014,1058560
ES120,2015,1049328
ES120,2016,1040407
ES120,2017,1033550
ES120,2018,1027091
ES120,2019,1021469
ES120,2020,1018053
ES120,2021,1012117
ES120,2022,1004960
ES120,2023,1006060
ES120,2024,1009599
ES130,2000,533417
ES130,2001,534231
ES130,2002,536286
ES130,2003,541651
ES130,2004,548014
ES130,2005,554688
ES130,2006,561042
ES130,2007,568196
ES130,2008,577267
ES130,2009,584657
ES130,2010,588512
ES130,2011,590867
ES130,2012,592383
ES130,2013,589789
ES130,2014,587491
ES130,2015,585184
ES130,2016,582494
ES130,2017,581421
ES130,2018,581533
ES130,2019,581989
ES130,2020,583011
ES130,2021,584708
ES130,2022,585451
ES130,2023,588387
ES130,2024,590851
ES211,2000,283795
ES211,2001,285198
ES211,2002,286646
ES211,2003,290747
ES211,2004,294301
ES211,2005,298832
ES211,2006,302491
ES211,2007,306482
ES211,2008,310940
ES211,2009,315284
ES211,2010,317733
ES211,2011,319847
ES211,2012,320564
ES211,2013,320199
ES211,2014,320451
ES211,2015,321541
ES211,2016,322974
ES211,2017,325250
ES211,2018,327763
ES211,2019,330104
ES211,2020,332874
ES211,2021,333485
ES211,2022,333909
ES211,2023,336308
ES211,2024,338594
ES212,2000,673296
ES212,2001,673328
ES212,2002,673592
ES212,2003,676777
ES212,2004,680750
ES212,2005,684264
ES212,2006,688423
ES212,2007,693436
ES212,2008,699395
ES212,2009,704166
ES212,2010,705974
ES212,2011,707256
ES212,2012,708422
ES212,2013,709043
ES212,2014,708675
ES212,2015,709766
ES212,2016,711261
ES212,2017,713130
ES212,2018,715749
ES212,2019,719613
ES212,2020,724347
ES212,2021,725508
ES212,2022,723241
ES212,2023,726712
ES212,2024,729722
ES213,2000,1127444
ES213,2001,1124445
ES213,2002,1122658
ES213,2003,1125120
ES213,2004,1128052
ES213,2005,1132164
ES213,2006,1136775
ES213,2007,1142684
ES213,2008,1149080
ES213,2009,1154627
ES213,2010,1155814
ES213,2011,1156033
ES213,2012,1155710
ES213,2013,1150032
ES213,2014,1143121
ES213,2015,1141400
ES213,2016,1140191
ES213,2017,1141564
ES213,2018,1143742
ES213,2019,1147589
ES213,2020,1154696
ES213,2021,1153635
ES213,2022,1148678
ES213,2023,1153282
ES213,2024,1159368
ES220,2000,548379
ES220,2001,552060
ES220,2002,557456
ES220,2003,567892
ES220,2004,576346
ES220,2005,584365
ES220,2006,592137
ES220,2007,602835
ES220,2008,616710
ES220,2009,627286
ES220,2010,633023
ES220,2011,637100
ES220,2012,640014
ES220,2013,639089
ES220,2014,637099
ES220,2015,637317
ES220,2016,638922
ES220,2017,642075
ES220,2018,646340
ES220,2019,652797
ES220,2020,659907
ES220,2021,662032
ES220,2022,664514
ES220,2023,672155
ES220,2024,678333
ES230,2000,273828
ES230,2001,275313
ES230,2002,277989
ES230,2003,284607
ES230,2004,291082
ES230,2005,298045
ES230,2006,302703
ES230,2007,308117
ES230,2008,316197
ES230,2009,319788
ES230,2010,319934
ES230,2011,320858
ES230,2012,320951
ES230,2013,318819
ES230,2014,315736
ES230,2015,314457
ES230,2016,314025
ES230,2017,314136
ES230,2018,314890
ES230,2019,315967
ES230,2020,318703
ES230,2021,319444
ES230,2022,319617
ES230,2023,322282
ES230,2024,324184
ES241,2000,206587
ES241,2001,206479
ES241,2002,206700
ES241,2003,209450
ES241,2004,211734
ES241,2005,214544
ES241,2006,217243
ES241,2007,220095
ES241,2008,224405
ES241,2009,226772
ES241,2010,226785
ES241,2011,226597
ES241,2012,225833
ES241,2013,224776
ES241,2014,223702
ES241,2015,222677
ES241,2016,221495
ES241,2017,220749
ES241,2018,220653
ES241,2019,220996
ES241,2020,222767
ES241,2021,223995
ES241,2022,225199
ES241,2023,226878
ES241,2024,228519
ES242,2000,137086
ES242,2001,136400
ES242,2002,135724
ES242,2003,137493
ES242,2004,138386
ES242,2005,139828
ES242,2006,141279
ES242,2007,143616
ES242,2008,145702
ES242,2009,146137
ES242,2010,145109
ES242,2011,144355
ES242,2012,142920
ES242,2013,141092
ES242,2014,139470
ES242,2015,137871
ES242,2016,136377
ES242,2017,135324
ES242,2018,134449
ES242,2019,134025
ES242,2020,134085
ES242,2021,134259
ES242,2022,134132
ES242,2023,135046
ES242,2024,135309
ES243,2000,856527
ES243,2001,859136
ES243,2002,867473
ES243,2003,878629
ES243,2004,887654
ES243,2005,900705
ES243,2006,915041
ES243,2007,930532
ES243,2008,955319
ES243,2009,969879
ES243,2010,972287
ES243,2011,973433
ES243,2012,975054
ES243,2013,971807
ES243,2014,967541
ES243,2015,965052
ES243,2016,960170
ES243,2017,959338
ES243,2018,958391
ES243,2019,965673
ES243,2020,973740
ES243,2021,973684
ES243,2022,968886
ES243,2023,979365
ES243,2024,987763
ES300,2000,5329606
ES300,2001,5379087
ES300,2002,5478611
ES300,2003,5638804
ES300,2004,5766554
ES300,2005,5866219
ES300,2006,5953546
ES300,2007,6075013
ES300,2008,6226185
ES300,2009,6327559
ES300,2010,6373546
ES300,2011,6394252
ES300,2012,6425522
ES300,2013,6411525
ES300,2014,6372553
ES300,2015,6375737
ES300,2016,6411466
ES300,2017,6459297
ES300,2018,6529923
ES300,2019,6618078
ES300,2020,6720310
ES300,2021,6726640
ES300,2022,6743273
ES300,2023,6871903
ES300,2024,7009268
ES411,2000,165615
ES411,2001,164465
ES411,2002,163191
ES411,2003,163545
ES411,2004,164656
ES411,2005,166158
ES411,2006,167953
ES411,2007,170208
ES411,2008,173293
ES411,2009,173817
ES411,2010,173371
ES411,2011,172776
ES411,2012,171365
ES411,2013,169373
ES411,2014,167265
ES411,2015,165694
ES411,2016,163669
ES411,2017,161782
ES411,2018,160104
ES411,2019,159237
ES411,2020,158819
ES411,2021,158898
ES411,2022,159103
ES411,2023,159764
ES411,2024,160463
ES412,2000,349386
ES412,2001,349104
ES412,2002,349279
ES412,2003,352082
ES412,2004,354226
ES412,2005,357693
ES412,2006,360700
ES412,2007,365307
ES412,2008,372563
ES412,2009,374813
ES412,2010,374009
ES412,2011,373245
ES412,2012,372192
ES412,2013,368784
ES412,2014,365542
ES412,2015,363328
ES412,2016,360572
ES412,2017,358416
ES412,2018,357165
ES412,2019,356607
ES412,2020,357121
ES412,2021,356042
ES412,2022,354846
ES412,2023,357370
ES412,2024,359740
ES413,2000,495743
ES413,2001,491873
ES413,2002,487510
ES413,2003,487393
ES413,2004,487072
ES413,2005,487438
ES413,2006,488534
ES413,2007,491131
ES413,2008,493934
ES413,2009,495042
ES413,2010,494830
ES413,2011,494216
ES413,2012,492827
ES413,2013,488756
ES413,2014,483681
ES413,2015,479104
ES413,2016,473574
ES413,2017,468637
ES413,2018,464276
ES413,2019,460247
ES413,2020,456697
ES413,2021,452435
ES413,2022,449271
ES413,2023,448573
ES413,2024,447802
ES414,2000,176371
ES414,2001,175092
ES414,2002,173727
ES414,2003,173244
ES414,2004,172694
ES414,2005,172384
ES414,2006,172446
ES414,2007,172564
ES414,2008,172703
ES414,2009,172668
ES414,2010,171891
ES414,2011,171298
ES414,2012,170305
ES414,2013,168670
ES414,2014,167237
ES414,2015,165820
ES414,2016,164421
ES414,2017,163221
ES414,2018,162064
ES414,2019,161053
ES414,2020,160357
ES414,2021,159146
ES414,2022,157993
ES414,2023,157787
ES414,2024,158063
ES415,2000,347751
ES415,2001,346494
ES415,2002,345098
ES415,2003,345560
ES415,2004,345719
ES415,2005,346307
ES415,2006,346303
ES415,2007,347712
ES415,2008,349846
ES415,2009,351009
ES415,2010,350904
ES415,2011,350817
ES415,2012,349621
ES415,2013,347040
ES415,2014,344104
ES415,2015,341635
ES415,2016,338308
ES415,2017,335783
ES415,2018,333500
ES415,2019,332044
ES415,2020,330834
ES415,2021,327735
ES415,2022,326285
ES415,2023,327089
ES415,2024,327552
ES416,2000,147623
ES416,2001,147613
ES416,2002,147626
ES416,2003,149643
ES416,2004,151736
ES416,2005,154211
ES416,2006,156275
ES416,2007,159147
ES416,2008,163089
ES416,2009,163367
ES416,2010,163171
ES416,2011,163430
ES416,2012,162938
ES416,2013,161205
ES416,2014,158798
ES416,2015,157578
ES416,2016,155991
ES416,2017,154854
ES416,2018,153983
ES416,2019,153571
ES416,2020,153641
ES416,2021,153626
ES416,2022,153731
ES416,2023,155332
ES416,2024,156620
ES417,2000,91270
ES417,2001,90898
ES417,2002,90351
ES417,2003,91122
ES417,2004,91781
ES417,2005,92265
ES417,2006,92738
ES417,2007,93425
ES417,2008,94468
ES417,2009,94737
ES417,2010,94981
ES417,2011,94905
ES417,2012,94472
ES417,2013,93373
ES417,2014,92374
ES417,2015,91454
ES417,2016,90460
ES417,2017,89614
ES417,2018,89329
ES417,2019,89008
ES417,2020,89302
ES417,2021,88796
ES417,2022,88330
ES417,2023,89528
ES417,2024,90073
ES418,2000,497333
ES418,2001,497627
ES418,2002,499630
ES418,2003,503346
ES418,2004,506390
ES418,2005,509999
ES418,2006,513753
ES418,2007,518851
ES418,2008,525649
ES418,2009,528795
ES418,2010,530499
ES418,2011,531887
ES418,2012,532649
ES418,2013,530848
ES418,2014,528486
ES418,2015,527199
ES418,2016,524669
ES418,2017,522985
ES418,2018,520930
ES418,2019,520483
ES418,2020,520904
ES418,2021,519380
ES418,2022,518159
ES418,2023,521333
ES418,2024,525116
ES419,2000,201777
ES419,2001,200313
ES419,2002,198342
ES419,2003,197681
ES419,2004,196858
ES419,2005,196342
ES419,2006,195996
ES419,2007,195861
ES419,2008,196175
ES419,2009,194924
ES419,2010,193745
ES419,2011,192727
ES419,2012,191316
ES419,2013,188878
ES419,2014,186117
ES419,2015,183885
ES419,2016,181057
ES419,2017,178243
ES419,2018,175662
ES419,2019,173318
ES419,2020,171301
ES419,2021,169165
ES419,2022,167868
ES419,2023,166927
ES419,2024,166253
ES421,2000,361210
ES421,2001,363038
ES421,2002,365532
ES421,2003,370387
ES421,2004,374711
ES421,2005,379279
ES421,2006,383457
ES421,2007,389126
ES421,2008,394526
ES421,2009,397885
ES421,2010,399445
ES421,2011,400846
ES421,2012,401579
ES421,2013,399093
ES421,2014,396017
ES421,2015,394012
ES421,2016,391865
ES421,2017,390225
ES421,2018,388948
ES421,2019,387818
ES421,2020,387838
ES421,2021,386726
ES421,2022,385967
ES421,2023,387529
ES421,2024,389070
ES422,2000,479077
ES422,2001,478993
ES422,2002,479143
ES422,2003,483315
ES422,2004,488060
ES422,2005,494024
ES422,2006,500922
ES422,2007,509226
ES422,2008,519760
ES422,2009,523971
ES422,2010,525454
ES422,2011,526171
ES422,2012,526292
ES422,2013,522634
ES422,2014,518032
ES422,2015,514152
ES422,2016,508629
ES422,2017,504403
ES422,2018,499168
ES422,2019,495686
ES422,2020,494817
ES422,2021,492900
ES422,2022,490952
ES422,2023,491927
ES422,2024,492948
ES423,2000,201141
ES423,2001,200699
ES423,2002,199657
ES423,2003,201190
ES423,2004,203138
ES423,2005,205791
ES423,2006,208119
ES423,2007,211117
ES423,2008,214904
ES423,2009,216438
ES423,2010,216608
ES423,2011,216370
ES423,2012,214752
ES423,2013,211356
ES423,2014,208031
ES423,2015,205664
ES423,2016,202864
ES423,2017,200531
ES423,2018,198922
ES423,2019,197617
ES423,2020,197537
ES423,2021,196510
ES423,2022,196640
ES423,2023,198436
ES423,2024,199025
ES424,2000,169171
ES424,2001,172325
ES424,2002,175767
ES424,2003,183883
ES424,2004,193135
ES424,2005,202528
ES424,2006,213164
ES424,2007,225046
ES424,2008,237363
ES424,2009,245399
ES424,2010,250526
ES424,2011,254660
ES424,2012,257732
ES424,2013,256825
ES424,2014,255075
ES424,2015,254458
ES424,2016,254191
ES424,2017,255242
ES424,2018,256247
ES424,2019,259266
ES424,2020,262985
ES424,2021,265969
ES424,2022,268412
ES424,2023,275082
ES424,2024,280225
ES425,2000,531857
ES425,2001,536947
ES425,2002,543378
ES425,2003,558375
ES425,2004,574499
ES425,2005,592395
ES425,2006,611783
ES425,2007,636693
ES425,2008,665287
ES425,2009,682735
ES425,2010,692435
ES425,2011,701017
ES425,2012,705580
ES425,2013,703566
ES425,2014,697605
ES425,2015,694329
ES425,2016,691787
ES425,2017,691021
ES425,2018,691124
ES425,2019,696390
ES425,2020,704792
ES425,2021,710400
ES425,2022,716313
ES425,2023,731112
ES425,2024,743165
ES431,2000,654684
ES431,2001,654563
ES431,2002,655020
ES431,2003,656226
ES431,2004,659637
ES431,2005,664411
ES431,2006,668518
ES431,2007,674170
ES431,2008,680677
ES431,2009,684390
ES431,2010,687744
ES431,2011,689902
ES431,2012,691832
ES431,2013,690889
ES431,2014,688697
ES431,2015,686250
ES431,2016,682970
ES431,2017,679042
ES431,2018,675742
ES431,2019,673384
ES431,2020,672045
ES431,2021,671092
ES431,2022,667851
ES431,2023,666049
ES431,2024,666029
ES432,2000,405346
ES432,2001,404448
ES432,2002,402770
ES432,2003,404125
ES432,2004,404737
ES432,2005,405685
ES432,2006,406419
ES432,2007,407702
ES432,2008,408978
ES432,2009,410303
ES432,2010,411866
ES432,2011,412397
ES432,2012,412504
ES432,2013,410135
ES432,2014,408011
ES432,2015,405967
ES432,2016,403183
ES432,2017,400066
ES432,2018,396979
ES432,2019,394541
ES432,2020,392925
ES432,2021,390544
ES432,2022,388957
ES432,2023,388257
ES432,2024,388652
ES511,2000,4771151
ES511,2001,4789261
ES511,2002,4835593
ES511,2003,4956066
ES511,2004,5052814
ES511,2005,5143474
ES511,2006,5221841
ES511,2007,5297172
ES511,2008,5387705
ES511,2009,5465835
ES511,2010,5488633
ES511,2011,5505667
ES511,2012,5518280
ES511,2013,5500080
ES511,2014,5459762
ES511,2015,5453143
ES511,2016,5472926
ES511,2017,5507412
ES511,2018,5556273
ES511,2019,5622704
ES511,2020,5690371
ES511,2021,5702262
ES511,2022,5699634
ES511,2023,5797356
ES511,2024,5877672
ES512,2000,555090
ES512,2001,560709
ES512,2002,568690
ES512,2003,593084
ES512,2004,618292
ES512,2005,645158
ES512,2006,668910
ES512,2007,694216
ES512,2008,719745
ES512,2009,735862
ES512,2010,741848
ES512,2011,747041
ES512,2012,751596
ES512,2013,750022
ES512,2014,745189
ES512,2015,743431
ES512,2016,745797
ES512,2017,750468
ES512,2018,756522
ES512,2019,765476
ES512,2020,776698
ES512,2021,784941
ES512,2022,790435
ES512,2023,808672
ES512,2024,821108
ES513,2000,360040
ES513,2001,361078
ES513,2002,363182
ES513,2003,371137
ES513,2004,380552
ES513,2005,392915
ES513,2006,401661
ES513,2007,411142
ES513,2008,423482
ES513,2009,431413
ES513,2010,434183
ES513,2011,436695
ES513,2012,438215
ES513,2013,435838
ES513,2014,432397
ES513,2015,431044
ES513,2016,429806
ES513,2017,429821
ES513,2018,430650
ES513,2019,432917
ES513,2020,437508
ES513,2021,439258
ES513,2022,440884
ES513,2023,447343
ES513,2024,451707
ES514,2000,596820
ES514,2001,603801
ES514,2002,613027
ES514,2003,636613
ES514,2004,661090
ES514,2005,689264
ES514,2006,718447
ES514,2007,749152
ES514,2008,780214
ES514,2009,793982
ES514,2010,798824
ES514,2011,803860
ES514,2012,806900
ES514,2013,802724
ES514,2014,795485
ES514,2015,793272
ES514,2016,792163
ES514,2017,793077
ES514,2018,795919
ES514,2019,803528
ES514,2020,815746
ES514,2021,823435
ES514,2022,830911
ES514,2023,848592
ES514,2024,861744
ES521,2000,1430451
ES521,2001,1447225
ES521,2002,1478298
ES521,2003,1542321
ES521,2004,1602172
ES521,2005,1661655
ES521,2006,1713931
ES521,2007,1766322
ES521,2008,1817518
ES521,2009,1836136
ES521,2010,1840085
ES521,2011,1844433
ES521,2012,1853206
ES521,2013,1852733
ES521,2014,1848236
ES521,2015,1838578
ES521,2016,1837873
ES521,2017,1836715
ES521,2018,1839319
ES521,2019,1855384
ES521,2020,1877627
ES521,2021,1887036
ES521,2022,1907497
ES521,2023,1955268
ES521,2024,1993289
ES522,2000,477024
ES522,2001,480957
ES522,2002,487552
ES522,2003,504095
ES522,2004,518174
ES522,2005,533626
ES522,2006,548370
ES522,2007,567547
ES522,2008,588013
ES522,2009,594743
ES522,2010,595852
ES522,2011,595565
ES522,2012,593926
ES522,2013,586696
ES522,2014,580349
ES522,2015,577738
ES522,2016,575546
ES522,2017,575433
ES522,2018,576342
ES522,2019,579592
ES522,2020,584201
ES522,2021,587632
ES522,2022,591303
ES522,2023,604086
ES522,2024,615188
ES523,2000,2196341
ES523,2001,2207001
ES523,2002,2226427
ES523,2003,2275650
ES523,2004,2321595
ES523,2005,2371882
ES523,2006,2418732
ES523,2007,2467759
ES523,2008,2522564
ES523,2009,2550405
ES523,2010,2553694
ES523,2011,2559194
ES523,2012,2562518
ES523,2013,2548936
ES523,2014,2531628
ES523,2015,2528776
ES523,2016,2526469
ES523,2017,2531673
ES523,2018,2542923
ES523,2019,2554332
ES523,2020,2584654
ES523,2021,2593243
ES523,2022,2609327
ES523,2023,2656841
ES523,2024,2710808
ES531,2000,90355
ES531,2001,92280
ES531,2002,94390
ES531,2003,101393
ES531,2004,106816
ES531,2005,112019
ES531,2006,117297
ES531,2007,123443
ES531,2008,130600
ES531,2009,135248
ES531,2010,138317
ES531,2011,140850
ES531,2012,144309
ES531,2013,147999
ES531,2014,150793
ES531,2015,152991
ES531,2016,155126
ES531,2017,157571
ES531,2018,159874
ES531,2019,162187
ES531,2020,164786
ES531,2021,166077
ES531,2022,167295
ES531,2023,170569
ES531,2024,172968
ES532,2000,657467
ES532,2001,667626
ES532,2002,679051
ES532,2003,706537
ES532,2004,727151
ES532,2005,746103
ES532,2006,768143
ES532,2007,794323
ES532,2008,822204
ES532,2009,842781
ES532,2010,852296
ES532,2011,857174
ES532,2012,862175
ES532,2013,863221
ES532,2014,862684
ES532,2015,865877
ES532,2016,870334
ES532,2017,878821
ES532,2018,888470
ES532,2019,901392
ES532,2020,916246
ES532,2021,920605
ES532,2022,922605
ES532,2023,940332
ES532,2024,957726
ES533,2000,69491
ES533,2001,70522
ES533,2002,71687
ES533,2003,75479
ES533,2004,78998
ES533,2005,81999
ES533,2006,84854
ES533,2007,87415
ES533,2008,90053
ES533,2009,92138
ES533,2010,93066
ES533,2011,93640
ES533,2012,94231
ES533,2013,93911
ES533,2014,93140
ES533,2015,92134
ES533,2016,91893
ES533,2017,92100
ES533,2018,92889
ES533,2019,94349
ES533,2020,95784
ES533,2021,96733
ES533,2022,97143
ES533,2023,99005
ES533,2024,101074
ES611,2000,522095
ES611,2001,529788
ES611,2002,545527
ES611,2003,560652
ES611,2004,577424
ES611,2005,603218
ES611,2006,627719
ES611,2007,642792
ES611,2008,659441
ES611,2009,673038
ES611,2010,680476
ES611,2011,686446
ES611,2012,689320
ES611,2013,692434
ES611,2014,690750
ES611,2015,694051
ES611,2016,700055
ES611,2017,704871
ES611,2018,707319
ES611,2019,714123
ES611,2020,724003
ES611,2021,730430
ES611,2022,739543
ES611,2023,753364
ES611,2024,760964
ES612,2000,1110116
ES612,2001,1113137
ES612,2002,1118779
ES612,2003,1130551
ES612,2004,1144134
ES612,2005,1160688
ES612,2006,1176672
ES612,2007,1193630
ES612,2008,1209073
ES612,2009,1221028
ES612,2010,1229837
ES612,2011,1238919
ES612,2012,1245360
ES612,2013,1246384
ES612,2014,1245504
ES612,2015,1245567
ES612,2016,1244475
ES612,2017,1244090
ES612,2018,1243737
ES612,2019,1243186
ES612,2020,1247160
ES612,2021,1249873
ES612,2022,1250545
ES612,2023,1254866
ES612,2024,1258730
ES613,2000,761244
ES613,2001,761339
ES613,2002,762178
ES613,2003,766012
ES613,2004,770523
ES613,2005,775834
ES613,2006,780677
ES613,2007,786383
ES613,2008,792683
ES613,2009,797327
ES613,2010,799765
ES613,2011,801787
ES613,2012,802719
ES613,2013,799934
ES613,2014,796830
ES613,2015,794359
ES613,2016,790749
ES613,2017,787735
ES613,2018,784079
ES613,2019,780982
ES613,2020,780825
ES613,2021,777622
ES613,2022,775111
ES613,2023,775002
ES613,2024,774313
ES614,2000,816663
ES614,2001,819049
ES614,2002,821896
ES614,2003,831318
ES614,2004,842810
ES614,2005,856428
ES614,2006,871598
ES614,2007,885032
ES614,2008,900260
ES614,2009,909104
ES614,2010,915318
ES614,2011,919882
ES614,2012,922463
ES614,2013,921509
ES614,2014,919381
ES614,2015,917546
ES614,2016,915706
ES614,2017,914780
ES614,2018,915140
ES614,2019,916879
ES614,2020,921966
ES614,2021,925046
ES614,2022,926021
ES614,2023,934072
ES614,2024,939741
ES615,2000,458851
ES615,2001,460686
ES615,2002,463860
ES615,2003,468680
ES615,2004,473453
ES615,2005,479905
ES615,2006,488530
ES615,2007,495171
ES615,2008,505033
ES615,2009,510271
ES615,2010,514631
ES615,2011,517888
ES615,2012,519980
ES615,2013,520327
ES615,2014,520453
ES615,2015,520840
ES615,2016,520086
ES615,2017,519144
ES615,2018,520445
ES615,2019,522138
ES615,2020,525333
ES615,2021,527254
ES615,2022,531096
ES615,2023,534084
ES615,2024,535734
ES616,2000,644275
ES616,2001,644054
ES616,2002,643828
ES616,2003,646841
ES616,2004,649929
ES616,2005,653773
ES616,2006,656534
ES616,2007,659844
ES616,2008,663525
ES616,2009,665195
ES616,2010,666362
ES616,2011,667060
ES616,2012,667264
ES616,2013,661647
ES616,2014,656162
ES616,2015,652317
ES616,2016,647007
ES616,2017,642515
ES616,2018,637669
ES616,2019,633375
ES616,2020,630524
ES616,2021,627568
ES616,2022,624191
ES616,2023,620637
ES616,2024,619055
ES617,2000,1263686
ES617,2001,1276063
ES617,2002,1302639
ES617,2003,1338410
ES617,2004,1373765
ES617,2005,1415714
ES617,2006,1456083
ES617,2007,1491791
ES617,2008,1529004
ES617,2009,1552894
ES617,2010,1566665
ES617,2011,1581346
ES617,2012,1598130
ES617,2013,1610728
ES617,2014,1618101
ES617,2015,1629179
ES617,2016,1638378
ES617,2017,1644147
ES617,2018,1650068
ES617,2019,1660348
ES617,2020,1683380
ES617,2021,1696955
ES617,2022,1715118
ES617,2023,1752728
ES617,2024,1774701
ES618,2000,1709062
ES618,2001,1718915
ES618,2002,1732694
ES618,2003,1748407
ES618,2004,1764496
ES618,2005,1785136
ES618,2006,1807975
ES618,2007,1831957
ES618,2008,1859551
ES618,2009,1884111
ES618,2010,1902954
ES618,2011,1918752
ES618,2012,1932574
ES618,2013,1935023
ES618,2014,1934058
ES618,2015,1935135
ES618,2016,1935590
ES618,2017,1936735
ES618,2018,1938007
ES618,2019,1941191
ES618,2020,1947848
ES618,2021,1950056
ES618,2022,1949560
ES618,2023,1959394
ES618,2024,1968624
ES620,2000,1169114
ES620,2001,1184118
ES620,2002,1206614
ES620,2003,1242626
ES620,2004,1276816
ES620,2005,1313496
ES620,2006,1351106
ES620,2007,1385717
ES620,2008,1419563
ES620,2009,1441787
ES620,2010,1453543
ES620,2011,1459075
ES620,2012,1461925
ES620,2013,1462271
ES620,2014,1462734
ES620,2015,1465195
ES620,2016,1468367
ES620,2017,1475275
ES620,2018,1478718
ES620,2019,1491312
ES620,2020,1509077
ES620,2021,1518279
ES620,2022,1529662
ES620,2023,1551692
ES620,2024,1568492
ES630,2000,70855
ES630,2001,71183
ES630,2002,70868
ES630,2003,71109
ES630,2004,71538
ES630,2005,71977
ES630,2006,72807
ES630,2007,74161
ES630,2008,75250
ES630,2009,76927
ES630,2010,79294
ES630,2011,81621
ES630,2012,83845
ES630,2013,84487
ES630,2014,84562
ES630,2015,84561
ES630,2016,84558
ES630,2017,85005
ES630,2018,85327
ES630,2019,85087
ES630,2020,84502
ES630,2021,84071
ES630,2022,83054
ES630,2023,83052
ES630,2024,83179
ES640,2000,64851
ES640,2001,65725
ES640,2002,65897
ES640,2003,65387
ES640,2004,64747
ES640,2005,64910
ES640,2006,67111
ES640,2007,68967
ES640,2008,71244
ES640,2009,73365
ES640,2010,76049
ES640,2011,78866
ES640,2012,81792
ES640,2013,83669
ES640,2014,84103
ES640,2015,85009
ES640,2016,85457
ES640,2017,85918
ES640,2018,86084
ES640,2019,86373
ES640,2020,86558
ES640,2021,86450
ES640,2022,84932
ES640,2023,85493
ES640,2024,85985
ES703,2000,8422
ES703,2001,8566
ES703,2002,8747
ES703,2003,9092
ES703,2004,9465
ES703,2005,9694
ES703,2006,9973
ES703,2007,10053
ES703,2008,10219
ES703,2009,10420
ES703,2010,10603
ES703,2011,10622
ES703,2012,10707
ES703,2013,10600
ES703,2014,10506
ES703,2015,10484
ES703,2016,10573
ES703,2017,10711
ES703,2018,10847
ES703,2019,10976
ES703,2020,11156
ES703,2021,11290
ES703,2022,11417
ES703,2023,11659
ES703,2024,11786
ES704,2000,55975
ES704,2001,58179
ES704,2002,60643
ES704,2003,65947
ES704,2004,72285
ES704,2005,78505
ES704,2006,84703
ES704,2007,90229
ES704,2008,94996
ES704,2009,97632
ES704,2010,98537
ES704,2011,100167
ES704,2012,103423
ES704,2013,105651
ES704,2014,106422
ES704,2015,108294
ES704,2016,109924
ES704,2017,112615
ES704,2018,115606
ES704,2019,119050
ES704,2020,122234
ES704,2021,119278
ES704,2022,119621
ES704,2023,124152
ES704,2024,126676
ES705,2000,719072
ES705,2001,725161
ES705,2002,734221
ES705,2003,749338
ES705,2004,761613
ES705,2005,773543
ES705,2006,785161
ES705,2007,798121
ES705,2008,811256
ES705,2009,822284
ES705,2010,831527
ES705,2011,839895
ES705,2012,847266
ES705,2013,850047
ES705,2014,848785
ES705,2015,848186
ES705,2016,847106
ES705,2017,847460
ES705,2018,848204
ES705,2019,851964
ES705,2020,854610
ES705,2021,856137
ES705,2022,858475
ES705,2023,862893
ES705,2024,869984
ES706,2000,17806
ES706,2001,18015
ES706,2002,18300
ES706,2003,19271
ES706,2004,20302
ES706,2005,20825
ES706,2006,21322
ES706,2007,21869
ES706,2008,22346
ES706,2009,22568
ES706,2010,22593
ES706,2011,22350
ES706,2012,21570
ES706,2013,21134
ES706,2014,20966
ES706,2015,20905
ES706,2016,20991
ES706,2017,21068
ES706,2018,21309
ES706,2019,21494
ES706,2020,21799
ES706,2021,21893
ES706,2022,22003
ES706,2023,22361
ES706,2024,22507
ES707,2000,78607
ES707,2001,78557
ES707,2002,78821
ES707,2003,79658
ES707,2004,80430
ES707,2005,80905
ES707,2006,81514
ES707,2007,82152
ES707,2008,82767
ES707,2009,83390
ES707,2010,83620
ES707,2011,83745
ES707,2012,83845
ES707,2013,83689
ES707,2014,83118
ES707,2015,82295
ES707,2016,81720
ES707,2017,81661
ES707,2018,82245
ES707,2019,82711
ES707,2020,83539
ES707,2021,83812
ES707,2022,84006
ES707,2023,84338
ES707,2024,85382
ES708,2000,91278
ES708,2001,94321
ES708,2002,97781
ES708,2003,104284
ES708,2004,109741
ES708,2005,115879
ES708,2006,121960
ES708,2007,127860
ES708,2008,133858
ES708,2009,136449
ES708,2010,136424
ES708,2011,137019
ES708,2012,138362
ES708,2013,139177
ES708,2014,139649
ES708,2015,141098
ES708,2016,142864
ES708,2017,145504
ES708,2018,148063
ES708,2019,150672
ES708,2020,154351
ES708,2021,155944
ES708,2022,155638
ES708,2023,158798
ES708,2024,163230
ES709,2000,687902
ES709,2001,695184
ES709,2002,705337
ES709,2003,728108
ES709,2004,750406
ES709,2005,773807
ES709,2006,794985
ES709,2007,815793
ES709,2008,836512
ES709,2009,852747
ES709,2010,861859
ES709,2011,871073
ES709,2012,880765
ES709,2013,886038
ES709,2014,888709
ES709,2015,890057
ES709,2016,890258
ES709,2017,896214
ES709,2018,905307
ES709,2019,916449
ES709,2020,928551
ES709,2021,930570
ES709,2022,934449
ES709,2023,948815
ES709,2024,959189
FI,2000,5171302
FI,2001,5181115
FI,2002,5194901
FI,2003,5206295
FI,2004,5219732
FI,2005,5236611
FI,2006,5255580
FI,2007,5276955
FI,2008,5300484
FI,2009,5326314
FI,2010,5351427
FI,2011,5375276
FI,2012,5401267
FI,2013,5426674
FI,2014,5451270
FI,2015,5471753
FI,2016,5487308
FI,2017,5503297
FI,2018,5513130
FI,2019,5517919
FI,2020,5525292
FI,2021,5533793
FI,2022,5548241
FI,2023,5563970
FI,2024,5603851
FI196,2000,234233
FI196,2001,232569
FI196,2002,231307
FI196,2003,230480
FI196,2004,229910
FI196,2005,229389
FI196,2006,228675
FI196,2007,228051
FI196,2008,227131
FI196,2009,226358
FI196,2010,226116
FI196,2011,225762
FI196,2012,225302
FI196,2013,224934
FI196,2014,224556
FI196,2015,223983
FI196,2016,222957
FI196,2017,221740
FI196,2018,220398
FI196,2019,218624
FI196,2020,216752
FI196,2021,215416
FI196,2022,214281
FI196,2023,212556
FI196,2024,211740
FI198,2000,261947
FI198,2001,262495
FI198,2002,263324
FI198,2003,263604
FI198,2004,264602
FI198,2005,265658
FI198,2006,266340
FI198,2007,266400
FI198,2008,267453
FI198,2009,268486
FI198,2010,269511
FI198,2011,270353
FI198,2012,271086
FI198,2013,271859
FI198,2014,272911
FI198,2015,272986
FI198,2016,273446
FI198,2017,273910
FI198,2018,273779
FI198,2019,273283
FI198,2020,272898
FI198,2021,272617
FI198,2022,272683
FI198,2023,272437
FI198,2024,273271
FI199,2000,200960
FI199,2001,199772
FI199,2002,198696
FI199,2003,198257
FI199,2004,198109
FI199,2005,198238
FI199,2006,197979
FI199,2007,197766
FI199,2008,198015
FI199,2009,197735
FI199,2010,197773
FI199,2011,197775
FI199,2012,198034
FI199,2013,198370
FI199,2014,198831
FI199,2015,198242
FI199,2016,197371
FI199,2017,196572
FI199,2018,195583
FI199,2019,194316
FI199,2020,193207
FI199,2021,192150
FI199,2022,191762
FI199,2023,190774
FI199,2024,190539
FI19A,2000,169368
FI19A,2001,169071
FI19A,2002,168929
FI19A,2003,168854
FI19A,2004,168956
FI19A,2005,169273
FI19A,2006,169460
FI19A,2007,170030
FI19A,2008,170787
FI19A,2009,171761
FI19A,2010,172789
FI19A,2011,173675
FI19A,2012,174807
FI19A,2013,175351
FI19A,2014,175530
FI19A,2015,176314
FI19A,2016,176894
FI19A,2017,176729
FI19A,2018,176272
FI19A,2019,176193
FI19A,2020,175923
FI19A,2021,175816
FI19A,2022,176041
FI19A,2023,176323
FI19A,2024,177602
FI19B,2000,450707
FI19B,2001,453534
FI19B,2002,457184
FI19B,2003,460388
FI19B,2004,463664
FI19B,2005,467813
FI19B,2006,471839
FI19B,2007,476726
FI19B,2008,481179
FI19B,2009,485260
FI19B,2010,488979
FI19B,2011,492476
FI19B,2012,496030
FI19B,2013,499870
FI19B,2014,502575
FI19B,2015,505756
FI19B,2016,508448
FI19B,2017,511642
FI19B,2018,514333
FI19B,2019,517333
FI19B,2020,519872
FI19B,2021,522852
FI19B,2022,527478
FI19B,2023,532671
FI19B,2024,539309
FI1B1,2000,1379712
FI1B1,2001,1394199
FI1B1,2002,1408525
FI1B1,2003,1419938
FI1B1,2004,1429869
FI1B1,2005,1439400
FI1B1,2006,1452083
FI1B1,2007,1467453
FI1B1,2008,1483719
FI1B1,2009,1501511
FI1B1,2010,1517542
FI1B1,2011,1532309
FI1B1,2012,1549058
FI1B1,2013,1566835
FI1B1,2014,1585473
FI1B1,2015,1603388
FI1B1,2016,1620261
FI1B1,2017,1638293
FI1B1,2018,1655624
FI1B1,2019,1671024
FI1B1,2020,1689725
FI1B1,2021,1702678
FI1B1,2022,1714741
FI1B1,2023,1733033
FI1B1,2024,1759537
FI1C1,2000,445542
FI1C1,2001,447103
FI1C1,2002,449293
FI1C1,2003,450968
FI1C1,2004,452444
FI1C1,2005,453745
FI1C1,2006,455584
FI1C1,2007,457789
FI1C1,2008,459235
FI1C1,2009,461177
FI1C1,2010,462914
FI1C1,2011,465183
FI1C1,2012,467217
FI1C1,2013,468936
FI1C1,2014,470880
FI1C1,2015,472725
FI1C1,2016,474323
FI1C1,2017,475543
FI1C1,2018,477677
FI1C1,2019,478582
FI1C1,2020,479341
FI1C1,2021,481403
FI1C1,2022,483477
FI1C1,2023,485567
FI1C1,2024,490786
FI1C2,2000,165190
FI1C2,2001,165307
FI1C2,2002,165509
FI1C2,2003,165886
FI1C2,2004,166648
FI1C2,2005,167630
FI1C2,2006,168381
FI1C2,2007,169952
FI1C2,2008,171449
FI1C2,2009,173041
FI1C2,2010,173828
FI1C2,2011,174555
FI1C2,2012,175230
FI1C2,2013,175472
FI1C2,2014,175481
FI1C2,2015,175350
FI1C2,2016,174710
FI1C2,2017,173781
FI1C2,2018,172720
FI1C2,2019,171364
FI1C2,2020,170925
FI1C2,2021,170577
FI1C2,2022,170213
FI1C2,2023,169537
FI1C2,2024,169547
FI1C5,2000,136525
FI1C5,2001,136299
FI1C5,2002,136161
FI1C5,2003,135840
FI1C5,2004,135458
FI1C5,2005,134962
FI1C5,2006,134786
FI1C5,2007,134441
FI1C5,2008,133899
FI1C5,2009,133647
FI1C5,2010,133210
FI1C5,2011,132899
FI1C5,2012,132527
FI1C5,2013,132355
FI1C5,2014,132252
FI1C5,2015,131764
FI1C5,2016,131155
FI1C5,2017,130506
FI1C5,2018,129865
FI1C5,2019,128756
FI1C5,2020,127757
FI1C5,2021,126921
FI1C5,2022,126107
FI1C5,2023,125353
FI1C5,2024,125162
FI1C6,2000,205270
FI1C6,2001,205252
FI1C6,2002,205498
FI1C6,2003,205905
FI1C6,2004,206232
FI1C6,2005,206478
FI1C6,2006,206753
FI1C6,2007,206973
FI1C6,2008,207771
FI1C6,2009,208523
FI1C6,2010,208940
FI1C6,2011,209432
FI1C6,2012,209873
FI1C6,2013,210168
FI1C6,2014,209405
FI1C6,2015,208959
FI1C6,2016,208525
FI1C6,2017,208574
FI1C6,2018,208048
FI1C6,2019,207394
FI1C6,2020,206315
FI1C6,2021,205771
FI1C6,2022,205124
FI1C6,2023,204528
FI1C6,2024,204479
FI1C7,2000,180710
FI1C7,2001,179600
FI1C7,2002,178865
FI1C7,2003,178294
FI1C7,2004,177864
FI1C7,2005,177748
FI1C7,2006,177418
FI1C7,2007,176503
FI1C7,2008,175854
FI1C7,2009,175078
FI1C7,2010,174947
FI1C7,2011,174722
FI1C7,2012,174192
FI1C7,2013,173801
FI1C7,2014,173864
FI1C7,2015,172908
FI1C7,2016,171778
FI1C7,2017,170770
FI1C7,2018,168691
FI1C7,2019,166623
FI1C7,2020,164456
FI1C7,2021,162812
FI1C7,2022,161391
FI1C7,2023,159488
FI1C7,2024,158658
FI1D5,2000,68345
FI1D5,2001,68052
FI1D5,2002,67671
FI1D5,2003,67497
FI1D5,2004,67441
FI1D5,2005,67369
FI1D5,2006,67612
FI1D5,2007,67632
FI1D5,2008,67898
FI1D5,2009,67991
FI1D5,2010,68131
FI1D5,2011,68321
FI1D5,2012,68484
FI1D5,2013,68610
FI1D5,2014,68677
FI1D5,2015,68832
FI1D5,2016,69032
FI1D5,2017,69027
FI1D5,2018,68780
FI1D5,2019,68437
FI1D5,2020,68158
FI1D5,2021,67988
FI1D5,2022,67915
FI1D5,2023,67805
FI1D5,2024,67736
FI1D7,2000,194352
FI1D7,2001,191768
FI1D7,2002,189288
FI1D7,2003,187777
FI1D7,2004,186917
FI1D7,2005,186443
FI1D7,2006,185800
FI1D7,2007,184935
FI1D7,2008,184390
FI1D7,2009,183963
FI1D7,2010,183748
FI1D7,2011,183488
FI1D7,2012,183330
FI1D7,2013,182844
FI1D7,2014,182514
FI1D7,2015,181748
FI1D7,2016,180858
FI1D7,2017,180207
FI1D7,2018,179223
FI1D7,2019,178522
FI1D7,2020,177161
FI1D7,2021,176665
FI1D7,2022,176494
FI1D7,2023,175795
FI1D7,2024,176150
FI1D8,2000,86943
FI1D8,2001,85736
FI1D8,2002,84497
FI1D8,2003,83477
FI1D8,2004,82744
FI1D8,2005,82214
FI1D8,2006,81585
FI1D8,2007,80738
FI1D8,2008,80218
FI1D8,2009,79690
FI1D8,2010,79234
FI1D8,2011,78703
FI1D8,2012,77984
FI1D8,2013,77435
FI1D8,2014,76782
FI1D8,2015,76119
FI1D8,2016,75324
FI1D8,2017,74803
FI1D8,2018,73959
FI1D8,2019,73061
FI1D8,2020,72306
FI1D8,2021,71664
FI1D8,2022,71255
FI1D8,2023,70521
FI1D8,2024,70164
FI1D9,2000,369827
FI1D9,2001,372639
FI1D9,2002,375182
FI1D9,2003,377045
FI1D9,2004,378903
FI1D9,2005,381792
FI1D9,2006,384808
FI1D9,2007,387320
FI1D9,2008,390038
FI1D9,2009,392652
FI1D9,2010,395510
FI1D9,2011,398335
FI1D9,2012,401201
FI1D9,2013,403920
FI1D9,2014,406480
FI1D9,2015,408536
FI1D9,2016,410054
FI1D9,2017,411150
FI1D9,2018,411856
FI1D9,2019,412161
FI1D9,2020,412830
FI1D9,2021,413830
FI1D9,2022,415603
FI1D9,2023,416543
FI1D9,2024,418205
FI1DA,2000,158048
FI1DA,2001,156747
FI1DA,2002,155575
FI1DA,2003,154446
FI1DA,2004,153514
FI1DA,2005,152648
FI1DA,2006,151807
FI1DA,2007,150848
FI1DA,2008,149317
FI1DA,2009,148145
FI1DA,2010,147151
FI1DA,2011,146299
FI1DA,2012,145405
FI1DA,2013,144374
FI1DA,2014,143638
FI1DA,2015,142746
FI1DA,2016,141621
FI1DA,2017,140422
FI1DA,2018,138822
FI1DA,2019,136474
FI1DA,2020,134314
FI1DA,2021,132702
FI1DA,2022,131688
FI1DA,2023,130451
FI1DA,2024,129914
FI1DB,2000,261335
FI1DB,2001,259589
FI1DB,2002,258628
FI1DB,2003,257721
FI1DB,2004,257066
FI1DB,2005,256773
FI1DB,2006,255710
FI1DB,2007,255109
FI1DB,2008,254426
FI1DB,2009,253933
FI1DB,2010,253655
FI1DB,2011,253385
FI1DB,2012,253538
FI1DB,2013,253603
FI1DB,2014,253643
FI1DB,2015,253585
FI1DB,2016,253239
FI1DB,2017,252815
FI1DB,2018,251570
FI1DB,2019,250414
FI1DB,2020,249003
FI1DB,2021,248265
FI1DB,2022,248363
FI1DB,2023,247689
FI1DB,2024,248190
FI1DC,2000,176582
FI1DC,2001,175607
FI1DC,2002,174761
FI1DC,2003,173661
FI1DC,2004,173044
FI1DC,2005,172508
FI1DC,2006,172194
FI1DC,2007,171366
FI1DC,2008,170552
FI1DC,2009,169907
FI1DC,2010,169715
FI1DC,2011,169597
FI1DC,2012,169615
FI1DC,2013,169436
FI1DC,2014,169112
FI1DC,2015,168896
FI1DC,2016,168329
FI1DC,2017,167599
FI1DC,2018,166441
FI1DC,2019,165569
FI1DC,2020,164465
FI1DC,2021,163537
FI1DC,2022,163281
FI1DC,2023,162540
FI1DC,2024,162321
FI200,2000,25706
FI200,2001,25776
FI200,2002,26008
FI200,2003,26257
FI200,2004,26347
FI200,2005,26530
FI200,2006,26766
FI200,2007,26923
FI200,2008,27153
FI200,2009,27456
FI200,2010,27734
FI200,2011,28007
FI200,2012,28354
FI200,2013,28501
FI200,2014,28666
FI200,2015,28916
FI200,2016,28983
FI200,2017,29214
FI200,2018,29489
FI200,2019,29789
FI200,2020,29884
FI200,2021,30129
FI200,2022,30344
FI200,2023,30359
FI200,2024,30541
FR,2000,60687044
FR,2001,61126074
FR,2002,61575779
FR,2003,62020727
FR,2004,62453494
FR,2005,62938628
FR,2006,63400497
FR,2007,63823067
FR,2008,64188784
FR,2009,64537404
FR,2010,64849789
FR,2011,65174719
FR,2012,65489628
FR,2013,65817350
FR,2014,66165980
FR,2015,66458153
FR,2016,66638391
FR,2017,66809816
FR,2018,67026224
FR,2019,67290471
FR,2020,67473651
FR,2021,67728568
FR,2022,68091703
FR,2023,68277210
FR,2024,68669303
FR101,2000,2129731
FR101,2001,2137442
FR101,2002,2145472
FR101,2003,2154521
FR101,2004,2161932
FR101,2005,2172186
FR101,2006,2181371
FR101,2007,2193030
FR101,2008,2211297
FR101,2009,2234105
FR101,2010,2243833
FR101,2011,2249975
FR101,2012,2240621
FR101,2013,2229621
FR101,2014,2220445
FR101,2015,2206488
FR101,2016,2190327
FR101,2017,2187526
FR101,2018,2175601
FR101,2019,2165423
FR101,2020,2145906
FR101,2021,2133111
FR101,2022,2113705
FR101,2023,2092813
FR101,2024,2084894
FR102,2000,1202569
FR102,2001,1214294
FR102,2002,1225780
FR102,2003,1237515
FR102,2004,1248865
FR102,2005,1261010
FR102,2006,1273488
FR102,2007,1289524
FR102,2008,1303702
FR102,2009,1313414
FR102,2010,1324865
FR102,2011,1338427
FR102,2012,1353946
FR102,2013,1365200
FR102,2014,1377846
FR102,2015,1390121
FR102,2016,1397665
FR102,2017,1403997
FR102,2018,1412516
FR102,2019,1421197
FR102,2020,1428636
FR102,2021,1438100
FR102,2022,1452399
FR102,2023,1461552
FR102,2024,1479706
FR103,2000,1358816
FR103,2001,1365015
FR103,2002,1371107
FR103,2003,1377260
FR103,2004,1383145
FR103,2005,1389456
FR103,2006,1395804
FR103,2007,1403957
FR103,2008,1406053
FR103,2009,1407560
FR103,2010,1408765
FR103,2011,1413635
FR103,2012,1412356
FR103,2013,1418484
FR103,2014,1421670
FR103,2015,1427291
FR103,2016,1431808
FR103,2017,1438266
FR103,2018,1441398
FR103,2019,1448207
FR103,2020,1449723
FR103,2021,1456365
FR103,2022,1470778
FR103,2023,1477228
FR103,2024,1495123
FR104,2000,1142331
FR104,2001,1151521
FR104,2002,1160665
FR104,2003,1169540
FR104,2004,1178214
FR104,2005,1188351
FR104,2006,1198273
FR104,2007,1201994
FR104,2008,1205850
FR104,2009,1208004
FR104,2010,1215340
FR104,2011,1225191
FR104,2012,1237507
FR104,2013,1253931
FR104,2014,1268228
FR104,2015,1276233
FR104,2016,1287330
FR104,2017,1296130
FR104,2018,1296641
FR104,2019,1301659
FR104,2020,1306118
FR104,2021,1313768
FR104,2022,1324546
FR104,2023,1331182
FR104,2024,1347483
FR105,2000,1442087
FR105,2001,1457738
FR105,2002,1473080
FR105,2003,1488605
FR105,2004,1503568
FR105,2005,1520106
FR105,2006,1536100
FR105,2007,1544411
FR105,2008,1549619
FR105,2009,1561745
FR105,2010,1572490
FR105,2011,1581628
FR105,2012,1586434
FR105,2013,1591403
FR105,2014,1597770
FR105,2015,1601569
FR105,2016,1603268
FR105,2017,1609306
FR105,2018,1619120
FR105,2019,1624357
FR105,2020,1626213
FR105,2021,1635291
FR105,2022,1647435
FR105,2023,1653212
FR105,2024,1661465
FR106,2000,1396942
FR106,2001,1411789
FR106,2002,1427204
FR106,2003,1442929
FR106,2004,1458081
FR106,2005,1474920
FR106,2006,1491970
FR106,2007,1502340
FR106,2008,1506466
FR106,2009,1515983
FR106,2010,1522048
FR106,2011,1529928
FR106,2012,1538726
FR106,2013,1552482
FR106,2014,1571028
FR106,2015,1592663
FR106,2016,1606660
FR106,2017,1623111
FR106,2018,1632677
FR106,2019,1644903
FR106,2020,1655422
FR106,2021,1668670
FR106,2022,1681725
FR106,2023,1692115
FR106,2024,1718265
FR107,2000,1236443
FR107,2001,1246724
FR107,2002,1256515
FR107,2003,1266690
FR107,2004,1276157
FR107,2005,1287350
FR107,2006,1298340
FR107,2007,1302889
FR107,2008,1310876
FR107,2009,1318537
FR107,2010,1327732
FR107,2011,1333702
FR107,2012,1341831
FR107,2013,1354005
FR107,2014,1365039
FR107,2015,1372389
FR107,2016,1378151
FR107,2017,1387926
FR107,2018,1396913
FR107,2019,1407124
FR107,2020,1407972
FR107,2021,1415367
FR107,2022,1419531
FR107,2023,1422186
FR107,2024,1430965
FR108,2000,1111072
FR108,2001,1118301
FR108,2002,1125740
FR108,2003,1133014
FR108,2004,1140328
FR108,2005,1148764
FR108,2006,1157052
FR108,2007,1160721
FR108,2008,1165397
FR108,2009,1168892
FR108,2010,1171161
FR108,2011,1180365
FR108,2012,1187081
FR108,2013,1194681
FR108,2014,1205539
FR108,2015,1215390
FR108,2016,1221923
FR108,2017,1228618
FR108,2018,1238581
FR108,2019,1249674
FR108,2020,1251804
FR108,2021,1256607
FR108,2022,1270845
FR108,2023,1277071
FR108,2024,1289641
FRB01,2000,314584
FRB01,2001,314636
FRB01,2002,314887
FRB01,2003,314781
FRB01,2004,314490
FRB01,2005,314642
FRB01,2006,314675
FRB01,2007,314599
FRB01,2008,313251
FRB01,2009,311022
FRB01,2010,311257
FRB01,2011,311694
FRB01,2012,311897
FRB01,2013,311650
FRB01,2014,310270
FRB01,2015,308992
FRB01,2016,307110
FRB01,2017,304256
FRB01,2018,303408
FRB01,2019,302306
FRB01,2020,300933
FRB01,2021,299573
FRB01,2022,299496
FRB01,2023,298404
FRB01,2024,297369
FRB02,2000,409342
FRB02,2001,411292
FRB02,2002,413125
FRB02,2003,415032
FRB02,2004,416808
FRB02,2005,418968
FRB02,2006,421114
FRB02,2007,422411
FRB02,2008,423559
FRB02,2009,425502
FRB02,2010,428933
FRB02,2011,430416
FRB02,2012,432107
FRB02,2013,432967
FRB02,2014,433762
FRB02,2015,434035
FRB02,2016,433929
FRB02,2017,433233
FRB02,2018,431997
FRB02,2019,431575
FRB02,2020,431443
FRB02,2021,431277
FRB02,2022,432950
FRB02,2023,433132
FRB02,2024,433268
FRB03,2000,231441
FRB03,2001,231681
FRB03,2002,231866
FRB03,2003,232155
FRB03,2004,232211
FRB03,2005,232612
FRB03,2006,232959
FRB03,2007,232799
FRB03,2008,232004
FRB03,2009,232268
FRB03,2010,231176
FRB03,2011,230175
FRB03,2012,228692
FRB03,2013,228091
FRB03,2014,226175
FRB03,2015,224200
FRB03,2016,223505
FRB03,2017,222232
FRB03,2018,220595
FRB03,2019,219316
FRB03,2020,218707
FRB03,2021,217228
FRB03,2022,216809
FRB03,2023,215578
FRB03,2024,215000
FRB04,2000,557170
FRB04,2001,561151
FRB04,2002,564886
FRB04,2003,568765
FRB04,2004,572255
FRB04,2005,576366
FRB04,2006,580312
FRB04,2007,583086
FRB04,2008,585406
FRB04,2009,588420
FRB04,2010,590515
FRB04,2011,593683
FRB04,2012,596937
FRB04,2013,600252
FRB04,2014,603924
FRB04,2015,604966
FRB04,2016,606223
FRB04,2017,606511
FRB04,2018,607760
FRB04,2019,610079
FRB04,2020,612119
FRB04,2021,612160
FRB04,2022,616326
FRB04,2023,617703
FRB04,2024,621115
FRB05,2000,316354
FRB05,2001,317783
FRB05,2002,319144
FRB05,2003,320536
FRB05,2004,321808
FRB05,2005,323489
FRB05,2006,325182
FRB05,2007,326291
FRB05,2008,326599
FRB05,2009,327868
FRB05,2010,330079
FRB05,2011,331280
FRB05,2012,331656
FRB05,2013,332001
FRB05,2014,333567
FRB05,2015,333050
FRB05,2016,332769
FRB05,2017,331915
FRB05,2018,330248
FRB05,2019,329470
FRB05,2020,329357
FRB05,2021,328504
FRB05,2022,328953
FRB05,2023,328360
FRB05,2024,328061
FRB06,2000,621230
FRB06,2001,625235
FRB06,2002,629070
FRB06,2003,633019
FRB06,2004,636707
FRB06,2005,641169
FRB06,2006,645325
FRB06,2007,647733
FRB06,2008,650769
FRB06,2009,653510
FRB06,2010,656105
FRB06,2011,659587
FRB06,2012,662297
FRB06,2013,665587
FRB06,2014,669737
FRB06,2015,673349
FRB06,2016,674330
FRB06,2017,678105
FRB06,2018,678845
FRB06,2019,680434
FRB06,2020,682304
FRB06,2021,684561
FRB06,2022,687063
FRB06,2023,688539
FRB06,2024,693193
FRC11,2000,508015
FRC11,2001,509714
FRC11,2002,511197
FRC11,2003,512591
FRC11,2004,514022
FRC11,2005,515829
FRC11,2006,517168
FRC11,2007,519143
FRC11,2008,521608
FRC11,2009,524144
FRC11,2010,524358
FRC11,2011,525931
FRC11,2012,527403
FRC11,2013,529761
FRC11,2014,531380
FRC11,2015,533147
FRC11,2016,533213
FRC11,2017,533819
FRC11,2018,533220
FRC11,2019,534124
FRC11,2020,535078
FRC11,2021,535503
FRC11,2022,537577
FRC11,2023,538080
FRC11,2024,540943
FRC12,2000,225054
FRC12,2001,224569
FRC12,2002,224139
FRC12,2003,223605
FRC12,2004,223050
FRC12,2005,222711
FRC12,2006,222220
FRC12,2007,221488
FRC12,2008,220653
FRC12,2009,220199
FRC12,2010,219584
FRC12,2011,218341
FRC12,2012,216786
FRC12,2013,215221
FRC12,2014,213569
FRC12,2015,211747
FRC12,2016,209161
FRC12,2017,207182
FRC12,2018,205828
FRC12,2019,204452
FRC12,2020,202670
FRC12,2021,202417
FRC12,2022,202299
FRC12,2023,201409
FRC12,2024,200818
FRC13,2000,545723
FRC13,2001,546312
FRC13,2002,547138
FRC13,2003,547532
FRC13,2004,547660
FRC13,2005,548667
FRC13,2006,549361
FRC13,2007,551842
FRC13,2008,553968
FRC13,2009,554720
FRC13,2010,555663
FRC13,2011,555999
FRC13,2012,555039
FRC13,2013,556222
FRC13,2014,555788
FRC13,2015,555408
FRC13,2016,555023
FRC13,2017,553595
FRC13,2018,552185
FRC13,2019,551493
FRC13,2020,551063
FRC13,2021,549288
FRC13,2022,549136
FRC13,2023,547788
FRC13,2024,549723
FRC14,2000,334026
FRC14,2001,335056
FRC14,2002,335963
FRC14,2003,337029
FRC14,2004,337724
FRC14,2005,338983
FRC14,2006,340088
FRC14,2007,341418
FRC14,2008,342359
FRC14,2009,343377
FRC14,2010,342510
FRC14,2011,342463
FRC14,2012,341902
FRC14,2013,341483
FRC14,2014,341814
FRC14,2015,340903
FRC14,2016,340544
FRC14,2017,338291
FRC14,2018,337504
FRC14,2019,335707
FRC14,2020,334156
FRC14,2021,333385
FRC14,2022,333896
FRC14,2023,332690
FRC14,2024,331426
FRC21,2000,501423
FRC21,2001,503929
FRC21,2002,506241
FRC21,2003,508532
FRC21,2004,510794
FRC21,2005,513571
FRC21,2006,516157
FRC21,2007,520133
FRC21,2008,522685
FRC21,2009,525276
FRC21,2010,527770
FRC21,2011,529103
FRC21,2012,531062
FRC21,2013,533320
FRC21,2014,534710
FRC21,2015,536959
FRC21,2016,538549
FRC21,2017,539067
FRC21,2018,541454
FRC21,2019,543974
FRC21,2020,545209
FRC21,2021,547096
FRC21,2022,548662
FRC21,2023,549462
FRC21,2024,547024
FRC22,2000,251811
FRC22,2001,252840
FRC22,2002,253875
FRC22,2003,254691
FRC22,2004,255536
FRC22,2005,256567
FRC22,2006,257399
FRC22,2007,258897
FRC22,2008,260740
FRC22,2009,261277
FRC22,2010,261534
FRC22,2011,261294
FRC22,2012,260932
FRC22,2013,260502
FRC22,2014,260681
FRC22,2015,260587
FRC22,2016,260517
FRC22,2017,260188
FRC22,2018,259746
FRC22,2019,259199
FRC22,2020,258798
FRC22,2021,258555
FRC22,2022,258405
FRC22,2023,257986
FRC22,2024,257588
FRC23,2000,230380
FRC23,2001,231413
FRC23,2002,232305
FRC23,2003,233209
FRC23,2004,233991
FRC23,2005,234934
FRC23,2006,235867
FRC23,2007,237197
FRC23,2008,238548
FRC23,2009,239194
FRC23,2010,239548
FRC23,2011,239695
FRC23,2012,239750
FRC23,2013,238956
FRC23,2014,238347
FRC23,2015,237706
FRC23,2016,237242
FRC23,2017,236659
FRC23,2018,236018
FRC23,2019,235313
FRC23,2020,234601
FRC23,2021,234296
FRC23,2022,233920
FRC23,2023,233293
FRC23,2024,232484
FRC24,2000,137898
FRC24,2001,138513
FRC24,2002,139034
FRC24,2003,139550
FRC24,2004,140157
FRC24,2005,140672
FRC24,2006,141201
FRC24,2007,142444
FRC24,2008,141958
FRC24,2009,142461
FRC24,2010,142911
FRC24,2011,143348
FRC24,2012,143940
FRC24,2013,144318
FRC24,2014,144334
FRC24,2015,144483
FRC24,2016,144089
FRC24,2017,142622
FRC24,2018,141852
FRC24,2019,141318
FRC24,2020,140120
FRC24,2021,139654
FRC24,2022,140082
FRC24,2023,139526
FRC24,2024,140174
FRD11,2000,651193
FRD11,2001,654684
FRD11,2002,658189
FRD11,2003,661498
FRD11,2004,664769
FRD11,2005,668210
FRD11,2006,671351
FRD11,2007,673667
FRD11,2008,678206
FRD11,2009,680908
FRD11,2010,683105
FRD11,2011,685262
FRD11,2012,687854
FRD11,2013,689945
FRD11,2014,691670
FRD11,2015,693579
FRD11,2016,693679
FRD11,2017,694002
FRD11,2018,694056
FRD11,2019,694905
FRD11,2020,697547
FRD11,2021,700633
FRD11,2022,704605
FRD11,2023,706548
FRD11,2024,712763
FRD12,2000,483178
FRD12,2001,484848
FRD12,2002,486544
FRD12,2003,488260
FRD12,2004,489608
FRD12,2005,491110
FRD12,2006,492563
FRD12,2007,495153
FRD12,2008,496937
FRD12,2009,497762
FRD12,2010,498747
FRD12,2011,499531
FRD12,2012,499340
FRD12,2013,499919
FRD12,2014,499958
FRD12,2015,499287
FRD12,2016,498362
FRD12,2017,496883
FRD12,2018,495983
FRD12,2019,495045
FRD12,2020,495093
FRD12,2021,495508
FRD12,2022,496815
FRD12,2023,496441
FRD12,2024,497681
FRD13,2000,292557
FRD13,2001,292868
FRD13,2002,293068
FRD13,2003,293158
FRD13,2004,293052
FRD13,2005,293105
FRD13,2006,292879
FRD13,2007,292609
FRD13,2008,292282
FRD13,2009,292210
FRD13,2010,291642
FRD13,2011,290891
FRD13,2012,290015
FRD13,2013,288848
FRD13,2014,287750
FRD13,2015,286618
FRD13,2016,285308
FRD13,2017,283372
FRD13,2018,281593
FRD13,2019,279942
FRD13,2020,278475
FRD13,2021,276973
FRD13,2022,276144
FRD13,2023,274742
FRD13,2024,273958
FRD21,2000,544635
FRD21,2001,548502
FRD21,2002,552211
FRD21,2003,555822
FRD21,2004,559393
FRD21,2005,563316
FRD21,2006,567221
FRD21,2007,572105
FRD21,2008,577087
FRD21,2009,582822
FRD21,2010,586543
FRD21,2011,588111
FRD21,2012,591616
FRD21,2013,595043
FRD21,2014,598347
FRD21,2015,601948
FRD21,2016,602825
FRD21,2017,601843
FRD21,2018,599962
FRD21,2019,599507
FRD21,2020,599668
FRD21,2021,598934
FRD21,2022,601305
FRD21,2023,601533
FRD21,2024,603231
FRD22,2000,1239940
FRD22,2001,1240904
FRD22,2002,1241888
FRD22,2003,1242102
FRD22,2004,1242398
FRD22,2005,1243361
FRD22,2006,1243834
FRD22,2007,1244611
FRD22,2008,1248580
FRD22,2009,1250120
FRD22,2010,1250411
FRD22,2011,1251282
FRD22,2012,1253931
FRD22,2013,1254609
FRD22,2014,1257920
FRD22,2015,1257699
FRD22,2016,1255755
FRD22,2017,1254378
FRD22,2018,1255883
FRD22,2019,1255633
FRD22,2020,1254739
FRD22,2021,1255918
FRD22,2022,1260205
FRD22,2023,1260258
FRD22,2024,1261327
FRE11,2000,2554638
FRE11,2001,2555959
FRE11,2002,2558213
FRE11,2003,2559871
FRE11,2004,2561038
FRE11,2005,2563886
FRE11,2006,2565257
FRE11,2007,2564950
FRE11,2008,2564959
FRE11,2009,2571940
FRE11,2010,2576770
FRE11,2011,2579208
FRE11,2012,2587128
FRE11,2013,2595536
FRE11,2014,2603472
FRE11,2015,2605238
FRE11,2016,2603723
FRE11,2017,2604361
FRE11,2018,2606234
FRE11,2019,2608346
FRE11,2020,2607746
FRE11,2021,2611293
FRE11,2022,2616909
FRE11,2023,2616339
FRE11,2024,2615021
FRE12,2000,1443226
FRE12,2001,1445183
FRE12,2002,1447364
FRE12,2003,1448757
FRE12,2004,1449510
FRE12,2005,1451727
FRE12,2006,1453387
FRE12,2007,1456726
FRE12,2008,1459531
FRE12,2009,1461257
FRE12,2010,1461387
FRE12,2011,1462807
FRE12,2012,1463628
FRE12,2013,1465205
FRE12,2014,1472589
FRE12,2015,1472648
FRE12,2016,1470725
FRE12,2017,1468018
FRE12,2018,1466743
FRE12,2019,1465278
FRE12,2020,1462167
FRE12,2021,1461441
FRE12,2022,1460184
FRE12,2023,1456673
FRE12,2024,1454949
FRE21,2000,536260
FRE21,2001,536626
FRE21,2002,536784
FRE21,2003,536651
FRE21,2004,536464
FRE21,2005,536798
FRE21,2006,537061
FRE21,2007,537820
FRE21,2008,538790
FRE21,2009,539870
FRE21,2010,540508
FRE21,2011,541302
FRE21,2012,540888
FRE21,2013,540067
FRE21,2014,539783
FRE21,2015,538659
FRE21,2016,536136
FRE21,2017,534490
FRE21,2018,533316
FRE21,2019,531345
FRE21,2020,529374
FRE21,2021,527468
FRE21,2022,525558
FRE21,2023,523228
FRE21,2024,521077
FRE22,2000,769848
FRE22,2001,773713
FRE22,2002,777612
FRE22,2003,781462
FRE22,2004,785007
FRE22,2005,789012
FRE22,2006,792975
FRE22,2007,796624
FRE22,2008,799725
FRE22,2009,801512
FRE22,2010,803595
FRE22,2011,805642
FRE22,2012,810300
FRE22,2013,815400
FRE22,2014,818680
FRE22,2015,821552
FRE22,2016,823542
FRE22,2017,824503
FRE22,2018,827153
FRE22,2019,829419
FRE22,2020,829699
FRE22,2021,828838
FRE22,2022,830725
FRE22,2023,830509
FRE22,2024,828901
FRE23,2000,556830
FRE23,2001,558420
FRE23,2002,559920
FRE23,2003,560966
FRE23,2004,561938
FRE23,2005,563218
FRE23,2006,564319
FRE23,2007,565910
FRE23,2008,568086
FRE23,2009,569775
FRE23,2010,570741
FRE23,2011,571211
FRE23,2012,571154
FRE23,2013,571675
FRE23,2014,571632
FRE23,2015,571879
FRE23,2016,572744
FRE23,2017,572443
FRE23,2018,570662
FRE23,2019,570559
FRE23,2020,568748
FRE23,2021,566252
FRE23,2022,565540
FRE23,2023,563543
FRE23,2024,563892
FRF11,2000,1032498
FRF11,2001,1040521
FRF11,2002,1048305
FRF11,2003,1055890
FRF11,2004,1063274
FRF11,2005,1071160
FRF11,2006,1079016
FRF11,2007,1084840
FRF11,2008,1091015
FRF11,2009,1094439
FRF11,2010,1095905
FRF11,2011,1099269
FRF11,2012,1104667
FRF11,2013,1109460
FRF11,2014,1112815
FRF11,2015,1116658
FRF11,2016,1121407
FRF11,2017,1125559
FRF11,2018,1133552
FRF11,2019,1140057
FRF11,2020,1148073
FRF11,2021,1152662
FRF11,2022,1156963
FRF11,2023,1160728
FRF11,2024,1167537
FRF12,2000,711457
FRF12,2001,715557
FRF12,2002,719749
FRF12,2003,723685
FRF12,2004,727871
FRF12,2005,732242
FRF12,2006,736477
FRF12,2007,742408
FRF12,2008,746072
FRF12,2009,748614
FRF12,2010,749782
FRF12,2011,753056
FRF12,2012,755202
FRF12,2013,758723
FRF12,2014,760134
FRF12,2015,762607
FRF12,2016,762743
FRF12,2017,764030
FRF12,2018,764981
FRF12,2019,767086
FRF12,2020,767842
FRF12,2021,767083
FRF12,2022,767800
FRF12,2023,767160
FRF12,2024,770839
FRF21,2000,289609
FRF21,2001,289041
FRF21,2002,288520
FRF21,2003,287820
FRF21,2004,287136
FRF21,2005,286425
FRF21,2006,285653
FRF21,2007,284749
FRF21,2008,284197
FRF21,2009,283296
FRF21,2010,283250
FRF21,2011,283110
FRF21,2012,282778
FRF21,2013,280907
FRF21,2014,279715
FRF21,2015,277752
FRF21,2016,275371
FRF21,2017,273579
FRF21,2018,271845
FRF21,2019,270582
FRF21,2020,269701
FRF21,2021,268859
FRF21,2022,267204
FRF21,2023,265865
FRF21,2024,264406
FRF22,2000,293185
FRF22,2001,294310
FRF22,2002,295419
FRF22,2003,296294
FRF22,2004,297154
FRF22,2005,298483
FRF22,2006,299704
FRF22,2007,300840
FRF22,2008,301327
FRF22,2009,303298
FRF22,2010,303327
FRF22,2011,303997
FRF22,2012,305606
FRF22,2013,306581
FRF22,2014,308094
FRF22,2015,309056
FRF22,2016,308910
FRF22,2017,310020
FRF22,2018,310020
FRF22,2019,310242
FRF22,2020,311435
FRF22,2021,311329
FRF22,2022,311076
FRF22,2023,311170
FRF22,2024,309743
FRF23,2000,565189
FRF23,2001,565535
FRF23,2002,565782
FRF23,2003,565830
FRF23,2004,565512
FRF23,2005,565675
FRF23,2006,565841
FRF23,2007,566491
FRF23,2008,566010
FRF23,2009,566145
FRF23,2010,565307
FRF23,2011,566571
FRF23,2012,568750
FRF23,2013,569999
FRF23,2014,570817
FRF23,2015,572293
FRF23,2016,570883
FRF23,2017,568895
FRF23,2018,567462
FRF23,2019,566855
FRF23,2020,566659
FRF23,2021,565292
FRF23,2022,564107
FRF23,2023,562387
FRF23,2024,560932
FRF24,2000,194024
FRF24,2001,192992
FRF24,2002,191914
FRF24,2003,190907
FRF24,2004,189795
FRF24,2005,188817
FRF24,2006,187652
FRF24,2007,187407
FRF24,2008,186470
FRF24,2009,185214
FRF24,2010,184039
FRF24,2011,182375
FRF24,2012,182136
FRF24,2013,181521
FRF24,2014,180673
FRF24,2015,179154
FRF24,2016,178084
FRF24,2017,175640
FRF24,2018,174069
FRF24,2019,172512
FRF24,2020,171798
FRF24,2021,171042
FRF24,2022,169865
FRF24,2023,168854
FRF24,2024,167185
FRF31,2000,715684
FRF31,2001,717358
FRF31,2002,719199
FRF31,2003,720638
FRF31,2004,721734
FRF31,2005,723797
FRF31,2006,725302
FRF31,2007,726592
FRF31,2008,729768
FRF31,2009,731019
FRF31,2010,732207
FRF31,2011,733124
FRF31,2012,733266
FRF31,2013,731004
FRF31,2014,732153
FRF31,2015,734403
FRF31,2016,733821
FRF31,2017,733481
FRF31,2018,733469
FRF31,2019,733760
FRF31,2020,732590
FRF31,2021,732486
FRF31,2022,732898
FRF31,2023,731744
FRF31,2024,731137
FRF32,2000,192682
FRF32,2001,193019
FRF32,2002,193312
FRF32,2003,193321
FRF32,2004,193376
FRF32,2005,193637
FRF32,2006,193696
FRF32,2007,193962
FRF32,2008,194218
FRF32,2009,194003
FRF32,2010,193923
FRF32,2011,193557
FRF32,2012,192800
FRF32,2013,192094
FRF32,2014,191530
FRF32,2015,190626
FRF32,2016,189055
FRF32,2017,187187
FRF32,2018,185355
FRF32,2019,184083
FRF32,2020,183001
FRF32,2021,181919
FRF32,2022,180745
FRF32,2023,179439
FRF32,2024,179279
FRF33,2000,1025516
FRF33,2001,1027458
FRF33,2002,1029636
FRF33,2003,1031421
FRF33,2004,1032634
FRF33,2005,1034768
FRF33,2006,1036776
FRF33,2007,1039023
FRF33,2008,1042230
FRF33,2009,1044898
FRF33,2010,1045066
FRF33,2011,1045146
FRF33,2012,1046468
FRF33,2013,1046873
FRF33,2014,1045154
FRF33,2015,1044486
FRF33,2016,1045271
FRF33,2017,1043522
FRF33,2018,1043524
FRF33,2019,1046543
FRF33,2020,1049155
FRF33,2021,1049942
FRF33,2022,1050721
FRF33,2023,1050692
FRF33,2024,1050916
FRF34,2000,381027
FRF34,2001,380956
FRF34,2002,380879
FRF34,2003,380639
FRF34,2004,380392
FRF34,2005,380266
FRF34,2006,379975
FRF34,2007,380304
FRF34,2008,380145
FRF34,2009,380192
FRF34,2010,379724
FRF34,2011,378830
FRF34,2012,377282
FRF34,2013,375226
FRF34,2014,373560
FRF34,2015,372016
FRF34,2016,369641
FRF34,2017,367673
FRF34,2018,366112
FRF34,2019,364499
FRF34,2020,362397
FRF34,2021,360673
FRF34,2022,358700
FRF34,2023,356433
FRF34,2024,355483
FRG01,2000,1146058
FRG01,2001,1160239
FRG01,2002,1174492
FRG01,2003,1189157
FRG01,2004,1203474
FRG01,2005,1218810
FRG01,2006,1234085
FRG01,2007,1246798
FRG01,2008,1255871
FRG01,2009,1266358
FRG01,2010,1282052
FRG01,2011,1296364
FRG01,2012,1313321
FRG01,2013,1328620
FRG01,2014,1346592
FRG01,2015,1365227
FRG01,2016,1380852
FRG01,2017,1394909
FRG01,2018,1412502
FRG01,2019,1429272
FRG01,2020,1445171
FRG01,2021,1457806
FRG01,2022,1473156
FRG01,2023,1486149
FRG01,2024,1499333
FRG02,2000,736867
FRG02,2001,742072
FRG02,2002,747089
FRG02,2003,751708
FRG02,2004,756253
FRG02,2005,761529
FRG02,2006,766659
FRG02,2007,770777
FRG02,2008,774823
FRG02,2009,780082
FRG02,2010,784810
FRG02,2011,790343
FRG02,2012,795557
FRG02,2013,800191
FRG02,2014,805888
FRG02,2015,810186
FRG02,2016,810934
FRG02,2017,813493
FRG02,2018,815883
FRG02,2019,818273
FRG02,2020,820713
FRG02,2021,824743
FRG02,2022,828151
FRG02,2023,830394
FRG02,2024,837086
FRG03,2000,286970
FRG03,2001,289124
FRG03,2002,291126
FRG03,2003,293122
FRG03,2004,294813
FRG03,2005,296884
FRG03,2006,299000
FRG03,2007,300643
FRG03,2008,302983
FRG03,2009,305147
FRG03,2010,306337
FRG03,2011,307031
FRG03,2012,307453
FRG03,2013,307500
FRG03,2014,307471
FRG03,2015,307940
FRG03,2016,307688
FRG03,2017,307445
FRG03,2018,307084
FRG03,2019,307062
FRG03,2020,306538
FRG03,2021,305933
FRG03,2022,305437
FRG03,2023,304630
FRG03,2024,304794
FRG04,2000,532765
FRG04,2001,536156
FRG04,2002,539720
FRG04,2003,543037
FRG04,2004,546270
FRG04,2005,550067
FRG04,2006,553484
FRG04,2007,556946
FRG04,2008,559587
FRG04,2009,561050
FRG04,2010,563518
FRG04,2011,565718
FRG04,2012,567382
FRG04,2013,569035
FRG04,2014,568760
FRG04,2015,568445
FRG04,2016,567561
FRG04,2017,566506
FRG04,2018,565963
FRG04,2019,566412
FRG04,2020,566993
FRG04,2021,566058
FRG04,2022,566129
FRG04,2023,565349
FRG04,2024,566239
FRG05,2000,546334
FRG05,2001,554088
FRG05,2002,562222
FRG05,2003,570651
FRG05,2004,578974
FRG05,2005,588101
FRG05,2006,597185
FRG05,2007,607430
FRG05,2008,616906
FRG05,2009,626411
FRG05,2010,634778
FRG05,2011,641657
FRG05,2012,648901
FRG05,2013,655506
FRG05,2014,662122
FRG05,2015,666714
FRG05,2016,670597
FRG05,2017,675247
FRG05,2018,679991
FRG05,2019,685442
FRG05,2020,692705
FRG05,2021,699459
FRG05,2022,706343
FRG05,2023,711902
FRG05,2024,719419
FRH01,2000,545656
FRH01,2001,549503
FRH01,2002,553556
FRH01,2003,557831
FRH01,2004,562226
FRH01,2005,566688
FRH01,2006,570861
FRH01,2007,576049
FRH01,2008,581570
FRH01,2009,587519
FRH01,2010,591641
FRH01,2011,594375
FRH01,2012,595531
FRH01,2013,597085
FRH01,2014,597397
FRH01,2015,598357
FRH01,2016,598953
FRH01,2017,598814
FRH01,2018,599584
FRH01,2019,600582
FRH01,2020,603640
FRH01,2021,605917
FRH01,2022,609598
FRH01,2023,611258
FRH01,2024,613675
FRH02,2000,855924
FRH02,2001,860540
FRH02,2002,865006
FRH02,2003,869205
FRH02,2004,873568
FRH02,2005,878532
FRH02,2006,883001
FRH02,2007,885906
FRH02,2008,890509
FRH02,2009,893914
FRH02,2010,897628
FRH02,2011,899870
FRH02,2012,901293
FRH02,2013,903921
FRH02,2014,905855
FRH02,2015,907796
FRH02,2016,908249
FRH02,2017,909028
FRH02,2018,911735
FRH02,2019,915090
FRH02,2020,917179
FRH02,2021,921638
FRH02,2022,927912
FRH02,2023,930710
FRH02,2024,937401
FRH03,2000,876201
FRH03,2001,887423
FRH03,2002,898909
FRH03,2003,910367
FRH03,2004,921911
FRH03,2005,933885
FRH03,2006,945851
FRH03,2007,955846
FRH03,2008,967588
FRH03,2009,977449
FRH03,2010,988140
FRH03,2011,996439
FRH03,2012,1007901
FRH03,2013,1019923
FRH03,2014,1032240
FRH03,2015,1042884
FRH03,2016,1051779
FRH03,2017,1060199
FRH03,2018,1069228
FRH03,2019,1079498
FRH03,2020,1088855
FRH03,2021,1098325
FRH03,2022,1109232
FRH03,2023,1117647
FRH03,2024,1129874
FRH04,2000,649831
FRH04,2001,656858
FRH04,2002,664294
FRH04,2003,671846
FRH04,2004,679372
FRH04,2005,687480
FRH04,2006,694821
FRH04,2007,702487
FRH04,2008,710034
FRH04,2009,716182
FRH04,2010,721657
FRH04,2011,727083
FRH04,2012,732372
FRH04,2013,737778
FRH04,2014,741051
FRH04,2015,744813
FRH04,2016,747548
FRH04,2017,750863
FRH04,2018,754867
FRH04,2019,759684
FRH04,2020,764161
FRH04,2021,768687
FRH04,2022,776103
FRH04,2023,780633
FRH04,2024,788761
FRI11,2000,390272
FRI11,2001,392493
FRI11,2002,394747
FRI11,2003,396905
FRI11,2004,398994
FRI11,2005,401607
FRI11,2006,404052
FRI11,2007,406793
FRI11,2008,409388
FRI11,2009,412082
FRI11,2010,414149
FRI11,2011,415168
FRI11,2012,416384
FRI11,2013,416909
FRI11,2014,416350
FRI11,2015,415417
FRI11,2016,414789
FRI11,2017,413606
FRI11,2018,413418
FRI11,2019,413223
FRI11,2020,412807
FRI11,2021,413730
FRI11,2022,416325
FRI11,2023,416671
FRI11,2024,418922
FRI12,2000,1299777
FRI12,2001,1314667
FRI12,2002,1330095
FRI12,2003,1345768
FRI12,2004,1361225
FRI12,2005,1377991
FRI12,2006,1393758
FRI12,2007,1409345
FRI12,2008,1421276
FRI12,2009,1434661
FRI12,2010,1449245
FRI12,2011,1463662
FRI12,2012,1483712
FRI12,2013,1505517
FRI12,2014,1526016
FRI12,2015,1548478
FRI12,2016,1566679
FRI12,2017,1583384
FRI12,2018,1601845
FRI12,2019,1623749
FRI12,2020,1636391
FRI12,2021,1654970
FRI12,2022,1674980
FRI12,2023,1689714
FRI12,2024,1705851
FRI13,2000,331510
FRI13,2001,336470
FRI13,2002,341456
FRI13,2003,346620
FRI13,2004,351827
FRI13,2005,357544
FRI13,2006,362827
FRI13,2007,367492
FRI13,2008,373142
FRI13,2009,379341
FRI13,2010,384320
FRI13,2011,387929
FRI13,2012,392884
FRI13,2013,397226
FRI13,2014,400477
FRI13,2015,403234
FRI13,2016,405010
FRI13,2017,407444
FRI13,2018,410355
FRI13,2019,413690
FRI13,2020,418122
FRI13,2021,422976
FRI13,2022,428427
FRI13,2023,432717
FRI13,2024,437955
FRI14,2000,307415
FRI14,2001,309679
FRI14,2002,311984
FRI14,2003,314421
FRI14,2004,316872
FRI14,2005,319719
FRI14,2006,322292
FRI14,2007,324170
FRI14,2008,326399
FRI14,2009,329697
FRI14,2010,331123
FRI14,2011,330866
FRI14,2012,332119
FRI14,2013,333180
FRI14,2014,333234
FRI14,2015,333417
FRI14,2016,332833
FRI14,2017,332842
FRI14,2018,331970
FRI14,2019,331271
FRI14,2020,330844
FRI14,2021,331229
FRI14,2022,332226
FRI14,2023,332080
FRI14,2024,334441
FRI15,2000,604249
FRI15,2001,609605
FRI15,2002,614850
FRI15,2003,620208
FRI15,2004,625669
FRI15,2005,631335
FRI15,2006,636849
FRI15,2007,643090
FRI15,2008,647420
FRI15,2009,650356
FRI15,2010,653515
FRI15,2011,656608
FRI15,2012,660871
FRI15,2013,664057
FRI15,2014,667249
FRI15,2015,670032
FRI15,2016,673986
FRI15,2017,677309
FRI15,2018,679810
FRI15,2019,682621
FRI15,2020,687240
FRI15,2021,693027
FRI15,2022,699473
FRI15,2023,704074
FRI15,2024,711995
FRI21,2000,233631
FRI21,2001,234567
FRI21,2002,235775
FRI21,2003,236805
FRI21,2004,237823
FRI21,2005,239185
FRI21,2006,240363
FRI21,2007,242038
FRI21,2008,242896
FRI21,2009,243352
FRI21,2010,243551
FRI21,2011,242454
FRI21,2012,241247
FRI21,2013,240781
FRI21,2014,241340
FRI21,2015,241871
FRI21,2016,241535
FRI21,2017,241464
FRI21,2018,240583
FRI21,2019,240073
FRI21,2020,239190
FRI21,2021,239784
FRI21,2022,240120
FRI21,2023,239911
FRI21,2024,241041
FRI22,2000,124303
FRI22,2001,124095
FRI22,2002,123953
FRI22,2003,123797
FRI22,2004,123561
FRI22,2005,123423
FRI22,2006,123401
FRI22,2007,123861
FRI22,2008,123907
FRI22,2009,123584
FRI22,2010,123029
FRI22,2011,122560
FRI22,2012,121517
FRI22,2013,120872
FRI22,2014,120581
FRI22,2015,120365
FRI22,2016,119502
FRI22,2017,118638
FRI22,2018,117503
FRI22,2019,116617
FRI22,2020,115995
FRI22,2021,115702
FRI22,2022,115529
FRI22,2023,114940
FRI22,2024,115406
FRI23,2000,355315
FRI23,2001,357134
FRI23,2002,358988
FRI23,2003,360749
FRI23,2004,362522
FRI23,2005,364879
FRI23,2006,367156
FRI23,2007,371102
FRI23,2008,373940
FRI23,2009,374849
FRI23,2010,376191
FRI23,2011,376058
FRI23,2012,375869
FRI23,2013,375856
FRI23,2014,376199
FRI23,2015,375795
FRI23,2016,374978
FRI23,2017,374426
FRI23,2018,373199
FRI23,2019,372359
FRI23,2020,372123
FRI23,2021,371691
FRI23,2022,372438
FRI23,2023,372083
FRI23,2024,373138
FRI31,2000,340761
FRI31,2001,341959
FRI31,2002,343012
FRI31,2003,343894
FRI31,2004,344708
FRI31,2005,345911
FRI31,2006,347037
FRI31,2007,349535
FRI31,2008,351581
FRI31,2009,351563
FRI31,2010,351577
FRI31,2011,352705
FRI31,2012,353657
FRI31,2013,353482
FRI31,2014,353853
FRI31,2015,353613
FRI31,2016,353288
FRI31,2017,352335
FRI31,2018,351778
FRI31,2019,352015
FRI31,2020,351718
FRI31,2021,350867
FRI31,2022,351603
FRI31,2023,351023
FRI31,2024,352712
FRI32,2000,561742
FRI32,2001,567617
FRI32,2002,573817
FRI32,2003,579877
FRI32,2004,586082
FRI32,2005,592640
FRI32,2006,598915
FRI32,2007,605410
FRI32,2008,611714
FRI32,2009,616607
FRI32,2010,622323
FRI32,2011,625682
FRI32,2012,628733
FRI32,2013,633417
FRI32,2014,637089
FRI32,2015,639938
FRI32,2016,642191
FRI32,2017,644303
FRI32,2018,646932
FRI32,2019,651358
FRI32,2020,655709
FRI32,2021,661404
FRI32,2022,668160
FRI32,2023,672443
FRI32,2024,677063
FRI33,2000,346432
FRI33,2001,348599
FRI33,2002,350799
FRI33,2003,352970
FRI33,2004,354914
FRI33,2005,357319
FRI33,2006,359711
FRI33,2007,362944
FRI33,2008,365059
FRI33,2009,366339
FRI33,2010,369270
FRI33,2011,370939
FRI33,2012,371583
FRI33,2013,371632
FRI33,2014,373553
FRI33,2015,374435
FRI33,2016,374743
FRI33,2017,374351
FRI33,2018,374799
FRI33,2019,374878
FRI33,2020,374481
FRI33,2021,374587
FRI33,2022,375415
FRI33,2023,375016
FRI33,2024,375205
FRI34,2000,401443
FRI34,2001,403958
FRI34,2002,406832
FRI34,2003,409731
FRI34,2004,412316
FRI34,2005,415437
FRI34,2006,418460
FRI34,2007,421891
FRI34,2008,424354
FRI34,2009,426066
FRI34,2010,427193
FRI34,2011,428447
FRI34,2012,430018
FRI34,2013,431248
FRI34,2014,433203
FRI34,2015,434887
FRI34,2016,436069
FRI34,2017,436876
FRI34,2018,437586
FRI34,2019,438435
FRI34,2020,439332
FRI34,2021,439385
FRI34,2022,438688
FRI34,2023,438142
FRI34,2024,438156
FRJ11,2000,313341
FRJ11,2001,317549
FRJ11,2002,321972
FRJ11,2003,326491
FRJ11,2004,331267
FRJ11,2005,336237
FRJ11,2006,341022
FRJ11,2007,345779
FRJ11,2008,349237
FRJ11,2009,353980
FRJ11,2010,356467
FRJ11,2011,359967
FRJ11,2012,362339
FRJ11,2013,364877
FRJ11,2014,365478
FRJ11,2015,366957
FRJ11,2016,368025
FRJ11,2017,370260
FRJ11,2018,372806
FRJ11,2019,374070
FRJ11,2020,375217
FRJ11,2021,376028
FRJ11,2022,377773
FRJ11,2023,378427
FRJ11,2024,380655
FRJ12,2000,630051
FRJ12,2001,638166
FRJ12,2002,646976
FRJ12,2003,655892
FRJ12,2004,664622
FRJ12,2005,674062
FRJ12,2006,683169
FRJ12,2007,689847
FRJ12,2008,694323
FRJ12,2009,701883
FRJ12,2010,709700
FRJ12,2011,718357
FRJ12,2012,725618
FRJ12,2013,733201
FRJ12,2014,736029
FRJ12,2015,738189
FRJ12,2016,742006
FRJ12,2017,744178
FRJ12,2018,745458
FRJ12,2019,748437
FRJ12,2020,751457
FRJ12,2021,756543
FRJ12,2022,764010
FRJ12,2023,768166
FRJ12,2024,776271
FRJ13,2000,907747
FRJ13,2001,921521
FRJ13,2002,936987
FRJ13,2003,952865
FRJ13,2004,968476
FRJ13,2005,985113
FRJ13,2006,1001041
FRJ13,2007,1011207
FRJ13,2008,1019798
FRJ13,2009,1031974
FRJ13,2010,1044558
FRJ13,2011,1062036
FRJ13,2012,1077627
FRJ13,2013,1092331
FRJ13,2014,1107398
FRJ13,2015,1120190
FRJ13,2016,1132481
FRJ13,2017,1144892
FRJ13,2018,1159220
FRJ13,2019,1175623
FRJ13,2020,1188973
FRJ13,2021,1201883
FRJ13,2022,1217331
FRJ13,2023,1229560
FRJ13,2024,1241949
FRJ14,2000,73851
FRJ14,2001,74348
FRJ14,2002,74857
FRJ14,2003,75314
FRJ14,2004,75784
FRJ14,2005,76298
FRJ14,2006,76800
FRJ14,2007,76880
FRJ14,2008,76973
FRJ14,2009,77163
FRJ14,2010,77082
FRJ14,2011,77156
FRJ14,2012,76889
FRJ14,2013,76607
FRJ14,2014,76360
FRJ14,2015,76309
FRJ14,2016,76422
FRJ14,2017,76601
FRJ14,2018,76520
FRJ14,2019,76604
FRJ14,2020,76633
FRJ14,2021,76519
FRJ14,2022,76503
FRJ14,2023,76471
FRJ14,2024,76473
FRJ15,2000,397082
FRJ15,2001,402045
FRJ15,2002,407931
FRJ15,2003,413956
FRJ15,2004,419820
FRJ15,2005,426008
FRJ15,2006,432112
FRJ15,2007,437157
FRJ15,2008,441387
FRJ15,2009,445890
FRJ15,2010,448543
FRJ15,2011,452530
FRJ15,2012,457793
FRJ15,2013,462705
FRJ15,2014,466327
FRJ15,2015,471038
FRJ15,2016,474369
FRJ15,2017,474452
FRJ15,2018,476357
FRJ15,2019,479979
FRJ15,2020,482765
FRJ15,2021,487307
FRJ15,2022,492964
FRJ15,2023,496280
FRJ15,2024,501089
FRJ21,2000,138199
FRJ21,2001,139388
FRJ21,2002,140681
FRJ21,2003,142043
FRJ21,2004,143371
FRJ21,2005,144888
FRJ21,2006,146289
FRJ21,2007,148568
FRJ21,2008,150201
FRJ21,2009,151117
FRJ21,2010,152038
FRJ21,2011,152286
FRJ21,2012,152366
FRJ21,2013,152684
FRJ21,2014,152574
FRJ21,2015,152499
FRJ21,2016,153067
FRJ21,2017,153153
FRJ21,2018,153066
FRJ21,2019,153287
FRJ21,2020,153954
FRJ21,2021,154596
FRJ21,2022,155339
FRJ21,2023,155760
FRJ21,2024,156158
FRJ22,2000,265065
FRJ22,2001,266369
FRJ22,2002,267766
FRJ22,2003,269114
FRJ22,2004,270275
FRJ22,2005,271979
FRJ22,2006,273377
FRJ22,2007,274425
FRJ22,2008,275889
FRJ22,2009,277048
FRJ22,2010,276805
FRJ22,2011,275813
FRJ22,2012,276229
FRJ22,2013,277740
FRJ22,2014,278644
FRJ22,2015,279169
FRJ22,2016,278697
FRJ22,2017,279206
FRJ22,2018,279274
FRJ22,2019,279595
FRJ22,2020,279554
FRJ22,2021,279649
FRJ22,2022,279736
FRJ22,2023,279241
FRJ22,2024,279184
FRJ23,2000,1062514
FRJ23,2001,1082140
FRJ23,2002,1102414
FRJ23,2003,1122778
FRJ23,2004,1143706
FRJ23,2005,1165193
FRJ23,2006,1186330
FRJ23,2007,1202920
FRJ23,2008,1217344
FRJ23,2009,1230820
FRJ23,2010,1243641
FRJ23,2011,1260226
FRJ23,2012,1279349
FRJ23,2013,1298562
FRJ23,2014,1317668
FRJ23,2015,1335103
FRJ23,2016,1348183
FRJ23,2017,1362672
FRJ23,2018,1380672
FRJ23,2019,1400039
FRJ23,2020,1415757
FRJ23,2021,1434367
FRJ23,2022,1456261
FRJ23,2023,1473299
FRJ23,2024,1487248
FRJ24,2000,173522
FRJ24,2001,174681
FRJ24,2002,176049
FRJ24,2003,177185
FRJ24,2004,178515
FRJ24,2005,179995
FRJ24,2006,181375
FRJ24,2007,183615
FRJ24,2008,185266
FRJ24,2009,187181
FRJ24,2010,188159
FRJ24,2011,188893
FRJ24,2012,189530
FRJ24,2013,190276
FRJ24,2014,190625
FRJ24,2015,190932
FRJ24,2016,190664
FRJ24,2017,191091
FRJ24,2018,191283
FRJ24,2019,191377
FRJ24,2020,191819
FRJ24,2021,192437
FRJ24,2022,192649
FRJ24,2023,192822
FRJ24,2024,192545
FRJ25,2000,161375
FRJ25,2001,162680
FRJ25,2002,164076
FRJ25,2003,165493
FRJ25,2004,166873
FRJ25,2005,168271
FRJ25,2006,169531
FRJ25,2007,171173
FRJ25,2008,172796
FRJ25,2009,173562
FRJ25,2010,174578
FRJ25,2011,174754
FRJ25,2012,174346
FRJ25,2013,173758
FRJ25,2014,173648
FRJ25,2015,173400
FRJ25,2016,173347
FRJ25,2017,173828
FRJ25,2018,173929
FRJ25,2019,174094
FRJ25,2020,174670
FRJ25,2021,174942
FRJ25,2022,175620
FRJ25,2023,175858
FRJ25,2024,176770
FRJ26,2000,223299
FRJ26,2001,223930
FRJ26,2002,224657
FRJ26,2003,225411
FRJ26,2004,226132
FRJ26,2005,227083
FRJ26,2006,227736
FRJ26,2007,228594
FRJ26,2008,229079
FRJ26,2009,229670
FRJ26,2010,229458
FRJ26,2011,229228
FRJ26,2012,228854
FRJ26,2013,228868
FRJ26,2014,228950
FRJ26,2015,228582
FRJ26,2016,227829
FRJ26,2017,228530
FRJ26,2018,229191
FRJ26,2019,229567
FRJ26,2020,229788
FRJ26,2021,230956
FRJ26,2022,231453
FRJ26,2023,231638
FRJ26,2024,231783
FRJ27,2000,345859
FRJ27,2001,348900
FRJ27,2002,352122
FRJ27,2003,355243
FRJ27,2004,358395
FRJ27,2005,361932
FRJ27,2006,365335
FRJ27,2007,369189
FRJ27,2008,371738
FRJ27,2009,374018
FRJ27,2010,375379
FRJ27,2011,377675
FRJ27,2012,378947
FRJ27,2013,381927
FRJ27,2014,384474
FRJ27,2015,386543
FRJ27,2016,386448
FRJ27,2017,387890
FRJ27,2018,388596
FRJ27,2019,389844
FRJ27,2020,391066
FRJ27,2021,393572
FRJ27,2022,396168
FRJ27,2023,397775
FRJ27,2024,399124
FRJ28,2000,208421
FRJ28,2001,211134
FRJ28,2002,214215
FRJ28,2003,217292
FRJ28,2004,220316
FRJ28,2005,223732
FRJ28,2006,226849
FRJ28,2007,231763
FRJ28,2008,235915
FRJ28,2009,239291
FRJ28,2010,241698
FRJ28,2011,244545
FRJ28,2012,246971
FRJ28,2013,250342
FRJ28,2014,252578
FRJ28,2015,255274
FRJ28,2016,256897
FRJ28,2017,258349
FRJ28,2018,259124
FRJ28,2019,260669
FRJ28,2020,262316
FRJ28,2021,263377
FRJ28,2022,264924
FRJ28,2023,265956
FRJ28,2024,266620
FRK11,2000,344710
FRK11,2001,344551
FRK11,2002,344355
FRK11,2003,344005
FRK11,2004,343547
FRK11,2005,343558
FRK11,2006,343309
FRK11,2007,343114
FRK11,2008,342807
FRK11,2009,343046
FRK11,2010,342908
FRK11,2011,342729
FRK11,2012,342911
FRK11,2013,343431
FRK11,2014,343062
FRK11,2015,341613
FRK11,2016,339384
FRK11,2017,337988
FRK11,2018,337171
FRK11,2019,335975
FRK11,2020,335628
FRK11,2021,334872
FRK11,2022,334715
FRK11,2023,333922
FRK11,2024,332221
FRK12,2000,150640
FRK12,2001,150457
FRK12,2002,150181
FRK12,2003,150118
FRK12,2004,149944
FRK12,2005,149830
FRK12,2006,149682
FRK12,2007,149057
FRK12,2008,148737
FRK12,2009,148380
FRK12,2010,148162
FRK12,2011,147577
FRK12,2012,147415
FRK12,2013,147035
FRK12,2014,146618
FRK12,2015,146219
FRK12,2016,145969
FRK12,2017,145143
FRK12,2018,144765
FRK12,2019,144692
FRK12,2020,144379
FRK12,2021,144226
FRK12,2022,144399
FRK12,2023,144177
FRK12,2024,143983
FRK13,2000,210410
FRK13,2001,211774
FRK13,2002,213246
FRK13,2003,214595
FRK13,2004,216165
FRK13,2005,217820
FRK13,2006,219484
FRK13,2007,220437
FRK13,2008,221834
FRK13,2009,223122
FRK13,2010,224006
FRK13,2011,224907
FRK13,2012,225686
FRK13,2013,226203
FRK13,2014,226565
FRK13,2015,227034
FRK13,2016,227339
FRK13,2017,227283
FRK13,2018,227552
FRK13,2019,227570
FRK13,2020,227489
FRK13,2021,227284
FRK13,2022,228161
FRK13,2023,228034
FRK13,2024,228850
FRK14,2000,606467
FRK14,2001,609162
FRK14,2002,612018
FRK14,2003,614688
FRK14,2004,617448
FRK14,2005,620571
FRK14,2006,623463
FRK14,2007,626639
FRK14,2008,628485
FRK14,2009,629416
FRK14,2010,632311
FRK14,2011,635469
FRK14,2012,638092
FRK14,2013,640999
FRK14,2014,644216
FRK14,2015,647501
FRK14,2016,650700
FRK14,2017,653742
FRK14,2018,659048
FRK14,2019,662152
FRK14,2020,661852
FRK14,2021,662285
FRK14,2022,664385
FRK14,2023,664263
FRK14,2024,664361
FRK21,2000,521103
FRK21,2001,528195
FRK21,2002,535616
FRK21,2003,543136
FRK21,2004,550939
FRK21,2005,558968
FRK21,2006,566740
FRK21,2007,574377
FRK21,2008,581355
FRK21,2009,588853
FRK21,2010,597341
FRK21,2011,603827
FRK21,2012,612191
FRK21,2013,619497
FRK21,2014,626127
FRK21,2015,631877
FRK21,2016,638425
FRK21,2017,643350
FRK21,2018,647634
FRK21,2019,652432
FRK21,2020,657856
FRK21,2021,663202
FRK21,2022,671289
FRK21,2023,677187
FRK21,2024,685867
FRK22,2000,288386
FRK22,2001,291079
FRK22,2002,293922
FRK22,2003,296960
FRK22,2004,300021
FRK22,2005,303117
FRK22,2006,306238
FRK22,2007,309456
FRK22,2008,311452
FRK22,2009,313578
FRK22,2010,315090
FRK22,2011,317277
FRK22,2012,318407
FRK22,2013,320379
FRK22,2014,322381
FRK22,2015,324209
FRK22,2016,325157
FRK22,2017,325712
FRK22,2018,326606
FRK22,2019,328278
FRK22,2020,329325
FRK22,2021,331415
FRK22,2022,333229
FRK22,2023,334451
FRK22,2024,335612
FRK23,2000,441480
FRK23,2001,445862
FRK23,2002,450214
FRK23,2003,454702
FRK23,2004,459076
FRK23,2005,463976
FRK23,2006,468608
FRK23,2007,473428
FRK23,2008,478069
FRK23,2009,482984
FRK23,2010,484715
FRK23,2011,487993
FRK23,2012,491334
FRK23,2013,494712
FRK23,2014,499159
FRK23,2015,504637
FRK23,2016,508006
FRK23,2017,511553
FRK23,2018,514732
FRK23,2019,516762
FRK23,2020,517709
FRK23,2021,519458
FRK23,2022,521432
FRK23,2023,522454
FRK23,2024,525717
FRK24,2000,1102331
FRK24,2001,1113017
FRK24,2002,1124185
FRK24,2003,1135080
FRK24,2004,1145897
FRK24,2005,1157903
FRK24,2006,1169491
FRK24,2007,1178714
FRK24,2008,1188660
FRK24,2009,1197038
FRK24,2010,1206374
FRK24,2011,1215212
FRK24,2012,1224993
FRK24,2013,1235387
FRK24,2014,1243597
FRK24,2015,1251060
FRK24,2016,1252912
FRK24,2017,1258722
FRK24,2018,1263563
FRK24,2019,1271166
FRK24,2020,1277513
FRK24,2021,1284948
FRK24,2022,1291380
FRK24,2023,1297087
FRK24,2024,1304945
FRK25,2000,730614
FRK25,2001,732528
FRK25,2002,734267
FRK25,2003,735780
FRK25,2004,737297
FRK25,2005,739393
FRK25,2006,741269
FRK25,2007,740668
FRK25,2008,742076
FRK25,2009,746115
FRK25,2010,748947
FRK25,2011,749053
FRK25,2012,753763
FRK25,2013,756715
FRK25,2014,757305
FRK25,2015,759411
FRK25,2016,761997
FRK25,2017,762941
FRK25,2018,763441
FRK25,2019,765634
FRK25,2020,768508
FRK25,2021,769029
FRK25,2022,772041
FRK25,2023,773693
FRK25,2024,775377
FRK26,2000,1588910
FRK26,2001,1601972
FRK26,2002,1615116
FRK26,2003,1628151
FRK26,2004,1640876
FRK26,2005,1655211
FRK26,2006,1669655
FRK26,2007,1677073
FRK26,2008,1690498
FRK26,2009,1708671
FRK26,2010,1725177
FRK26,2011,1744236
FRK26,2012,1762866
FRK26,2013,1779845
FRK26,2014,1801885
FRK26,2015,1821995
FRK26,2016,1835903
FRK26,2017,1843319
FRK26,2018,1859524
FRK26,2019,1875747
FRK26,2020,1883437
FRK26,2021,1893692
FRK26,2022,1907982
FRK26,2023,1916464
FRK26,2024,1922269
FRK27,2000,376516
FRK27,2001,380731
FRK27,2002,385099
FRK27,2003,389544
FRK27,2004,393868
FRK27,2005,398546
FRK27,2006,403090
FRK27,2007,405535
FRK27,2008,408842
FRK27,2009,411007
FRK27,2010,414959
FRK27,2011,418949
FRK27,2012,421105
FRK27,2013,423715
FRK27,2014,426924
FRK27,2015,428204
FRK27,2016,429681
FRK27,2017,431174
FRK27,2018,433724
FRK27,2019,436434
FRK27,2020,439750
FRK27,2021,442468
FRK27,2022,445288
FRK27,2023,447997
FRK27,2024,450419
FRK28,2000,639184
FRK28,2001,648493
FRK28,2002,657725
FRK28,2003,667160
FRK28,2004,676755
FRK28,2005,686622
FRK28,2006,696255
FRK28,2007,706708
FRK28,2008,716277
FRK28,2009,725794
FRK28,2010,738088
FRK28,2011,746994
FRK28,2012,756501
FRK28,2013,769677
FRK28,2014,783127
FRK28,2015,793938
FRK28,2016,801416
FRK28,2017,807360
FRK28,2018,816699
FRK28,2019,826094
FRK28,2020,835206
FRK28,2021,841482
FRK28,2022,849583
FRK28,2023,856707
FRK28,2024,868714
FRL01,2000,141454
FRL01,2001,143574
FRL01,2002,145750
FRL01,2003,147970
FRL01,2004,150051
FRL01,2005,152376
FRL01,2006,154501
FRL01,2007,156067
FRL01,2008,157965
FRL01,2009,159450
FRL01,2010,160149
FRL01,2011,160959
FRL01,2012,161241
FRL01,2013,161916
FRL01,2014,161588
FRL01,2015,161799
FRL01,2016,162565
FRL01,2017,163915
FRL01,2018,164068
FRL01,2019,164308
FRL01,2020,165451
FRL01,2021,166077
FRL01,2022,167179
FRL01,2023,168005
FRL01,2024,168835
FRL02,2000,122542
FRL02,2001,123873
FRL02,2002,125287
FRL02,2003,126721
FRL02,2004,128067
FRL02,2005,129453
FRL02,2006,130752
FRL02,2007,132482
FRL02,2008,134205
FRL02,2009,135836
FRL02,2010,136971
FRL02,2011,138605
FRL02,2012,139554
FRL02,2013,139279
FRL02,2014,139883
FRL02,2015,140916
FRL02,2016,141107
FRL02,2017,141284
FRL02,2018,140698
FRL02,2019,141220
FRL02,2020,140605
FRL02,2021,140976
FRL02,2022,141677
FRL02,2023,141826
FRL02,2024,144264
FRL03,2000,1017956
FRL03,2001,1026455
FRL03,2002,1035271
FRL03,2003,1044429
FRL03,2004,1053182
FRL03,2005,1063500
FRL03,2006,1073184
FRL03,2007,1082465
FRL03,2008,1084428
FRL03,2009,1079100
FRL03,2010,1078729
FRL03,2011,1081244
FRL03,2012,1082014
FRL03,2013,1080771
FRL03,2014,1083312
FRL03,2015,1082440
FRL03,2016,1083704
FRL03,2017,1083310
FRL03,2018,1086219
FRL03,2019,1094283
FRL03,2020,1097410
FRL03,2021,1103941
FRL03,2022,1114579
FRL03,2023,1119807
FRL03,2024,1137058
FRL04,2000,1846878
FRL04,2001,1860948
FRL04,2002,1876310
FRL04,2003,1891344
FRL04,2004,1905689
FRL04,2005,1921821
FRL04,2006,1937405
FRL04,2007,1958926
FRL04,2008,1966005
FRL04,2009,1967299
FRL04,2010,1972018
FRL04,2011,1975896
FRL04,2012,1984784
FRL04,2013,1993177
FRL04,2014,2006069
FRL04,2015,2016622
FRL04,2016,2019717
FRL04,2017,2024162
FRL04,2018,2034357
FRL04,2019,2043110
FRL04,2020,2048070
FRL04,2021,2056943
FRL04,2022,2069811
FRL04,2023,2076707
FRL04,2024,2098481
FRL05,2000,908895
FRL05,2001,921032
FRL05,2002,933602
FRL05,2003,946272
FRL05,2004,958745
FRL05,2005,972379
FRL05,2006,985099
FRL05,2007,995934
FRL05,2008,1001408
FRL05,2009,1007303
FRL05,2010,1008183
FRL05,2011,1012735
FRL05,2012,1021669
FRL05,2013,1028583
FRL05,2014,1038212
FRL05,2015,1048652
FRL05,2016,1055821
FRL05,2017,1058740
FRL05,2018,1067697
FRL05,2019,1076711
FRL05,2020,1085189
FRL05,2021,1095337
FRL05,2022,1108364
FRL05,2023,1117572
FRL05,2024,1129201
FRL06,2000,503783
FRL06,2001,508497
FRL06,2002,513276
FRL06,2003,518320
FRL06,2004,523398
FRL06,2005,529035
FRL06,2006,534291
FRL06,2007,538141
FRL06,2008,538902
FRL06,2009,540065
FRL06,2010,543105
FRL06,2011,546630
FRL06,2012,546314
FRL06,2013,549949
FRL06,2014,554374
FRL06,2015,557548
FRL06,2016,559014
FRL06,2017,559479
FRL06,2018,559793
FRL06,2019,561469
FRL06,2020,561941
FRL06,2021,564566
FRL06,2022,568702
FRL06,2023,570432
FRL06,2024,574523
FRM01,2000,120753
FRM01,2001,123185
FRM01,2002,125662
FRM01,2003,128098
FRM01,2004,130613
FRM01,2005,133128
FRM01,2006,135718
FRM01,2007,139362
FRM01,2008,140953
FRM01,2009,141330
FRM01,2010,143600
FRM01,2011,145846
FRM01,2012,145429
FRM01,2013,149234
FRM01,2014,151652
FRM01,2015,152730
FRM01,2016,154303
FRM01,2017,157249
FRM01,2018,157853
FRM01,2019,158507
FRM01,2020,160814
FRM01,2021,162942
FRM01,2022,166045
FRM01,2023,168277
FRM01,2024,170548
FRM02,2000,143786
FRM02,2001,146088
FRM02,2002,148431
FRM02,2003,150929
FRM02,2004,153359
FRM02,2005,155964
FRM02,2006,158400
FRM02,2007,159847
FRM02,2008,162013
FRM02,2009,164344
FRM02,2010,166093
FRM02,2011,168640
FRM02,2012,170828
FRM02,2013,170974
FRM02,2014,172560
FRM02,2015,174553
FRM02,2016,176152
FRM02,2017,177689
FRM02,2018,180701
FRM02,2019,181933
FRM02,2020,182887
FRM02,2021,184655
FRM02,2022,185231
FRM02,2023,185989
FRM02,2024,188285
FRY10,2000,418252
FRY10,2001,420860
FRY10,2002,423468
FRY10,2003,426076
FRY10,2004,428684
FRY10,2005,431292
FRY10,2006,433901
FRY10,2007,436509
FRY10,2008,437018
FRY10,2009,437528
FRY10,2010,438037
FRY10,2011,438547
FRY10,2012,439056
FRY10,2013,437713
FRY10,2014,435293
FRY10,2015,433674
FRY10,2016,429856
FRY10,2017,425587
FRY10,2018,421694
FRY10,2019,416728
FRY10,2020,415360
FRY10,2021,415792
FRY10,2022,415065
FRY10,2023,413861
FRY10,2024,414815
FRY20,2000,383575
FRY20,2001,386542
FRY20,2002,389302
FRY20,2003,391676
FRY20,2004,393852
FRY20,2005,395982
FRY20,2006,397732
FRY20,2007,397730
FRY20,2008,397693
FRY20,2009,396404
FRY20,2010,394173
FRY20,2011,392291
FRY20,2012,388364
FRY20,2013,385551
FRY20,2014,383911
FRY20,2015,380877
FRY20,2016,376480
FRY20,2017,372594
FRY20,2018,368783
FRY20,2019,364508
FRY20,2020,361225
FRY20,2021,360749
FRY20,2022,361019
FRY20,2023,359202
FRY20,2024,360227
FRY30,2000,162018
FRY30,2001,168614
FRY30,2002,176638
FRY30,2003,184792
FRY30,2004,193167
FRY30,2005,199206
FRY30,2006,205954
FRY30,2007,213031
FRY30,2008,219266
FRY30,2009,224469
FRY30,2010,229040
FRY30,2011,237549
FRY30,2012,239648
FRY30,2013,244118
FRY30,2014,252338
FRY30,2015,259865
FRY30,2016,269352
FRY30,2017,268700
FRY30,2018,276128
FRY30,2019,281678
FRY30,2020,285133
FRY30,2021,286618
FRY30,2022,288382
FRY30,2023,290110
FRY30,2024,296151
FRY40,2000,716314
FRY40,2001,729010
FRY40,2002,740207
FRY40,2003,750840
FRY40,2004,761630
FRY40,2005,772907
FRY40,2006,781962
FRY40,2007,794107
FRY40,2008,808250
FRY40,2009,816364
FRY40,2010,821136
FRY40,2011,828581
FRY40,2012,833944
FRY40,2013,835103
FRY40,2014,842767
FRY40,2015,850727
FRY40,2016,852924
FRY40,2017,853659
FRY40,2018,855961
FRY40,2019,861210
FRY40,2020,863083
FRY40,2021,871157
FRY40,2022,881348
FRY40,2023,886453
FRY40,2024,897613
FRY50,2000,148687
FRY50,2001,154476
FRY50,2002,160265
FRY50,2003,165502
FRY50,2004,170740
FRY50,2005,175977
FRY50,2006,181215
FRY50,2007,186452
FRY50,2008,191691
FRY50,2009,196930
FRY50,2010,202168
FRY50,2011,207407
FRY50,2012,212645
FRY50,2013,217000
FRY50,2014,223713
FRY50,2015,232189
FRY50,2016,240987
FRY50,2017,250143
FRY50,2018,259621
FRY50,2019,269579
FRY50,2020,279696
FRY50,2021,289039
FRY50,2022,299634
FRY50,2023,310199
FRY50,2024,320646
HR,2000,4396571
HR,2001,4295406
HR,2002,4305494
HR,2003,4305384
HR,2004,4305725
HR,2005,4310861
HR,2006,4312487
HR,2007,4313530
HR,2008,4311967
HR,2009,4309796
HR,2010,4302847
HR,2011,4289857
HR,2012,4275984
HR,2013,4247803
HR,2014,4217632
HR,2015,4180915
HR,2016,4131115
HR,2017,4078769
HR,2018,4014341
HR,2019,3968676
HR,2020,3933511
HR,2021,3893026
HR,2022,3862305
HR,2023,3850894
HR,2024,3861967
HR021,2000,134297
HR021,2001,130370
HR021,2002,129436
HR021,2003,128523
HR021,2004,127521
HR021,2005,126552
HR021,2006,125592
HR021,2007,124494
HR021,2008,123277
HR021,2009,122271
HR021,2010,121142
HR021,2011,119945
HR021,2012,118530
HR021,2013,117401
HR021,2014,115948
HR021,2015,114482
HR021,2016,112405
HR021,2017,110268
HR021,2018,108134
HR021,2019,106322
HR021,2020,104538
HR021,2021,102951
HR021,2022,101208
HR021,2023,99813
HR021,2024,98994
HR022,2000,95175
HR022,2001,92402
HR022,2002,91678
HR022,2003,91228
HR022,2004,90764
HR022,2005,89714
HR022,2006,89103
HR022,2007,88346
HR022,2008,87537
HR022,2009,86843
HR022,2010,85706
HR022,2011,84904
HR022,2012,84137
HR022,2013,83384
HR022,2014,82510
HR022,2015,81369
HR022,2016,79687
HR022,2017,77964
HR022,2018,75761
HR022,2019,74079
HR022,2020,72274
HR022,2021,71128
HR022,2022,69921
HR022,2023,68808
HR022,2024,68035
HR023,2000,86039
HR023,2001,83590
HR023,2002,83321
HR023,2003,83031
HR023,2004,82661
HR023,2005,82189
HR023,2006,81737
HR023,2007,81130
HR023,2008,80542
HR023,2009,79953
HR023,2010,79007
HR023,2011,78160
HR023,2012,77131
HR023,2013,76189
HR023,2014,75525
HR023,2015,74547
HR023,2016,72894
HR023,2017,71104
HR023,2018,68907
HR023,2019,67236
HR023,2020,65857
HR023,2021,64856
HR023,2022,63624
HR023,2023,62451
HR023,2024,61326
HR024,2000,169177
HR024,2001,164835
HR024,2002,164884
HR024,2003,164398
HR024,2004,163889
HR024,2005,163238
HR024,2006,162924
HR024,2007,162346
HR024,2008,161833
HR024,2009,161199
HR024,2010,159919
HR024,2011,158629
HR024,2012,157594
HR024,2013,156417
HR024,2014,154486
HR024,2015,152065
HR024,2016,148685
HR024,2017,144940
HR024,2018,140187
HR024,2019,136809
HR024,2020,134047
HR024,2021,131807
HR024,2022,129449
HR024,2023,127464
HR024,2024,127019
HR025,2000,327098
HR025,2001,318789
HR025,2002,318572
HR025,2003,318236
HR025,2004,317170
HR025,2005,315985
HR025,2006,314496
HR025,2007,312367
HR025,2008,309967
HR025,2009,308447
HR025,2010,306882
HR025,2011,305032
HR025,2012,303412
HR025,2013,301224
HR025,2014,298212
HR025,2015,294393
HR025,2016,289425
HR025,2017,283212
HR025,2018,275421
HR025,2019,269455
HR025,2020,264366
HR025,2021,260290
HR025,2022,256800
HR025,2023,253824
HR025,2024,251794
HR026,2000,196170
HR026,2001,190710
HR026,2002,190319
HR026,2003,189119
HR026,2004,187743
HR026,2005,186660
HR026,2006,185706
HR026,2007,184706
HR026,2008,184163
HR026,2009,183445
HR026,2010,181874
HR026,2011,179802
HR026,2012,178020
HR026,2013,176686
HR026,2014,174188
HR026,2015,170778
HR026,2016,166867
HR026,2017,162236
HR026,2018,155265
HR026,2019,150902
HR026,2020,147630
HR026,2021,144758
HR026,2022,142230
HR026,2023,139841
HR026,2024,138207
HR027,2000,145317
HR027,2001,140974
HR027,2002,139859
HR027,2003,138630
HR027,2004,137666
HR027,2005,136606
HR027,2006,135505
HR027,2007,134313
HR027,2008,133191
HR027,2009,132024
HR027,2010,130373
HR027,2011,129071
HR027,2012,127501
HR027,2013,126251
HR027,2014,124740
HR027,2015,122883
HR027,2016,121092
HR027,2017,119217
HR027,2018,117139
HR027,2019,115781
HR027,2020,114346
HR027,2021,113197
HR027,2022,111591
HR027,2023,110483
HR027,2024,110077
HR028,2000,196283
HR028,2001,190124
HR028,2002,189018
HR028,2003,187833
HR028,2004,186720
HR028,2005,185548
HR028,2006,183926
HR028,2007,182180
HR028,2008,179981
HR028,2009,177887
HR028,2010,175405
HR028,2011,172942
HR028,2012,170324
HR028,2013,168142
HR028,2014,164956
HR028,2015,161991
HR028,2016,158325
HR028,2017,154604
HR028,2018,149637
HR028,2019,146216
HR028,2020,143380
HR028,2021,141186
HR028,2022,138749
HR028,2023,136422
HR028,2024,135184
HR031,2000,303234
HR031,2001,296416
HR031,2002,296675
HR031,2003,296542
HR031,2004,296537
HR031,2005,296755
HR031,2006,297144
HR031,2007,297534
HR031,2008,297872
HR031,2009,297433
HR031,2010,297262
HR031,2011,296585
HR031,2012,295826
HR031,2013,293777
HR031,2014,291674
HR031,2015,289155
HR031,2016,285229
HR031,2017,281580
HR031,2018,277320
HR031,2019,273848
HR031,2020,270925
HR031,2021,267523
HR031,2022,264560
HR031,2023,263938
HR031,2024,264886
HR032,2000,57769
HR032,2001,55914
HR032,2002,55496
HR032,2003,55190
HR032,2004,55193
HR032,2005,55126
HR032,2006,54311
HR032,2007,53871
HR032,2008,53290
HR032,2009,52673
HR032,2010,51804
HR032,2011,51060
HR032,2012,50333
HR032,2013,49464
HR032,2014,48885
HR032,2015,48016
HR032,2016,47009
HR032,2017,46202
HR032,2018,45085
HR032,2019,44417
HR032,2020,43838
HR032,2021,43217
HR032,2022,42557
HR032,2023,42469
HR032,2024,42827
HR033,2000,156368
HR033,2001,154111
HR033,2002,155859
HR033,2003,157641
HR033,2004,159369
HR033,2005,161250
HR033,2006,163265
HR033,2007,165497
HR033,2008,167152
HR033,2009,168467
HR033,2010,169292
HR033,2011,170053
HR033,2012,170775
HR033,2013,170667
HR033,2014,170174
HR033,2015,168679
HR033,2016,166747
HR033,2017,165369
HR033,2018,163520
HR033,2019,162318
HR033,2020,161461
HR033,2021,160326
HR033,2022,159725
HR033,2023,160558
HR033,2024,163221
HR034,2000,112477
HR034,2001,109694
HR034,2002,110157
HR034,2003,110470
HR034,2004,110640
HR034,2005,110888
HR034,2006,111207
HR034,2007,111642
HR034,2008,111645
HR034,2009,111680
HR034,2010,110925
HR034,2011,109687
HR034,2012,108296
HR034,2013,106882
HR034,2014,105738
HR034,2015,104903
HR034,2016,103403
HR034,2017,101986
HR034,2018,100370
HR034,2019,99202
HR034,2020,98356
HR034,2021,97200
HR034,2022,96023
HR034,2023,95441
HR034,2024,95591
HR035,2000,440970
HR035,2001,432879
HR035,2002,437669
HR035,2003,440715
HR035,2004,443153
HR035,2005,447379
HR035,2006,450287
HR035,2007,452345
HR035,2008,453798
HR035,2009,454687
HR035,2010,455278
HR035,2011,455021
HR035,2012,454961
HR035,2013,452688
HR035,2014,450632
HR035,2015,447522
HR035,2016,443933
HR035,2017,439829
HR035,2018,435097
HR035,2019,431605
HR035,2020,429514
HR035,2021,424968
HR035,2022,423085
HR035,2023,423845
HR035,2024,427261
HR036,2000,200817
HR036,2001,197222
HR036,2002,198341
HR036,2003,199711
HR036,2004,201024
HR036,2005,202622
HR036,2006,204024
HR036,2007,205694
HR036,2008,207141
HR036,2009,208063
HR036,2010,208684
HR036,2011,208355
HR036,2012,207864
HR036,2013,206073
HR036,2014,204659
HR036,2015,203406
HR036,2016,201443
HR036,2017,199871
HR036,2018,198408
HR036,2019,197414
HR036,2020,196571
HR036,2021,195378
HR036,2022,195061
HR036,2023,196867
HR036,2024,201031
HR037,2000,119162
HR037,2001,116954
HR037,2002,117693
HR037,2003,118088
HR037,2004,118271
HR037,2005,118917
HR037,2006,119557
HR037,2007,120387
HR037,2008,121111
HR037,2009,122012
HR037,2010,122726
HR037,2011,122665
HR037,2012,122496
HR037,2013,121833
HR037,2014,120928
HR037,2015,120408
HR037,2016,119574
HR037,2017,118303
HR037,2018,117248
HR037,2019,116658
HR037,2020,116935
HR037,2021,116263
HR037,2022,115199
HR037,2023,114869
HR037,2024,115496
HR050,2000,785296
HR050,2001,767854
HR050,2002,773232
HR050,2003,772028
HR050,2004,772261
HR050,2005,776135
HR050,2006,776959
HR050,2007,779906
HR050,2008,782662
HR050,2009,786234
HR050,2010,790618
HR050,2011,793028
HR050,2012,795239
HR050,2013,790038
HR050,2014,788688
HR050,2015,787622
HR050,2016,784673
HR050,2017,782586
HR050,2018,778359
HR050,2019,776237
HR050,2020,774420
HR050,2021,768895
HR050,2022,766824
HR050,2023,768624
HR050,2024,772122
HR061,2000,116574
HR061,2001,114107
HR061,2002,114157
HR061,2003,114136
HR061,2004,114174
HR061,2005,114077
HR061,2006,114089
HR061,2007,113937
HR061,2008,113801
HR061,2009,113675
HR061,2010,113690
HR061,2011,113672
HR061,2012,113509
HR061,2013,113260
HR061,2014,112705
HR061,2015,111982
HR061,2016,111192
HR061,2017,110208
HR061,2018,108676
HR061,2019,107445
HR061,2020,106640
HR061,2021,105696
HR061,2022,105211
HR061,2023,104737
HR061,2024,105010
HR062,2000,185471
HR062,2001,181081
HR062,2002,180398
HR062,2003,179740
HR062,2004,179035
HR062,2005,178467
HR062,2006,178283
HR062,2007,177873
HR062,2008,177556
HR062,2009,176932
HR062,2010,176361
HR062,2011,175810
HR062,2012,175301
HR062,2013,174419
HR062,2014,173079
HR062,2015,171454
HR062,2016,169535
HR062,2017,167541
HR062,2018,165043
HR062,2019,163470
HR062,2020,162170
HR062,2021,160467
HR062,2022,158968
HR062,2023,158446
HR062,2024,158952
HR063,2000,125037
HR063,2001,121832
HR063,2002,121275
HR063,2003,120655
HR063,2004,120032
HR063,2005,119312
HR063,2006,118853
HR063,2007,118096
HR063,2008,117558
HR063,2009,117019
HR063,2010,116259
HR063,2011,115613
HR063,2012,114962
HR063,2013,114271
HR063,2014,113467
HR063,2015,112031
HR063,2016,110475
HR063,2017,108479
HR063,2018,106485
HR063,2019,104705
HR063,2020,103112
HR063,2021,101743
HR063,2022,100894
HR063,2023,99925
HR063,2024,99599
HR064,2000,143589
HR064,2001,139892
HR064,2002,138939
HR064,2003,138144
HR064,2004,137387
HR064,2005,136655
HR064,2006,136318
HR064,2007,135528
HR064,2008,134632
HR064,2009,134018
HR064,2010,133579
HR064,2011,132848
HR064,2012,132053
HR064,2013,131103
HR064,2014,129945
HR064,2015,128653
HR064,2016,127302
HR064,2017,125560
HR064,2018,124077
HR064,2019,122653
HR064,2020,121966
HR064,2021,121039
HR064,2022,120338
HR064,2023,119409
HR064,2024,119234
HR065,2000,300251
HR065,2001,295656
HR065,2002,298516
HR065,2003,301326
HR065,2004,304515
HR065,2005,306786
HR065,2006,309201
HR065,2007,311338
HR065,2008,313258
HR065,2009,314834
HR065,2010,316061
HR065,2011,316975
HR065,2012,317720
HR065,2013,317634
HR065,2014,316493
HR065,2015,314576
HR065,2016,311220
HR065,2017,307710
HR065,2018,304202
HR065,2019,301904
HR065,2020,301165
HR065,2021,300138
HR065,2022,300288
HR065,2023,302660
HR065,2024,306101
HU,2000,10221514
HU,2001,10200298
HU,2002,10174853
HU,2003,10142362
HU,2004,10116742
HU,2005,10097549
HU,2006,10076581
HU,2007,10066158
HU,2008,10045401
HU,2009,10030975
HU,2010,10014324
HU,2011,9985722
HU,2012,9931925
HU,2013,9895250
HU,2014,9850217
HU,2015,9815858
HU,2016,9779652
HU,2017,9739857
HU,2018,9713655
HU,2019,9700272
HU,2020,9689376
HU,2021,9651461
HU,2022,9610403
HU,2023,9599744
HU,2024,9584627
HU110,2000,1782557
HU110,2001,1759209
HU110,2002,1739569
HU110,2003,1719342
HU110,2004,1705309
HU110,2005,1697343
HU110,2006,1698106
HU110,2007,1696128
HU110,2008,1702297
HU110,2009,1712210
HU110,2010,1721556
HU110,2011,1733685
HU110,2012,1727495
HU110,2013,1730350
HU110,2014,1733837
HU110,2015,1741601
HU110,2016,1738570
HU110,2017,1728929
HU110,2018,1723033
HU110,2019,1722363
HU110,2020,1717144
HU110,2021,1690503
HU110,2022,1672443
HU110,2023,1671004
HU110,2024,1686222
HU120,2000,1063392
HU120,2001,1071898
HU120,2002,1089478
HU120,2003,1105412
HU120,2004,1124395
HU120,2005,1143629
HU120,2006,1157564
HU120,2007,1176550
HU120,2008,1195020
HU120,2009,1213290
HU120,2010,1229880
HU120,2011,1237561
HU120,2012,1213323
HU120,2013,1216562
HU120,2014,1217628
HU120,2015,1221637
HU120,2016,1228755
HU120,2017,1240780
HU120,2018,1254436
HU120,2019,1270416
HU120,2020,1287734
HU120,2021,1300389
HU120,2022,1315964
HU120,2023,1328790
HU120,2024,1333257
HU211,2000,427194
HU211,2001,428115
HU211,2002,428922
HU211,2003,428409
HU211,2004,428579
HU211,2005,428798
HU211,2006,428332
HU211,2007,428711
HU211,2008,428572
HU211,2009,428295
HU211,2010,427416
HU211,2011,426120
HU211,2012,421927
HU211,2013,421073
HU211,2014,419416
HU211,2015,417571
HU211,2016,418365
HU211,2017,416062
HU211,2018,416567
HU211,2019,417568
HU211,2020,418418
HU211,2021,418634
HU211,2022,418542
HU211,2023,419565
HU211,2024,419490
HU212,2000,316803
HU212,2001,316998
HU212,2002,317110
HU212,2003,315515
HU212,2004,315886
HU212,2005,315544
HU212,2006,314783
HU212,2007,315036
HU212,2008,314649
HU212,2009,314450
HU212,2010,312431
HU212,2011,311411
HU212,2012,303864
HU212,2013,302839
HU212,2014,301450
HU212,2015,300331
HU212,2016,299591
HU212,2017,299204
HU212,2018,299445
HU212,2019,301371
HU212,2020,303341
HU212,2021,302138
HU212,2022,300869
HU212,2023,301492
HU212,2024,301834
HU213,2000,375050
HU213,2001,375617
HU213,2002,374578
HU213,2003,369747
HU213,2004,368519
HU213,2005,366555
HU213,2006,365009
HU213,2007,363706
HU213,2008,361620
HU213,2009,360387
HU213,2010,358807
HU213,2011,356573
HU213,2012,353798
HU213,2013,351123
HU213,2014,348934
HU213,2015,346619
HU213,2016,344350
HU213,2017,342550
HU213,2018,341437
HU213,2019,341367
HU213,2020,341223
HU213,2021,341207
HU213,2022,339498
HU213,2023,338342
HU213,2024,335979
HU221,2000,434068
HU221,2001,434209
HU221,2002,435256
HU221,2003,439046
HU221,2004,440138
HU221,2005,439922
HU221,2006,441606
HU221,2007,442667
HU221,2008,444384
HU221,2009,447033
HU221,2010,448435
HU221,2011,449967
HU221,2012,444935
HU221,2013,446692
HU221,2014,447111
HU221,2015,447743
HU221,2016,448633
HU221,2017,449751
HU221,2018,452770
HU221,2019,457331
HU221,2020,462254
HU221,2021,467419
HU221,2022,468465
HU221,2023,471309
HU221,2024,473246
HU222,2000,269650
HU222,2001,269149
HU222,2002,268591
HU222,2003,267429
HU222,2004,266342
HU222,2005,265229
HU222,2006,264361
HU222,2007,263251
HU222,2008,261877
HU222,2009,260950
HU222,2010,259364
HU222,2011,257688
HU222,2012,256215
HU222,2013,254583
HU222,2014,253121
HU222,2015,251762
HU222,2016,250783
HU222,2017,249811
HU222,2018,249590
HU222,2019,249429
HU222,2020,249572
HU222,2021,248920
HU222,2022,248909
HU222,2023,249812
HU222,2024,248199
HU223,2000,300880
HU223,2001,300496
HU223,2002,299112
HU223,2003,297853
HU223,2004,296705
HU223,2005,295197
HU223,2006,294175
HU223,2007,293443
HU223,2008,291678
HU223,2009,290204
HU223,2010,288591
HU223,2011,287043
HU223,2012,283249
HU223,2013,281379
HU223,2014,278914
HU223,2015,276249
HU223,2016,273750
HU223,2017,271348
HU223,2018,269037
HU223,2019,266827
HU223,2020,265260
HU223,2021,263120
HU223,2022,262370
HU223,2023,261803
HU223,2024,260124
HU231,2000,409090
HU231,2001,408147
HU231,2002,406330
HU231,2003,404709
HU231,2004,402260
HU231,2005,400313
HU231,2006,398355
HU231,2007,398215
HU231,2008,396633
HU231,2009,394911
HU231,2010,393758
HU231,2011,391455
HU231,2012,380904
HU231,2013,377565
HU231,2014,374805
HU231,2015,372465
HU231,2016,370021
HU231,2017,367848
HU231,2018,366033
HU231,2019,363203
HU231,2020,361766
HU231,2021,359529
HU231,2022,357066
HU231,2023,355315
HU231,2024,353331
HU232,2000,338739
HU232,2001,337930
HU232,2002,336799
HU232,2003,335701
HU232,2004,334065
HU232,2005,331802
HU232,2006,329399
HU232,2007,328496
HU232,2008,325024
HU232,2009,322197
HU232,2010,320578
HU232,2011,317947
HU232,2012,318778
HU232,2013,317695
HU232,2014,314691
HU232,2015,310937
HU232,2016,307590
HU232,2017,304892
HU232,2018,301799
HU232,2019,299253
HU232,2020,297492
HU232,2021,298505
HU232,2022,296422
HU232,2023,295316
HU232,2024,292691
HU233,2000,251861
HU233,2001,251594
HU233,2002,250337
HU233,2003,248998
HU233,2004,247287
HU233,2005,245350
HU233,2006,242946
HU233,2007,240966
HU233,2008,238431
HU233,2009,235874
HU233,2010,233650
HU233,2011,231183
HU233,2012,231533
HU233,2013,229632
HU233,2014,227360
HU233,2015,224998
HU233,2016,222431
HU233,2017,220523
HU233,2018,217968
HU233,2019,215946
HU233,2020,213839
HU233,2021,211692
HU233,2022,209569
HU233,2023,208044
HU233,2024,206398
HU311,2000,754195
HU311,2001,753497
HU311,2002,749104
HU311,2003,744484
HU311,2004,738143
HU311,2005,731854
HU311,2006,725779
HU311,2007,718951
HU311,2008,709634
HU311,2009,701160
HU311,2010,692771
HU311,2011,684793
HU311,2012,688922
HU311,2013,682753
HU311,2014,675767
HU311,2015,668706
HU311,2016,662223
HU311,2017,656394
HU311,2018,650520
HU311,2019,644955
HU311,2020,639793
HU311,2021,635644
HU311,2022,629621
HU311,2023,624219
HU311,2024,617800
HU312,2000,328318
HU312,2001,327733
HU312,2002,326800
HU312,2003,325029
HU312,2004,323769
HU312,2005,322756
HU312,2006,320886
HU312,2007,319460
HU312,2008,316874
HU312,2009,314441
HU312,2010,311454
HU312,2011,307985
HU312,2012,309175
HU312,2013,306031
HU312,2014,302963
HU312,2015,300485
HU312,2016,298213
HU312,2017,295829
HU312,2018,294477
HU312,2019,293185
HU312,2020,291827
HU312,2021,290396
HU312,2022,288430
HU312,2023,287533
HU312,2024,285058
HU313,2000,222084
HU313,2001,221605
HU313,2002,220600
HU313,2003,219447
HU313,2004,218128
HU313,2005,216501
HU313,2006,214824
HU313,2007,213030
HU313,2008,210182
HU313,2009,207637
HU313,2010,204917
HU313,2011,201919
HU313,2012,202734
HU313,2013,200310
HU313,2014,197533
HU313,2015,194627
HU313,2016,192232
HU313,2017,190669
HU313,2018,188851
HU313,2019,187045
HU313,2020,185635
HU313,2021,185153
HU313,2022,183318
HU313,2023,182038
HU313,2024,180469
HU321,2000,553604
HU321,2001,553264
HU321,2002,552478
HU321,2003,551837
HU321,2004,550265
HU321,2005,549372
HU321,2006,547357
HU321,2007,545641
HU321,2008,543802
HU321,2009,542192
HU321,2010,541298
HU321,2011,539674
HU321,2012,543452
HU321,2013,540881
HU321,2014,538607
HU321,2015,535929
HU321,2016,533324
HU321,2017,530531
HU321,2018,528397
HU321,2019,525661
HU321,2020,524151
HU321,2021,523648
HU321,2022,521802
HU321,2023,520656
HU321,2024,520550
HU322,2000,421351
HU322,2001,420461
HU322,2002,418601
HU322,2003,416147
HU322,2004,413174
HU322,2005,410823
HU322,2006,407232
HU322,2007,403622
HU322,2008,399200
HU322,2009,394891
HU322,2010,390775
HU322,2011,386752
HU322,2012,390026
HU322,2013,386359
HU322,2014,382898
HU322,2015,378984
HU322,2016,375242
HU322,2017,372454
HU322,2018,369996
HU322,2019,368531
HU322,2020,365252
HU322,2021,362084
HU322,2022,358883
HU322,2023,356388
HU322,2024,353511
HU323,2000,589181
HU323,2001,589989
HU323,2002,587994
HU323,2003,586193
HU323,2004,583564
HU323,2005,581623
HU323,2006,578573
HU323,2007,576054
HU323,2008,571018
HU323,2009,565326
HU323,2010,560429
HU323,2011,555496
HU323,2012,565317
HU323,2013,562220
HU323,2014,558502
HU323,2015,558310
HU323,2016,557823
HU323,2017,556145
HU323,2018,551798
HU323,2019,545799
HU323,2020,541289
HU323,2021,537757
HU323,2022,531855
HU323,2023,527968
HU323,2024,524513
HU331,2000,548539
HU331,2001,547954
HU331,2002,545989
HU331,2003,544116
HU331,2004,541584
HU331,2005,540499
HU331,2006,537862
HU331,2007,536290
HU331,2008,533710
HU331,2009,530379
HU331,2010,528418
HU331,2011,524841
HU331,2012,521852
HU331,2013,519514
HU331,2014,516084
HU331,2015,512470
HU331,2016,509935
HU331,2017,506266
HU331,2018,503788
HU331,2019,501836
HU331,2020,500040
HU331,2021,497956
HU331,2022,495675
HU331,2023,494563
HU331,2024,491632
HU332,2000,403172
HU332,2001,401919
HU332,2002,399061
HU332,2003,396131
HU332,2004,392845
HU332,2005,389590
HU332,2006,385847
HU332,2007,382190
HU332,2008,376657
HU332,2009,371322
HU332,2010,366556
HU332,2011,361802
HU332,2012,362662
HU332,2013,358267
HU332,2014,353448
HU332,2015,348577
HU332,2016,343771
HU332,2017,338809
HU332,2018,333967
HU332,2019,329742
HU332,2020,325590
HU332,2021,321661
HU332,2022,318081
HU332,2023,314380
HU332,2024,310912
HU333,2000,431786
HU333,2001,430514
HU333,2002,428144
HU333,2003,426817
HU333,2004,425785
HU333,2005,424849
HU333,2006,423585
HU333,2007,423751
HU333,2008,424139
HU333,2009,423826
HU333,2010,423240
HU333,2011,421827
HU333,2012,411764
HU333,2013,409422
HU333,2014,407148
HU333,2015,405857
HU333,2016,404050
HU333,2017,401062
HU333,2018,399746
HU333,2019,398444
HU333,2020,397756
HU333,2021,395106
HU333,2022,392621
HU333,2023,391207
HU333,2024,389411
IE,2000,3777565
IE,2001,3832783
IE,2002,3899702
IE,2003,3964191
IE,2004,4028851
IE,2005,4111672
IE,2006,4208156
IE,2007,4340118
IE,2008,4457765
IE,2009,4521322
IE,2010,4549428
IE,2011,4570881
IE,2012,4589287
IE,2013,4609779
IE,2014,4637852
IE,2015,4677627
IE,2016,4726286
IE,2017,4799157
IE,2018,4855733
IE,2019,4940311
IE,2020,5012600
IE,2021,5066893
IE,2022,5154277
IE,2023,5271395
IE,2024,5351681
IE041,2000,322695
IE041,2001,326047
IE041,2002,332025
IE041,2003,337807
IE041,2004,343614
IE041,2005,350979
IE041,2006,359525
IE041,2007,371118
IE041,2008,381506
IE041,2009,387277
IE041,2010,390019
IE041,2011,392195
IE041,2012,392323
IE041,2013,392905
IE041,2014,392485
IE041,2015,391933
IE041,2016,393115
IE041,2017,399669
IE041,2018,403729
IE041,2019,409177
IE041,2020,412715
IE041,2021,416319
IE041,2022,420002
IE041,2023,430893
IE041,2024,441644
IE042,2000,367508
IE042,2001,372768
IE042,2002,378974
IE042,2003,384935
IE042,2004,390902
IE042,2005,398620
IE042,2006,407649
IE042,2007,420097
IE042,2008,431140
IE042,2009,436937
IE042,2010,439302
IE042,2011,441021
IE042,2012,439759
IE042,2013,441331
IE042,2014,441263
IE042,2015,441897
IE042,2016,446089
IE042,2017,451973
IE042,2018,456433
IE042,2019,463229
IE042,2020,471025
IE042,2021,475305
IE042,2022,483851
IE042,2023,499315
IE042,2024,503916
IE051,2000,406161
IE051,2001,411224
IE051,2002,416365
IE051,2003,421179
IE051,2004,425943
IE051,2005,432551
IE051,2006,440502
IE051,2007,452047
IE051,2008,461971
IE051,2009,466195
IE051,2010,466716
IE051,2011,466529
IE051,2012,469755
IE051,2013,470715
IE051,2014,471558
IE051,2015,473033
IE051,2016,473205
IE051,2017,478391
IE051,2018,486102
IE051,2019,492389
IE051,2020,497957
IE051,2021,499650
IE051,2022,506131
IE051,2023,517337
IE051,2024,529583
IE052,2000,332119
IE052,2001,337139
IE052,2002,343675
IE052,2003,350021
IE052,2004,356402
IE052,2005,364415
IE052,2006,373669
IE052,2007,386111
IE052,2008,397322
IE052,2009,403742
IE052,2010,407011
IE052,2011,409694
IE052,2012,411173
IE052,2013,413270
IE052,2014,413493
IE052,2015,415073
IE052,2016,419083
IE052,2017,425507
IE052,2018,429508
IE052,2019,437773
IE052,2020,444472
IE052,2021,450265
IE052,2022,457996
IE052,2023,467589
IE052,2024,473064
IE053,2000,562564
IE053,2001,569861
IE053,2002,578272
IE053,2003,586272
IE053,2004,594246
IE053,2005,604842
IE053,2006,617376
IE053,2007,635025
IE053,2008,650481
IE053,2009,657973
IE053,2010,660270
IE053,2011,661583
IE053,2012,666169
IE053,2013,672262
IE053,2014,678128
IE053,2015,679100
IE053,2016,683216
IE053,2017,692475
IE053,2018,698972
IE053,2019,710143
IE053,2020,719116
IE053,2021,726123
IE053,2022,738206
IE053,2023,756254
IE053,2024,769764
IE061,2000,1083603
IE061,2001,1097983
IE061,2002,1112903
IE061,2003,1126987
IE061,2004,1140981
IE061,2005,1159957
IE061,2006,1182591
IE061,2007,1214949
IE061,2008,1243026
IE061,2009,1255823
IE061,2010,1258673
IE061,2011,1259632
IE061,2012,1260940
IE061,2013,1264513
IE061,2014,1281345
IE061,2015,1308370
IE061,2016,1331306
IE061,2017,1349622
IE061,2018,1363247
IE061,2019,1391087
IE061,2020,1413738
IE061,2021,1432367
IE061,2022,1461005
IE061,2023,1499179
IE061,2024,1519751
IE062,2000,485759
IE062,2001,497465
IE062,2002,511651
IE062,2003,525705
IE062,2004,539964
IE062,2005,556865
IE062,2006,575869
IE062,2007,600050
IE062,2008,622605
IE062,2009,637861
IE062,2010,648244
IE062,2011,657751
IE062,2012,662842
IE062,2013,665985
IE062,2014,669980
IE062,2015,677297
IE062,2016,687592
IE062,2017,702813
IE062,2018,715088
IE062,2019,728419
IE062,2020,743753
IE062,2021,752913
IE062,2022,767897
IE062,2023,776202
IE062,2024,782429
IE063,2000,217156
IE063,2001,220306
IE063,2002,225837
IE063,2003,231285
IE063,2004,236799
IE063,2005,243443
IE063,2006,250975
IE063,2007,260721
IE063,2008,269714
IE063,2009,275514
IE063,2010,279193
IE063,2011,282485
IE063,2012,286326
IE063,2013,288798
IE063,2014,289600
IE063,2015,290924
IE063,2016,292680
IE063,2017,298707
IE063,2018,302654
IE063,2019,308094
IE063,2020,309824
IE063,2021,313951
IE063,2022,319189
IE063,2023,324626
IE063,2024,331530
IS,2000,279049
IS,2001,283361
IS,2002,286575
IS,2003,288471
IS,2004,290570
IS,2005,293577
IS,2006,299891
IS,2007,307672
IS,2008,315459
IS,2009,319368
IS,2010,317630
IS,2011,318452
IS,2012,319575
IS,2013,321857
IS,2014,325671
IS,2015,329100
IS,2016,332529
IS,2017,338349
IS,2018,348450
IS,2019,356991
IS,2020,364134
IS,2021,368792
IS,2022,376248
IS,2023,387758
IS,2024,383567
IS001,2000,174114
IS001,2001,176804
IS001,2002,178809
IS001,2003,179992
IS001,2004,181917
IS001,2005,184244
IS001,2006,187426
IS001,2007,191919
IS001,2008,197945
IS001,2009,201251
IS001,2010,200907
IS001,2011,202341
IS001,2012,203594
IS001,2013,205675
IS001,2014,208752
IS001,2015,211282
IS001,2016,213619
IS001,2017,216878
IS001,2018,222484
IS001,2019,228231
IS001,2020,233034
IS001,2021,236528
IS001,2022,240882
IS001,2023,247533
IS001,2024,244066
IS002,2000,104935
IS002,2001,106557
IS002,2002,107766
IS002,2003,108479
IS002,2004,108653
IS002,2005,109333
IS002,2006,112465
IS002,2007,115753
IS002,2008,117514
IS002,2009,118117
IS002,2010,116723
IS002,2011,116111
IS002,2012,115981
IS002,2013,116182
IS002,2014,116919
IS002,2015,117818
IS002,2016,118910
IS002,2017,121471
IS002,2018,125966
IS002,2019,128760
IS002,2020,131100
IS002,2021,132264
IS002,2022,135366
IS002,2023,140225
IS002,2024,139501
IT,2000,56923524
IT,2001,56960692
IT,2002,56993270
IT,2003,57186378
IT,2004,57611990
IT,2005,58044368
IT,2006,58288996
IT,2007,58510725
IT,2008,59001769
IT,2009,59420592
IT,2010,59690316
IT,2011,59948497
IT,2012,60105185
IT,2013,60277309
IT,2014,60345917
IT,2015,60295497
IT,2016,60163712
IT,2017,60066734
IT,2018,59937769
IT,2019,59816673
IT,2020,59641488
IT,2021,59236213
IT,2022,59030133
IT,2023,58997201
IT,2024,58971230
ITC11,2000,2175354
ITC11,2001,2169643
ITC11,2002,2165695
ITC11,2003,2169876
ITC11,2004,2189701
ITC11,2005,2202292
ITC11,2006,2208364
ITC11,2007,2214122
ITC11,2008,2245170
ITC11,2009,2260921
ITC11,2010,2268453
ITC11,2011,2273859
ITC11,2012,2278547
ITC11,2013,2286885
ITC11,2014,2285336
ITC11,2015,2275771
ITC11,2016,2268360
ITC11,2017,2262336
ITC11,2018,2249616
ITC11,2019,2238663
ITC11,2020,2230946
ITC11,2021,2219206
ITC11,2022,2208370
ITC11,2023,2204632
ITC11,2024,2204837
ITC12,2000,177857
ITC12,2001,177451
ITC12,2002,176591
ITC12,2003,176249
ITC12,2004,177176
ITC12,2005,177634
ITC12,2006,177455
ITC12,2007,177249
ITC12,2008,178300
ITC12,2009,178646
ITC12,2010,178626
ITC12,2011,178522
ITC12,2012,177960
ITC12,2013,177580
ITC12,2014,176707
ITC12,2015,175540
ITC12,2016,174247
ITC12,2017,173229
ITC12,2018,171904
ITC12,2019,170493
ITC12,2020,169390
ITC12,2021,166584
ITC12,2022,166083
ITC12,2023,165892
ITC12,2024,165704
ITC13,2000,187889
ITC13,2001,187603
ITC13,2002,186934
ITC13,2003,187063
ITC13,2004,187837
ITC13,2005,187689
ITC13,2006,187154
ITC13,2007,186412
ITC13,2008,186633
ITC13,2009,186380
ITC13,2010,185569
ITC13,2011,184448
ITC13,2012,183715
ITC13,2013,182897
ITC13,2014,181750
ITC13,2015,180633
ITC13,2016,179121
ITC13,2017,178042
ITC13,2018,176737
ITC13,2019,175341
ITC13,2020,174170
ITC13,2021,170724
ITC13,2022,170027
ITC13,2023,169106
ITC13,2024,168583
ITC14,2000,159438
ITC14,2001,159302
ITC14,2002,158806
ITC14,2003,158947
ITC14,2004,159949
ITC14,2005,160811
ITC14,2006,160905
ITC14,2007,160981
ITC14,2008,161604
ITC14,2009,161931
ITC14,2010,162087
ITC14,2011,162004
ITC14,2012,161719
ITC14,2013,161356
ITC14,2014,160906
ITC14,2015,160240
ITC14,2016,159292
ITC14,2017,158744
ITC14,2018,158131
ITC14,2019,157278
ITC14,2020,156320
ITC14,2021,154926
ITC14,2022,154249
ITC14,2023,154038
ITC14,2024,153762
ITC15,2000,340559
ITC15,2001,341654
ITC15,2002,342805
ITC15,2003,344546
ITC15,2004,349174
ITC15,2005,351962
ITC15,2006,353538
ITC15,2007,355551
ITC15,2008,360063
ITC15,2009,364378
ITC15,2010,366302
ITC15,2011,368573
ITC15,2012,369167
ITC15,2013,370383
ITC15,2014,370255
ITC15,2015,369393
ITC15,2016,368071
ITC15,2017,367314
ITC15,2018,366691
ITC15,2019,365773
ITC15,2020,364980
ITC15,2021,362925
ITC15,2022,361916
ITC15,2023,362502
ITC15,2024,363482
ITC16,2000,554023
ITC16,2001,555389
ITC16,2002,556084
ITC16,2003,559168
ITC16,2004,564190
ITC16,2005,568311
ITC16,2006,570154
ITC16,2007,571890
ITC16,2008,579101
ITC16,2009,584482
ITC16,2010,587334
ITC16,2011,589212
ITC16,2012,591101
ITC16,2013,592436
ITC16,2014,592800
ITC16,2015,592331
ITC16,2016,590522
ITC16,2017,589206
ITC16,2018,588639
ITC16,2019,587213
ITC16,2020,586113
ITC16,2021,581798
ITC16,2022,580155
ITC16,2023,580736
ITC16,2024,581631
ITC17,2000,208054
ITC17,2001,208237
ITC17,2002,208136
ITC17,2003,208754
ITC17,2004,211147
ITC17,2005,212223
ITC17,2006,213242
ITC17,2007,214038
ITC17,2008,217223
ITC17,2009,219136
ITC17,2010,219775
ITC17,2011,219957
ITC17,2012,220159
ITC17,2013,220609
ITC17,2014,220111
ITC17,2015,218708
ITC17,2016,216756
ITC17,2017,215800
ITC17,2018,214897
ITC17,2019,213504
ITC17,2020,212010
ITC17,2021,209390
ITC17,2022,208286
ITC17,2023,207951
ITC17,2024,207239
ITC18,2000,421909
ITC18,2001,420142
ITC18,2002,417675
ITC18,2003,417531
ITC18,2004,421480
ITC18,2005,423564
ITC18,2006,425391
ITC18,2007,425775
ITC18,2008,430179
ITC18,2009,433236
ITC18,2010,433426
ITC18,2011,434312
ITC18,2012,434377
ITC18,2013,433670
ITC18,2014,433059
ITC18,2015,430946
ITC18,2016,427857
ITC18,2017,425677
ITC18,2018,423296
ITC18,2019,420300
ITC18,2020,417288
ITC18,2021,409392
ITC18,2022,407264
ITC18,2023,406494
ITC18,2024,406385
ITC20,2000,118861
ITC20,2001,119273
ITC20,2002,119347
ITC20,2003,120383
ITC20,2004,121692
ITC20,2005,122799
ITC20,2006,123839
ITC20,2007,124636
ITC20,2008,125658
ITC20,2009,126515
ITC20,2010,126957
ITC20,2011,127153
ITC20,2012,127305
ITC20,2013,127951
ITC20,2014,128245
ITC20,2015,127972
ITC20,2016,127030
ITC20,2017,126677
ITC20,2018,126213
ITC20,2019,125653
ITC20,2020,125034
ITC20,2021,124089
ITC20,2022,123360
ITC20,2023,123130
ITC20,2024,122877
ITC31,2000,206750
ITC31,2001,205950
ITC31,2002,204921
ITC31,2003,205688
ITC31,2004,207725
ITC31,2005,209635
ITC31,2006,210735
ITC31,2007,211665
ITC31,2008,213959
ITC31,2009,215563
ITC31,2010,216988
ITC31,2011,217934
ITC31,2012,218083
ITC31,2013,217545
ITC31,2014,216226
ITC31,2015,214981
ITC31,2016,213022
ITC31,2017,212400
ITC31,2018,211081
ITC31,2019,209982
ITC31,2020,209382
ITC31,2021,209244
ITC31,2022,208670
ITC31,2023,208792
ITC31,2024,208800
ITC32,2000,273926
ITC32,2001,273221
ITC32,2002,272149
ITC32,2003,273546
ITC32,2004,275809
ITC32,2005,277127
ITC32,2006,278149
ITC32,2007,279310
ITC32,2008,281398
ITC32,2009,283062
ITC32,2010,283640
ITC32,2011,284364
ITC32,2012,283660
ITC32,2013,283440
ITC32,2014,282258
ITC32,2015,280806
ITC32,2016,278768
ITC32,2017,277357
ITC32,2018,275698
ITC32,2019,273732
ITC32,2020,271832
ITC32,2021,269752
ITC32,2022,268038
ITC32,2023,267366
ITC32,2024,267621
ITC33,2000,889355
ITC33,2001,883123
ITC33,2002,877419
ITC33,2003,873868
ITC33,2004,873352
ITC33,2005,877535
ITC33,2006,875282
ITC33,2007,872587
ITC33,2008,869169
ITC33,2009,870576
ITC33,2010,869560
ITC33,2011,868956
ITC33,2012,867082
ITC33,2013,865118
ITC33,2014,860560
ITC33,2015,853201
ITC33,2016,846211
ITC33,2017,842249
ITC33,2018,836148
ITC33,2019,831172
ITC33,2020,826194
ITC33,2021,823612
ITC33,2022,817402
ITC33,2023,816606
ITC33,2024,817628
ITC34,2000,217756
ITC34,2001,216704
ITC34,2002,215663
ITC34,2003,215091
ITC34,2004,216024
ITC34,2005,216316
ITC34,2006,216734
ITC34,2007,217252
ITC34,2008,218923
ITC34,2009,220601
ITC34,2010,221349
ITC34,2011,221339
ITC34,2012,221271
ITC34,2013,221219
ITC34,2014,221278
ITC34,2015,220439
ITC34,2016,219741
ITC34,2017,219373
ITC34,2018,218614
ITC34,2019,218094
ITC34,2020,217418
ITC34,2021,215887
ITC34,2022,215117
ITC34,2023,214872
ITC34,2024,215091
ITC41,2000,807579
ITC41,2001,809956
ITC41,2002,813090
ITC41,2003,818121
ITC41,2004,826337
ITC41,2005,835930
ITC41,2006,841082
ITC41,2007,848925
ITC41,2008,856315
ITC41,2009,863673
ITC41,2010,867890
ITC41,2011,873919
ITC41,2012,877956
ITC41,2013,882582
ITC41,2014,885120
ITC41,2015,885922
ITC41,2016,885308
ITC41,2017,884887
ITC41,2018,884919
ITC41,2019,885085
ITC41,2020,884876
ITC41,2021,880093
ITC41,2022,877668
ITC41,2023,879731
ITC41,2024,880257
ITC42,2000,533784
ITC42,2001,535943
ITC42,2002,537626
ITC42,2003,542295
ITC42,2004,549758
ITC42,2005,557525
ITC42,2006,563302
ITC42,2007,567881
ITC42,2008,573108
ITC42,2009,579168
ITC42,2010,583725
ITC42,2011,587914
ITC42,2012,591451
ITC42,2013,594725
ITC42,2014,596740
ITC42,2015,597842
ITC42,2016,597433
ITC42,2017,597927
ITC42,2018,597486
ITC42,2019,597807
ITC42,2020,597642
ITC42,2021,596456
ITC42,2022,594941
ITC42,2023,597117
ITC42,2024,597949
ITC43,2000,307806
ITC43,2001,309709
ITC43,2002,309859
ITC43,2003,312579
ITC43,2004,316184
ITC43,2005,319609
ITC43,2006,322357
ITC43,2007,324413
ITC43,2008,328230
ITC43,2009,331738
ITC43,2010,333654
ITC43,2011,335414
ITC43,2012,336322
ITC43,2013,337545
ITC43,2014,337883
ITC43,2015,337162
ITC43,2016,335812
ITC43,2017,335744
ITC43,2018,335588
ITC43,2019,335554
ITC43,2020,334961
ITC43,2021,333569
ITC43,2022,332457
ITC43,2023,332775
ITC43,2024,333270
ITC44,2000,176878
ITC44,2001,176895
ITC44,2002,176671
ITC44,2003,177182
ITC44,2004,178036
ITC44,2005,178755
ITC44,2006,179447
ITC44,2007,180058
ITC44,2008,180791
ITC44,2009,181277
ITC44,2010,181620
ITC44,2011,181789
ITC44,2012,181848
ITC44,2013,181974
ITC44,2014,182348
ITC44,2015,181859
ITC44,2016,181469
ITC44,2017,181083
ITC44,2018,181025
ITC44,2019,180680
ITC44,2020,180425
ITC44,2021,178798
ITC44,2022,178784
ITC44,2023,178795
ITC44,2024,178873
ITC46,2000,958958
ITC46,2001,966642
ITC46,2002,975239
ITC46,2003,985427
ITC46,2004,1001536
ITC46,2005,1019774
ITC46,2006,1030911
ITC46,2007,1040923
ITC46,2008,1054956
ITC46,2009,1069939
ITC46,2010,1079639
ITC46,2011,1089522
ITC46,2012,1095388
ITC46,2013,1101727
ITC46,2014,1104999
ITC46,2015,1105724
ITC46,2016,1104383
ITC46,2017,1105276
ITC46,2018,1106160
ITC46,2019,1107159
ITC46,2020,1108126
ITC46,2021,1103556
ITC46,2022,1102997
ITC46,2023,1106303
ITC46,2024,1110427
ITC47,2000,1091670
ITC47,2001,1100730
ITC47,2002,1110269
ITC47,2003,1123346
ITC47,2004,1145086
ITC47,2005,1163506
ITC47,2006,1177290
ITC47,2007,1189408
ITC47,2008,1204416
ITC47,2009,1220795
ITC47,2010,1230529
ITC47,2011,1241188
ITC47,2012,1247357
ITC47,2013,1253581
ITC47,2014,1255637
ITC47,2015,1255890
ITC47,2016,1253852
ITC47,2017,1251873
ITC47,2018,1251306
ITC47,2019,1254419
ITC47,2020,1255437
ITC47,2021,1255709
ITC47,2022,1253157
ITC47,2023,1257326
ITC47,2024,1260955
ITC48,2000,491310
ITC48,2001,492194
ITC48,2002,493696
ITC48,2003,495906
ITC48,2004,502085
ITC48,2005,507236
ITC48,2006,512181
ITC48,2007,517608
ITC48,2008,526133
ITC48,2009,533069
ITC48,2010,536774
ITC48,2011,539471
ITC48,2012,541920
ITC48,2013,544494
ITC48,2014,544765
ITC48,2015,544841
ITC48,2016,543875
ITC48,2017,543138
ITC48,2018,541617
ITC48,2019,541717
ITC48,2020,540376
ITC48,2021,535801
ITC48,2022,534506
ITC48,2023,536406
ITC48,2024,538632
ITC49,2000,194607
ITC49,2001,195972
ITC49,2002,198020
ITC49,2003,200403
ITC49,2004,204275
ITC49,2005,207729
ITC49,2006,210418
ITC49,2007,213393
ITC49,2008,217796
ITC49,2009,221492
ITC49,2010,223116
ITC49,2011,224518
ITC49,2012,225824
ITC49,2013,227168
ITC49,2014,227647
ITC49,2015,227637
ITC49,2016,226999
ITC49,2017,226686
ITC49,2018,226807
ITC49,2019,226949
ITC49,2020,227412
ITC49,2021,227343
ITC49,2022,227327
ITC49,2023,228136
ITC49,2024,229473
ITC4A,2000,333483
ITC4A,2001,334748
ITC4A,2002,335821
ITC4A,2003,338134
ITC4A,2004,341952
ITC4A,2005,345245
ITC4A,2006,347353
ITC4A,2007,349092
ITC4A,2008,354211
ITC4A,2009,357980
ITC4A,2010,358849
ITC4A,2011,359451
ITC4A,2012,360175
ITC4A,2013,360815
ITC4A,2014,360160
ITC4A,2015,359489
ITC4A,2016,358243
ITC4A,2017,357168
ITC4A,2018,356086
ITC4A,2019,356150
ITC4A,2020,355908
ITC4A,2021,352242
ITC4A,2022,351654
ITC4A,2023,352189
ITC4A,2024,352965
ITC4B,2000,374600
ITC4B,2001,376277
ITC4B,2002,377962
ITC4B,2003,380304
ITC4B,2004,384469
ITC4B,2005,389146
ITC4B,2006,391459
ITC4B,2007,394618
ITC4B,2008,400439
ITC4B,2009,405895
ITC4B,2010,407866
ITC4B,2011,409789
ITC4B,2012,411086
ITC4B,2013,412575
ITC4B,2014,412704
ITC4B,2015,411971
ITC4B,2016,409504
ITC4B,2017,408668
ITC4B,2018,407574
ITC4B,2019,407851
ITC4B,2020,406919
ITC4B,2021,406061
ITC4B,2022,404476
ITC4B,2023,406119
ITC4B,2024,407002
ITC4C,2000,2944140
ITC4C,2001,2943237
ITC4C,2002,2938627
ITC4C,2003,2935908
ITC4C,2004,2941233
ITC4C,2005,2983298
ITC4C,2006,2996002
ITC4C,2007,2999062
ITC4C,2008,3006001
ITC4C,2009,3013241
ITC4C,2010,3034843
ITC4C,2011,3063241
ITC4C,2012,3095104
ITC4C,2013,3125287
ITC4C,2014,3163522
ITC4C,2015,3186367
ITC4C,2016,3200447
ITC4C,2017,3214702
ITC4C,2018,3232728
ITC4C,2019,3250077
ITC4C,2020,3265327
ITC4C,2021,3241813
ITC4C,2022,3214630
ITC4C,2023,3228006
ITC4C,2024,3245459
ITC4D,2000,756333
ITC4D,2001,761781
ITC4D,2002,767029
ITC4D,2003,772690
ITC4D,2004,782550
ITC4D,2005,792082
ITC4D,2006,799025
ITC4D,2007,806160
ITC4D,2008,815081
ITC4D,2009,825537
ITC4D,2010,832109
ITC4D,2011,839897
ITC4D,2012,846580
ITC4D,2013,855068
ITC4D,2014,858244
ITC4D,2015,860065
ITC4D,2016,861122
ITC4D,2017,863267
ITC4D,2018,865666
ITC4D,2019,867385
ITC4D,2020,870193
ITC4D,2021,870113
ITC4D,2022,870407
ITC4D,2023,873606
ITC4D,2024,876792
ITF11,2000,298361
ITF11,2001,297779
ITF11,2002,297370
ITF11,2003,297726
ITF11,2004,300986
ITF11,2005,302480
ITF11,2006,303226
ITF11,2007,303094
ITF11,2008,305243
ITF11,2009,306499
ITF11,2010,305819
ITF11,2011,306124
ITF11,2012,306200
ITF11,2013,306279
ITF11,2014,305639
ITF11,2015,304136
ITF11,2016,302311
ITF11,2017,300762
ITF11,2018,299084
ITF11,2019,297313
ITF11,2020,294838
ITF11,2021,290811
ITF11,2022,288956
ITF11,2023,287806
ITF11,2024,286832
ITF12,2000,286150
ITF12,2001,286767
ITF12,2002,287282
ITF12,2003,289088
ITF12,2004,292302
ITF12,2005,295245
ITF12,2006,297838
ITF12,2007,299867
ITF12,2008,303587
ITF12,2009,307080
ITF12,2010,309023
ITF12,2011,309564
ITF12,2012,310139
ITF12,2013,310723
ITF12,2014,310157
ITF12,2015,309674
ITF12,2016,308326
ITF12,2017,307687
ITF12,2018,305894
ITF12,2019,305291
ITF12,2020,303900
ITF12,2021,301104
ITF12,2022,299646
ITF12,2023,299071
ITF12,2024,299274
ITF13,2000,294108
ITF13,2001,294765
ITF13,2002,295730
ITF13,2003,297628
ITF13,2004,300331
ITF13,2005,302834
ITF13,2006,305182
ITF13,2007,307299
ITF13,2008,312170
ITF13,2009,315846
ITF13,2010,318143
ITF13,2011,320237
ITF13,2012,321369
ITF13,2013,322011
ITF13,2014,322271
ITF13,2015,321830
ITF13,2016,320710
ITF13,2017,320008
ITF13,2018,318034
ITF13,2019,317366
ITF13,2020,316363
ITF13,2021,313882
ITF13,2022,313631
ITF13,2023,313110
ITF13,2024,312246
ITF14,2000,382515
ITF14,2001,381989
ITF14,2002,381805
ITF14,2003,383191
ITF14,2004,385039
ITF14,2005,386598
ITF14,2006,386753
ITF14,2007,386609
ITF14,2008,390307
ITF14,2009,392462
ITF14,2010,393030
ITF14,2011,393295
ITF14,2012,393916
ITF14,2013,393570
ITF14,2014,391851
ITF14,2015,390196
ITF14,2016,387947
ITF14,2017,385473
ITF14,2018,383047
ITF14,2019,380675
ITF14,2020,378840
ITF14,2021,375215
ITF14,2022,373717
ITF14,2023,372640
ITF14,2024,371219
ITF21,2000,90490
ITF21,2001,90076
ITF21,2002,89681
ITF21,2003,89866
ITF21,2004,89643
ITF21,2005,89420
ITF21,2006,89068
ITF21,2007,88541
ITF21,2008,88500
ITF21,2009,88040
ITF21,2010,87769
ITF21,2011,87431
ITF21,2012,87213
ITF21,2013,87043
ITF21,2014,86839
ITF21,2015,86489
ITF21,2016,86069
ITF21,2017,85497
ITF21,2018,84971
ITF21,2019,84027
ITF21,2020,83154
ITF21,2021,81415
ITF21,2022,80564
ITF21,2023,79912
ITF21,2024,79236
ITF22,2000,232287
ITF22,2001,231392
ITF22,2002,230509
ITF22,2003,230515
ITF22,2004,230716
ITF22,2005,230308
ITF22,2006,229384
ITF22,2007,228796
ITF22,2008,229157
ITF22,2009,229042
ITF22,2010,228170
ITF22,2011,227385
ITF22,2012,226703
ITF22,2013,226365
ITF22,2014,226058
ITF22,2015,224909
ITF22,2016,223957
ITF22,2017,222903
ITF22,2018,221593
ITF22,2019,219763
ITF22,2020,217362
ITF22,2021,212879
ITF22,2022,211586
ITF22,2023,210724
ITF22,2024,209988
ITF31,2000,851690
ITF31,2001,852230
ITF31,2002,852314
ITF31,2003,854185
ITF31,2004,862791
ITF31,2005,873665
ITF31,2006,879789
ITF31,2007,885497
ITF31,2008,892751
ITF31,2009,899448
ITF31,2010,905721
ITF31,2011,913228
ITF31,2012,917426
ITF31,2013,917820
ITF31,2014,917923
ITF31,2015,918110
ITF31,2016,917423
ITF31,2017,916615
ITF31,2018,915730
ITF31,2019,915549
ITF31,2020,913666
ITF31,2021,901903
ITF31,2022,905045
ITF31,2023,906074
ITF31,2024,906522
ITF32,2000,288402
ITF32,2001,287539
ITF32,2002,286574
ITF32,2003,286264
ITF32,2004,287020
ITF32,2005,287793
ITF32,2006,287730
ITF32,2007,287254
ITF32,2008,287822
ITF32,2009,288215
ITF32,2010,287846
ITF32,2011,287513
ITF32,2012,286469
ITF32,2013,284901
ITF32,2014,283431
ITF32,2015,281563
ITF32,2016,279778
ITF32,2017,278475
ITF32,2018,277579
ITF32,2019,275384
ITF32,2020,272318
ITF32,2021,266716
ITF32,2022,265055
ITF32,2023,263125
ITF32,2024,261419
ITF33,2000,3068870
ITF33,2001,3062897
ITF33,2002,3059401
ITF33,2003,3060521
ITF33,2004,3069540
ITF33,2005,3076816
ITF33,2006,3072876
ITF33,2007,3070651
ITF33,2008,3074086
ITF33,2009,3068657
ITF33,2010,3076550
ITF33,2011,3081165
ITF33,2012,3081729
ITF33,2013,3079037
ITF33,2014,3078259
ITF33,2015,3075600
ITF33,2016,3071681
ITF33,2017,3065231
ITF33,2018,3060023
ITF33,2019,3048194
ITF33,2020,3034410
ITF33,2021,2986745
ITF33,2022,2988376
ITF33,2023,2980338
ITF33,2024,2970974
ITF34,2000,431843
ITF34,2001,430344
ITF34,2002,428746
ITF34,2003,429856
ITF34,2004,432617
ITF34,2005,434830
ITF34,2006,434893
ITF34,2007,434937
ITF34,2008,436481
ITF34,2009,437189
ITF34,2010,436525
ITF34,2011,436552
ITF34,2012,435787
ITF34,2013,432970
ITF34,2014,429901
ITF34,2015,426909
ITF34,2016,423372
ITF34,2017,420719
ITF34,2018,418123
ITF34,2019,414109
ITF34,2020,410369
ITF34,2021,402929
ITF34,2022,401451
ITF34,2023,398932
ITF34,2024,396973
ITF35,2000,1076889
ITF35,2001,1075127
ITF35,2002,1072927
ITF35,2003,1074077
ITF35,2004,1079473
ITF35,2005,1086346
ITF35,2006,1088131
ITF35,2007,1087924
ITF35,2008,1093905
ITF35,2009,1098578
ITF35,2010,1100822
ITF35,2011,1104369
ITF35,2012,1106182
ITF35,2013,1105702
ITF35,2014,1103254
ITF35,2015,1102188
ITF35,2016,1098529
ITF35,2017,1095614
ITF35,2018,1091434
ITF35,2019,1087055
ITF35,2020,1081380
ITF35,2021,1065967
ITF35,2022,1064493
ITF35,2023,1061067
ITF35,2024,1058018
ITF43,2000,583718
ITF43,2001,581508
ITF43,2002,579880
ITF43,2003,580172
ITF43,2004,580849
ITF43,2005,582590
ITF43,2006,583340
ITF43,2007,584442
ITF43,2008,586357
ITF43,2009,587549
ITF43,2010,588860
ITF43,2011,588940
ITF43,2012,588744
ITF43,2013,586653
ITF43,2014,584796
ITF43,2015,582400
ITF43,2016,579310
ITF43,2017,576041
ITF43,2018,572436
ITF43,2019,568258
ITF43,2020,563995
ITF43,2021,561958
ITF43,2022,559892
ITF43,2023,556692
ITF43,2024,553501
ITF44,2000,405393
ITF44,2001,403685
ITF44,2002,402302
ITF44,2003,401498
ITF44,2004,401307
ITF44,2005,401420
ITF44,2006,401925
ITF44,2007,401613
ITF44,2008,402411
ITF44,2009,403009
ITF44,2010,403964
ITF44,2011,404901
ITF44,2012,404888
ITF44,2013,403260
ITF44,2014,401494
ITF44,2015,399338
ITF44,2016,396312
ITF44,2017,393786
ITF44,2018,390740
ITF44,2019,387817
ITF44,2020,385235
ITF44,2021,381946
ITF44,2022,381273
ITF44,2023,379522
ITF44,2024,377240
ITF45,2000,793561
ITF45,2001,790352
ITF45,2002,787657
ITF45,2003,790170
ITF45,2004,793043
ITF45,2005,797683
ITF45,2006,800384
ITF45,2007,803154
ITF45,2008,807270
ITF45,2009,809901
ITF45,2010,812271
ITF45,2011,814923
ITF45,2012,815462
ITF45,2013,812490
ITF45,2014,808602
ITF45,2015,804812
ITF45,2016,800949
ITF45,2017,796925
ITF45,2018,791902
ITF45,2019,786408
ITF45,2020,782165
ITF45,2021,776230
ITF45,2022,775348
ITF45,2023,771230
ITF45,2024,767231
ITF46,2000,652641
ITF46,2001,650984
ITF46,2002,649292
ITF46,2003,647467
ITF46,2004,646269
ITF46,2005,644687
ITF46,2006,642398
ITF46,2007,639399
ITF46,2008,640391
ITF46,2009,640212
ITF46,2010,640753
ITF46,2011,640725
ITF46,2012,638760
ITF46,2013,635508
ITF46,2014,632597
ITF46,2015,629554
ITF46,2016,625294
ITF46,2017,621555
ITF46,2018,616829
ITF46,2019,611518
ITF46,2020,606904
ITF46,2021,602394
ITF46,2022,599028
ITF46,2023,595682
ITF46,2024,593078
ITF47,2000,1218101
ITF47,2001,1217510
ITF47,2002,1218338
ITF47,2003,1221455
ITF47,2004,1226897
ITF47,2005,1233973
ITF47,2006,1237283
ITF47,2007,1239946
ITF47,2008,1244048
ITF47,2009,1247513
ITF47,2010,1251412
ITF47,2011,1257549
ITF47,2012,1259733
ITF47,2013,1258054
ITF47,2014,1256495
ITF47,2015,1253461
ITF47,2016,1249699
ITF47,2017,1245190
ITF47,2018,1240589
ITF47,2019,1234997
ITF47,2020,1230205
ITF47,2021,1230158
ITF47,2022,1226784
ITF47,2023,1225048
ITF47,2024,1221682
ITF48,2000,381473
ITF48,2001,382015
ITF48,2002,383225
ITF48,2003,384351
ITF48,2004,386476
ITF48,2005,387835
ITF48,2006,388450
ITF48,2007,388886
ITF48,2008,390767
ITF48,2009,391965
ITF48,2010,392851
ITF48,2011,394520
ITF48,2012,395210
ITF48,2013,394565
ITF48,2014,393804
ITF48,2015,393704
ITF48,2016,392171
ITF48,2017,390570
ITF48,2018,388470
ITF48,2019,386530
ITF48,2020,384801
ITF48,2021,381091
ITF48,2022,380616
ITF48,2023,379509
ITF48,2024,377929
ITF51,2000,396219
ITF51,2001,394752
ITF51,2002,392955
ITF51,2003,391981
ITF51,2004,391473
ITF51,2005,390342
ITF51,2006,387973
ITF51,2007,385424
ITF51,2008,384685
ITF51,2009,383588
ITF51,2010,381758
ITF51,2011,379895
ITF51,2012,378517
ITF51,2013,376835
ITF51,2014,375370
ITF51,2015,373323
ITF51,2016,370854
ITF51,2017,368391
ITF51,2018,365903
ITF51,2019,362452
ITF51,2020,358401
ITF51,2021,352490
ITF51,2022,349616
ITF51,2023,346475
ITF51,2024,343252
ITF52,2000,205229
ITF52,2001,204652
ITF52,2002,204148
ITF52,2003,203288
ITF52,2004,203032
ITF52,2005,202843
ITF52,2006,202138
ITF52,2007,201107
ITF52,2008,201408
ITF52,2009,201322
ITF52,2010,200860
ITF52,2011,200895
ITF52,2012,200843
ITF52,2013,200715
ITF52,2014,200444
ITF52,2015,199913
ITF52,2016,199033
ITF52,2017,198014
ITF52,2018,197065
ITF52,2019,196135
ITF52,2020,194853
ITF52,2021,192640
ITF52,2022,191552
ITF52,2023,191102
ITF52,2024,189981
ITF61,2000,740279
ITF61,2001,736278
ITF61,2002,732785
ITF61,2003,729822
ITF61,2004,729549
ITF61,2005,726321
ITF61,2006,722119
ITF61,2007,718008
ITF61,2008,721200
ITF61,2009,721074
ITF61,2010,720506
ITF61,2011,718703
ITF61,2012,718158
ITF61,2013,715559
ITF61,2014,713368
ITF61,2015,710806
ITF61,2016,706823
ITF61,2017,703066
ITF61,2018,699142
ITF61,2019,695605
ITF61,2020,690503
ITF61,2021,676119
ITF61,2022,674543
ITF61,2023,672432
ITF61,2024,670368
ITF62,2000,174636
ITF62,2001,173751
ITF62,2002,172966
ITF62,2003,172076
ITF62,2004,172166
ITF62,2005,171682
ITF62,2006,170776
ITF62,2007,170254
ITF62,2008,170776
ITF62,2009,170985
ITF62,2010,171176
ITF62,2011,171758
ITF62,2012,171465
ITF62,2013,171356
ITF62,2014,172000
ITF62,2015,171969
ITF62,2016,171985
ITF62,2017,172635
ITF62,2018,171904
ITF62,2019,171486
ITF62,2020,168581
ITF62,2021,164059
ITF62,2022,163553
ITF62,2023,162749
ITF62,2024,161902
ITF63,2000,372696
ITF63,2001,371007
ITF63,2002,368911
ITF63,2003,367753
ITF63,2004,367316
ITF63,2005,365579
ITF63,2006,363711
ITF63,2007,362106
ITF63,2008,362715
ITF63,2009,362614
ITF63,2010,362248
ITF63,2011,362124
ITF63,2012,361571
ITF63,2013,361015
ITF63,2014,360340
ITF63,2015,359072
ITF63,2016,357926
ITF63,2017,356897
ITF63,2018,355000
ITF63,2019,352065
ITF63,2020,349344
ITF63,2021,344439
ITF63,2022,343673
ITF63,2023,342021
ITF63,2024,340659
ITF64,2000,173293
ITF64,2001,171901
ITF64,2002,170363
ITF64,2003,169521
ITF64,2004,169335
ITF64,2005,168067
ITF64,2006,167640
ITF64,2007,166598
ITF64,2008,166554
ITF64,2009,165835
ITF64,2010,165131
ITF64,2011,164605
ITF64,2012,163824
ITF64,2013,162516
ITF64,2014,161634
ITF64,2015,160684
ITF64,2016,159824
ITF64,2017,158569
ITF64,2018,157632
ITF64,2019,156378
ITF64,2020,154715
ITF64,2021,152193
ITF64,2022,151558
ITF64,2023,150709
ITF64,2024,150486
ITF65,2000,567688
ITF65,2001,565785
ITF65,2002,563160
ITF65,2003,560595
ITF65,2004,562231
ITF65,2005,560378
ITF65,2006,557704
ITF65,2007,554971
ITF65,2008,557822
ITF65,2009,556039
ITF65,2010,554563
ITF65,2011,554859
ITF65,2012,553518
ITF65,2013,551984
ITF65,2014,550884
ITF65,2015,549202
ITF65,2016,546527
ITF65,2017,543930
ITF65,2018,540579
ITF65,2019,536487
ITF65,2020,530967
ITF65,2021,523791
ITF65,2022,522127
ITF65,2023,518699
ITF65,2024,515153
ITG11,2000,426764
ITG11,2001,425742
ITG11,2002,425129
ITG11,2003,425892
ITG11,2004,427092
ITG11,2005,428603
ITG11,2006,429413
ITG11,2007,430169
ITG11,2008,432444
ITG11,2009,433389
ITG11,2010,434697
ITG11,2011,435961
ITG11,2012,436395
ITG11,2013,435260
ITG11,2014,433677
ITG11,2015,432813
ITG11,2016,431516
ITG11,2017,429535
ITG11,2018,426963
ITG11,2019,424039
ITG11,2020,421256
ITG11,2021,418277
ITG11,2022,417220
ITG11,2023,415006
ITG11,2024,412946
ITG12,2000,1243953
ITG12,2001,1237993
ITG12,2002,1236098
ITG12,2003,1235279
ITG12,2004,1235747
ITG12,2005,1236807
ITG12,2006,1237529
ITG12,2007,1239981
ITG12,2008,1243180
ITG12,2009,1245961
ITG12,2010,1248936
ITG12,2011,1253450
ITG12,2012,1254504
ITG12,2013,1256056
ITG12,2014,1256483
ITG12,2015,1255334
ITG12,2016,1250836
ITG12,2017,1246163
ITG12,2018,1238675
ITG12,2019,1231602
ITG12,2020,1222988
ITG12,2021,1208819
ITG12,2022,1208991
ITG12,2023,1204189
ITG12,2024,1200253
ITG13,2000,660795
ITG13,2001,661708
ITG13,2002,661526
ITG13,2003,658841
ITG13,2004,658753
ITG13,2005,657659
ITG13,2006,655654
ITG13,2007,654112
ITG13,2008,654525
ITG13,2009,655476
ITG13,2010,654929
ITG13,2011,655087
ITG13,2012,653043
ITG13,2013,649222
ITG13,2014,645599
ITG13,2015,641243
ITG13,2016,635610
ITG13,2017,630489
ITG13,2018,624147
ITG13,2019,618713
ITG13,2020,613887
ITG13,2021,603980
ITG13,2022,603229
ITG13,2023,600180
ITG13,2024,598071
ITG14,2000,456472
ITG14,2001,452084
ITG14,2002,447719
ITG14,2003,447896
ITG14,2004,448937
ITG14,2005,448738
ITG14,2006,448752
ITG14,2007,447968
ITG14,2008,449492
ITG14,2009,450199
ITG14,2010,451030
ITG14,2011,451892
ITG14,2012,452122
ITG14,2013,449845
ITG14,2014,447397
ITG14,2015,445117
ITG14,2016,441375
ITG14,2017,437155
ITG14,2018,432335
ITG14,2019,428003
ITG14,2020,423488
ITG14,2021,416181
ITG14,2022,415887
ITG14,2023,413177
ITG14,2024,410508
ITG15,2000,276407
ITG15,2001,274955
ITG15,2002,273850
ITG15,2003,272985
ITG15,2004,273075
ITG15,2005,273029
ITG15,2006,272646
ITG15,2007,272462
ITG15,2008,273200
ITG15,2009,273973
ITG15,2010,274697
ITG15,2011,275396
ITG15,2012,274877
ITG15,2013,273417
ITG15,2014,272007
ITG15,2015,270972
ITG15,2016,268749
ITG15,2017,266428
ITG15,2018,263235
ITG15,2019,259586
ITG15,2020,255931
ITG15,2021,253688
ITG15,2022,251715
ITG15,2023,249431
ITG15,2024,247118
ITG16,2000,179715
ITG16,2001,178245
ITG16,2002,176965
ITG16,2003,176434
ITG16,2004,175732
ITG16,2005,175295
ITG16,2006,175227
ITG16,2007,174849
ITG16,2008,175252
ITG16,2009,175281
ITG16,2010,175076
ITG16,2011,174761
ITG16,2012,174251
ITG16,2013,172799
ITG16,2014,171480
ITG16,2015,169922
ITG16,2016,168273
ITG16,2017,166296
ITG16,2018,164159
ITG16,2019,162371
ITG16,2020,160161
ITG16,2021,157690
ITG16,2022,156730
ITG16,2023,154940
ITG16,2024,153556
ITG17,2000,1055678
ITG17,2001,1054559
ITG17,2002,1054633
ITG17,2003,1056205
ITG17,2004,1062321
ITG17,2005,1066629
ITG17,2006,1071805
ITG17,2007,1074040
ITG17,2008,1080037
ITG17,2009,1084439
ITG17,2010,1088517
ITG17,2011,1092537
ITG17,2012,1094229
ITG17,2013,1095009
ITG17,2014,1094665
ITG17,2015,1093911
ITG17,2016,1091100
ITG17,2017,1086981
ITG17,2018,1081823
ITG17,2019,1077270
ITG17,2020,1072634
ITG17,2021,1074089
ITG17,2022,1077515
ITG17,2023,1074434
ITG17,2024,1071813
ITG18,2000,295563
ITG18,2001,295473
ITG18,2002,295308
ITG18,2003,295972
ITG18,2004,298756
ITG18,2005,300871
ITG18,2006,302210
ITG18,2007,303536
ITG18,2008,306377
ITG18,2009,308912
ITG18,2010,311437
ITG18,2011,314431
ITG18,2012,316385
ITG18,2013,317305
ITG18,2014,317335
ITG18,2015,317146
ITG18,2016,317324
ITG18,2017,317476
ITG18,2018,316682
ITG18,2019,315564
ITG18,2020,315601
ITG18,2021,314910
ITG18,2022,316142
ITG18,2023,317793
ITG18,2024,319236
ITG19,2000,399080
ITG19,2001,397309
ITG19,2002,396078
ITG19,2003,395886
ITG19,2004,396684
ITG19,2005,397590
ITG19,2006,398083
ITG19,2007,398723
ITG19,2008,401459
ITG19,2009,403806
ITG19,2010,404726
ITG19,2011,405967
ITG19,2012,406140
ITG19,2013,404627
ITG19,2014,403111
ITG19,2015,401808
ITG19,2016,399617
ITG19,2017,397377
ITG19,2018,394169
ITG19,2019,391400
ITG19,2020,389344
ITG19,2021,386071
ITG19,2022,385900
ITG19,2023,384866
ITG19,2024,383858
ITG2D,2000,463985
ITG2D,2001,463575
ITG2D,2002,460277
ITG2D,2003,462602
ITG2D,2004,465358
ITG2D,2005,468012
ITG2D,2006,470188
ITG2D,2007,472539
ITG2D,2008,477508
ITG2D,2009,481280
ITG2D,2010,483032
ITG2D,2011,485100
ITG2D,2012,486257
ITG2D,2013,487737
ITG2D,2014,488789
ITG2D,2015,488917
ITG2D,2016,488904
ITG2D,2017,488453
ITG2D,2018,487509
ITG2D,2019,486689
ITG2D,2020,484407
ITG2D,2021,476357
ITG2D,2022,476516
ITG2D,2023,474739
ITG2D,2024,473493
ITG2E,2000,222156
ITG2E,2001,221062
ITG2E,2002,220766
ITG2E,2003,220145
ITG2E,2004,219667
ITG2E,2005,219181
ITG2E,2006,218534
ITG2E,2007,217986
ITG2E,2008,217945
ITG2E,2009,217771
ITG2E,2010,217209
ITG2E,2011,216694
ITG2E,2012,216019
ITG2E,2013,215083
ITG2E,2014,214391
ITG2E,2015,213365
ITG2E,2016,211644
ITG2E,2017,210532
ITG2E,2018,209100
ITG2E,2019,207108
ITG2E,2020,205205
ITG2E,2021,201517
ITG2E,2022,200376
ITG2E,2023,198520
ITG2E,2024,197090
ITG2F,2000,414546
ITG2F,2001,414850
ITG2F,2002,414654
ITG2F,2003,415727
ITG2F,2004,417368
ITG2F,2005,418506
ITG2F,2006,419789
ITG2F,2007,421135
ITG2F,2008,422247
ITG2F,2009,423662
ITG2F,2010,424257
ITG2F,2011,425431
ITG2F,2012,425735
ITG2F,2013,427056
ITG2F,2014,426740
ITG2F,2015,426678
ITG2F,2016,426011
ITG2F,2017,425365
ITG2F,2018,425206
ITG2F,2019,424105
ITG2F,2020,422840
ITG2F,2021,421488
ITG2F,2022,421688
ITG2F,2023,420364
ITG2F,2024,418962
ITG2G,2000,167741
ITG2G,2001,166965
ITG2G,2002,166575
ITG2G,2003,166397
ITG2G,2004,166287
ITG2G,2005,166391
ITG2G,2006,166244
ITG2G,2007,166119
ITG2G,2008,165792
ITG2G,2009,165278
ITG2G,2010,164816
ITG2G,2011,164393
ITG2G,2012,163594
ITG2G,2013,162768
ITG2G,2014,162007
ITG2G,2015,161055
ITG2G,2016,159947
ITG2G,2017,158935
ITG2G,2018,158197
ITG2G,2019,156623
ITG2G,2020,154974
ITG2G,2021,152418
ITG2G,2022,151655
ITG2G,2023,150325
ITG2G,2024,149091
ITG2H,2000,370145
ITG2H,2001,368343
ITG2H,2002,367732
ITG2H,2003,367212
ITG2H,2004,365993
ITG2H,2005,365418
ITG2H,2006,365439
ITG2H,2007,365273
ITG2H,2008,365566
ITG2H,2009,365138
ITG2H,2010,364397
ITG2H,2011,364215
ITG2H,2012,363474
ITG2H,2013,361939
ITG2H,2014,360601
ITG2H,2015,358627
ITG2H,2016,355986
ITG2H,2017,353554
ITG2H,2018,351028
ITG2H,2019,347732
ITG2H,2020,344195
ITG2H,2021,338264
ITG2H,2022,337178
ITG2H,2023,334198
ITG2H,2024,331817
ITH10,2000,458553
ITH10,2001,461101
ITH10,2002,462884
ITH10,2003,466605
ITH10,2004,470363
ITH10,2005,475176
ITH10,2006,480403
ITH10,2007,485196
ITH10,2008,491338
ITH10,2009,496079
ITH10,2010,500450
ITH10,2011,504406
ITH10,2012,507989
ITH10,2013,511619
ITH10,2014,515389
ITH10,2015,517994
ITH10,2016,520252
ITH10,2017,523454
ITH10,2018,526772
ITH10,2019,530313
ITH10,2020,532644
ITH10,2021,534912
ITH10,2022,532616
ITH10,2023,534147
ITH10,2024,537533
ITH20,2000,470505
ITH20,2001,474310
ITH20,2002,476750
ITH20,2003,481750
ITH20,2004,488099
ITH20,2005,494740
ITH20,2006,499712
ITH20,2007,504098
ITH20,2008,510511
ITH20,2009,516859
ITH20,2010,521531
ITH20,2011,525833
ITH20,2012,529246
ITH20,2013,533435
ITH20,2014,536813
ITH20,2015,538188
ITH20,2016,539513
ITH20,2017,540280
ITH20,2018,541966
ITH20,2019,543721
ITH20,2020,545425
ITH20,2021,542166
ITH20,2022,540958
ITH20,2023,542996
ITH20,2024,545169
ITH31,2000,815008
ITH31,2001,821812
ITH31,2002,826890
ITH31,2003,834070
ITH31,2004,844368
ITH31,2005,853897
ITH31,2006,862458
ITH31,2007,871030
ITH31,2008,886890
ITH31,2009,898031
ITH31,2010,902367
ITH31,2011,906094
ITH31,2012,909045
ITH31,2013,914291
ITH31,2014,917081
ITH31,2015,918450
ITH31,2016,918050
ITH31,2017,918069
ITH31,2018,919179
ITH31,2019,922857
ITH31,2020,924742
ITH31,2021,927810
ITH31,2022,924024
ITH31,2023,925656
ITH31,2024,926970
ITH32,2000,782184
ITH32,2001,788782
ITH32,2002,794977
ITH32,2003,803988
ITH32,2004,816293
ITH32,2005,828857
ITH32,2006,835920
ITH32,2007,840571
ITH32,2008,848024
ITH32,2009,856830
ITH32,2010,860002
ITH32,2011,862700
ITH32,2012,863323
ITH32,2013,865839
ITH32,2014,866418
ITH32,2015,865350
ITH32,2016,862551
ITH32,2017,859736
ITH32,2018,857645
ITH32,2019,856939
ITH32,2020,855297
ITH32,2021,854962
ITH32,2022,852139
ITH32,2023,852779
ITH32,2024,853610
ITH33,2000,209728
ITH33,2001,209541
ITH33,2002,207980
ITH33,2003,208782
ITH33,2004,209731
ITH33,2005,210355
ITH33,2006,210187
ITH33,2007,210188
ITH33,2008,211364
ITH33,2009,211561
ITH33,2010,211077
ITH33,2011,210351
ITH33,2012,209590
ITH33,2013,208488
ITH33,2014,207418
ITH33,2015,205906
ITH33,2016,204687
ITH33,2017,203582
ITH33,2018,202825
ITH33,2019,202269
ITH33,2020,201309
ITH33,2021,199704
ITH33,2022,198676
ITH33,2023,198105
ITH33,2024,197788
ITH34,2000,783640
ITH34,2001,789846
ITH34,2002,796147
ITH34,2003,806493
ITH34,2004,823344
ITH34,2005,837074
ITH34,2006,846082
ITH34,2007,852817
ITH34,2008,864674
ITH34,2009,873880
ITH34,2010,876779
ITH34,2011,879538
ITH34,2012,881011
ITH34,2013,883959
ITH34,2014,884463
ITH34,2015,883548
ITH34,2016,881315
ITH34,2017,881749
ITH34,2018,883346
ITH34,2019,884173
ITH34,2020,883522
ITH34,2021,880417
ITH34,2022,877890
ITH34,2023,878828
ITH34,2024,879388
ITH35,2000,808508
ITH35,2001,808821
ITH35,2002,809661
ITH35,2003,811539
ITH35,2004,817736
ITH35,2005,822555
ITH35,2006,825268
ITH35,2007,828852
ITH35,2008,836440
ITH35,2009,844667
ITH35,2010,848803
ITH35,2011,852008
ITH35,2012,853311
ITH35,2013,854270
ITH35,2014,854685
ITH35,2015,854245
ITH35,2016,852177
ITH35,2017,851353
ITH35,2018,850607
ITH35,2019,851057
ITH35,2020,848829
ITH35,2021,843545
ITH35,2022,836916
ITH35,2023,835895
ITH35,2024,835405
ITH36,2000,842560
ITH36,2001,846776
ITH36,2002,849661
ITH36,2003,855563
ITH36,2004,867709
ITH36,2005,878268
ITH36,2006,885912
ITH36,2007,892194
ITH36,2008,903768
ITH36,2009,914158
ITH36,2010,919669
ITH36,2011,924305
ITH36,2012,927041
ITH36,2013,930818
ITH36,2014,932899
ITH36,2015,934138
ITH36,2016,932928
ITH36,2017,931890
ITH36,2018,932464
ITH36,2019,933867
ITH36,2020,933700
ITH36,2021,932629
ITH36,2022,929198
ITH36,2023,930349
ITH36,2024,931607
ITH37,2000,243417
ITH37,2001,243002
ITH37,2002,242283
ITH37,2003,242056
ITH37,2004,243312
ITH37,2005,243928
ITH37,2006,243941
ITH37,2007,243715
ITH37,2008,244902
ITH37,2009,245212
ITH37,2010,244675
ITH37,2011,244610
ITH37,2012,244007
ITH37,2013,243750
ITH37,2014,242748
ITH37,2015,241057
ITH37,2016,238940
ITH37,2017,236994
ITH37,2018,234870
ITH37,2019,233428
ITH37,2020,231734
ITH37,2021,230763
ITH37,2022,228902
ITH37,2023,227941
ITH37,2024,227448
ITH41,2000,281012
ITH41,2001,283872
ITH41,2002,286250
ITH41,2003,289819
ITH41,2004,293944
ITH41,2005,296851
ITH41,2006,298958
ITH41,2007,302120
ITH41,2008,306257
ITH41,2009,310507
ITH41,2010,311231
ITH41,2011,311783
ITH41,2012,311833
ITH41,2013,312803
ITH41,2014,312862
ITH41,2015,312003
ITH41,2016,310755
ITH41,2017,309706
ITH41,2018,309946
ITH41,2019,310636
ITH41,2020,310502
ITH41,2021,310634
ITH41,2022,309473
ITH41,2023,310133
ITH41,2024,310763
ITH42,2000,516556
ITH42,2001,517976
ITH42,2002,520220
ITH42,2003,522826
ITH42,2004,525828
ITH42,2005,528070
ITH42,2006,529308
ITH42,2007,531124
ITH42,2008,535256
ITH42,2009,538393
ITH42,2010,538952
ITH42,2011,538619
ITH42,2012,537947
ITH42,2013,538776
ITH42,2014,538692
ITH42,2015,537054
ITH42,2016,534391
ITH42,2017,532637
ITH42,2018,530717
ITH42,2019,529230
ITH42,2020,526474
ITH42,2021,521117
ITH42,2022,518442
ITH42,2023,517376
ITH42,2024,517143
ITH43,2000,136218
ITH43,2001,136392
ITH43,2002,136279
ITH43,2003,137194
ITH43,2004,137962
ITH43,2005,138900
ITH43,2006,139518
ITH43,2007,139816
ITH43,2008,140642
ITH43,2009,141092
ITH43,2010,141248
ITH43,2011,140834
ITH43,2012,140458
ITH43,2013,140214
ITH43,2014,140222
ITH43,2015,139904
ITH43,2016,139234
ITH43,2017,138555
ITH43,2018,138218
ITH43,2019,138143
ITH43,2020,137795
ITH43,2021,139070
ITH43,2022,137899
ITH43,2023,138034
ITH43,2024,138314
ITH44,2000,244495
ITH44,2001,242998
ITH44,2002,241964
ITH44,2003,240261
ITH44,2004,238599
ITH44,2005,237529
ITH44,2006,236064
ITH44,2007,235070
ITH44,2008,234904
ITH44,2009,234661
ITH44,2010,234479
ITH44,2011,234125
ITH44,2012,233404
ITH44,2013,233194
ITH44,2014,233208
ITH44,2015,232703
ITH44,2016,231828
ITH44,2017,231911
ITH44,2018,232274
ITH44,2019,232405
ITH44,2020,231445
ITH44,2021,230689
ITH44,2022,228833
ITH44,2023,228705
ITH44,2024,228396
ITH51,2000,263206
ITH51,2001,263605
ITH51,2002,263757
ITH51,2003,265483
ITH51,2004,268854
ITH51,2005,271578
ITH51,2006,273528
ITH51,2007,275593
ITH51,2008,278870
ITH51,2009,283165
ITH51,2010,284820
ITH51,2011,286139
ITH51,2012,287232
ITH51,2013,287953
ITH51,2014,288231
ITH51,2015,287469
ITH51,2016,286412
ITH51,2017,286162
ITH51,2018,286204
ITH51,2019,286265
ITH51,2020,286433
ITH51,2021,283742
ITH51,2022,283435
ITH51,2023,284220
ITH51,2024,285389
ITH52,2000,390824
ITH52,2001,392375
ITH52,2002,393373
ITH52,2003,396214
ITH52,2004,401092
ITH52,2005,406689
ITH52,2006,409880
ITH52,2007,412437
ITH52,2008,417613
ITH52,2009,424990
ITH52,2010,428711
ITH52,2011,432723
ITH52,2012,435124
ITH52,2013,438921
ITH52,2014,442271
ITH52,2015,443892
ITH52,2016,446764
ITH52,2017,448455
ITH52,2018,450486
ITH52,2019,452505
ITH52,2020,454873
ITH52,2021,449628
ITH52,2022,448916
ITH52,2023,451688
ITH52,2024,454149
ITH53,2000,443855
ITH53,2001,449589
ITH53,2002,454757
ITH53,2003,461320
ITH53,2004,470768
ITH53,2005,480434
ITH53,2006,487578
ITH53,2007,494211
ITH53,2008,502876
ITH53,2009,511697
ITH53,2010,516752
ITH53,2011,521464
ITH53,2012,524564
ITH53,2013,528349
ITH53,2014,530584
ITH53,2015,529306
ITH53,2016,529643
ITH53,2017,529479
ITH53,2018,529588
ITH53,2019,529932
ITH53,2020,529609
ITH53,2021,527140
ITH53,2022,525586
ITH53,2023,526990
ITH53,2024,528877
ITH54,2000,624220
ITH54,2001,630303
ITH54,2002,634997
ITH54,2003,641361
ITH54,2004,649155
ITH54,2005,656650
ITH54,2006,661014
ITH54,2007,664637
ITH54,2008,671181
ITH54,2009,680847
ITH54,2010,686013
ITH54,2011,691178
ITH54,2012,693464
ITH54,2013,696677
ITH54,2014,699006
ITH54,2015,700222
ITH54,2016,700166
ITH54,2017,700472
ITH54,2018,701962
ITH54,2019,706757
ITH54,2020,707119
ITH54,2021,703696
ITH54,2022,701751
ITH54,2023,704332
ITH54,2024,706445
ITH55,2000,907414
ITH55,2001,911130
ITH55,2002,915218
ITH55,2003,919839
ITH55,2004,927109
ITH55,2005,935493
ITH55,2006,940326
ITH55,2007,945206
ITH55,2008,955086
ITH55,2009,966533
ITH55,2010,973567
ITH55,2011,979999
ITH55,2012,985902
ITH55,2013,993332
ITH55,2014,998967
ITH55,2015,1002098
ITH55,2016,1005022
ITH55,2017,1009831
ITH55,2018,1012550
ITH55,2019,1017551
ITH55,2020,1021501
ITH55,2021,1015608
ITH55,2022,1010812
ITH55,2023,1014124
ITH55,2024,1017536
ITH56,2000,346252
ITH56,2001,344933
ITH56,2002,344175
ITH56,2003,344107
ITH56,2004,345357
ITH56,2005,347217
ITH56,2006,348661
ITH56,2007,350206
ITH56,2008,352901
ITH56,2009,355098
ITH56,2010,355871
ITH56,2011,356585
ITH56,2012,355747
ITH56,2013,355163
ITH56,2014,354362
ITH56,2015,353293
ITH56,2016,350704
ITH56,2017,347788
ITH56,2018,346447
ITH56,2019,345538
ITH56,2020,344510
ITH56,2021,342061
ITH56,2022,339573
ITH56,2023,339287
ITH56,2024,339664
ITH57,2000,346453
ITH57,2001,347014
ITH57,2002,347972
ITH57,2003,351136
ITH57,2004,355285
ITH57,2005,359871
ITH57,2006,363983
ITH57,2007,367900
ITH57,2008,374367
ITH57,2009,380588
ITH57,2010,384305
ITH57,2011,387032
ITH57,2012,389072
ITH57,2013,390631
ITH57,2014,391295
ITH57,2015,390424
ITH57,2016,389996
ITH57,2017,389924
ITH57,2018,389939
ITH57,2019,388913
ITH57,2020,387970
ITH57,2021,386643
ITH57,2022,385631
ITH57,2023,386355
ITH57,2024,387229
ITH58,2000,354286
ITH58,2001,356421
ITH58,2002,358617
ITH58,2003,361817
ITH58,2004,366146
ITH58,2005,370207
ITH58,2006,373237
ITH58,2007,375993
ITH58,2008,380858
ITH58,2009,385399
ITH58,2010,389330
ITH58,2011,391936
ITH58,2012,393718
ITH58,2013,394753
ITH58,2014,395737
ITH58,2015,394957
ITH58,2016,393717
ITH58,2017,393337
ITH58,2018,393867
ITH58,2019,395438
ITH58,2020,395306
ITH58,2021,392642
ITH58,2022,391293
ITH58,2023,391648
ITH58,2024,392812
ITH59,2000,268896
ITH59,2001,288196
ITH59,2002,290212
ITH59,2003,293158
ITH59,2004,297090
ITH59,2005,301386
ITH59,2006,304774
ITH59,2007,308776
ITH59,2008,312989
ITH59,2009,317632
ITH59,2010,321122
ITH59,2011,324539
ITH59,2012,326491
ITH59,2013,329679
ITH59,2014,331788
ITH59,2015,332716
ITH59,2016,333056
ITH59,2017,334320
ITH59,2018,334877
ITH59,2019,336554
ITH59,2020,336798
ITH59,2021,337777
ITH59,2022,338369
ITH59,2023,338934
ITH59,2024,339837
ITI11,2000,197850
ITI11,2001,197711
ITI11,2002,197371
ITI11,2003,197556
ITI11,2004,198299
ITI11,2005,199046
ITI11,2006,199080
ITI11,2007,199131
ITI11,2008,200982
ITI11,2009,202350
ITI11,2010,202289
ITI11,2011,202623
ITI11,2012,202427
ITI11,2013,201427
ITI11,2014,200083
ITI11,2015,198797
ITI11,2016,196689
ITI11,2017,195187
ITI11,2018,194207
ITI11,2019,192835
ITI11,2020,191685
ITI11,2021,189836
ITI11,2022,188483
ITI11,2023,187583
ITI11,2024,186982
ITI12,2000,372328
ITI12,2001,372294
ITI12,2002,372516
ITI12,2003,373503
ITI12,2004,376022
ITI12,2005,378683
ITI12,2006,380512
ITI12,2007,381999
ITI12,2008,386738
ITI12,2009,390339
ITI12,2010,392625
ITI12,2011,394298
ITI12,2012,394759
ITI12,2013,394493
ITI12,2014,393038
ITI12,2015,391332
ITI12,2016,388297
ITI12,2017,386741
ITI12,2018,385329
ITI12,2019,383477
ITI12,2020,382543
ITI12,2021,383957
ITI12,2022,382464
ITI12,2023,382184
ITI12,2024,381826
ITI13,2000,266934
ITI13,2001,267684
ITI13,2002,268614
ITI13,2003,270652
ITI13,2004,273792
ITI13,2005,277028
ITI13,2006,279113
ITI13,2007,281108
ITI13,2008,285469
ITI13,2009,288895
ITI13,2010,290420
ITI13,2011,291373
ITI13,2012,291524
ITI13,2013,291426
ITI13,2014,291254
ITI13,2015,291267
ITI13,2016,290612
ITI13,2017,290462
ITI13,2018,290665
ITI13,2019,291413
ITI13,2020,291697
ITI13,2021,290245
ITI13,2022,289414
ITI13,2023,289759
ITI13,2024,289889
ITI14,2000,936075
ITI14,2001,934672
ITI14,2002,934404
ITI14,2003,937151
ITI14,2004,944177
ITI14,2005,951997
ITI14,2006,954130
ITI14,2007,957756
ITI14,2008,964323
ITI14,2009,972638
ITI14,2010,981089
ITI14,2011,987954
ITI14,2012,991721
ITI14,2013,999027
ITI14,2014,1003893
ITI14,2015,1005814
ITI14,2016,1005359
ITI14,2017,1005824
ITI14,2018,1002913
ITI14,2019,998976
ITI14,2020,995517
ITI14,2021,998431
ITI14,2022,987260
ITI14,2023,988194
ITI14,2024,988785
ITI15,2000,225021
ITI15,2001,227097
ITI15,2002,228693
ITI15,2003,231102
ITI15,2004,233545
ITI15,2005,237625
ITI15,2006,241585
ITI15,2007,244400
ITI15,2008,245866
ITI15,2009,246462
ITI15,2010,248079
ITI15,2011,249263
ITI15,2012,249134
ITI15,2013,251893
ITI15,2014,253550
ITI15,2015,252588
ITI15,2016,253400
ITI15,2017,254606
ITI15,2018,255259
ITI15,2019,256534
ITI15,2020,257073
ITI15,2021,265269
ITI15,2022,258123
ITI15,2023,259244
ITI15,2024,259921
ITI16,2000,327538
ITI16,2001,326860
ITI16,2002,326554
ITI16,2003,327271
ITI16,2004,329003
ITI16,2005,331017
ITI16,2006,332340
ITI16,2007,333435
ITI16,2008,336224
ITI16,2009,338006
ITI16,2010,339455
ITI16,2011,341461
ITI16,2012,341636
ITI16,2013,341044
ITI16,2014,339683
ITI16,2015,338374
ITI16,2016,336860
ITI16,2017,335870
ITI16,2018,334483
ITI16,2019,332887
ITI16,2020,331877
ITI16,2021,328996
ITI16,2022,327262
ITI16,2023,326605
ITI16,2024,326315
ITI17,2000,382462
ITI17,2001,383744
ITI17,2002,384601
ITI17,2003,385347
ITI17,2004,389349
ITI17,2005,392206
ITI17,2006,394900
ITI17,2007,397731
ITI17,2008,403917
ITI17,2009,408315
ITI17,2010,411993
ITI17,2011,415375
ITI17,2012,417345
ITI17,2013,419298
ITI17,2014,420380
ITI17,2015,421062
ITI17,2016,419784
ITI17,2017,420564
ITI17,2018,419636
ITI17,2019,418300
ITI17,2020,418122
ITI17,2021,417983
ITI17,2022,417041
ITI17,2023,417170
ITI17,2024,417674
ITI18,2000,320673
ITI18,2001,321921
ITI18,2002,323182
ITI18,2003,325338
ITI18,2004,329236
ITI18,2005,332316
ITI18,2006,334255
ITI18,2007,335706
ITI18,2008,340831
ITI18,2009,344744
ITI18,2010,346105
ITI18,2011,347257
ITI18,2012,347519
ITI18,2013,347866
ITI18,2014,346567
ITI18,2015,345706
ITI18,2016,343761
ITI18,2017,342549
ITI18,2018,341375
ITI18,2019,340349
ITI18,2020,339172
ITI18,2021,336501
ITI18,2022,334926
ITI18,2023,334052
ITI18,2024,333344
ITI19,2000,250979
ITI19,2001,251616
ITI19,2002,252226
ITI19,2003,253763
ITI19,2004,256887
ITI19,2005,259324
ITI19,2006,260489
ITI19,2007,261460
ITI19,2008,264790
ITI19,2009,267905
ITI19,2010,269591
ITI19,2011,270689
ITI19,2012,271065
ITI19,2013,271056
ITI19,2014,270705
ITI19,2015,269912
ITI19,2016,268679
ITI19,2017,267330
ITI19,2018,266880
ITI19,2019,266033
ITI19,2020,265179
ITI19,2021,263801
ITI19,2022,261209
ITI19,2023,260557
ITI19,2024,259992
ITI1A,2000,211720
ITI1A,2001,211258
ITI1A,2002,210948
ITI1A,2003,211590
ITI1A,2004,213363
ITI1A,2005,215724
ITI1A,2006,217088
ITI1A,2007,218254
ITI1A,2008,221042
ITI1A,2009,223708
ITI1A,2010,224946
ITI1A,2011,225970
ITI1A,2012,226405
ITI1A,2013,226007
ITI1A,2014,225140
ITI1A,2015,224192
ITI1A,2016,222981
ITI1A,2017,222258
ITI1A,2018,221301
ITI1A,2019,220539
ITI1A,2020,219690
ITI1A,2021,217846
ITI1A,2022,217009
ITI1A,2023,216633
ITI1A,2024,215802
ITI21,2000,600771
ITI21,2001,604258
ITI21,2002,606486
ITI21,2003,610814
ITI21,2004,619544
ITI21,2005,626317
ITI21,2006,631226
ITI21,2007,634441
ITI21,2008,643356
ITI21,2009,650960
ITI21,2010,655333
ITI21,2011,659129
ITI21,2012,660352
ITI21,2013,662252
ITI21,2014,661638
ITI21,2015,658819
ITI21,2016,655997
ITI21,2017,653802
ITI21,2018,650524
ITI21,2019,648829
ITI21,2020,646710
ITI21,2021,645506
ITI21,2022,640482
ITI21,2023,639224
ITI21,2024,637222
ITI22,2000,220064
ITI22,2001,219929
ITI22,2002,219690
ITI22,2003,220122
ITI22,2004,222245
ITI22,2005,223457
ITI22,2006,224329
ITI22,2007,224366
ITI22,2008,226942
ITI22,2009,228680
ITI22,2010,229604
ITI22,2011,230321
ITI22,2012,230055
ITI22,2013,230490
ITI22,2014,230461
ITI22,2015,229469
ITI22,2016,228095
ITI22,2017,227190
ITI22,2018,225953
ITI22,2019,224915
ITI22,2020,223455
ITI22,2021,219946
ITI22,2022,218330
ITI22,2023,217183
ITI22,2024,215846
ITI31,2000,334966
ITI31,2001,331335
ITI31,2002,333721
ITI31,2003,336760
ITI31,2004,341485
ITI31,2005,344761
ITI31,2006,347759
ITI31,2007,350162
ITI31,2008,357069
ITI31,2009,362578
ITI31,2010,363902
ITI31,2011,364199
ITI31,2012,364117
ITI31,2013,363950
ITI31,2014,362931
ITI31,2015,361969
ITI31,2016,360203
ITI31,2017,359369
ITI31,2018,359033
ITI31,2019,358143
ITI31,2020,356497
ITI31,2021,353272
ITI31,2022,349818
ITI31,2023,349529
ITI31,2024,349882
ITI32,2000,444764
ITI32,2001,446586
ITI32,2002,448720
ITI32,2003,451402
ITI32,2004,456254
ITI32,2005,460027
ITI32,2006,462745
ITI32,2007,464468
ITI32,2008,468180
ITI32,2009,473012
ITI32,2010,474490
ITI32,2011,476219
ITI32,2012,476903
ITI32,2013,478001
ITI32,2014,477487
ITI32,2015,476111
ITI32,2016,474334
ITI32,2017,472098
ITI32,2018,470533
ITI32,2019,469166
ITI32,2020,467451
ITI32,2021,464419
ITI32,2022,461687
ITI32,2023,461655
ITI32,2024,461629
ITI33,2000,299550
ITI33,2001,300580
ITI33,2002,301577
ITI33,2003,304326
ITI33,2004,308140
ITI33,2005,310544
ITI33,2006,312168
ITI33,2007,313097
ITI33,2008,316587
ITI33,2009,319422
ITI33,2010,320934
ITI33,2011,321492
ITI33,2012,321322
ITI33,2013,321791
ITI33,2014,321356
ITI33,2015,320894
ITI33,2016,319057
ITI33,2017,317542
ITI33,2018,314944
ITI33,2019,313022
ITI33,2020,310815
ITI33,2021,307410
ITI33,2022,304986
ITI33,2023,303828
ITI33,2024,302993
ITI34,2000,204628
ITI34,2001,202474
ITI34,2002,203120
ITI34,2003,204178
ITI34,2004,205675
ITI34,2005,207018
ITI34,2006,207938
ITI34,2007,208586
ITI34,2008,210252
ITI34,2009,211455
ITI34,2010,211926
ITI34,2011,212010
ITI34,2012,211639
ITI34,2013,211917
ITI34,2014,211674
ITI34,2015,211137
ITI34,2016,210070
ITI34,2017,209440
ITI34,2018,208428
ITI34,2019,207309
ITI34,2020,206172
ITI34,2021,203425
ITI34,2022,202365
ITI34,2023,201462
ITI34,2024,200897
ITI35,2000,167739
ITI35,2001,165810
ITI35,2002,166275
ITI35,2003,167414
ITI35,2004,169564
ITI35,2005,170753
ITI35,2006,171281
ITI35,2007,171668
ITI35,2008,173186
ITI35,2009,174787
ITI35,2010,175548
ITI35,2011,175696
ITI35,2012,176029
ITI35,2013,176009
ITI35,2014,176030
ITI35,2015,175758
ITI35,2016,174778
ITI35,2017,174011
ITI35,2018,173393
ITI35,2019,172681
ITI35,2020,171737
ITI35,2021,169710
ITI35,2022,168294
ITI35,2023,167824
ITI35,2024,167345
ITI41,2000,287438
ITI41,2001,288188
ITI41,2002,289055
ITI41,2003,290476
ITI41,2004,294204
ITI41,2005,297174
ITI41,2006,299353
ITI41,2007,301265
ITI41,2008,306638
ITI41,2009,311308
ITI41,2010,313270
ITI41,2011,314801
ITI41,2012,316475
ITI41,2013,318165
ITI41,2014,317858
ITI41,2015,317302
ITI41,2016,315682
ITI41,2017,314003
ITI41,2018,313010
ITI41,2019,311761
ITI41,2020,309795
ITI41,2021,308830
ITI41,2022,308737
ITI41,2023,308158
ITI41,2024,307686
ITI42,2000,147160
ITI42,2001,147307
ITI42,2002,147515
ITI42,2003,148183
ITI42,2004,149471
ITI42,2005,150749
ITI42,2006,151905
ITI42,2007,152474
ITI42,2008,154220
ITI42,2009,156414
ITI42,2010,157279
ITI42,2011,157401
ITI42,2012,157316
ITI42,2013,158188
ITI42,2014,158024
ITI42,2015,157477
ITI42,2016,156869
ITI42,2017,155875
ITI42,2018,154828
ITI42,2019,153534
ITI42,2020,152497
ITI42,2021,151335
ITI42,2022,151143
ITI42,2023,150457
ITI42,2024,149988
ITI43,2000,3708475
ITI43,2001,3704765
ITI43,2002,3705022
ITI43,2003,3720338
ITI43,2004,3754711
ITI43,2005,3796934
ITI43,2006,3824411
ITI43,2007,3863032
ITI43,2008,3914771
ITI43,2009,3964507
ITI43,2010,4008077
ITI43,2011,4048608
ITI43,2012,4085141
ITI43,2013,4149642
ITI43,2014,4194085
ITI43,2015,4216217
ITI43,2016,4236445
ITI43,2017,4254033
ITI43,2018,4259443
ITI43,2019,4263542
ITI43,2020,4253314
ITI43,2021,4231451
ITI43,2022,4216874
ITI43,2023,4227059
ITI43,2024,4225409
ITI44,2000,491506
ITI44,2001,491632
ITI44,2002,491666
ITI44,2003,495542
ITI44,2004,501470
ITI44,2005,507943
ITI44,2006,512845
ITI44,2007,516999
ITI44,2008,525815
ITI44,2009,534833
ITI44,2010,541737
ITI44,2011,546421
ITI44,2012,551248
ITI44,2013,557713
ITI44,2014,560527
ITI44,2015,562493
ITI44,2016,563643
ITI44,2017,563908
ITI44,2018,564169
ITI44,2019,563271
ITI44,2020,562592
ITI44,2021,566224
ITI44,2022,567439
ITI44,2023,566996
ITI44,2024,566873
ITI45,2000,484744
ITI45,2001,484452
ITI45,2002,484525
ITI45,2003,484625
ITI45,2004,486482
ITI45,2005,487803
ITI45,2006,488839
ITI45,2007,489159
ITI45,2008,492566
ITI45,2009,494937
ITI45,2010,495663
ITI45,2011,495815
ITI45,2012,495526
ITI45,2013,495056
ITI45,2014,493461
ITI45,2015,491410
ITI45,2016,488869
ITI45,2017,486273
ITI45,2018,483156
ITI45,2019,480968
ITI45,2020,477502
ITI45,2021,472559
ITI45,2022,470689
ITI45,2023,467866
ITI45,2024,464789
LI,2000,32426
LI,2001,32863
LI,2002,33525
LI,2003,33863
LI,2004,34294
LI,2005,34600
LI,2006,34905
LI,2007,35168
LI,2008,35356
LI,2009,35589
LI,2010,35894
LI,2011,36149
LI,2012,36475
LI,2013,36838
LI,2014,37129
LI,2015,37366
LI,2016,37622
LI,2017,37810
LI,2018,38114
LI,2019,38378
LI,2020,38747
LI,2021,39055
LI,2022,39308
LI,2023,39677
LI,2024,40015
LI000,2000,32426
LI000,2001,32863
LI000,2002,33525
LI000,2003,33863
LI000,2004,34294
LI000,2005,34600
LI000,2006,34905
LI000,2007,35168
LI000,2008,35356
LI000,2009,35589
LI000,2010,35894
LI000,2011,36149
LI000,2012,36475
LI000,2013,36838
LI000,2014,37129
LI000,2015,37366
LI000,2016,37622
LI000,2017,37810
LI000,2018,38114
LI000,2019,38378
LI000,2020,38747
LI000,2021,39055
LI000,2022,39308
LI000,2023,39677
LI000,2024,40015
LT,2000,3512074
LT,2001,3486998
LT,2002,3454637
LT,2003,3431497
LT,2004,3398929
LT,2005,3355220
LT,2006,3289835
LT,2007,3249983
LT,2008,3212605
LT,2009,3183856
LT,2010,3141976
LT,2011,3052588
LT,2012,3003641
LT,2013,2974637
LT,2014,2947862
LT,2015,2926644
LT,2016,2895573
LT,2017,2859077
LT,2018,2826200
LT,2019,2812200
LT,2020,2809977
LT,2021,2810761
LT,2022,2805998
LT,2023,2857279
LT,2024,2885891
LT011,2000,855876
LT011,2001,850668
LT011,2002,845292
LT011,2003,843320
LT011,2004,841748
LT011,2005,838556
LT011,2006,831237
LT011,2007,828191
LT011,2008,826306
LT011,2009,826445
LT011,2010,824193
LT011,2011,811515
LT011,2012,805915
LT011,2013,803673
LT011,2014,800631
LT011,2015,799539
LT011,2016,796455
LT011,2017,795088
LT011,2018,795134
LT011,2019,798101
LT011,2020,804348
LT011,2021,810797
LT011,2022,817950
LT011,2023,848724
LT011,2024,868251
LT021,2000,189453
LT021,2001,187990
LT021,2002,186484
LT021,2003,184992
LT021,2004,182751
LT021,2005,179626
LT021,2006,175813
LT021,2007,173028
LT021,2008,170249
LT021,2009,167603
LT021,2010,164833
LT021,2011,158403
LT021,2012,154980
LT021,2013,153298
LT021,2014,151648
LT021,2015,150105
LT021,2016,147916
LT021,2017,145039
LT021,2018,142179
LT021,2019,140459
LT021,2020,139041
LT021,2021,137741
LT021,2022,135703
LT021,2023,135620
LT021,2024,134181
LT022,2000,708531
LT022,2001,702090
LT022,2002,695033
LT022,2003,689787
LT022,2004,682074
LT022,2005,671923
LT022,2006,658100
LT022,2007,650408
LT022,2008,643358
LT022,2009,638385
LT022,2010,629896
LT022,2011,610225
LT022,2012,599638
LT022,2013,593829
LT022,2014,588618
LT022,2015,584772
LT022,2016,579017
LT022,2017,572374
LT022,2018,566447
LT022,2019,565545
LT022,2020,567106
LT022,2021,569571
LT022,2022,569566
LT022,2023,579903
LT022,2024,585430
LT023,2000,388015
LT023,2001,386129
LT023,2002,382076
LT023,2003,379878
LT023,2004,376854
LT023,2005,372541
LT023,2006,364486
LT023,2007,360434
LT023,2008,357201
LT023,2009,355084
LT023,2010,350306
LT023,2011,340047
LT023,2012,334744
LT023,2013,331495
LT023,2014,328931
LT023,2015,327425
LT023,2016,325066
LT023,2017,321441
LT023,2018,318624
LT023,2019,318729
LT023,2020,320684
LT023,2021,322283
LT023,2022,324263
LT023,2023,334281
LT023,2024,339831
LT024,2000,189721
LT024,2001,188775
LT024,2002,187281
LT024,2003,185970
LT024,2004,184058
LT024,2005,181376
LT024,2006,177439
LT024,2007,174810
LT024,2008,172200
LT024,2009,169973
LT024,2010,167143
LT024,2011,162205
LT024,2012,159273
LT024,2013,157011
LT024,2014,155001
LT024,2015,153242
LT024,2016,150444
LT024,2017,147079
LT024,2018,143567
LT024,2019,141327
LT024,2020,139746
LT024,2021,138292
LT024,2022,136429
LT024,2023,135787
LT024,2024,134663
LT025,2000,302829
LT025,2001,300305
LT025,2002,296871
LT025,2003,294182
LT025,2004,290097
LT025,2005,284918
LT025,2006,278262
LT025,2007,273701
LT025,2008,268815
LT025,2009,264319
LT025,2010,259374
LT025,2011,251401
LT025,2012,246298
LT025,2013,243023
LT025,2014,240206
LT025,2015,237487
LT025,2016,233521
LT025,2017,228599
LT025,2018,223753
LT025,2019,220699
LT025,2020,218237
LT025,2021,216233
LT025,2022,212714
LT025,2023,211377
LT025,2024,209093
LT026,2000,373605
LT026,2001,370444
LT026,2002,366330
LT026,2003,362783
LT026,2004,357441
LT026,2005,350938
LT026,2006,341761
LT026,2007,335221
LT026,2008,328699
LT026,2009,323353
LT026,2010,316278
LT026,2011,303110
LT026,2012,295824
LT026,2013,290943
LT026,2014,286925
LT026,2015,282811
LT026,2016,277952
LT026,2017,272552
LT026,2018,268546
LT026,2019,265498
LT026,2020,263895
LT026,2021,262220
LT026,2022,261145
LT026,2023,264056
LT026,2024,266803
LT027,2000,134924
LT027,2001,134277
LT027,2002,132982
LT027,2003,131808
LT027,2004,130179
LT027,2005,127690
LT027,2006,124020
LT027,2007,121549
LT027,2008,119179
LT027,2009,117100
LT027,2010,114763
LT027,2011,110511
LT027,2012,108125
LT027,2013,106748
LT027,2014,105356
LT027,2015,104041
LT027,2016,102382
LT027,2017,100059
LT027,2018,97565
LT027,2019,95733
LT027,2020,94026
LT027,2021,92667
LT027,2022,90893
LT027,2023,90617
LT027,2024,90534
LT028,2000,180499
LT028,2001,179952
LT028,2002,178315
LT028,2003,177139
LT028,2004,175090
LT028,2005,172426
LT028,2006,167888
LT028,2007,164963
LT028,2008,162431
LT028,2009,160532
LT028,2010,157718
LT028,2011,152594
LT028,2012,149843
LT028,2013,148302
LT028,2014,146688
LT028,2015,145220
LT028,2016,143297
LT028,2017,140521
LT028,2018,137417
LT028,2019,135464
LT028,2020,134133
LT028,2021,133376
LT028,2022,131691
LT028,2023,131447
LT028,2024,130913
LT029,2000,188621
LT029,2001,186368
LT029,2002,183973
LT029,2003,181638
LT029,2004,178637
LT029,2005,175226
LT029,2006,170829
LT029,2007,167678
LT029,2008,164167
LT029,2009,161062
LT029,2010,157472
LT029,2011,152577
LT029,2012,149001
LT029,2013,146315
LT029,2014,143858
LT029,2015,142002
LT029,2016,139523
LT029,2017,136325
LT029,2018,132968
LT029,2019,130645
LT029,2020,128761
LT029,2021,127581
LT029,2022,125644
LT029,2023,125467
LT029,2024,126192
LU,2000,433600
LU,2001,439000
LU,2002,444050
LU,2003,448300
LU,2004,454960
LU,2005,461230
LU,2006,469086
LU,2007,476187
LU,2008,483799
LU,2009,493500
LU,2010,502066
LU,2011,511840
LU,2012,524853
LU,2013,537039
LU,2014,549680
LU,2015,562958
LU,2016,576249
LU,2017,590667
LU,2018,602005
LU,2019,613894
LU,2020,626108
LU,2021,634730
LU,2022,645397
LU,2023,660809
LU,2024,672050
LU000,2000,433600
LU000,2001,439000
LU000,2002,444050
LU000,2003,448300
LU000,2004,454960
LU000,2005,461230
LU000,2006,469086
LU000,2007,476187
LU000,2008,483799
LU000,2009,493500
LU000,2010,502066
LU000,2011,511840
LU000,2012,524853
LU000,2013,537039
LU000,2014,549680
LU000,2015,562958
LU000,2016,576249
LU000,2017,590667
LU000,2018,602005
LU000,2019,613894
LU000,2020,626108
LU000,2021,634730
LU000,2022,645397
LU000,2023,660809
LU000,2024,672050
LV,2000,2381715
LV,2001,2353384
LV,2002,2320956
LV,2003,2299390
LV,2004,2276520
LV,2005,2249724
LV,2006,2227874
LV,2007,2208840
LV,2008,2191810
LV,2009,2162834
LV,2010,2120504
LV,2011,2074605
LV,2012,2044813
LV,2013,2023825
LV,2014,2001468
LV,2015,1986096
LV,2016,1968957
LV,2017,1950116
LV,2018,1934379
LV,2019,1919968
LV,2020,1907675
LV,2021,1893223
LV,2022,1875757
LV,2023,1895239
LV,2024,1878575
LV005,2000,385660
LV005,2001,379576
LV005,2002,372837
LV005,2003,367352
LV005,2004,359881
LV005,2005,352031
LV005,2006,344727
LV005,2007,337738
LV005,2008,331614
LV005,2009,323016
LV005,2010,314074
LV005,2011,304986
LV005,2012,298176
LV005,2013,292674
LV005,2014,289505
LV005,2015,284653
LV005,2016,278795
LV005,2017,272128
LV005,2018,266476
LV005,2019,261585
LV005,2020,257143
LV005,2021,252682
LV005,2022,247220
LV005,2023,247300
LV005,2024,243396
LV009,2000,293267
LV009,2001,290911
LV009,2002,287507
LV009,2003,285064
LV009,2004,282421
LV009,2005,279509
LV009,2006,276454
LV009,2007,273791
LV009,2008,271123
LV009,2009,267725
LV009,2010,261584
LV009,2011,255111
LV009,2012,251495
LV009,2013,248845
LV009,2014,247427
LV009,2015,244480
LV009,2016,241329
LV009,2017,236990
LV009,2018,234234
LV009,2019,231609
LV009,2020,229732
LV009,2021,227520
LV009,2022,225017
LV009,2023,226858
LV009,2024,224537
LV00A,2000,999145
LV00A,2001,986767
LV00A,2002,972381
LV00A,2003,964146
LV00A,2004,957792
LV00A,2005,949178
LV00A,2006,944776
LV00A,2007,942344
LV00A,2008,939553
LV00A,2009,930891
LV00A,2010,916480
LV00A,2011,901187
LV00A,2012,890436
LV00A,2013,884106
LV00A,2014,849911
LV00A,2015,850552
LV00A,2016,851669
LV00A,2017,856710
LV00A,2018,858302
LV00A,2019,857222
LV00A,2020,856649
LV00A,2021,853796
LV00A,2022,850353
LV00A,2023,860813
LV00A,2024,855547
LV00B,2000,361612
LV00B,2001,357066
LV00B,2002,352540
LV00B,2003,349409
LV00B,2004,345890
LV00B,2005,341879
LV00B,2006,338227
LV00B,2007,334602
LV00B,2008,331638
LV00B,2009,327167
LV00B,2010,320418
LV00B,2011,312058
LV00B,2012,307147
LV00B,2013,303454
LV00B,2014,309823
LV00B,2015,305714
LV00B,2016,301051
LV00B,2017,294712
LV00B,2018,290028
LV00B,2019,286502
LV00B,2020,283247
LV00B,2021,280433
LV00B,2022,277130
LV00B,2023,280565
LV00B,2024,278142
LV00C,2000,342031
LV00C,2001,339064
LV00C,2002,335691
LV00C,2003,333419
LV00C,2004,330536
LV00C,2005,327127
LV00C,2006,323690
LV00C,2007,320365
LV00C,2008,317882
LV00C,2009,314035
LV00C,2010,307948
LV00C,2011,301263
LV00C,2012,297559
LV00C,2013,294746
LV00C,2014,304802
LV00C,2015,300697
LV00C,2016,296113
LV00C,2017,289576
LV00C,2018,285339
LV00C,2019,283050
LV00C,2020,280904
LV00C,2021,278792
LV00C,2022,276037
LV00C,2023,279703
LV00C,2024,276953
ME,2000,603152
ME,2001,605988
ME,2002,608460
ME,2003,610510
ME,2004,612214
ME,2005,613420
ME,2006,613109
ME,2007,614624
ME,2008,615543
ME,2009,617157
ME,2010,619001
ME,2011,619850
ME,2012,620308
ME,2013,620893
ME,2014,621521
ME,2015,622099
ME,2016,622218
ME,2017,622387
ME,2018,622359
ME,2019,622182
ME,2020,621873
ME,2021,620739
ME,2022,617683
ME,2023,616695
ME,2024,623680
ME000,2000,603152
ME000,2001,605988
ME000,2002,608460
ME000,2003,610510
ME000,2004,612214
ME000,2005,613420
ME000,2006,613109
ME000,2007,614624
ME000,2008,615543
ME000,2009,617157
ME000,2010,619001
ME000,2011,619850
ME000,2012,620308
ME000,2013,620893
ME000,2014,621521
ME000,2015,622099
ME000,2016,622218
ME000,2017,622387
ME000,2018,622359
ME000,2019,622182
ME000,2020,621873
ME000,2021,620739
ME000,2022,617683
ME000,2023,616695
ME000,2024,623680
MK,2000,2021578
MK,2001,2031112
MK,2002,2016651
MK,2003,2023654
MK,2004,2029892
MK,2005,2035196
MK,2006,2038514
MK,2007,2041941
MK,2008,2045177
MK,2009,2048619
MK,2010,2052722
MK,2011,2057284
MK,2012,2059794
MK,2013,2062294
MK,2014,2065410
MK,2015,2068864
MK,2016,2070998
MK,2017,2073483
MK,2018,2075108
MK,2019,2076953
MK,2020,2076087
MK,2021,2068658
MK,2022,1837114
MK,2023,1829954
MK,2024,1826247
MK001,2000,153676
MK001,2001,153950
MK001,2002,153043
MK001,2003,153117
MK001,2004,153235
MK001,2005,153360
MK001,2006,153214
MK001,2007,153150
MK001,2008,153929
MK001,2009,153872
MK001,2010,153837
MK001,2011,153880
MK001,2012,153764
MK001,2013,153554
MK001,2014,153414
MK001,2015,153268
MK001,2016,152915
MK001,2017,152569
MK001,2018,152247
MK001,2019,152020
MK001,2020,151490
MK001,2021,150319
MK001,2022,138835
MK001,2023,137645
MK001,2024,136948
MK002,2000,184637
MK002,2001,184899
MK002,2002,183246
MK002,2003,183370
MK002,2004,183325
MK002,2005,182878
MK002,2006,182154
MK002,2007,181802
MK002,2008,180422
MK002,2009,180100
MK002,2010,179846
MK002,2011,179695
MK002,2012,179080
MK002,2013,178551
MK002,2014,177982
MK002,2015,177408
MK002,2016,176876
MK002,2017,176261
MK002,2018,175615
MK002,2019,174876
MK002,2020,173803
MK002,2021,172276
MK002,2022,150155
MK002,2023,148671
MK002,2024,147474
MK003,2000,223358
MK003,2001,224220
MK003,2002,221050
MK003,2003,221625
MK003,2004,222203
MK003,2005,222628
MK003,2006,222623
MK003,2007,222141
MK003,2008,222221
MK003,2009,222064
MK003,2010,221899
MK003,2011,221811
MK003,2012,221219
MK003,2013,220455
MK003,2014,220182
MK003,2015,220049
MK003,2016,219704
MK003,2017,219729
MK003,2018,219654
MK003,2019,219571
MK003,2020,219172
MK003,2021,218107
MK003,2022,177682
MK003,2023,176610
MK003,2024,176120
MK004,2000,173447
MK004,2001,174033
MK004,2002,170862
MK004,2003,171367
MK004,2004,171840
MK004,2005,172117
MK004,2006,171880
MK004,2007,172067
MK004,2008,172238
MK004,2009,172485
MK004,2010,172693
MK004,2011,173024
MK004,2012,173083
MK004,2013,173291
MK004,2014,173435
MK004,2015,173537
MK004,2016,173519
MK004,2017,173517
MK004,2018,173380
MK004,2019,173304
MK004,2020,172801
MK004,2021,171818
MK004,2022,148522
MK004,2023,147272
MK004,2024,146592
MK005,2000,244142
MK005,2001,244086
MK005,2002,238232
MK005,2003,237873
MK005,2004,237432
MK005,2005,236874
MK005,2006,236316
MK005,2007,235861
MK005,2008,235141
MK005,2009,234659
MK005,2010,234320
MK005,2011,233952
MK005,2012,233306
MK005,2013,232618
MK005,2014,232089
MK005,2015,231483
MK005,2016,230757
MK005,2017,229993
MK005,2018,228970
MK005,2019,227912
MK005,2020,226832
MK005,2021,224667
MK005,2022,210502
MK005,2023,208552
MK005,2024,207463
MK006,2000,301812
MK006,2001,304454
MK006,2002,303306
MK006,2003,304841
MK006,2004,306461
MK006,2005,308040
MK006,2006,309507
MK006,2007,310853
MK006,2008,312106
MK006,2009,313110
MK006,2010,314194
MK006,2011,315413
MK006,2012,316517
MK006,2013,317490
MK006,2014,318341
MK006,2015,319436
MK006,2016,320215
MK006,2017,320765
MK006,2018,321525
MK006,2019,322298
MK006,2020,322840
MK006,2021,322143
MK006,2022,252114
MK006,2023,251922
MK006,2024,251993
MK007,2000,170383
MK007,2001,171265
MK007,2002,172014
MK007,2003,172648
MK007,2004,173200
MK007,2005,173703
MK007,2006,173890
MK007,2007,174076
MK007,2008,174139
MK007,2009,174415
MK007,2010,174876
MK007,2011,175211
MK007,2012,175323
MK007,2013,175560
MK007,2014,175799
MK007,2015,176115
MK007,2016,176173
MK007,2017,176127
MK007,2018,176219
MK007,2019,176155
MK007,2020,175932
MK007,2021,175130
MK007,2022,153120
MK007,2023,152405
MK007,2024,152177
MK008,2000,570123
MK008,2001,574205
MK008,2002,574898
MK008,2003,578813
MK008,2004,582196
MK008,2005,585596
MK008,2006,588930
MK008,2007,591991
MK008,2008,594981
MK008,2009,597914
MK008,2010,601057
MK008,2011,604298
MK008,2012,607502
MK008,2013,610775
MK008,2014,614168
MK008,2015,617568
MK008,2016,620839
MK008,2017,624522
MK008,2018,627498
MK008,2019,630817
MK008,2020,633217
MK008,2021,634198
MK008,2022,606184
MK008,2023,606877
MK008,2024,607480
MT,2000,388759
MT,2001,391415
MT,2002,394641
MT,2003,397296
MT,2004,399867
MT,2005,402668
MT,2006,404999
MT,2007,405616
MT,2008,407832
MT,2009,410926
MT,2010,414027
MT,2011,414989
MT,2012,417546
MT,2013,421464
MT,2014,428156
MT,2015,438805
MT,2016,449635
MT,2017,459375
MT,2018,474837
MT,2019,492968
MT,2020,514855
MT,2021,516125
MT,2022,520174
MT,2023,542051
MT,2024,563443
MT001,2000,358524
MT001,2001,361034
MT001,2002,363799
MT001,2003,366028
MT001,2004,368250
MT001,2005,370705
MT001,2006,373992
MT001,2007,374653
MT001,2008,376796
MT001,2009,379748
MT001,2010,382705
MT001,2011,383685
MT001,2012,386143
MT001,2013,389890
MT001,2014,396318
MT001,2015,406375
MT001,2016,416719
MT001,2017,425832
MT001,2018,440264
MT001,2019,457072
MT001,2020,477023
MT001,2021,477718
MT001,2022,480907
MT001,2023,501860
MT001,2024,522517
MT002,2000,30235
MT002,2001,30381
MT002,2002,30842
MT002,2003,31268
MT002,2004,31617
MT002,2005,31963
MT002,2006,31007
MT002,2007,30963
MT002,2008,31036
MT002,2009,31178
MT002,2010,31322
MT002,2011,31304
MT002,2012,31403
MT002,2013,31574
MT002,2014,31838
MT002,2015,32430
MT002,2016,32916
MT002,2017,33543
MT002,2018,34573
MT002,2019,35896
MT002,2020,37832
MT002,2021,38407
MT002,2022,39267
MT002,2023,40191
MT002,2024,40926
NL,2000,15863950
NL,2001,15987075
NL,2002,16105285
NL,2003,16192572
NL,2004,16258032
NL,2005,16305526
NL,2006,16334210
NL,2007,16357992
NL,2008,16405399
NL,2009,16485787
NL,2010,16574989
NL,2011,16655799
NL,2012,16730348
NL,2013,16779575
NL,2014,16829289
NL,2015,16900726
NL,2016,16979120
NL,2017,17081507
NL,2018,17181084
NL,2019,17282163
NL,2020,17407585
NL,2021,17475415
NL,2022,17590672
NL,2023,17811291
NL,2024,17942942
NL112,2000,52346
NL112,2001,52443
NL112,2002,52510
NL112,2003,52591
NL112,2004,52285
NL112,2005,51915
NL112,2006,51206
NL112,2007,50622
NL112,2008,50147
NL112,2009,49401
NL112,2010,49119
NL112,2011,49135
NL112,2012,48724
NL112,2013,48370
NL112,2014,47958
NL112,2015,47560
NL112,2016,47111
NL112,2017,46850
NL112,2018,46396
NL112,2019,46051
NL112,2020,45857
NL112,2021,45587
NL112,2022,45389
NL112,2023,45394
NL112,2024,45106
NL114,2000,138496
NL114,2001,139014
NL114,2002,139892
NL114,2003,139944
NL114,2004,139923
NL114,2005,139290
NL114,2006,139643
NL114,2007,139197
NL114,2008,138522
NL114,2009,137716
NL114,2010,137564
NL114,2011,137135
NL114,2012,136458
NL114,2013,135603
NL114,2014,136686
NL114,2015,136769
NL114,2016,136350
NL114,2017,135231
NL114,2018,134770
NL114,2019,134822
NL114,2020,135208
NL114,2021,135839
NL114,2022,136605
NL114,2023,137736
NL114,2024,137920
NL115,2000,371804
NL115,2001,375032
NL115,2002,378078
NL115,2003,380462
NL115,2004,382176
NL115,2005,383867
NL115,2006,383193
NL115,2007,383795
NL115,2008,384790
NL115,2009,386975
NL115,2010,389985
NL115,2011,392766
NL115,2012,395693
NL115,2013,397732
NL115,2014,398084
NL115,2015,399613
NL115,2016,400260
NL115,2017,401500
NL115,2018,401778
NL115,2019,403117
NL115,2020,404801
NL115,2021,405511
NL115,2022,408176
NL115,2023,412945
NL115,2024,418321
NL126,2000,178104
NL126,2001,180358
NL126,2002,182060
NL126,2003,183388
NL126,2004,184732
NL126,2005,185116
NL126,2006,184769
NL126,2007,185024
NL126,2008,185737
NL126,2009,186386
NL126,2010,186794
NL126,2011,186718
NL126,2012,186476
NL126,2013,186150
NL126,2014,186355
NL126,2015,186777
NL126,2016,186650
NL126,2017,186764
NL126,2018,187013
NL126,2019,187255
NL126,2020,187759
NL126,2021,188096
NL126,2022,188763
NL126,2023,190093
NL126,2024,190818
NL127,2000,311021
NL127,2001,313309
NL127,2002,315929
NL127,2003,317449
NL127,2004,318350
NL127,2005,318736
NL127,2006,318290
NL127,2007,317919
NL127,2008,317927
NL127,2009,318576
NL127,2010,319169
NL127,2011,319969
NL127,2012,320045
NL127,2013,319981
NL127,2014,318861
NL127,2015,318629
NL127,2016,318632
NL127,2017,318964
NL127,2018,318919
NL127,2019,319277
NL127,2020,320647
NL127,2021,321562
NL127,2022,323359
NL127,2023,326583
NL127,2024,328736
NL128,2000,135375
NL128,2001,136872
NL128,2002,138195
NL128,2003,138950
NL128,2004,138984
NL128,2005,139125
NL128,2006,139171
NL128,2007,139266
NL128,2008,139525
NL128,2009,139849
NL128,2010,140342
NL128,2011,140595
NL128,2012,140693
NL128,2013,140731
NL128,2014,141101
NL128,2015,140851
NL128,2016,140758
NL128,2017,141146
NL128,2018,141336
NL128,2019,141140
NL128,2020,141551
NL128,2021,141777
NL128,2022,141897
NL128,2023,142875
NL128,2024,142350
NL131,2000,177911
NL131,2001,179738
NL131,2002,181903
NL131,2003,183642
NL131,2004,184281
NL131,2005,185081
NL131,2006,185722
NL131,2007,186669
NL131,2008,187899
NL131,2009,188915
NL131,2010,189196
NL131,2011,189787
NL131,2012,189816
NL131,2013,189647
NL131,2014,189493
NL131,2015,189359
NL131,2016,189597
NL131,2017,192497
NL131,2018,192102
NL131,2019,191515
NL131,2020,192369
NL131,2021,192808
NL131,2022,193706
NL131,2023,195308
NL131,2024,196060
NL132,2000,166994
NL132,2001,169222
NL132,2002,170456
NL132,2003,170646
NL132,2004,170934
NL132,2005,171030
NL132,2006,171027
NL132,2007,171169
NL132,2008,171345
NL132,2009,171479
NL132,2010,171684
NL132,2011,171267
NL132,2012,170578
NL132,2013,169819
NL132,2014,169448
NL132,2015,168812
NL132,2016,168336
NL132,2017,168131
NL132,2018,167842
NL132,2019,167968
NL132,2020,167904
NL132,2021,167939
NL132,2022,169054
NL132,2023,170384
NL132,2024,171085
NL133,2000,124901
NL133,2001,125546
NL133,2002,126440
NL133,2003,126966
NL133,2004,127200
NL133,2005,127258
NL133,2006,127732
NL133,2007,128359
NL133,2008,128891
NL133,2009,129524
NL133,2010,130101
NL133,2011,130357
NL133,2012,130413
NL133,2013,130452
NL133,2014,130047
NL133,2015,130405
NL133,2016,130696
NL133,2017,131164
NL133,2018,132156
NL133,2019,132684
NL133,2020,133409
NL133,2021,134024
NL133,2022,134983
NL133,2023,136359
NL133,2024,136984
NL211,2000,330157
NL211,2001,333794
NL211,2002,337314
NL211,2003,339981
NL211,2004,341560
NL211,2005,342641
NL211,2006,344801
NL211,2007,346896
NL211,2008,349296
NL211,2009,351878
NL211,2010,354054
NL211,2011,356161
NL211,2012,358148
NL211,2013,359806
NL211,2014,360744
NL211,2015,361694
NL211,2016,364300
NL211,2017,366319
NL211,2018,368819
NL211,2019,371608
NL211,2020,374659
NL211,2021,377292
NL211,2022,379911
NL211,2023,385473
NL211,2024,387623
NL212,2000,142242
NL212,2001,143659
NL212,2002,144921
NL212,2003,146764
NL212,2004,148649
NL212,2005,149905
NL212,2006,151046
NL212,2007,151255
NL212,2008,151706
NL212,2009,152265
NL212,2010,152859
NL212,2011,152927
NL212,2012,152934
NL212,2013,152818
NL212,2014,152608
NL212,2015,152982
NL212,2016,153455
NL212,2017,154159
NL212,2018,154834
NL212,2019,155539
NL212,2020,156683
NL212,2021,157508
NL212,2022,158082
NL212,2023,159963
NL212,2024,160604
NL213,2000,605226
NL213,2001,608827
NL213,2002,611797
NL213,2003,613932
NL213,2004,615303
NL213,2005,616886
NL213,2006,617682
NL213,2007,618223
NL213,2008,618992
NL213,2009,621292
NL213,2010,623432
NL213,2011,625377
NL213,2012,626586
NL213,2013,626726
NL213,2014,626342
NL213,2015,625976
NL213,2016,626525
NL213,2017,627209
NL213,2018,627848
NL213,2019,629284
NL213,2020,631064
NL213,2021,631733
NL213,2022,633917
NL213,2023,638897
NL213,2024,640806
NL221,2000,627432
NL221,2001,631027
NL221,2002,635583
NL221,2003,639799
NL221,2004,642413
NL221,2005,644011
NL221,2006,645383
NL221,2007,646668
NL221,2008,648368
NL221,2009,650922
NL221,2010,654463
NL221,2011,656372
NL221,2012,659218
NL221,2013,661985
NL221,2014,664067
NL221,2015,667946
NL221,2016,672027
NL221,2017,677662
NL221,2018,683240
NL221,2019,688799
NL221,2020,695500
NL221,2021,700975
NL221,2022,706888
NL221,2023,715792
NL221,2024,722493
NL224,2000,223060
NL224,2001,226419
NL224,2002,228899
NL224,2003,230210
NL224,2004,231078
NL224,2005,232385
NL224,2006,233076
NL224,2007,233245
NL224,2008,233769
NL224,2009,234148
NL224,2010,234769
NL224,2011,235257
NL224,2012,236002
NL224,2013,236688
NL224,2014,237076
NL224,2015,237548
NL224,2016,238305
NL224,2017,239890
NL224,2018,241244
NL224,2019,244052
NL224,2020,246565
NL224,2021,248674
NL224,2022,250968
NL224,2023,254660
NL224,2024,255655
NL225,2000,394649
NL225,2001,397247
NL225,2002,400058
NL225,2003,401843
NL225,2004,402212
NL225,2005,402785
NL225,2006,402675
NL225,2007,401729
NL225,2008,401766
NL225,2009,402200
NL225,2010,401894
NL225,2011,401634
NL225,2012,401476
NL225,2013,400727
NL225,2014,399707
NL225,2015,398772
NL225,2016,399260
NL225,2017,399921
NL225,2018,400416
NL225,2019,400685
NL225,2020,401193
NL225,2021,402239
NL225,2022,403396
NL225,2023,406261
NL225,2024,406785
NL226,2000,674017
NL226,2001,679621
NL226,2002,684693
NL226,2003,688570
NL226,2004,691226
NL226,2005,692829
NL226,2006,694570
NL226,2007,697417
NL226,2008,699966
NL226,2009,703792
NL226,2010,707810
NL226,2011,711408
NL226,2012,714049
NL226,2013,716391
NL226,2014,718842
NL226,2015,722312
NL226,2016,725759
NL226,2017,730428
NL226,2018,735203
NL226,2019,738436
NL226,2020,742694
NL226,2021,744715
NL226,2022,749220
NL226,2023,756995
NL226,2024,764138
NL230,2000,317206
NL230,2001,328936
NL230,2002,341721
NL230,2003,351680
NL230,2004,359904
NL230,2005,365859
NL230,2006,370656
NL230,2007,374424
NL230,2008,378688
NL230,2009,383449
NL230,2010,387881
NL230,2011,391967
NL230,2012,395525
NL230,2013,398441
NL230,2014,399896
NL230,2015,401791
NL230,2016,404068
NL230,2017,407818
NL230,2018,411670
NL230,2019,416546
NL230,2020,423021
NL230,2021,428226
NL230,2022,434771
NL230,2023,444701
NL230,2024,450826
NL321,2000,353605
NL321,2001,356622
NL321,2002,359235
NL321,2003,361764
NL321,2004,363743
NL321,2005,364858
NL321,2006,365386
NL321,2007,365810
NL321,2008,366561
NL321,2009,368174
NL321,2010,370179
NL321,2011,371039
NL321,2012,372017
NL321,2013,371865
NL321,2014,371616
NL321,2015,372095
NL321,2016,372606
NL321,2017,373266
NL321,2018,374461
NL321,2019,375659
NL321,2020,377769
NL321,2021,379304
NL321,2022,381066
NL321,2023,385743
NL321,2024,386554
NL323,2000,183917
NL323,2001,185362
NL323,2002,186413
NL323,2003,187456
NL323,2004,188005
NL323,2005,187693
NL323,2006,188582
NL323,2007,189400
NL323,2008,190194
NL323,2009,191470
NL323,2010,192328
NL323,2011,193294
NL323,2012,193769
NL323,2013,193772
NL323,2014,193923
NL323,2015,194138
NL323,2016,195029
NL323,2017,196180
NL323,2018,197182
NL323,2019,197988
NL323,2020,199108
NL323,2021,199389
NL323,2022,199581
NL323,2023,200749
NL323,2024,201325
NL325,2000,150964
NL325,2001,151498
NL325,2002,153136
NL325,2003,154974
NL325,2004,155539
NL325,2005,155653
NL325,2006,156066
NL325,2007,157258
NL325,2008,158764
NL325,2009,159955
NL325,2010,161194
NL325,2011,162741
NL325,2012,164062
NL325,2013,165362
NL325,2014,166375
NL325,2015,167158
NL325,2016,168130
NL325,2017,169499
NL325,2018,170860
NL325,2019,172214
NL325,2020,173064
NL325,2021,173234
NL325,2022,173547
NL325,2023,176230
NL325,2024,177941
NL327,2000,224627
NL327,2001,224884
NL327,2002,225955
NL327,2003,225545
NL327,2004,225427
NL327,2005,225236
NL327,2006,224520
NL327,2007,223755
NL327,2008,223733
NL327,2009,224455
NL327,2010,225471
NL327,2011,226211
NL327,2012,226529
NL327,2013,226575
NL327,2014,226937
NL327,2015,228149
NL327,2016,229752
NL327,2017,231941
NL327,2018,233827
NL327,2019,235636
NL327,2020,237337
NL327,2021,238664
NL327,2022,239898
NL327,2023,243799
NL327,2024,244766
NL328,2000,225488
NL328,2001,227684
NL328,2002,229366
NL328,2003,230281
NL328,2004,231820
NL328,2005,233685
NL328,2006,234932
NL328,2007,234949
NL328,2008,235403
NL328,2009,236344
NL328,2010,237279
NL328,2011,238208
NL328,2012,238795
NL328,2013,239154
NL328,2014,239811
NL328,2015,240505
NL328,2016,241621
NL328,2017,243632
NL328,2018,245196
NL328,2019,246730
NL328,2020,248993
NL328,2021,250477
NL328,2022,252618
NL328,2023,255276
NL328,2024,256624
NL32A,2000,211290
NL32A,2001,211983
NL32A,2002,212853
NL32A,2003,212325
NL32A,2004,212071
NL32A,2005,211747
NL32A,2006,211596
NL32A,2007,211399
NL32A,2008,211904
NL32A,2009,213120
NL32A,2010,214622
NL32A,2011,216348
NL32A,2012,217680
NL32A,2013,218756
NL32A,2014,220145
NL32A,2015,222073
NL32A,2016,223994
NL32A,2017,225890
NL32A,2018,226967
NL32A,2019,228972
NL32A,2020,230823
NL32A,2021,230734
NL32A,2022,231294
NL32A,2023,234638
NL32A,2024,236484
NL32B,2000,1168463
NL32B,2001,1176566
NL32B,2002,1192519
NL32B,2003,1200775
NL32B,2004,1210660
NL32B,2005,1220231
NL32B,2006,1225502
NL32B,2007,1230499
NL32B,2008,1239604
NL32B,2009,1252927
NL32B,2010,1268011
NL32B,2011,1283636
NL32B,2012,1296970
NL32B,2013,1308816
NL32B,2014,1322562
NL32B,2015,1337811
NL32B,2016,1353722
NL32B,2017,1369075
NL32B,2018,1382689
NL32B,2019,1396160
NL32B,2020,1412433
NL32B,2021,1416684
NL32B,2022,1431823
NL32B,2023,1456187
NL32B,2024,1472793
NL341,2000,107082
NL341,2001,107628
NL341,2002,108083
NL341,2003,108238
NL341,2004,107885
NL341,2005,107849
NL341,2006,107664
NL341,2007,107606
NL341,2008,107337
NL341,2009,107191
NL341,2010,106827
NL341,2011,106521
NL341,2012,106266
NL341,2013,106129
NL341,2014,105917
NL341,2015,105684
NL341,2016,105668
NL341,2017,105641
NL341,2018,105438
NL341,2019,105499
NL341,2020,105192
NL341,2021,105204
NL341,2022,105175
NL341,2023,105832
NL341,2024,105612
NL342,2000,264784
NL342,2001,267292
NL342,2002,269152
NL342,2003,270110
NL342,2004,271143
NL342,2005,272129
NL342,2006,272522
NL342,2007,272891
NL342,2008,273248
NL342,2009,273793
NL342,2010,274582
NL342,2011,275009
NL342,2012,275141
NL342,2013,274948
NL342,2014,274704
NL342,2015,275042
NL342,2016,275584
NL342,2017,275927
NL342,2018,276866
NL342,2019,277533
NL342,2020,278296
NL342,2021,280196
NL342,2022,281592
NL342,2023,285292
NL342,2024,286022
NL350,2000,1145099
NL350,2001,1163017
NL350,2002,1173925
NL350,2003,1185783
NL350,2004,1196013
NL350,2005,1204587
NL350,2006,1211849
NL350,2007,1218478
NL350,2008,1227824
NL350,2009,1240517
NL350,2010,1254445
NL350,2011,1264006
NL350,2012,1274062
NL350,2013,1280751
NL350,2014,1287918
NL350,2015,1297857
NL350,2016,1308042
NL350,2017,1319251
NL350,2018,1330518
NL350,2019,1342158
NL350,2020,1354834
NL350,2021,1361153
NL350,2022,1369873
NL350,2023,1387643
NL350,2024,1400057
NL361,2000,740442
NL361,2001,747101
NL361,2002,754279
NL361,2003,762070
NL361,2004,768816
NL361,2005,774499
NL361,2006,778418
NL361,2007,781928
NL361,2008,787180
NL361,2009,794572
NL361,2010,802746
NL361,2011,810366
NL361,2012,818319
NL361,2013,824120
NL361,2014,830237
NL361,2015,838015
NL361,2016,845425
NL361,2017,853987
NL361,2018,864129
NL361,2019,872211
NL361,2020,883720
NL361,2021,887863
NL361,2022,896471
NL361,2023,910352
NL361,2024,917558
NL362,2000,209319
NL362,2001,209620
NL362,2002,209819
NL362,2003,210167
NL362,2004,210208
NL362,2005,209943
NL362,2006,210368
NL362,2007,210683
NL362,2008,211464
NL362,2009,212814
NL362,2010,214367
NL362,2011,216411
NL362,2012,218543
NL362,2013,220101
NL362,2014,221743
NL362,2015,224041
NL362,2016,224867
NL362,2017,226047
NL362,2018,229083
NL362,2019,231157
NL362,2020,233311
NL362,2021,234377
NL362,2022,236504
NL362,2023,240445
NL362,2024,244895
NL363,2000,396811
NL363,2001,397757
NL363,2002,398524
NL363,2003,399579
NL363,2004,400053
NL363,2005,399950
NL363,2006,400043
NL363,2007,399923
NL363,2008,400688
NL363,2009,402525
NL363,2010,404736
NL363,2011,407218
NL363,2012,409854
NL363,2013,411402
NL363,2014,413101
NL363,2015,415106
NL363,2016,418023
NL363,2017,421296
NL363,2018,424657
NL363,2019,427217
NL363,2020,430358
NL363,2021,431595
NL363,2022,434527
NL363,2023,440312
NL363,2024,445756
NL364,2000,356723
NL364,2001,356758
NL364,2002,357372
NL364,2003,358243
NL364,2004,358593
NL364,2005,358424
NL364,2006,358168
NL364,2007,357721
NL364,2008,358064
NL364,2009,359363
NL364,2010,360991
NL364,2011,362368
NL364,2012,363874
NL364,2013,364407
NL364,2014,365069
NL364,2015,365944
NL364,2016,366479
NL364,2017,367626
NL364,2018,369075
NL364,2019,370235
NL364,2020,371970
NL364,2021,373005
NL364,2022,374968
NL364,2023,379752
NL364,2024,381090
NL365,2000,317205
NL365,2001,316864
NL365,2002,316842
NL365,2003,317042
NL365,2004,316774
NL365,2005,316044
NL365,2006,315331
NL365,2007,314449
NL365,2008,314260
NL365,2009,314906
NL365,2010,315834
NL365,2011,316470
NL365,2012,317212
NL365,2013,317102
NL365,2014,317101
NL365,2015,318688
NL365,2016,320758
NL365,2017,324054
NL365,2018,327821
NL365,2019,331621
NL365,2020,334617
NL365,2021,337798
NL365,2022,340481
NL365,2023,345570
NL365,2024,348579
NL366,2000,1339994
NL366,2001,1347580
NL366,2002,1352944
NL366,2003,1359316
NL366,2004,1363743
NL366,2005,1366225
NL366,2006,1364737
NL366,2007,1362519
NL366,2008,1363305
NL366,2009,1367730
NL366,2010,1373402
NL366,2011,1380279
NL366,2012,1387660
NL366,2013,1391346
NL366,2014,1395535
NL366,2015,1403932
NL366,2016,1412322
NL366,2017,1422465
NL366,2018,1431245
NL366,2019,1441452
NL366,2020,1454720
NL366,2021,1461412
NL366,2022,1470993
NL366,2023,1488475
NL366,2024,1502582
NL411,2000,590894
NL411,2001,596212
NL411,2002,600139
NL411,2003,602940
NL411,2004,604880
NL411,2005,606436
NL411,2006,607722
NL411,2007,608455
NL411,2008,609544
NL411,2009,612073
NL411,2010,614243
NL411,2011,616257
NL411,2012,618563
NL411,2013,620205
NL411,2014,622052
NL411,2015,623882
NL411,2016,625319
NL411,2017,627967
NL411,2018,631423
NL411,2019,634030
NL411,2020,635904
NL411,2021,637031
NL411,2022,640061
NL411,2023,646718
NL411,2024,651175
NL414,2000,709410
NL414,2001,714157
NL414,2002,719158
NL414,2003,722977
NL414,2004,724971
NL414,2005,726552
NL414,2006,727651
NL414,2007,728133
NL414,2008,729887
NL414,2009,732731
NL414,2010,735164
NL414,2011,738855
NL414,2012,742377
NL414,2013,745019
NL414,2014,748326
NL414,2015,752523
NL414,2016,756615
NL414,2017,761763
NL414,2018,766818
NL414,2019,773203
NL414,2020,780611
NL414,2021,784390
NL414,2022,791075
NL414,2023,803180
NL414,2024,809176
NL415,2000,446206
NL415,2001,450200
NL415,2002,453238
NL415,2003,454504
NL415,2004,456232
NL415,2005,457258
NL415,2006,458452
NL415,2007,459152
NL415,2008,460525
NL415,2009,462370
NL415,2010,464146
NL415,2011,465879
NL415,2012,467743
NL415,2013,469465
NL415,2014,472102
NL415,2015,473550
NL415,2016,476031
NL415,2017,478840
NL415,2018,482400
NL415,2019,486188
NL415,2020,490528
NL415,2021,493004
NL415,2022,497266
NL415,2023,503798
NL415,2024,507474
NL416,2000,609494
NL416,2001,614547
NL416,2002,618588
NL416,2003,619777
NL416,2004,620911
NL416,2005,621113
NL416,2006,622121
NL416,2007,623302
NL416,2008,624871
NL416,2009,627386
NL416,2010,630605
NL416,2011,633224
NL416,2012,635003
NL416,2013,636322
NL416,2014,636794
NL416,2015,638796
NL416,2016,640784
NL416,2017,643961
NL416,2018,647645
NL416,2019,651385
NL416,2020,655912
NL416,2021,659524
NL416,2022,664472
NL416,2023,672514
NL416,2024,676914
NL421,2000,273000
NL421,2001,274603
NL421,2002,276488
NL421,2003,277748
NL421,2004,277966
NL421,2005,278526
NL421,2006,278385
NL421,2007,278712
NL421,2008,278818
NL421,2009,279355
NL421,2010,280037
NL421,2011,280103
NL421,2012,280443
NL421,2013,280418
NL421,2014,280517
NL421,2015,280552
NL421,2016,279971
NL421,2017,281514
NL421,2018,281486
NL421,2019,282067
NL421,2020,282605
NL421,2021,283350
NL421,2022,285157
NL421,2023,289248
NL421,2024,290392
NL422,2000,232383
NL422,2001,233231
NL422,2002,233775
NL422,2003,234074
NL422,2004,233793
NL422,2005,234240
NL422,2006,234202
NL422,2007,234251
NL422,2008,234019
NL422,2009,234364
NL422,2010,234880
NL422,2011,235211
NL422,2012,235418
NL422,2013,235573
NL422,2014,235335
NL422,2015,235351
NL422,2016,235429
NL422,2017,235995
NL422,2018,236687
NL422,2019,236702
NL422,2020,237412
NL422,2021,238268
NL422,2022,239098
NL422,2023,241467
NL422,2024,242573
NL423,2000,635809
NL423,2001,634845
NL423,2002,633033
NL423,2003,630067
NL423,2004,627576
NL423,2005,623929
NL423,2006,619351
NL423,2007,614842
NL423,2008,610868
NL423,2009,608885
NL423,2010,607784
NL423,2011,607313
NL423,2012,607214
NL423,2013,605900
NL423,2014,604154
NL423,2015,602038
NL423,2016,600860
NL423,2017,600037
NL423,2018,599025
NL423,2019,597368
NL423,2020,597184
NL423,2021,594254
NL423,2022,594047
NL423,2023,597652
NL423,2024,600290
NO,2000,4478497
NO,2001,4503436
NO,2002,4524066
NO,2003,4552252
NO,2004,4577457
NO,2005,4606363
NO,2006,4640219
NO,2007,4681134
NO,2008,4737171
NO,2009,4799252
NO,2010,4858199
NO,2011,4920305
NO,2012,4985870
NO,2013,5051275
NO,2014,5109056
NO,2015,5165802
NO,2016,5213985
NO,2017,5258317
NO,2018,5295619
NO,2019,5328212
NO,2020,5367580
NO,2021,5393828
NO,2022,5425270
NO,2023,5488984
NO,2024,5550203
NO020,2000,355545
NO020,2001,356924
NO020,2002,356518
NO020,2003,357103
NO020,2004,357219
NO020,2005,356710
NO020,2006,356885
NO020,2007,356969
NO020,2008,358072
NO020,2009,359556
NO020,2010,361057
NO020,2011,362696
NO020,2012,364679
NO020,2013,365649
NO020,2014,366785
NO020,2015,368358
NO020,2016,368636
NO020,2017,369893
NO020,2018,370994
NO020,2019,371054
NO020,2020,371385
NO020,2021,370603
NO020,2022,371253
NO020,2023,373628
NO020,2024,376304
NO060,2000,393906
NO060,2001,396039
NO060,2002,397662
NO060,2003,399669
NO060,2004,402071
NO060,2005,404809
NO060,2006,407878
NO060,2007,411637
NO060,2008,416565
NO060,2009,421125
NO060,2010,425793
NO060,2011,429928
NO060,2012,435069
NO060,2013,440865
NO060,2014,444966
NO060,2015,449386
NO060,2016,453352
NO060,2017,458221
NO060,2018,462354
NO060,2019,465634
NO060,2020,468702
NO060,2021,471124
NO060,2022,474131
NO060,2023,478470
NO060,2024,482956
NO071,2000,237582
NO071,2001,236834
NO071,2002,236026
NO071,2003,235506
NO071,2004,235609
NO071,2005,236825
NO071,2006,236257
NO071,2007,235436
NO071,2008,234996
NO071,2009,235380
NO071,2010,234926
NO071,2011,235955
NO071,2012,237036
NO071,2013,238333
NO071,2014,239621
NO071,2015,240402
NO071,2016,240623
NO071,2017,241614
NO071,2018,242076
NO071,2019,242126
NO071,2020,241235
NO071,2021,240345
NO071,2022,240190
NO071,2023,241084
NO071,2024,243081
NO072,2000,153371
NO072,2001,153763
NO072,2002,153463
NO072,2003,153681
NO072,2004,153736
NO072,2005,152741
NO072,2006,153585
NO072,2007,154136
NO072,2008,154642
NO072,2009,155553
NO072,2010,157839
NO072,2011,158879
NO072,2012,159934
NO072,2013,161696
NO072,2014,163306
NO072,2015,164733
NO072,2016,165613
NO072,2017,166884
NO072,2018,167758
NO072,2019,168461
NO072,2020,167839
NO072,2021,167475
NO072,2022,167607
NO072,2023,168340
NO072,2024,169610
NO073,2000,73375
NO073,2001,73562
NO073,2002,73419
NO073,2003,73524
NO073,2004,73550
NO073,2005,73074
NO073,2006,72937
NO073,2007,72665
NO073,2008,72399
NO073,2009,72492
NO073,2010,72856
NO073,2011,73417
NO073,2012,73787
NO073,2013,74534
NO073,2014,75207
NO073,2015,75605
NO073,2016,75758
NO073,2017,76149
NO073,2018,76167
NO073,2019,75865
NO073,2020,75472
NO073,2021,74693
NO073,2022,74129
NO073,2023,74112
NO073,2024,75053
NO081,2000,507467
NO081,2001,508726
NO081,2002,512589
NO081,2003,517401
NO081,2004,521886
NO081,2005,529846
NO081,2006,538411
NO081,2007,548617
NO081,2008,560484
NO081,2009,575475
NO081,2010,586860
NO081,2011,599230
NO081,2012,613285
NO081,2013,623966
NO081,2014,634463
NO081,2015,647676
NO081,2016,658390
NO081,2017,666759
NO081,2018,673469
NO081,2019,681071
NO081,2020,693494
NO081,2021,697010
NO081,2022,699827
NO081,2023,709037
NO081,2024,717710
NO083,2000,243325
NO083,2001,245648
NO083,2002,247413
NO083,2003,249560
NO083,2004,251273
NO083,2005,253103
NO083,2006,254888
NO083,2007,256940
NO083,2008,259797
NO083,2009,262816
NO083,2010,270974
NO083,2011,274149
NO083,2012,277664
NO083,2013,281309
NO083,2014,284290
NO083,2015,286526
NO083,2016,289195
NO083,2017,292208
NO083,2018,294738
NO083,2019,296847
NO083,2020,299447
NO083,2021,299729
NO083,2022,304754
NO083,2023,309161
NO083,2024,312152
NO084,2000,517752
NO084,2001,522695
NO084,2002,526450
NO084,2003,531019
NO084,2004,534665
NO084,2005,538558
NO084,2006,545764
NO084,2007,554192
NO084,2008,564191
NO084,2009,573782
NO084,2010,579994
NO084,2011,589763
NO084,2012,600980
NO084,2013,611813
NO084,2014,621848
NO084,2015,631576
NO084,2016,641783
NO084,2017,652222
NO084,2018,662452
NO084,2019,672781
NO084,2020,682092
NO084,2021,696870
NO084,2022,701565
NO084,2023,716020
NO084,2024,728803
NO085,2000,205534
NO085,2001,207496
NO085,2002,208987
NO085,2003,210801
NO085,2004,212248
NO085,2005,213794
NO085,2006,215298
NO085,2007,217399
NO085,2008,220516
NO085,2009,223478
NO085,2010,236200
NO085,2011,239185
NO085,2012,242966
NO085,2013,246174
NO085,2014,248857
NO085,2015,250935
NO085,2016,253383
NO085,2017,254974
NO085,2018,256539
NO085,2019,257677
NO085,2020,259626
NO085,2021,255785
NO085,2022,262911
NO085,2023,267060
NO085,2024,269819
NO092,2000,257869
NO092,2001,259592
NO092,2002,260796
NO092,2003,262414
NO092,2004,263501
NO092,2005,264872
NO092,2006,266401
NO092,2007,268461
NO092,2008,272074
NO092,2009,275592
NO092,2010,278876
NO092,2011,282456
NO092,2012,285819
NO092,2013,289125
NO092,2014,292225
NO092,2015,295644
NO092,2016,298486
NO092,2017,300789
NO092,2018,303754
NO092,2019,305244
NO092,2020,307231
NO092,2021,308843
NO092,2022,311134
NO092,2023,316051
NO092,2024,319850
NO093,2000,214169
NO093,2001,216214
NO093,2002,217767
NO093,2003,219657
NO093,2004,221165
NO093,2005,222775
NO093,2006,224136
NO093,2007,225819
NO093,2008,228458
NO093,2009,231147
NO093,2010,224820
NO093,2011,227211
NO093,2012,229843
NO093,2013,232178
NO093,2014,234280
NO093,2015,236061
NO093,2016,238363
NO093,2017,240395
NO093,2018,242386
NO093,2019,244393
NO093,2020,246041
NO093,2021,249807
NO093,2022,250862
NO093,2023,253555
NO093,2024,256432
NO094,2000,161341
NO094,2001,162882
NO094,2002,164052
NO094,2003,165476
NO094,2004,166612
NO094,2005,167825
NO094,2006,167660
NO094,2007,167666
NO094,2008,168222
NO094,2009,169020
NO094,2010,168231
NO094,2011,169185
NO094,2012,170023
NO094,2013,170902
NO094,2014,171469
NO094,2015,171953
NO094,2016,172494
NO094,2017,173307
NO094,2018,173391
NO094,2019,173318
NO094,2020,173355
NO094,2021,172075
NO094,2022,173970
NO094,2023,175546
NO094,2024,177093
NO0A1,2000,376497
NO0A1,2001,378538
NO0A1,2002,381375
NO0A1,2003,385020
NO0A1,2004,388848
NO0A1,2005,393104
NO0A1,2006,397594
NO0A1,2007,404566
NO0A1,2008,412687
NO0A1,2009,420574
NO0A1,2010,427947
NO0A1,2011,436087
NO0A1,2012,443115
NO0A1,2013,452159
NO0A1,2014,459625
NO0A1,2015,466302
NO0A1,2016,470175
NO0A1,2017,472024
NO0A1,2018,473526
NO0A1,2019,475654
NO0A1,2020,479892
NO0A1,2021,482645
NO0A1,2022,485797
NO0A1,2023,492350
NO0A1,2024,499417
NO0A2,2000,538294
NO0A2,2001,541371
NO0A2,2002,544336
NO0A2,2003,547739
NO0A2,2004,551078
NO0A2,2005,554178
NO0A2,2006,558055
NO0A2,2007,561704
NO0A2,2008,567722
NO0A2,2009,574915
NO0A2,2010,583053
NO0A2,2011,590797
NO0A2,2012,597569
NO0A2,2013,605617
NO0A2,2014,613008
NO0A2,2015,619323
NO0A2,2016,624841
NO0A2,2017,629046
NO0A2,2018,631608
NO0A2,2019,633117
NO0A2,2020,636531
NO0A2,2021,638821
NO0A2,2022,641292
NO0A2,2023,646205
NO0A2,2024,651299
NO0A3,2000,240439
NO0A3,2001,241115
NO0A3,2002,241170
NO0A3,2003,241633
NO0A3,2004,241941
NO0A3,2005,242088
NO0A3,2006,242403
NO0A3,2007,242854
NO0A3,2008,244267
NO0A3,2009,246262
NO0A3,2010,248773
NO0A3,2011,251367
NO0A3,2012,254101
NO0A3,2013,256955
NO0A3,2014,259106
NO0A3,2015,261322
NO0A3,2016,262893
NO0A3,2017,263832
NO0A3,2018,264407
NO0A3,2019,264970
NO0A3,2020,265238
NO0A3,2021,265544
NO0A3,2022,265848
NO0A3,2023,268365
NO0A3,2024,270624
NO0B1,2000,0
NO0B1,2001,0
NO0B1,2002,0
NO0B1,2003,0
NO0B1,2004,0
NO0B1,2005,0
NO0B1,2006,0
NO0B1,2007,0
NO0B1,2008,0
NO0B1,2009,0
NO0B1,2010,0
NO0B1,2011,0
NO0B1,2012,0
NO0B1,2013,0
NO0B1,2014,0
NO0B1,2015,0
NO0B1,2016,0
NO0B1,2017,0
NO0B1,2018,0
NO0B1,2019,0
NO0B1,2020,0
NO0B1,2021,0
NO0B1,2022,0
NO0B1,2023,0
NO0B1,2024,0
NO0B2,2000,2031
NO0B2,2001,2037
NO0B2,2002,2043
NO0B2,2003,2049
NO0B2,2004,2055
NO0B2,2005,2061
NO0B2,2006,2067
NO0B2,2007,2073
NO0B2,2008,2079
NO0B2,2009,2085
NO0B2,2010,2052
NO0B2,2011,2017
NO0B2,2012,2115
NO0B2,2013,2158
NO0B2,2014,2100
NO0B2,2015,2185
NO0B2,2016,2152
NO0B2,2017,2145
NO0B2,2018,2214
NO0B2,2019,2258
NO0B2,2020,2428
NO0B2,2021,2459
NO0B2,2022,2504
NO0B2,2023,2530
NO0B2,2024,0
PL,2000,38281623
PL,2001,38253955
PL,2002,38242197
PL,2003,38218531
PL,2004,38190608
PL,2005,38173835
PL,2006,38157055
PL,2007,38125479
PL,2008,38115641
PL,2009,38135876
PL,2010,38022869
PL,2011,38062718
PL,2012,37963782
PL,2013,37864846
PL,2014,37765910
PL,2015,37666974
PL,2016,37568038
PL,2017,37469101
PL,2018,37370165
PL,2019,37271229
PL,2020,37172293
PL,2021,37073357
PL,2022,36889761
PL,2023,36753736
PL,2024,36620970
PL213,2000,755355
PL213,2001,758715
PL213,2002,757942
PL213,2003,757547
PL213,2004,757685
PL213,2005,757430
PL213,2006,756629
PL213,2007,756267
PL213,2008,756583
PL213,2009,754624
PL213,2010,747317
PL213,2011,748867
PL213,2012,753140
PL213,2013,757379
PL213,2014,761584
PL213,2015,765760
PL213,2016,769902
PL213,2017,774012
PL213,2018,778089
PL213,2019,782134
PL213,2020,786146
PL213,2021,790127
PL213,2022,791939
PL213,2023,792655
PL213,2024,794911
PL214,2000,641560
PL214,2001,643814
PL214,2002,646310
PL214,2003,649345
PL214,2004,653450
PL214,2005,656921
PL214,2006,660311
PL214,2007,664045
PL214,2008,668479
PL214,2009,673452
PL214,2010,680614
PL214,2011,686710
PL214,2012,692570
PL214,2013,698390
PL214,2014,704170
PL214,2015,709910
PL214,2016,715610
PL214,2017,721271
PL214,2018,726891
PL214,2019,732472
PL214,2020,738013
PL214,2021,743514
PL214,2022,747568
PL214,2023,751069
PL214,2024,754346
PL217,2000,447048
PL217,2001,448408
PL217,2002,449177
PL217,2003,450205
PL217,2004,458827
PL217,2005,459449
PL217,2006,459732
PL217,2007,459621
PL217,2008,459642
PL217,2009,460256
PL217,2010,451717
PL217,2011,452499
PL217,2012,450149
PL217,2013,447805
PL217,2014,445468
PL217,2015,443136
PL217,2016,440811
PL217,2017,438492
PL217,2018,436179
PL217,2019,433872
PL217,2020,431571
PL217,2021,429276
PL217,2022,426294
PL217,2023,424550
PL217,2024,422985
PL218,2000,501725
PL218,2001,501914
PL218,2002,504391
PL218,2003,506588
PL218,2004,508394
PL218,2005,510400
PL218,2006,512296
PL218,2007,513690
PL218,2008,515563
PL218,2009,517959
PL218,2010,519495
PL218,2011,522023
PL218,2012,521221
PL218,2013,520416
PL218,2014,519609
PL218,2015,518798
PL218,2016,517985
PL218,2017,517168
PL218,2018,516349
PL218,2019,515527
PL218,2020,514702
PL218,2021,513874
PL218,2022,513097
PL218,2023,512612
PL218,2024,512033
PL219,2000,325212
PL219,2001,324678
PL219,2002,325626
PL219,2003,326392
PL219,2004,326907
PL219,2005,327551
PL219,2006,328124
PL219,2007,328377
PL219,2008,328938
PL219,2009,329832
PL219,2010,330179
PL219,2011,331597
PL219,2012,330622
PL219,2013,329648
PL219,2014,328675
PL219,2015,327702
PL219,2016,326730
PL219,2017,325758
PL219,2018,324787
PL219,2019,323816
PL219,2020,322846
PL219,2021,321877
PL219,2022,319903
PL219,2023,319601
PL219,2024,319091
PL21A,2000,546113
PL21A,2001,544897
PL21A,2002,546171
PL21A,2003,547140
PL21A,2004,547686
PL21A,2005,548450
PL21A,2006,549095
PL21A,2007,549206
PL21A,2008,549831
PL21A,2009,551013
PL21A,2010,551281
PL21A,2011,551855
PL21A,2012,549229
PL21A,2013,546609
PL21A,2014,543996
PL21A,2015,541389
PL21A,2016,538787
PL21A,2017,536192
PL21A,2018,533604
PL21A,2019,531021
PL21A,2020,528445
PL21A,2021,525875
PL21A,2022,522161
PL21A,2023,518818
PL21A,2024,515619
PL224,2000,545657
PL224,2001,544673
PL224,2002,543099
PL224,2003,541752
PL224,2004,540150
PL224,2005,538808
PL224,2006,537112
PL224,2007,535001
PL224,2008,532626
PL224,2009,531079
PL224,2010,527332
PL224,2011,526343
PL224,2012,522387
PL224,2013,518445
PL224,2014,514516
PL224,2015,510601
PL224,2016,506699
PL224,2017,502811
PL224,2018,498936
PL224,2019,495074
PL224,2020,491226
PL224,2021,487392
PL224,2022,482129
PL224,2023,478804
PL224,2024,475423
PL225,2000,640131
PL225,2001,641787
PL225,2002,642704
PL225,2003,643586
PL225,2004,644631
PL225,2005,646166
PL225,2006,647522
PL225,2007,648559
PL225,2008,649695
PL225,2009,652045
PL225,2010,652190
PL225,2011,654370
PL225,2012,653802
PL225,2013,653229
PL225,2014,652649
PL225,2015,652064
PL225,2016,651472
PL225,2017,650875
PL225,2018,650272
PL225,2019,649663
PL225,2020,649048
PL225,2021,648427
PL225,2022,645522
PL225,2023,643512
PL225,2024,640993
PL227,2000,650253
PL227,2001,648029
PL227,2002,646264
PL227,2003,645244
PL227,2004,643482
PL227,2005,641861
PL227,2006,640559
PL227,2007,638598
PL227,2008,637006
PL227,2009,637147
PL227,2010,627712
PL227,2011,627903
PL227,2012,624665
PL227,2013,621434
PL227,2014,618213
PL227,2015,614999
PL227,2016,611794
PL227,2017,608598
PL227,2018,605410
PL227,2019,602230
PL227,2020,599058
PL227,2021,595895
PL227,2022,591269
PL227,2023,587613
PL227,2024,584121
PL228,2000,477672
PL228,2001,474686
PL228,2002,472204
PL228,2003,469499
PL228,2004,467026
PL228,2005,464934
PL228,2006,462538
PL228,2007,460238
PL228,2008,457978
PL228,2009,456448
PL228,2010,444175
PL228,2011,443335
PL228,2012,439869
PL228,2013,436414
PL228,2014,432972
PL228,2015,429542
PL228,2016,426124
PL228,2017,422718
PL228,2018,419324
PL228,2019,415942
PL228,2020,412572
PL228,2021,409214
PL228,2022,406324
PL228,2023,403345
PL228,2024,400657
PL229,2000,523768
PL229,2001,520339
PL229,2002,517539
PL229,2003,514161
PL229,2004,511495
PL229,2005,508564
PL229,2006,505871
PL229,2007,503457
PL229,2008,500945
PL229,2009,499103
PL229,2010,478954
PL229,2011,477835
PL229,2012,473576
PL229,2013,469333
PL229,2014,465106
PL229,2015,460895
PL229,2016,456699
PL229,2017,452519
PL229,2018,448355
PL229,2019,444206
PL229,2020,440073
PL229,2021,435956
PL229,2022,431463
PL229,2023,428209
PL229,2024,425076
PL22A,2000,816271
PL22A,2001,809196
PL22A,2002,803540
PL22A,2003,797182
PL22A,2004,791338
PL22A,2005,786622
PL22A,2006,781683
PL22A,2007,776197
PL22A,2008,771521
PL22A,2009,767341
PL22A,2010,767482
PL22A,2011,764221
PL22A,2012,757285
PL22A,2013,750375
PL22A,2014,743490
PL22A,2015,736631
PL22A,2016,729798
PL22A,2017,722990
PL22A,2018,716207
PL22A,2019,709452
PL22A,2020,702723
PL22A,2021,696019
PL22A,2022,688521
PL22A,2023,682224
PL22A,2024,676766
PL22B,2000,747628
PL22B,2001,744713
PL22B,2002,741235
PL22B,2003,738095
PL22B,2004,734929
PL22B,2005,731643
PL22B,2006,728212
PL22B,2007,724638
PL22B,2008,721377
PL22B,2009,718842
PL22B,2010,710083
PL22B,2011,707475
PL22B,2012,701644
PL22B,2013,695834
PL22B,2014,690044
PL22B,2015,684276
PL22B,2016,678528
PL22B,2017,672801
PL22B,2018,667095
PL22B,2019,661409
PL22B,2020,655745
PL22B,2021,650101
PL22B,2022,642334
PL22B,2023,636142
PL22B,2024,630026
PL22C,2000,382190
PL22C,2001,382234
PL22C,2002,381882
PL22C,2003,382014
PL22C,2004,381931
PL22C,2005,382173
PL22C,2006,382278
PL22C,2007,382449
PL22C,2008,382967
PL22C,2009,383660
PL22C,2010,382702
PL22C,2011,384276
PL22C,2012,384599
PL22C,2013,384915
PL22C,2014,385225
PL22C,2015,385527
PL22C,2016,385823
PL22C,2017,386111
PL22C,2018,386393
PL22C,2019,386668
PL22C,2020,386936
PL22C,2021,387197
PL22C,2022,386273
PL22C,2023,385434
PL22C,2024,384459
PL411,2000,403430
PL411,2001,403995
PL411,2002,404645
PL411,2003,405170
PL411,2004,405572
PL411,2005,405925
PL411,2006,406424
PL411,2007,406377
PL411,2008,407192
PL411,2009,408510
PL411,2010,408932
PL411,2011,409666
PL411,2012,407578
PL411,2013,405496
PL411,2014,403418
PL411,2015,401346
PL411,2016,399280
PL411,2017,397219
PL411,2018,395163
PL411,2019,393112
PL411,2020,391067
PL411,2021,389027
PL411,2022,386428
PL411,2023,384414
PL411,2024,382519
PL414,2000,646855
PL414,2001,647680
PL414,2002,648444
PL414,2003,648913
PL414,2004,649171
PL414,2005,649719
PL414,2006,649593
PL414,2007,649805
PL414,2008,650368
PL414,2009,651655
PL414,2010,655342
PL414,2011,656167
PL414,2012,653451
PL414,2013,650741
PL414,2014,648036
PL414,2015,645336
PL414,2016,642641
PL414,2017,639952
PL414,2018,637268
PL414,2019,634590
PL414,2020,631916
PL414,2021,629248
PL414,2022,626025
PL414,2023,623516
PL414,2024,620711
PL415,2000,584257
PL415,2001,582254
PL415,2002,579343
PL415,2003,577117
PL415,2004,574125
PL415,2005,570778
PL415,2006,567882
PL415,2007,564951
PL415,2008,560932
PL415,2009,557264
PL415,2010,554951
PL415,2011,552568
PL415,2012,551593
PL415,2013,550615
PL415,2014,549635
PL415,2015,548652
PL415,2016,547667
PL415,2017,546680
PL415,2018,545690
PL415,2019,544698
PL415,2020,543704
PL415,2021,542707
PL415,2022,540458
PL415,2023,537063
PL415,2024,534596
PL416,2000,665369
PL416,2001,665999
PL416,2002,665970
PL416,2003,666160
PL416,2004,666114
PL416,2005,666149
PL416,2006,666855
PL416,2007,666966
PL416,2008,666968
PL416,2009,667734
PL416,2010,667116
PL416,2011,667987
PL416,2012,666100
PL416,2013,664213
PL416,2014,662330
PL416,2015,660445
PL416,2016,658561
PL416,2017,656678
PL416,2018,654795
PL416,2019,652914
PL416,2020,651034
PL416,2021,649154
PL416,2022,646066
PL416,2023,643465
PL416,2024,640543
PL417,2000,531609
PL417,2001,532642
PL417,2002,534290
PL417,2003,535206
PL417,2004,536468
PL417,2005,537454
PL417,2006,538795
PL417,2007,539847
PL417,2008,541323
PL417,2009,543242
PL417,2010,544077
PL417,2011,546215
PL417,2012,546224
PL417,2013,546226
PL417,2014,546220
PL417,2015,546207
PL417,2016,546186
PL417,2017,546158
PL417,2018,546122
PL417,2019,546079
PL417,2020,546029
PL417,2021,545971
PL417,2022,544388
PL417,2023,543338
PL417,2024,542106
PL418,2000,508229
PL418,2001,512746
PL418,2002,517745
PL418,2003,522713
PL418,2004,528482
PL418,2005,535258
PL418,2006,542868
PL418,2007,550556
PL418,2008,560099
PL418,2009,569212
PL418,2010,580303
PL418,2011,590102
PL418,2012,601319
PL418,2013,612469
PL418,2014,623552
PL418,2015,634570
PL418,2016,645520
PL418,2017,656404
PL418,2018,667223
PL418,2019,677975
PL418,2020,688658
PL418,2021,699277
PL418,2022,706509
PL418,2023,712432
PL418,2024,718029
PL424,2000,416791
PL424,2001,416657
PL424,2002,415748
PL424,2003,415117
PL424,2004,414032
PL424,2005,411900
PL424,2006,411119
PL424,2007,409068
PL424,2008,407811
PL424,2009,406941
PL424,2010,408290
PL424,2011,407723
PL424,2012,406192
PL424,2013,404664
PL424,2014,403138
PL424,2015,401615
PL424,2016,400094
PL424,2017,398576
PL424,2018,397060
PL424,2019,395546
PL424,2020,394036
PL424,2021,392527
PL424,2022,389103
PL424,2023,386597
PL424,2024,383937
PL426,2000,353698
PL426,2001,349744
PL426,2002,350314
PL426,2003,350494
PL426,2004,350536
PL426,2005,350983
PL426,2006,351204
PL426,2007,351593
PL426,2008,351977
PL426,2009,352599
PL426,2010,353529
PL426,2011,353939
PL426,2012,352352
PL426,2013,350769
PL426,2014,349188
PL426,2015,347612
PL426,2016,346039
PL426,2017,344470
PL426,2018,342904
PL426,2019,341341
PL426,2020,339782
PL426,2021,338226
PL426,2022,335325
PL426,2023,333412
PL426,2024,331548
PL427,2000,439721
PL427,2001,434308
PL427,2002,434520
PL427,2003,434246
PL427,2004,433802
PL427,2005,433859
PL427,2006,433636
PL427,2007,433621
PL427,2008,433598
PL427,2009,433868
PL427,2010,434515
PL427,2011,433310
PL427,2012,428748
PL427,2013,424203
PL427,2014,419677
PL427,2015,415168
PL427,2016,410678
PL427,2017,406205
PL427,2018,401750
PL427,2019,397313
PL427,2020,392894
PL427,2021,388493
PL427,2022,384399
PL427,2023,380926
PL427,2024,377539
PL428,2000,503066
PL428,2001,497226
PL428,2002,497820
PL428,2003,497861
PL428,2004,497703
PL428,2005,498123
PL428,2006,498219
PL428,2007,498556
PL428,2008,498885
PL428,2009,499549
PL428,2010,500651
PL428,2011,502194
PL428,2012,501059
PL428,2013,499923
PL428,2014,498787
PL428,2015,497649
PL428,2016,496511
PL428,2017,495371
PL428,2018,494231
PL428,2019,493090
PL428,2020,491947
PL428,2021,490805
PL428,2022,489432
PL428,2023,488114
PL428,2024,486729
PL431,2000,379298
PL431,2001,379409
PL431,2002,380132
PL431,2003,379985
PL431,2004,381060
PL431,2005,381251
PL431,2006,381623
PL431,2007,381622
PL431,2008,381834
PL431,2009,382033
PL431,2010,380793
PL431,2011,381388
PL431,2012,380054
PL431,2013,378721
PL431,2014,377390
PL431,2015,376061
PL431,2016,374734
PL431,2017,373409
PL431,2018,372085
PL431,2019,370763
PL431,2020,369443
PL431,2021,368125
PL431,2022,364545
PL431,2023,362428
PL431,2024,360209
PL432,2000,628669
PL432,2001,629063
PL432,2002,628851
PL432,2003,628211
PL432,2004,627726
PL432,2005,627917
PL432,2006,627575
PL432,2007,626898
PL432,2008,626647
PL432,2009,626929
PL432,2010,628812
PL432,2011,629312
PL432,2012,626119
PL432,2013,622935
PL432,2014,619758
PL432,2015,616590
PL432,2016,613430
PL432,2017,610277
PL432,2018,607134
PL432,2019,603998
PL432,2020,600870
PL432,2021,597750
PL432,2022,593736
PL432,2023,590365
PL432,2024,587575
PL514,2000,643522
PL514,2001,640614
PL514,2002,640804
PL514,2003,639150
PL514,2004,637548
PL514,2005,636268
PL514,2006,635932
PL514,2007,634630
PL514,2008,632930
PL514,2009,632162
PL514,2010,623334
PL514,2011,624199
PL514,2012,628950
PL514,2013,633669
PL514,2014,638354
PL514,2015,643006
PL514,2016,647623
PL514,2017,652210
PL514,2018,656762
PL514,2019,661282
PL514,2020,665767
PL514,2021,670219
PL514,2022,670438
PL514,2023,671206
PL514,2024,670892
PL515,2000,593942
PL515,2001,592813
PL515,2002,591231
PL515,2003,589618
PL515,2004,587808
PL515,2005,586147
PL515,2006,584194
PL515,2007,581467
PL515,2008,579646
PL515,2009,578265
PL515,2010,575943
PL515,2011,574505
PL515,2012,569231
PL515,2013,563977
PL515,2014,558743
PL515,2015,553528
PL515,2016,548333
PL515,2017,543157
PL515,2018,538002
PL515,2019,532866
PL515,2020,527749
PL515,2021,522653
PL515,2022,516978
PL515,2023,512700
PL515,2024,508467
PL516,2000,452936
PL516,2001,453011
PL516,2002,452824
PL516,2003,452297
PL516,2004,451215
PL516,2005,450631
PL516,2006,449958
PL516,2007,449072
PL516,2008,448586
PL516,2009,448622
PL516,2010,449158
PL516,2011,449023
PL516,2012,446614
PL516,2013,444212
PL516,2014,441817
PL516,2015,439427
PL516,2016,437045
PL516,2017,434668
PL516,2018,432298
PL516,2019,429935
PL516,2020,427578
PL516,2021,425228
PL516,2022,422618
PL516,2023,420225
PL516,2024,417748
PL517,2000,706938
PL517,2001,704217
PL517,2002,701726
PL517,2003,698319
PL517,2004,694684
PL517,2005,691079
PL517,2006,687863
PL517,2007,683676
PL517,2008,680111
PL517,2009,677218
PL517,2010,679609
PL517,2011,676392
PL517,2012,668330
PL517,2013,660299
PL517,2014,652301
PL517,2015,644337
PL517,2016,636406
PL517,2017,628507
PL517,2018,620641
PL517,2019,612808
PL517,2020,605008
PL517,2021,597241
PL517,2022,589688
PL517,2023,583214
PL517,2024,576998
PL518,2000,519801
PL518,2001,521540
PL518,2002,523037
PL518,2003,525310
PL518,2004,527058
PL518,2005,528930
PL518,2006,530285
PL518,2007,533472
PL518,2008,537137
PL518,2009,540792
PL518,2010,548465
PL518,2011,553984
PL518,2012,560596
PL518,2013,567166
PL518,2014,573694
PL518,2015,580180
PL518,2016,586625
PL518,2017,593027
PL518,2018,599387
PL518,2019,605705
PL518,2020,611982
PL518,2021,618216
PL518,2022,622507
PL518,2023,626574
PL518,2024,631358
PL523,2000,401437
PL523,2001,403481
PL523,2002,403148
PL523,2003,402346
PL523,2004,401585
PL523,2005,401292
PL523,2006,401016
PL523,2007,400237
PL523,2008,399702
PL523,2009,399490
PL523,2010,378450
PL523,2011,377110
PL523,2012,373586
PL523,2013,370075
PL523,2014,366577
PL523,2015,363093
PL523,2016,359622
PL523,2017,356164
PL523,2018,352720
PL523,2019,349289
PL523,2020,345871
PL523,2021,342466
PL523,2022,339070
PL523,2023,335827
PL523,2024,332826
PL524,2000,666970
PL524,2001,667117
PL524,2002,663290
PL524,2003,658663
PL524,2004,654082
PL524,2005,650239
PL524,2006,646391
PL524,2007,641704
PL524,2008,637386
PL524,2009,633550
PL524,2010,596833
PL524,2011,595876
PL524,2012,593042
PL524,2013,590215
PL524,2014,587394
PL524,2015,584580
PL524,2016,581772
PL524,2017,578972
PL524,2018,576178
PL524,2019,573390
PL524,2020,570610
PL524,2021,567836
PL524,2022,563374
PL524,2023,560543
PL524,2024,557566
PL613,2000,755220
PL613,2001,753654
PL613,2002,755866
PL613,2003,755639
PL613,2004,755318
PL613,2005,756450
PL613,2006,757695
PL613,2007,758145
PL613,2008,759190
PL613,2009,760017
PL613,2010,763988
PL613,2011,765371
PL613,2012,763990
PL613,2013,762604
PL613,2014,761216
PL613,2015,759826
PL613,2016,758432
PL613,2017,757034
PL613,2018,755634
PL613,2019,754230
PL613,2020,752823
PL613,2021,751413
PL613,2022,747601
PL613,2023,744334
PL613,2024,741604
PL616,2000,388391
PL616,2001,388835
PL616,2002,388920
PL616,2003,388982
PL616,2004,388941
PL616,2005,388807
PL616,2006,388603
PL616,2007,388077
PL616,2008,387863
PL616,2009,388312
PL616,2010,389250
PL616,2011,389295
PL616,2012,386972
PL616,2013,384657
PL616,2014,382348
PL616,2015,380045
PL616,2016,377750
PL616,2017,375462
PL616,2018,373180
PL616,2019,370905
PL616,2020,368637
PL616,2021,366376
PL616,2022,363319
PL616,2023,361017
PL616,2024,358640
PL617,2000,367155
PL617,2001,367451
PL617,2002,367405
PL617,2003,367339
PL617,2004,367176
PL617,2005,366925
PL617,2006,366608
PL617,2007,365989
PL617,2008,365663
PL617,2009,365964
PL617,2010,366724
PL617,2011,366622
PL617,2012,363940
PL617,2013,361267
PL617,2014,358603
PL617,2015,355948
PL617,2016,353302
PL617,2017,350665
PL617,2018,348037
PL617,2019,345418
PL617,2020,342808
PL617,2021,340207
PL617,2022,337250
PL617,2023,335149
PL617,2024,332772
PL618,2000,185708
PL618,2001,185949
PL618,2002,186017
PL618,2003,186075
PL618,2004,186083
PL618,2005,186046
PL618,2006,185976
PL618,2007,185753
PL618,2008,185678
PL618,2009,185920
PL618,2010,186397
PL618,2011,186638
PL618,2012,185594
PL618,2013,184553
PL618,2014,183515
PL618,2015,182479
PL618,2016,181447
PL618,2017,180418
PL618,2018,179391
PL618,2019,178367
PL618,2020,177347
PL618,2021,176329
PL618,2022,175188
PL618,2023,174147
PL618,2024,172985
PL619,2000,371971
PL619,2001,371928
PL619,2002,371539
PL619,2003,371131
PL619,2004,370624
PL619,2005,370030
PL619,2006,369371
PL619,2007,368407
PL619,2008,367742
PL619,2009,367705
PL619,2010,368130
PL619,2011,367203
PL619,2012,363907
PL619,2013,360623
PL619,2014,357351
PL619,2015,354092
PL619,2016,350844
PL619,2017,347609
PL619,2018,344386
PL619,2019,341176
PL619,2020,337977
PL619,2021,334791
PL619,2022,331420
PL619,2023,328550
PL619,2024,325647
PL621,2000,531544
PL621,2001,532464
PL621,2002,533114
PL621,2003,533346
PL621,2004,533198
PL621,2005,532409
PL621,2006,531689
PL621,2007,530616
PL621,2008,529864
PL621,2009,529810
PL621,2010,531134
PL621,2011,530780
PL621,2012,526394
PL621,2013,522024
PL621,2014,517670
PL621,2015,513332
PL621,2016,509009
PL621,2017,504701
PL621,2018,500410
PL621,2019,496134
PL621,2020,491874
PL621,2021,487629
PL621,2022,483141
PL621,2023,479660
PL621,2024,476177
PL622,2000,609360
PL622,2001,611025
PL622,2002,611167
PL622,2003,610991
PL622,2004,611589
PL622,2005,611991
PL622,2006,612610
PL622,2007,612381
PL622,2008,612524
PL622,2009,613418
PL622,2010,613594
PL622,2011,614086
PL622,2012,609938
PL622,2013,605802
PL622,2014,601681
PL622,2015,597571
PL622,2016,593476
PL622,2017,589394
PL622,2018,585325
PL622,2019,581270
PL622,2020,577227
PL622,2021,573199
PL622,2022,568874
PL622,2023,565651
PL622,2024,562460
PL623,2000,283868
PL623,2001,284019
PL623,2002,284188
PL623,2003,284112
PL623,2004,284098
PL623,2005,284314
PL623,2006,284302
PL623,2007,283886
PL623,2008,283767
PL623,2009,283845
PL623,2010,283768
PL623,2011,283754
PL623,2012,281547
PL623,2013,279349
PL623,2014,277157
PL623,2015,274974
PL623,2016,272798
PL623,2017,270630
PL623,2018,268469
PL623,2019,266316
PL623,2020,264171
PL623,2021,262033
PL623,2022,259828
PL623,2023,258069
PL623,2024,256075
PL633,2000,760210
PL633,2001,758730
PL633,2002,757284
PL633,2003,756571
PL633,2004,755528
PL633,2005,752943
PL633,2006,750919
PL633,2007,748126
PL633,2008,745113
PL633,2009,743659
PL633,2010,742908
PL633,2011,742302
PL633,2012,743021
PL633,2013,743729
PL633,2014,744422
PL633,2015,745101
PL633,2016,745766
PL633,2017,746419
PL633,2018,747056
PL633,2019,747680
PL633,2020,748290
PL633,2021,748886
PL633,2022,746755
PL633,2023,744814
PL633,2024,743881
PL634,2000,452858
PL634,2001,457143
PL634,2002,462123
PL634,2003,466226
PL634,2004,471296
PL634,2005,477405
PL634,2006,483299
PL634,2007,489826
PL634,2008,498360
PL634,2009,505881
PL634,2010,516316
PL634,2011,525318
PL634,2012,534137
PL634,2013,542903
PL634,2014,551616
PL634,2015,560275
PL634,2016,568882
PL634,2017,577435
PL634,2018,585936
PL634,2019,594384
PL634,2020,602778
PL634,2021,611119
PL634,2022,617801
PL634,2023,623591
PL634,2024,629685
PL636,2000,330072
PL636,2001,328167
PL636,2002,328550
PL636,2003,328724
PL636,2004,328675
PL636,2005,328744
PL636,2006,328654
PL636,2007,328459
PL636,2008,328600
PL636,2009,328985
PL636,2010,330466
PL636,2011,330781
PL636,2012,329204
PL636,2013,327630
PL636,2014,326060
PL636,2015,324494
PL636,2016,322931
PL636,2017,321372
PL636,2018,319818
PL636,2019,318266
PL636,2020,316719
PL636,2021,315175
PL636,2022,313412
PL636,2023,312145
PL636,2024,310957
PL637,2000,212904
PL637,2001,212320
PL637,2002,213212
PL637,2003,213968
PL637,2004,214578
PL637,2005,215265
PL637,2006,215847
PL637,2007,216358
PL637,2008,217089
PL637,2009,217982
PL637,2010,219603
PL637,2011,220525
PL637,2012,220013
PL637,2013,219500
PL637,2014,218987
PL637,2015,218474
PL637,2016,217960
PL637,2017,217446
PL637,2018,216932
PL637,2019,216417
PL637,2020,215902
PL637,2021,215387
PL637,2022,214696
PL637,2023,214254
PL637,2024,213543
PL638,2000,417576
PL638,2001,415924
PL638,2002,417168
PL638,2003,418147
PL638,2004,418841
PL638,2005,419684
PL638,2006,420324
PL638,2007,420826
PL638,2008,421758
PL638,2009,423005
PL638,2010,425662
PL638,2011,426642
PL638,2012,424463
PL638,2013,422289
PL638,2014,420120
PL638,2015,417958
PL638,2016,415801
PL638,2017,413649
PL638,2018,411503
PL638,2019,409363
PL638,2020,407228
PL638,2021,405099
PL638,2022,402846
PL638,2023,400941
PL638,2024,398906
PL711,2000,776037
PL711,2001,772384
PL711,2002,768100
PL711,2003,763736
PL711,2004,758562
PL711,2005,754090
PL711,2006,749529
PL711,2007,744786
PL711,2008,740378
PL711,2009,736675
PL711,2010,732382
PL711,2011,728747
PL711,2012,722534
PL711,2013,716342
PL711,2014,710174
PL711,2015,704027
PL711,2016,697905
PL711,2017,691804
PL711,2018,685725
PL711,2019,679670
PL711,2020,673636
PL711,2021,667625
PL711,2022,659112
PL711,2023,652983
PL711,2024,646595
PL712,2000,389776
PL712,2001,389323
PL712,2002,388551
PL712,2003,387738
PL712,2004,386510
PL712,2005,385637
PL712,2006,384716
PL712,2007,383699
PL712,2008,382852
PL712,2009,382369
PL712,2010,381580
PL712,2011,381133
PL712,2012,381762
PL712,2013,382383
PL712,2014,382995
PL712,2015,383598
PL712,2016,384193
PL712,2017,384780
PL712,2018,385359
PL712,2019,385929
PL712,2020,386490
PL712,2021,387043
PL712,2022,386039
PL712,2023,385278
PL712,2024,385097
PL713,2000,606038
PL713,2001,605682
PL713,2002,604831
PL713,2003,603915
PL713,2004,602353
PL713,2005,601342
PL713,2006,600256
PL713,2007,599020
PL713,2008,598049
PL713,2009,597646
PL713,2010,596764
PL713,2011,596418
PL713,2012,592230
PL713,2013,588057
PL713,2014,583897
PL713,2015,579751
PL713,2016,575618
PL713,2017,571500
PL713,2018,567394
PL713,2019,563303
PL713,2020,559226
PL713,2021,555162
PL713,2022,550213
PL713,2023,546039
PL713,2024,542346
PL714,2000,462071
PL714,2001,461685
PL714,2002,460921
PL714,2003,460107
PL714,2004,458802
PL714,2005,457917
PL714,2006,456975
PL714,2007,455918
PL714,2008,455064
PL714,2009,454642
PL714,2010,453856
PL714,2011,453477
PL714,2012,450644
PL714,2013,447820
PL714,2014,445004
PL714,2015,442197
PL714,2016,439398
PL714,2017,436608
PL714,2018,433827
PL714,2019,431054
PL714,2020,428291
PL714,2021,425535
PL714,2022,422292
PL714,2023,419701
PL714,2024,416734
PL715,2000,385118
PL715,2001,384210
PL715,2002,382989
PL715,2003,381726
PL715,2004,380057
PL715,2005,378737
PL715,2006,377371
PL715,2007,375912
PL715,2008,374620
PL715,2009,373684
PL715,2010,372449
PL715,2011,371549
PL715,2012,368913
PL715,2013,366286
PL715,2014,363668
PL715,2015,361059
PL715,2016,358458
PL715,2017,355866
PL715,2018,353282
PL715,2019,350707
PL715,2020,348141
PL715,2021,345584
PL715,2022,341811
PL715,2023,339020
PL715,2024,336467
PL721,2000,791662
PL721,2001,790857
PL721,2002,789402
PL721,2003,787863
PL721,2004,785482
PL721,2005,783825
PL721,2006,782062
PL721,2007,780109
PL721,2008,778503
PL721,2009,777635
PL721,2010,776145
PL721,2011,775352
PL721,2012,768582
PL721,2013,761837
PL721,2014,755116
PL721,2015,748421
PL721,2016,741750
PL721,2017,735103
PL721,2018,728482
PL721,2019,721885
PL721,2020,715313
PL721,2021,708766
PL721,2022,701880
PL721,2023,696408
PL721,2024,690682
PL722,2000,511933
PL722,2001,510747
PL722,2002,509144
PL722,2003,507486
PL722,2004,505288
PL722,2005,503554
PL722,2006,501758
PL722,2007,499839
PL722,2008,498142
PL722,2009,496919
PL722,2010,495298
PL722,2011,494122
PL722,2012,489197
PL722,2013,484291
PL722,2014,479404
PL722,2015,474536
PL722,2016,469687
PL722,2017,464857
PL722,2018,460046
PL722,2019,455254
PL722,2020,450481
PL722,2021,445727
PL722,2022,440838
PL722,2023,436689
PL722,2024,432471
PL811,2000,314229
PL811,2001,313969
PL811,2002,313452
PL811,2003,312902
PL811,2004,312017
PL811,2005,311417
PL811,2006,310779
PL811,2007,310064
PL811,2008,309485
PL811,2009,309201
PL811,2010,308669
PL811,2011,308414
PL811,2012,305529
PL811,2013,302655
PL811,2014,299792
PL811,2015,296939
PL811,2016,294097
PL811,2017,291266
PL811,2018,288447
PL811,2019,285637
PL811,2020,282839
PL811,2021,280052
PL811,2022,277011
PL811,2023,274914
PL811,2024,272626
PL812,2000,667710
PL812,2001,666284
PL812,2002,664314
PL812,2003,662273
PL812,2004,659525
PL812,2005,657384
PL812,2006,655162
PL812,2007,652778
PL812,2008,650684
PL812,2009,649210
PL812,2010,647215
PL812,2011,645802
PL812,2012,637991
PL812,2013,630212
PL812,2014,622465
PL812,2015,614750
PL812,2016,607067
PL812,2017,599416
PL812,2018,591797
PL812,2019,584209
PL812,2020,576655
PL812,2021,569131
PL812,2022,561415
PL812,2023,555496
PL812,2024,549309
PL814,2000,714807
PL814,2001,715097
PL814,2002,714802
PL814,2003,714430
PL814,2004,713291
PL814,2005,712804
PL814,2006,712227
PL814,2007,711471
PL814,2008,711027
PL814,2009,711260
PL814,2010,710922
PL814,2011,711222
PL814,2012,708887
PL814,2013,706554
PL814,2014,704225
PL814,2015,701896
PL814,2016,699572
PL814,2017,697250
PL814,2018,694929
PL814,2019,692613
PL814,2020,690298
PL814,2021,687985
PL814,2022,684656
PL814,2023,682886
PL814,2024,681242
PL815,2000,504375
PL815,2001,503813
PL815,2002,502838
PL815,2003,501810
PL815,2004,500245
PL815,2005,499139
PL815,2006,497971
PL815,2007,496679
PL815,2008,495606
PL815,2009,495006
PL815,2010,494008
PL815,2011,493454
PL815,2012,488422
PL815,2013,483409
PL815,2014,478416
PL815,2015,473443
PL815,2016,468489
PL815,2017,463554
PL815,2018,458639
PL815,2019,453744
PL815,2020,448868
PL815,2021,444012
PL815,2022,438994
PL815,2023,435104
PL815,2024,431288
PL821,2000,480943
PL821,2001,481012
PL821,2002,480688
PL821,2003,480312
PL821,2004,479421
PL821,2005,478968
PL821,2006,478455
PL821,2007,477822
PL821,2008,477399
PL821,2009,477430
PL821,2010,477078
PL821,2011,477154
PL821,2012,473689
PL821,2013,470235
PL821,2014,466793
PL821,2015,463363
PL821,2016,459944
PL821,2017,456537
PL821,2018,453141
PL821,2019,449757
PL821,2020,446385
PL821,2021,443024
PL821,2022,439214
PL821,2023,436569
PL821,2024,433694
PL822,2000,398497
PL822,2001,398364
PL822,2002,397906
PL822,2003,397404
PL822,2004,396477
PL822,2005,395913
PL822,2006,395299
PL822,2007,394586
PL822,2008,394047
PL822,2009,393883
PL822,2010,393404
PL822,2011,393277
PL822,2012,389611
PL822,2013,385958
PL822,2014,382319
PL822,2015,378694
PL822,2016,375082
PL822,2017,371485
PL822,2018,367901
PL822,2019,364331
PL822,2020,360774
PL822,2021,357232
PL822,2022,354015
PL822,2023,351769
PL822,2024,349100
PL823,2000,599499
PL823,2001,600982
PL823,2002,601973
PL823,2003,602898
PL823,2004,603174
PL823,2005,603997
PL823,2006,604743
PL823,2007,605334
PL823,2008,606188
PL823,2009,607619
PL823,2010,608562
PL823,2011,610052
PL823,2012,610695
PL823,2013,611326
PL823,2014,611945
PL823,2015,612552
PL823,2016,613149
PL823,2017,613732
PL823,2018,614306
PL823,2019,614867
PL823,2020,615416
PL823,2021,615954
PL823,2022,616786
PL823,2023,617969
PL823,2024,618464
PL824,2000,615973
PL824,2001,615519
PL824,2002,614562
PL824,2003,613539
PL824,2004,611859
PL824,2005,610740
PL824,2006,609545
PL824,2007,608197
PL824,2008,607119
PL824,2009,606617
PL824,2010,605630
PL824,2011,605186
PL824,2012,600913
PL824,2013,596654
PL824,2014,592409
PL824,2015,588178
PL824,2016,583961
PL824,2017,579758
PL824,2018,575569
PL824,2019,571394
PL824,2020,567234
PL824,2021,563087
PL824,2022,558601
PL824,2023,556025
PL824,2024,554110
PL841,2000,503975
PL841,2001,504170
PL841,2002,503953
PL841,2003,503682
PL841,2004,502870
PL841,2005,502517
PL841,2006,502101
PL841,2007,501559
PL841,2008,501237
PL841,2009,501392
PL841,2010,501144
PL841,2011,501347
PL841,2012,500107
PL841,2013,498869
PL841,2014,497628
PL841,2015,496389
PL841,2016,495149
PL841,2017,493908
PL841,2018,492667
PL841,2019,491426
PL841,2020,490184
PL841,2021,488942
PL841,2022,487896
PL841,2023,487613
PL841,2024,487666
PL842,2000,424086
PL842,2001,422568
PL842,2002,420705
PL842,2003,418797
PL842,2004,416444
PL842,2005,414475
PL842,2006,412457
PL842,2007,410338
PL842,2008,408402
PL842,2009,406855
PL842,2010,404982
PL842,2011,403473
PL842,2012,399024
PL842,2013,394593
PL842,2014,390180
PL842,2015,385784
PL842,2016,381406
PL842,2017,377046
PL842,2018,372704
PL842,2019,368379
PL842,2020,364072
PL842,2021,359783
PL842,2022,355302
PL842,2023,351876
PL842,2024,348864
PL843,2000,281833
PL843,2001,281125
PL843,2002,280187
PL843,2003,279219
PL843,2004,277954
PL843,2005,276944
PL843,2006,275901
PL843,2007,274789
PL843,2008,273800
PL843,2009,273072
PL843,2010,272125
PL843,2011,271422
PL843,2012,269122
PL843,2013,266830
PL843,2014,264547
PL843,2015,262272
PL843,2016,260005
PL843,2017,257747
PL843,2018,255496
PL843,2019,253255
PL843,2020,251021
PL843,2021,248796
PL843,2022,246187
PL843,2023,244365
PL843,2024,242441
PL911,2000,1693748
PL911,2001,1689171
PL911,2002,1688972
PL911,2003,1688194
PL911,2004,1689559
PL911,2005,1692854
PL911,2006,1697596
PL911,2007,1702139
PL911,2008,1706624
PL911,2009,1709781
PL911,2010,1686042
PL911,2011,1693030
PL911,2012,1710861
PL911,2013,1728576
PL911,2014,1746176
PL911,2015,1763660
PL911,2016,1781028
PL911,2017,1798280
PL911,2018,1815415
PL911,2019,1832435
PL911,2020,1849340
PL911,2021,1866128
PL911,2022,1868018
PL911,2023,1869188
PL911,2024,1869028
PL912,2000,533946
PL912,2001,539859
PL912,2002,545330
PL912,2003,550736
PL912,2004,555539
PL912,2005,560837
PL912,2006,566055
PL912,2007,571120
PL912,2008,576426
PL912,2009,582278
PL912,2010,587662
PL912,2011,593573
PL912,2012,602196
PL912,2013,610766
PL912,2014,619283
PL912,2015,627747
PL912,2016,636158
PL912,2017,644516
PL912,2018,652822
PL912,2019,661074
PL912,2020,669273
PL912,2021,677419
PL912,2022,682578
PL912,2023,687379
PL912,2024,691773
PL913,2000,535422
PL913,2001,540686
PL913,2002,545507
PL913,2003,550264
PL913,2004,554419
PL913,2005,559070
PL913,2006,563642
PL913,2007,568063
PL913,2008,572725
PL913,2009,577930
PL913,2010,582670
PL913,2011,587933
PL913,2012,599378
PL913,2013,610756
PL913,2014,622066
PL913,2015,633308
PL913,2016,644483
PL913,2017,655590
PL913,2018,666630
PL913,2019,677602
PL913,2020,688506
PL913,2021,699343
PL913,2022,706197
PL913,2023,712943
PL913,2024,720782
PL921,2000,626226
PL921,2001,625991
PL921,2002,625244
PL921,2003,624430
PL921,2004,622947
PL921,2005,622034
PL921,2006,621044
PL921,2007,619898
PL921,2008,619025
PL921,2009,618741
PL921,2010,617961
PL921,2011,617736
PL921,2012,613324
PL921,2013,608928
PL921,2014,604547
PL921,2015,600178
PL921,2016,595826
PL921,2017,591487
PL921,2018,587164
PL921,2019,582856
PL921,2020,578561
PL921,2021,574281
PL921,2022,569326
PL921,2023,565683
PL921,2024,562317
PL922,2000,347670
PL922,2001,347560
PL922,2002,347167
PL922,2003,346735
PL922,2004,345933
PL922,2005,345447
PL922,2006,344917
PL922,2007,344301
PL922,2008,343838
PL922,2009,343701
PL922,2010,343288
PL922,2011,343184
PL922,2012,341490
PL922,2013,339800
PL922,2014,338114
PL922,2015,336433
PL922,2016,334756
PL922,2017,333083
PL922,2018,331414
PL922,2019,329749
PL922,2020,328088
PL922,2021,326432
PL922,2022,323742
PL922,2023,321941
PL922,2024,320018
PL923,2000,335596
PL923,2001,335526
PL923,2002,335182
PL923,2003,334801
PL923,2004,334062
PL923,2005,333628
PL923,2006,333153
PL923,2007,332594
PL923,2008,332182
PL923,2009,332085
PL923,2010,331723
PL923,2011,331658
PL923,2012,329590
PL923,2013,327529
PL923,2014,325474
PL923,2015,323425
PL923,2016,321382
PL923,2017,319346
PL923,2018,317316
PL923,2019,315292
PL923,2020,313275
PL923,2021,311264
PL923,2022,308637
PL923,2023,306505
PL923,2024,304222
PL924,2000,386006
PL924,2001,386424
PL924,2002,386525
PL924,2003,386584
PL924,2004,386228
PL924,2005,386224
PL924,2006,386171
PL924,2007,386021
PL924,2008,386039
PL924,2009,386425
PL924,2010,386500
PL924,2011,386923
PL924,2012,384810
PL924,2013,382702
PL924,2014,380600
PL924,2015,378504
PL924,2016,376414
PL924,2017,374330
PL924,2018,372251
PL924,2019,370178
PL924,2020,368111
PL924,2021,366050
PL924,2022,363618
PL924,2023,361537
PL924,2024,359737
PL925,2000,425316
PL925,2001,425140
PL925,2002,424616
PL925,2003,424047
PL925,2004,423023
PL925,2005,422387
PL925,2006,421698
PL925,2007,420903
PL925,2008,420295
PL925,2009,420085
PL925,2010,419539
PL925,2011,419370
PL925,2012,417802
PL925,2013,416236
PL925,2014,414672
PL925,2015,413112
PL925,2016,411553
PL925,2017,409997
PL925,2018,408444
PL925,2019,406893
PL925,2020,405345
PL925,2021,403799
PL925,2022,401044
PL925,2023,399123
PL925,2024,397510
PL926,2000,255173
PL926,2001,255599
PL926,2002,255817
PL926,2003,256006
PL926,2004,255920
PL926,2005,256067
PL926,2006,256181
PL926,2007,256230
PL926,2008,256391
PL926,2009,256796
PL926,2010,256995
PL926,2011,257424
PL926,2012,257463
PL926,2013,257498
PL926,2014,257529
PL926,2015,257557
PL926,2016,257581
PL926,2017,257601
PL926,2018,257617
PL926,2019,257630
PL926,2020,257640
PL926,2021,257645
PL926,2022,256324
PL926,2023,255464
PL926,2024,254653
PT,2000,10249022
PT,2001,10330774
PT,2002,10394669
PT,2003,10444592
PT,2004,10473050
PT,2005,10494672
PT,2006,10511988
PT,2007,10532588
PT,2008,10553339
PT,2009,10563014
PT,2010,10573479
PT,2011,10572721
PT,2012,10558950
PT,2013,10503889
PT,2014,10444092
PT,2015,10395121
PT,2016,10368554
PT,2017,10344478
PT,2018,10335770
PT,2019,10333496
PT,2020,10375395
PT,2021,10394297
PT,2022,10421117
PT,2023,10516621
PT,2024,10639726
PT111,2000,248414
PT111,2001,249667
PT111,2002,250491
PT111,2003,250823
PT111,2004,250476
PT111,2005,250134
PT111,2006,249616
PT111,2007,248983
PT111,2008,248515
PT111,2009,247492
PT111,2010,246690
PT111,2011,245306
PT111,2012,243380
PT111,2013,241269
PT111,2014,239116
PT111,2015,236900
PT111,2016,235418
PT111,2017,234026
PT111,2018,232818
PT111,2019,231985
PT111,2020,232024
PT111,2021,232444
PT111,2022,231882
PT111,2023,232674
PT111,2024,234215
PT112,2000,386867
PT112,2001,391936
PT112,2002,395672
PT112,2003,398843
PT112,2004,401040
PT112,2005,403066
PT112,2006,404978
PT112,2007,406832
PT112,2008,408415
PT112,2009,409348
PT112,2010,410296
PT112,2011,410383
PT112,2012,411135
PT112,2013,410086
PT112,2014,408766
PT112,2015,407584
PT112,2016,407516
PT112,2017,408011
PT112,2018,409291
PT112,2019,411441
PT112,2020,415363
PT112,2021,418141
PT112,2022,419835
PT112,2023,424505
PT112,2024,429833
PT119,2000,421513
PT119,2001,425433
PT119,2002,427557
PT119,2003,428797
PT119,2004,429378
PT119,2005,429809
PT119,2006,429846
PT119,2007,429961
PT119,2008,429767
PT119,2009,428588
PT119,2010,427475
PT119,2011,425720
PT119,2012,425275
PT119,2013,423135
PT119,2014,420923
PT119,2015,418679
PT119,2016,417576
PT119,2017,417003
PT119,2018,416788
PT119,2019,417014
PT119,2020,418191
PT119,2021,420113
PT119,2022,419091
PT119,2023,420418
PT119,2024,422464
PT11A,2000,1712610
PT11A,2001,1727529
PT11A,2002,1736891
PT11A,2003,1744924
PT11A,2004,1750262
PT11A,2005,1754298
PT11A,2006,1757869
PT11A,2007,1761628
PT11A,2008,1764381
PT11A,2009,1763995
PT11A,2010,1763670
PT11A,2011,1761075
PT11A,2012,1760404
PT11A,2013,1753781
PT11A,2014,1746629
PT11A,2015,1739297
PT11A,2016,1736150
PT11A,2017,1734840
PT11A,2018,1736162
PT11A,2019,1738752
PT11A,2020,1745308
PT11A,2021,1743272
PT11A,2022,1755844
PT11A,2023,1779994
PT11A,2024,1802664
PT11B,2000,104776
PT11B,2001,104580
PT11B,2002,104103
PT11B,2003,103397
PT11B,2004,102571
PT11B,2005,101605
PT11B,2006,100531
PT11B,2007,99497
PT11B,2008,98369
PT11B,2009,97104
PT11B,2010,95850
PT11B,2011,94391
PT11B,2012,92943
PT11B,2013,91616
PT11B,2014,90347
PT11B,2015,89128
PT11B,2016,88114
PT11B,2017,87085
PT11B,2018,86275
PT11B,2019,85490
PT11B,2020,84876
PT11B,2021,84571
PT11B,2022,83801
PT11B,2023,83510
PT11B,2024,83669
PT11C,2000,429889
PT11C,2001,433252
PT11C,2002,435077
PT11C,2003,436475
PT11C,2004,437089
PT11C,2005,437364
PT11C,2006,437440
PT11C,2007,437562
PT11C,2008,437399
PT11C,2009,436338
PT11C,2010,435183
PT11C,2011,433340
PT11C,2012,431348
PT11C,2013,427726
PT11C,2014,423854
PT11C,2015,420037
PT11C,2016,417190
PT11C,2017,414912
PT11C,2018,412874
PT11C,2019,411203
PT11C,2020,410153
PT11C,2021,410345
PT11C,2022,408674
PT11C,2023,408425
PT11C,2024,409348
PT11D,2000,221001
PT11D,2001,220375
PT11D,2002,219895
PT11D,2003,219010
PT11D,2004,217741
PT11D,2005,216298
PT11D,2006,214543
PT11D,2007,213160
PT11D,2008,211602
PT11D,2009,209524
PT11D,2010,207707
PT11D,2011,205574
PT11D,2012,202701
PT11D,2013,199903
PT11D,2014,197140
PT11D,2015,194435
PT11D,2016,192230
PT11D,2017,190030
PT11D,2018,188288
PT11D,2019,186552
PT11D,2020,185424
PT11D,2021,184712
PT11D,2022,183831
PT11D,2023,183705
PT11D,2024,184195
PT11E,2000,127040
PT11E,2001,126969
PT11E,2002,126647
PT11E,2003,126025
PT11E,2004,125183
PT11E,2005,124296
PT11E,2006,123238
PT11E,2007,122275
PT11E,2008,121325
PT11E,2009,120165
PT11E,2010,119109
PT11E,2011,117796
PT11E,2012,116685
PT11E,2013,115368
PT11E,2014,114026
PT11E,2015,112747
PT11E,2016,111597
PT11E,2017,110683
PT11E,2018,109905
PT11E,2019,109193
PT11E,2020,108703
PT11E,2021,107836
PT11E,2022,107020
PT11E,2023,107063
PT11E,2024,107473
PT150,2000,385298
PT150,2001,393142
PT150,2002,400937
PT150,2003,408029
PT150,2004,413611
PT150,2005,418530
PT150,2006,423539
PT150,2007,428798
PT150,2008,434556
PT150,2009,440088
PT150,2010,445824
PT150,2011,451304
PT150,2012,452321
PT150,2013,451078
PT150,2014,449952
PT150,2015,449965
PT150,2016,451679
PT150,2017,453300
PT150,2018,456113
PT150,2019,459597
PT150,2020,465610
PT150,2021,469892
PT150,2022,469983
PT150,2023,478618
PT150,2024,484122
PT191,2000,359925
PT191,2001,364056
PT191,2002,366177
PT191,2003,367639
PT191,2004,368622
PT191,2005,369028
PT191,2006,369519
PT191,2007,370014
PT191,2008,370417
PT191,2009,370656
PT191,2010,370761
PT191,2011,370703
PT191,2012,371410
PT191,2013,369751
PT191,2014,367813
PT191,2015,366178
PT191,2016,365319
PT191,2017,364564
PT191,2018,364423
PT191,2019,364904
PT191,2020,367610
PT191,2021,369271
PT191,2022,373365
PT191,2023,376760
PT191,2024,384689
PT192,2000,469462
PT192,2001,471820
PT192,2002,472131
PT192,2003,471855
PT192,2004,470839
PT192,2005,469665
PT192,2006,468466
PT192,2007,467268
PT192,2008,465946
PT192,2009,464502
PT192,2010,462962
PT192,2011,461011
PT192,2012,460199
PT192,2013,456545
PT192,2014,452682
PT192,2015,449161
PT192,2016,446713
PT192,2017,444049
PT192,2018,441533
PT192,2019,439542
PT192,2020,439713
PT192,2021,439288
PT192,2022,440065
PT192,2023,441446
PT192,2024,446982
PT193,2000,284290
PT193,2001,287945
PT193,2002,289926
PT193,2003,291319
PT193,2004,292153
PT193,2005,292821
PT193,2006,293253
PT193,2007,293949
PT193,2008,294531
PT193,2009,294725
PT193,2010,294998
PT193,2011,295013
PT193,2012,295114
PT193,2013,293122
PT193,2014,291020
PT193,2015,289042
PT193,2016,287983
PT193,2017,286761
PT193,2018,285799
PT193,2019,285003
PT193,2020,286036
PT193,2021,288179
PT193,2022,290019
PT193,2023,292139
PT193,2024,297222
PT194,2000,273889
PT194,2001,275277
PT194,2002,275809
PT194,2003,275819
PT194,2004,275058
PT194,2005,274227
PT194,2006,273340
PT194,2007,272430
PT194,2008,271494
PT194,2009,270375
PT194,2010,269337
PT194,2011,267977
PT194,2012,267444
PT194,2013,265091
PT194,2014,262552
PT194,2015,260090
PT194,2016,258252
PT194,2017,256224
PT194,2018,254651
PT194,2019,253309
PT194,2020,253456
PT194,2021,254254
PT194,2022,254169
PT194,2023,253638
PT194,2024,256810
PT195,2000,114825
PT195,2001,114545
PT195,2002,114331
PT195,2003,113945
PT195,2004,113298
PT195,2005,112840
PT195,2006,112096
PT195,2007,111524
PT195,2008,110935
PT195,2009,110241
PT195,2010,109638
PT195,2011,108927
PT195,2012,107895
PT195,2013,106537
PT195,2014,104830
PT195,2015,103562
PT195,2016,102487
PT195,2017,101469
PT195,2018,100583
PT195,2019,99705
PT195,2020,99292
PT195,2021,99326
PT195,2022,99424
PT195,2023,99371
PT195,2024,100036
PT196,2000,258634
PT196,2001,258660
PT196,2002,257365
PT196,2003,255786
PT196,2004,253489
PT196,2005,251352
PT196,2006,249058
PT196,2007,246821
PT196,2008,244501
PT196,2009,241921
PT196,2010,239419
PT196,2011,236626
PT196,2012,235091
PT196,2013,231692
PT196,2014,228305
PT196,2015,225152
PT196,2016,222349
PT196,2017,219425
PT196,2018,216813
PT196,2019,214325
PT196,2020,212776
PT196,2021,211819
PT196,2022,210496
PT196,2023,208913
PT196,2024,209896
PT1A0,2000,1881774
PT1A0,2001,1901290
PT1A0,2002,1920624
PT1A0,2003,1937544
PT1A0,2004,1949690
PT1A0,2005,1959159
PT1A0,2006,1968612
PT1A0,2007,1978562
PT1A0,2008,1990159
PT1A0,2009,2001939
PT1A0,2010,2013483
PT1A0,2011,2023920
PT1A0,2012,2024327
PT1A0,2013,2022006
PT1A0,2014,2030582
PT1A0,2015,2034732
PT1A0,2016,2041875
PT1A0,2017,2047531
PT1A0,2018,2056718
PT1A0,2019,2063969
PT1A0,2020,2081998
PT1A0,2021,2071857
PT1A0,2022,2068670
PT1A0,2023,2097742
PT1A0,2024,2126578
PT1B0,2000,742737
PT1B0,2001,750439
PT1B0,2002,758071
PT1B0,2003,764749
PT1B0,2004,769543
PT1B0,2005,773281
PT1B0,2006,777011
PT1B0,2007,780939
PT1B0,2008,785516
PT1B0,2009,790166
PT1B0,2010,794722
PT1B0,2011,798841
PT1B0,2012,799002
PT1B0,2013,798086
PT1B0,2014,785085
PT1B0,2015,786034
PT1B0,2016,787533
PT1B0,2017,789375
PT1B0,2018,792367
PT1B0,2019,795453
PT1B0,2020,802802
PT1B0,2021,812838
PT1B0,2022,814975
PT1B0,2023,823822
PT1B0,2024,834599
PT1C1,2000,99552
PT1C1,2001,99804
PT1C1,2002,99988
PT1C1,2003,100052
PT1C1,2004,99859
PT1C1,2005,99711
PT1C1,2006,99366
PT1C1,2007,99172
PT1C1,2008,98980
PT1C1,2009,98677
PT1C1,2010,98424
PT1C1,2011,98112
PT1C1,2012,97436
PT1C1,2013,96789
PT1C1,2014,96139
PT1C1,2015,95610
PT1C1,2016,95336
PT1C1,2017,95015
PT1C1,2018,94877
PT1C1,2019,95079
PT1C1,2020,96182
PT1C1,2021,97062
PT1C1,2022,98303
PT1C1,2023,99763
PT1C1,2024,101388
PT1C2,2000,135437
PT1C2,2001,135052
PT1C2,2002,134611
PT1C2,2003,133888
PT1C2,2004,133025
PT1C2,2005,132307
PT1C2,2006,131466
PT1C2,2007,130676
PT1C2,2008,129934
PT1C2,2009,128884
PT1C2,2010,128023
PT1C2,2011,126962
PT1C2,2012,126345
PT1C2,2013,124829
PT1C2,2014,123233
PT1C2,2015,121781
PT1C2,2016,120358
PT1C2,2017,119035
PT1C2,2018,117727
PT1C2,2019,116527
PT1C2,2020,116005
PT1C2,2021,115698
PT1C2,2022,115663
PT1C2,2023,115513
PT1C2,2024,115757
PT1C3,2000,127604
PT1C3,2001,127105
PT1C3,2002,126549
PT1C3,2003,125959
PT1C3,2004,125096
PT1C3,2005,124371
PT1C3,2006,123463
PT1C3,2007,122668
PT1C3,2008,121778
PT1C3,2009,120837
PT1C3,2010,119900
PT1C3,2011,118858
PT1C3,2012,118201
PT1C3,2013,116516
PT1C3,2014,114846
PT1C3,2015,113123
PT1C3,2016,111590
PT1C3,2017,109941
PT1C3,2018,108580
PT1C3,2019,107328
PT1C3,2020,106224
PT1C3,2021,105676
PT1C3,2022,105031
PT1C3,2023,104304
PT1C3,2024,104081
PT1C4,2000,173317
PT1C4,2001,173594
PT1C4,2002,173400
PT1C4,2003,173043
PT1C4,2004,172466
PT1C4,2005,172070
PT1C4,2006,171302
PT1C4,2007,170723
PT1C4,2008,170025
PT1C4,2009,169038
PT1C4,2010,168097
PT1C4,2011,166995
PT1C4,2012,165766
PT1C4,2013,164157
PT1C4,2014,162372
PT1C4,2015,160560
PT1C4,2016,159083
PT1C4,2017,157483
PT1C4,2018,155954
PT1C4,2019,154671
PT1C4,2020,153874
PT1C4,2021,153398
PT1C4,2022,153507
PT1C4,2023,153155
PT1C4,2024,153475
PT1D1,2000,334181
PT1D1,2001,338059
PT1D1,2002,341589
PT1D1,2003,344861
PT1D1,2004,347515
PT1D1,2005,349982
PT1D1,2006,352256
PT1D1,2007,354794
PT1D1,2008,357181
PT1D1,2009,359265
PT1D1,2010,361380
PT1D1,2011,363065
PT1D1,2012,365082
PT1D1,2013,363310
PT1D1,2014,361124
PT1D1,2015,359510
PT1D1,2016,358812
PT1D1,2017,358021
PT1D1,2018,357612
PT1D1,2019,357599
PT1D1,2020,359888
PT1D1,2021,365752
PT1D1,2022,372365
PT1D1,2023,379085
PT1D1,2024,388396
PT1D2,2000,233480
PT1D2,2001,234309
PT1D2,2002,234324
PT1D2,2003,234080
PT1D2,2004,233375
PT1D2,2005,232976
PT1D2,2006,232162
PT1D2,2007,231508
PT1D2,2008,230976
PT1D2,2009,230122
PT1D2,2010,229292
PT1D2,2011,228320
PT1D2,2012,227352
PT1D2,2013,224780
PT1D2,2014,222349
PT1D2,2015,219822
PT1D2,2016,217673
PT1D2,2017,215690
PT1D2,2018,213591
PT1D2,2019,211801
PT1D2,2020,211187
PT1D2,2021,211797
PT1D2,2022,212745
PT1D2,2023,213604
PT1D2,2024,216423
PT1D3,2000,238925
PT1D3,2001,240399
PT1D3,2002,241948
PT1D3,2003,243189
PT1D3,2004,243830
PT1D3,2005,244675
PT1D3,2006,245272
PT1D3,2007,246094
PT1D3,2008,246818
PT1D3,2009,247216
PT1D3,2010,247624
PT1D3,2011,247780
PT1D3,2012,247605
PT1D3,2013,245642
PT1D3,2014,243323
PT1D3,2015,241104
PT1D3,2016,239547
PT1D3,2017,237584
PT1D3,2018,235987
PT1D3,2019,234829
PT1D3,2020,234874
PT1D3,2021,237240
PT1D3,2022,240872
PT1D3,2023,244259
PT1D3,2024,247764
PT200,2000,240759
PT200,2001,241387
PT200,2002,242544
PT200,2003,243303
PT200,2004,243916
PT200,2005,244491
PT200,2006,245118
PT200,2007,245671
PT200,2008,246373
PT200,2009,246670
PT200,2010,246900
PT200,2011,246757
PT200,2012,247095
PT200,2013,246424
PT200,2014,245336
PT200,2015,243271
PT200,2016,241653
PT200,2017,240108
PT200,2018,238964
PT200,2019,237828
PT200,2020,237113
PT200,2021,237616
PT200,2022,238794
PT200,2023,240125
PT200,2024,241025
PT300,2000,242823
PT300,2001,244150
PT300,2002,248012
PT300,2003,251238
PT300,2004,253925
PT300,2005,256316
PT300,2006,258628
PT300,2007,261079
PT300,2008,263446
PT300,2009,265138
PT300,2010,266715
PT300,2011,267965
PT300,2012,267394
PT300,2013,264650
PT300,2014,261748
PT300,2015,257617
PT300,2016,254521
PT300,2017,252313
PT300,2018,251077
PT300,2019,250397
PT300,2020,250713
PT300,2021,251900
PT300,2022,252693
PT300,2023,254070
PT300,2024,256622
RO,2000,21927155
RO,2001,21816795
RO,2002,21680974
RO,2003,21627509
RO,2004,21521142
RO,2005,21382354
RO,2006,21257016
RO,2007,21130503
RO,2008,20635460
RO,2009,20440290
RO,2010,20294683
RO,2011,20199059
RO,2012,20095996
RO,2013,20020074
RO,2014,19947311
RO,2015,19870647
RO,2016,19760585
RO,2017,19643949
RO,2018,19533481
RO,2019,19414458
RO,2020,19328838
RO,2021,19201662
RO,2022,19043098
RO,2023,19055228
RO,2024,19067576
RO111,2000,609776
RO111,2001,606165
RO111,2002,600246
RO111,2003,600850
RO111,2004,599969
RO111,2005,598160
RO111,2006,596702
RO111,2007,595187
RO111,2008,583232
RO111,2009,579685
RO111,2010,577512
RO111,2011,576737
RO111,2012,575731
RO111,2013,575270
RO111,2014,573691
RO111,2015,571955
RO111,2016,568969
RO111,2017,566353
RO111,2018,564171
RO111,2019,561404
RO111,2020,560203
RO111,2021,557290
RO111,2022,552031
RO111,2023,554016
RO111,2024,555957
RO112,2000,314846
RO112,2001,313346
RO112,2002,311657
RO112,2003,310522
RO112,2004,308630
RO112,2005,306277
RO112,2006,304122
RO112,2007,301954
RO112,2008,294530
RO112,2009,291398
RO112,2010,288978
RO112,2011,287274
RO112,2012,285468
RO112,2013,287276
RO112,2014,288656
RO112,2015,290024
RO112,2016,291018
RO112,2017,292157
RO112,2018,293320
RO112,2019,294641
RO112,2020,294137
RO112,2021,293971
RO112,2022,295351
RO112,2023,296140
RO112,2024,297082
RO113,2000,709847
RO113,2001,706528
RO113,2002,702755
RO113,2003,705567
RO113,2004,706619
RO113,2005,706555
RO113,2006,706881
RO113,2007,707114
RO113,2008,694883
RO113,2009,692607
RO113,2010,691936
RO113,2011,692922
RO113,2012,693608
RO113,2013,694359
RO113,2014,694105
RO113,2015,693851
RO113,2016,692735
RO113,2017,692001
RO113,2018,691357
RO113,2019,691115
RO113,2020,686639
RO113,2021,683017
RO113,2022,683028
RO113,2023,688844
RO113,2024,693507
RO114,2000,517635
RO114,2001,514836
RO114,2002,510110
RO114,2003,509321
RO114,2004,507284
RO114,2005,504476
RO114,2006,501980
RO114,2007,499451
RO114,2008,488198
RO114,2009,484024
RO114,2010,481017
RO114,2011,479189
RO114,2012,477180
RO114,2013,474115
RO114,2014,472335
RO114,2015,470691
RO114,2016,468333
RO114,2017,465402
RO114,2018,463306
RO114,2019,460689
RO114,2020,458636
RO114,2021,454870
RO114,2022,451499
RO114,2023,451728
RO114,2024,451881
RO115,2000,375155
RO115,2001,372008
RO115,2002,367281
RO115,2003,366709
RO115,2004,365237
RO115,2005,363212
RO115,2006,361410
RO115,2007,359585
RO115,2008,351479
RO115,2009,348470
RO115,2010,346301
RO115,2011,344980
RO115,2012,343530
RO115,2013,342118
RO115,2014,340986
RO115,2015,339998
RO115,2016,338181
RO115,2017,336509
RO115,2018,334589
RO115,2019,332572
RO115,2020,331217
RO115,2021,329272
RO115,2022,330363
RO115,2023,330662
RO115,2024,330701
RO116,2000,251952
RO116,2001,250122
RO116,2002,248015
RO116,2003,246701
RO116,2004,244789
RO116,2005,242517
RO116,2006,240405
RO116,2007,238288
RO116,2008,232036
RO116,2009,229177
RO116,2010,226886
RO116,2011,225161
RO116,2012,223360
RO116,2013,221685
RO116,2014,220447
RO116,2015,219024
RO116,2016,217331
RO116,2017,215860
RO116,2018,213761
RO116,2019,211691
RO116,2020,209939
RO116,2021,209044
RO116,2022,211329
RO116,2023,210652
RO116,2024,210656
RO121,2000,390039
RO121,2001,387098
RO121,2002,382747
RO121,2003,380373
RO121,2004,377079
RO121,2005,373234
RO121,2006,369641
RO121,2007,366043
RO121,2008,356103
RO121,2009,351384
RO121,2010,347539
RO121,2011,344566
RO121,2012,341479
RO121,2013,339517
RO121,2014,337658
RO121,2015,335875
RO121,2016,333488
RO121,2017,330961
RO121,2018,328264
RO121,2019,325426
RO121,2020,323879
RO121,2021,320917
RO121,2022,325715
RO121,2023,325838
RO121,2024,325697
RO122,2000,603586
RO122,2001,598711
RO122,2002,589028
RO122,2003,587958
RO122,2004,585446
RO122,2005,582048
RO122,2006,579013
RO122,2007,575940
RO122,2008,562812
RO122,2009,557850
RO122,2010,554235
RO122,2011,551981
RO122,2012,549519
RO122,2013,550713
RO122,2014,550765
RO122,2015,550985
RO122,2016,550934
RO122,2017,550795
RO122,2018,551185
RO122,2019,552193
RO122,2020,553520
RO122,2021,553256
RO122,2022,548254
RO122,2023,552813
RO122,2024,557129
RO123,2000,223422
RO123,2001,222197
RO123,2002,222449
RO123,2003,222280
RO123,2004,221564
RO123,2005,220511
RO123,2006,219591
RO123,2007,218655
RO123,2008,213894
RO123,2009,212230
RO123,2010,211074
RO123,2011,210434
RO123,2012,209713
RO123,2013,208976
RO123,2014,208603
RO123,2015,207596
RO123,2016,206279
RO123,2017,204920
RO123,2018,203471
RO123,2019,202146
RO123,2020,201475
RO123,2021,200050
RO123,2022,199912
RO123,2023,199795
RO123,2024,199675
RO124,2000,331717
RO124,2001,329658
RO124,2002,326222
RO124,2003,326351
RO124,2004,325675
RO124,2005,324498
RO124,2006,323513
RO124,2007,322500
RO124,2008,315835
RO124,2009,313730
RO124,2010,312371
RO124,2011,311771
RO124,2012,311048
RO124,2013,310842
RO124,2014,310336
RO124,2015,309138
RO124,2016,307555
RO124,2017,305679
RO124,2018,304219
RO124,2019,302308
RO124,2020,301465
RO124,2021,299075
RO124,2022,291633
RO124,2023,291810
RO124,2024,292148
RO125,2000,587705
RO125,2001,584904
RO125,2002,580851
RO125,2003,580691
RO125,2004,579102
RO125,2005,576625
RO125,2006,574496
RO125,2007,572321
RO125,2008,560127
RO125,2009,556032
RO125,2010,553265
RO125,2011,551847
RO125,2012,550214
RO125,2013,549097
RO125,2014,547757
RO125,2015,546415
RO125,2016,543726
RO125,2017,540704
RO125,2018,538214
RO125,2019,535193
RO125,2020,533186
RO125,2021,529325
RO125,2022,518991
RO125,2023,519395
RO125,2024,519831
RO126,2000,432189
RO126,2001,429621
RO126,2002,421724
RO126,2003,421514
RO126,2004,420267
RO126,2005,418377
RO126,2006,416740
RO126,2007,415070
RO126,2008,406138
RO126,2009,403081
RO126,2010,400989
RO126,2011,399874
RO126,2012,398605
RO126,2013,400260
RO126,2014,400193
RO126,2015,400138
RO126,2016,399982
RO126,2017,399726
RO126,2018,400018
RO126,2019,401006
RO126,2020,401301
RO126,2021,400210
RO126,2022,388896
RO126,2023,391433
RO126,2024,393581
RO211,2000,712499
RO211,2001,709352
RO211,2002,706623
RO211,2003,700506
RO211,2004,692707
RO211,2005,683915
RO211,2006,675606
RO211,2007,667311
RO211,2008,647503
RO211,2009,637245
RO211,2010,628600
RO211,2011,621552
RO211,2012,614316
RO211,2013,611635
RO211,2014,610720
RO211,2015,609967
RO211,2016,607369
RO211,2017,604152
RO211,2018,600988
RO211,2019,596959
RO211,2020,601899
RO211,2021,605789
RO211,2022,599435
RO211,2023,597504
RO211,2024,595888
RO212,2000,455339
RO212,2001,454526
RO212,2002,452834
RO212,2003,450746
RO212,2004,447563
RO212,2005,443717
RO212,2006,440161
RO212,2007,436593
RO212,2008,425438
RO212,2009,420496
RO212,2010,416589
RO212,2011,413719
RO212,2012,410706
RO212,2013,407902
RO212,2014,406289
RO212,2015,404792
RO212,2016,402082
RO212,2017,398977
RO212,2018,395923
RO212,2019,392317
RO212,2020,394608
RO212,2021,396203
RO212,2022,391108
RO212,2023,389815
RO212,2024,389748
RO213,2000,816162
RO213,2001,816559
RO213,2002,816910
RO213,2003,816594
RO213,2004,814270
RO213,2005,810698
RO213,2006,807616
RO213,2007,804469
RO213,2008,787243
RO213,2009,781404
RO213,2010,777432
RO213,2011,775356
RO213,2012,772979
RO213,2013,770806
RO213,2014,770846
RO213,2015,771079
RO213,2016,768966
RO213,2017,766052
RO213,2018,763187
RO213,2019,759201
RO213,2020,766619
RO213,2021,772708
RO213,2022,765720
RO213,2023,774025
RO213,2024,778689
RO214,2000,559660
RO214,2001,557295
RO214,2002,554516
RO214,2003,548247
RO214,2004,540672
RO214,2005,532339
RO214,2006,524400
RO214,2007,516490
RO214,2008,499713
RO214,2009,490353
RO214,2010,482260
RO214,2011,475410
RO214,2012,468429
RO214,2013,465858
RO214,2014,464639
RO214,2015,463547
RO214,2016,461059
RO214,2017,458109
RO214,2018,455208
RO214,2019,451661
RO214,2020,454901
RO214,2021,457343
RO214,2022,452057
RO214,2023,449345
RO214,2024,447776
RO215,2000,691208
RO215,2001,689787
RO215,2002,688435
RO215,2003,686259
RO215,2004,682407
RO215,2005,677533
RO215,2006,673091
RO215,2007,668617
RO215,2008,652496
RO215,2009,645872
RO215,2010,640822
RO215,2011,637355
RO215,2012,633658
RO215,2013,632210
RO215,2014,631410
RO215,2015,631030
RO215,2016,629733
RO215,2017,628319
RO215,2018,627439
RO215,2019,624563
RO215,2020,623019
RO215,2021,620092
RO215,2022,640816
RO215,2023,642275
RO215,2024,645196
RO216,2000,457238
RO216,2001,456643
RO216,2002,455049
RO216,2003,450949
RO216,2004,445769
RO216,2005,439950
RO216,2006,434445
RO216,2007,428950
RO216,2008,416060
RO216,2009,409310
RO216,2010,403601
RO216,2011,398918
RO216,2012,394116
RO216,2013,390387
RO216,2014,389463
RO216,2015,389183
RO216,2016,387525
RO216,2017,383931
RO216,2018,379987
RO216,2019,373863
RO216,2020,372040
RO216,2021,368250
RO216,2022,372861
RO216,2023,371464
RO216,2024,369517
RO221,2000,377828
RO221,2001,376047
RO221,2002,373174
RO221,2003,369432
RO221,2004,364807
RO221,2005,359665
RO221,2006,354783
RO221,2007,349915
RO221,2008,339025
RO221,2009,333151
RO221,2010,328130
RO221,2011,323949
RO221,2012,319674
RO221,2013,315598
RO221,2014,312089
RO221,2015,308176
RO221,2016,303608
RO221,2017,299077
RO221,2018,294097
RO221,2019,289537
RO221,2020,285916
RO221,2021,280679
RO221,2022,280196
RO221,2023,277021
RO221,2024,274751
RO222,2000,500992
RO222,2001,498973
RO222,2002,496214
RO222,2003,493837
RO222,2004,490260
RO222,2005,485957
RO222,2006,481975
RO222,2007,477979
RO222,2008,465680
RO222,2009,460186
RO222,2010,455825
RO222,2011,452599
RO222,2012,449218
RO222,2013,444993
RO222,2014,440931
RO222,2015,436440
RO222,2016,431015
RO222,2017,425862
RO222,2018,419831
RO222,2019,413723
RO222,2020,409162
RO222,2021,403709
RO222,2022,403817
RO222,2023,400823
RO222,2024,398344
RO223,2000,719493
RO223,2001,715836
RO223,2002,715151
RO223,2003,715647
RO223,2004,714376
RO223,2005,712004
RO223,2006,710050
RO223,2007,708032
RO223,2008,693600
RO223,2009,689176
RO223,2010,686386
RO223,2011,685263
RO223,2012,683866
RO223,2013,682122
RO223,2014,680290
RO223,2015,677943
RO223,2016,673903
RO223,2017,669596
RO223,2018,665153
RO223,2019,660544
RO223,2020,665052
RO223,2021,668639
RO223,2022,656017
RO223,2023,657055
RO223,2024,657419
RO224,2000,623969
RO224,2001,621795
RO224,2002,619556
RO224,2003,613757
RO224,2004,606488
RO224,2005,598354
RO224,2006,590649
RO224,2007,582961
RO224,2008,565228
RO224,2009,555846
RO224,2010,547878
RO224,2011,541308
RO224,2012,534577
RO224,2013,530914
RO224,2014,527979
RO224,2015,524574
RO224,2016,520058
RO224,2017,515282
RO224,2018,510865
RO224,2019,504058
RO224,2020,500213
RO224,2021,495149
RO224,2022,495030
RO224,2023,494280
RO224,2024,493009
RO225,2000,259717
RO225,2001,258311
RO225,2002,256492
RO225,2003,253090
RO225,2004,249090
RO225,2005,244746
RO225,2006,240590
RO225,2007,236453
RO225,2008,228271
RO225,2009,223495
RO225,2010,219305
RO225,2011,215685
RO225,2012,212012
RO225,2013,210119
RO225,2014,208242
RO225,2015,205965
RO225,2016,203196
RO225,2017,200679
RO225,2018,197734
RO225,2019,194421
RO225,2020,192101
RO225,2021,189707
RO225,2022,192566
RO225,2023,190994
RO225,2024,189336
RO226,2000,389011
RO226,2001,388400
RO226,2002,387632
RO226,2003,384557
RO226,2004,380557
RO226,2005,376007
RO226,2006,371720
RO226,2007,367437
RO226,2008,356807
RO226,2009,351429
RO226,2010,346937
RO226,2011,343323
RO226,2012,339602
RO226,2013,339608
RO226,2014,339563
RO226,2015,339254
RO226,2016,338088
RO226,2017,336774
RO226,2018,335379
RO226,2019,333888
RO226,2020,337002
RO226,2021,339657
RO226,2022,334066
RO226,2023,333154
RO226,2024,332313
RO311,2000,657547
RO311,2001,654574
RO311,2002,652625
RO311,2003,651673
RO311,2004,649122
RO311,2005,645586
RO311,2006,642448
RO311,2007,639267
RO311,2008,624917
RO311,2009,619628
RO311,2010,615831
RO311,2011,613544
RO311,2012,611024
RO311,2013,606789
RO311,2014,604058
RO311,2015,600256
RO311,2016,595764
RO311,2017,590531
RO311,2018,585713
RO311,2019,579862
RO311,2020,575027
RO311,2021,567678
RO311,2022,566913
RO311,2023,565747
RO311,2024,564829
RO312,2000,328424
RO312,2001,327111
RO312,2002,324617
RO312,2003,324343
RO312,2004,323272
RO312,2005,321708
RO312,2006,320340
RO312,2007,318948
RO312,2008,311978
RO312,2009,309525
RO312,2010,307814
RO312,2011,306855
RO312,2012,305779
RO312,2013,303881
RO312,2014,301251
RO312,2015,298684
RO312,2016,295505
RO312,2017,292835
RO312,2018,288061
RO312,2019,284299
RO312,2020,280252
RO312,2021,277701
RO312,2022,281980
RO312,2023,280468
RO312,2024,279349
RO313,2000,546496
RO313,2001,544518
RO313,2002,541763
RO313,2003,542095
RO313,2004,541089
RO313,2005,539249
RO313,2006,537727
RO313,2007,536156
RO313,2008,525187
RO313,2009,521796
RO313,2010,519645
RO313,2011,518754
RO313,2012,517657
RO313,2013,515623
RO313,2014,512668
RO313,2015,509531
RO313,2016,505219
RO313,2017,501274
RO313,2018,496213
RO313,2019,491242
RO313,2020,487115
RO313,2021,483102
RO313,2022,478599
RO313,2023,477197
RO313,2024,476962
RO314,2000,301889
RO314,2001,300452
RO314,2002,297859
RO314,2003,297685
RO314,2004,296779
RO314,2005,295420
RO314,2006,294239
RO314,2007,293036
RO314,2008,286706
RO314,2009,284524
RO314,2010,283024
RO314,2011,282214
RO314,2012,281295
RO314,2013,281989
RO314,2014,278425
RO314,2015,276632
RO314,2016,274570
RO314,2017,274021
RO314,2018,269239
RO314,2019,266194
RO314,2020,263263
RO314,2021,261050
RO314,2022,260203
RO314,2023,258751
RO314,2024,258661
RO315,2000,298809
RO315,2001,297866
RO315,2002,296572
RO315,2003,295671
RO315,2004,294048
RO315,2005,291985
RO315,2006,290107
RO315,2007,288215
RO315,2008,281301
RO315,2009,278480
RO315,2010,276337
RO315,2011,274877
RO315,2012,273317
RO315,2013,271030
RO315,2014,269251
RO315,2015,267139
RO315,2016,264733
RO315,2017,262231
RO315,2018,259143
RO315,2019,256120
RO315,2020,254405
RO315,2021,251917
RO315,2022,250451
RO315,2023,249852
RO315,2024,249364
RO316,2000,836644
RO316,2001,831954
RO316,2002,829945
RO316,2003,827084
RO316,2004,822205
RO316,2005,816096
RO316,2006,810511
RO316,2007,804891
RO316,2008,785256
RO316,2009,777061
RO316,2010,770759
RO316,2011,766367
RO316,2012,761699
RO316,2013,756635
RO316,2014,752322
RO316,2015,747565
RO316,2016,740483
RO316,2017,732833
RO316,2018,725599
RO316,2019,717972
RO316,2020,712447
RO316,2021,703368
RO316,2022,694502
RO316,2023,691246
RO316,2024,688976
RO317,2000,446835
RO317,2001,442313
RO317,2002,436025
RO317,2003,432138
RO317,2004,427216
RO317,2005,421681
RO317,2006,416447
RO317,2007,411221
RO317,2008,398905
RO317,2009,392475
RO317,2010,387042
RO317,2011,382592
RO317,2012,378028
RO317,2013,372203
RO317,2014,367120
RO317,2015,361479
RO317,2016,355281
RO317,2017,349669
RO317,2018,341447
RO317,2019,334143
RO317,2020,328867
RO317,2021,324178
RO317,2022,322245
RO317,2023,318043
RO317,2024,315482
RO321,2000,1952233
RO321,2001,1938018
RO321,2002,1926334
RO321,2003,1932492
RO321,2004,1933842
RO321,2005,1932155
RO321,2006,1931550
RO321,2007,1930712
RO321,2008,1895887
RO321,2009,1888265
RO321,2010,1885049
RO321,2011,1886355
RO321,2012,1886866
RO321,2013,1873136
RO321,2014,1857593
RO321,2015,1842608
RO321,2016,1829981
RO321,2017,1813491
RO321,2018,1809806
RO321,2019,1804354
RO321,2020,1787446
RO321,2021,1765191
RO321,2022,1722974
RO321,2023,1724966
RO321,2024,1721784
RO322,2000,296622
RO322,2001,297712
RO322,2002,300123
RO322,2003,311662
RO322,2004,322348
RO322,2005,332409
RO322,2006,342530
RO322,2007,352488
RO322,2008,355946
RO322,2009,364184
RO322,2010,373113
RO322,2011,382823
RO322,2012,392279
RO322,2013,409108
RO322,2014,425375
RO322,2015,441592
RO322,2016,458222
RO322,2017,473717
RO322,2018,492485
RO322,2019,510819
RO322,2020,525810
RO322,2021,538943
RO322,2022,545407
RO322,2023,564833
RO322,2024,583663
RO411,2000,740754
RO411,2001,738035
RO411,2002,734231
RO411,2003,730103
RO411,2004,724205
RO411,2005,717242
RO411,2006,710760
RO411,2007,704266
RO411,2008,685554
RO411,2009,676879
RO411,2010,669882
RO411,2011,664561
RO411,2012,659016
RO411,2013,654456
RO411,2014,650548
RO411,2015,646455
RO411,2016,641040
RO411,2017,635631
RO411,2018,631026
RO411,2019,625656
RO411,2020,621410
RO411,2021,615962
RO411,2022,599580
RO411,2023,599631
RO411,2024,598371
RO412,2000,388895
RO412,2001,387360
RO412,2002,387308
RO412,2003,384312
RO412,2004,380391
RO412,2005,375920
RO412,2006,371711
RO412,2007,367504
RO412,2008,356947
RO412,2009,351642
RO412,2010,347222
RO412,2011,343680
RO412,2012,340030
RO412,2013,336995
RO412,2014,334819
RO412,2015,331416
RO412,2016,327537
RO412,2017,323626
RO412,2018,319903
RO412,2019,315494
RO412,2020,311985
RO412,2021,307967
RO412,2022,313025
RO412,2023,311301
RO412,2024,310056
RO413,2000,311452
RO413,2001,308846
RO413,2002,306732
RO413,2003,303826
RO413,2004,300193
RO413,2005,296133
RO413,2006,292284
RO413,2007,288445
RO413,2008,279637
RO413,2009,274961
RO413,2010,270985
RO413,2011,267701
RO413,2012,264338
RO413,2013,261670
RO413,2014,259011
RO413,2015,256140
RO413,2016,252600
RO413,2017,249327
RO413,2018,244960
RO413,2019,241262
RO413,2020,238907
RO413,2021,236460
RO413,2022,233636
RO413,2023,231398
RO413,2024,230094
RO414,2000,496938
RO414,2001,493678
RO414,2002,489274
RO414,2003,485951
RO414,2004,481455
RO414,2005,476257
RO414,2006,471385
RO414,2007,466512
RO414,2008,453563
RO414,2009,447273
RO414,2010,442101
RO414,2011,438041
RO414,2012,433839
RO414,2013,428160
RO414,2014,423352
RO414,2015,418464
RO414,2016,412491
RO414,2017,407719
RO414,2018,400763
RO414,2019,394389
RO414,2020,389730
RO414,2021,385775
RO414,2022,381731
RO414,2023,378567
RO414,2024,376539
RO415,2000,417583
RO415,2001,415004
RO415,2002,413247
RO415,2003,410839
RO415,2004,407437
RO415,2005,403437
RO415,2006,399707
RO415,2007,395971
RO415,2008,385370
RO415,2009,380412
RO415,2010,376400
RO415,2011,373329
RO415,2012,370134
RO415,2013,367421
RO415,2014,365630
RO415,2015,363291
RO415,2016,359814
RO415,2017,356676
RO415,2018,353161
RO415,2019,350059
RO415,2020,348377
RO415,2021,345914
RO415,2022,341630
RO415,2023,340914
RO415,2024,340637
RO421,2000,468497
RO421,2001,466108
RO421,2002,461791
RO421,2003,460938
RO421,2004,458954
RO421,2005,456277
RO421,2006,453883
RO421,2007,451460
RO421,2008,441155
RO421,2009,437253
RO421,2010,434406
RO421,2011,432625
RO421,2012,430683
RO421,2013,429625
RO421,2014,427974
RO421,2015,426459
RO421,2016,424075
RO421,2017,421945
RO421,2018,419135
RO421,2019,417422
RO421,2020,415910
RO421,2021,413030
RO421,2022,410282
RO421,2023,410451
RO421,2024,410871
RO422,2000,343834
RO422,2001,339872
RO422,2002,333219
RO422,2003,330860
RO422,2004,327703
RO422,2005,324070
RO422,2006,320659
RO422,2007,317249
RO422,2008,308350
RO422,2009,303980
RO422,2010,300372
RO422,2011,297521
RO422,2012,294575
RO422,2013,292037
RO422,2014,288941
RO422,2015,285928
RO422,2016,282389
RO422,2017,278763
RO422,2018,275585
RO422,2019,272457
RO422,2020,264317
RO422,2021,255411
RO422,2022,246319
RO422,2023,244904
RO422,2024,243685
RO423,2000,499225
RO423,2001,493290
RO423,2002,485712
RO423,2003,480942
RO423,2004,475021
RO423,2005,468426
RO423,2006,462169
RO423,2007,455927
RO423,2008,441837
RO423,2009,434282
RO423,2010,427836
RO423,2011,422483
RO423,2012,417008
RO423,2013,414685
RO423,2014,411576
RO423,2015,408589
RO423,2016,404852
RO423,2017,400989
RO423,2018,397770
RO423,2019,394628
RO423,2020,384205
RO423,2021,372614
RO423,2022,360692
RO423,2023,357563
RO423,2024,354879
RO424,2000,683493
RO424,2001,681366
RO424,2002,677926
RO424,2003,682437
RO424,2004,685235
RO424,2005,686928
RO424,2006,688979
RO424,2007,690920
RO424,2008,680633
RO424,2009,680039
RO424,2010,680997
RO424,2011,683564
RO424,2012,685821
RO424,2013,688251
RO424,2014,689404
RO424,2015,690779
RO424,2016,690896
RO424,2017,690794
RO424,2018,691806
RO424,2019,692967
RO424,2020,681236
RO424,2021,667179
RO424,2022,652238
RO424,2023,658515
RO424,2024,663543
RS,2000,7527952
RS,2001,7504739
RS,2002,7498001
RS,2003,7490918
RS,2004,7470263
RS,2005,7456050
RS,2006,7425487
RS,2007,7397651
RS,2008,7365507
RS,2009,7334937
RS,2010,7306677
RS,2011,7253969
RS,2012,7216649
RS,2013,7181505
RS,2014,7146759
RS,2015,7114393
RS,2016,7076372
RS,2017,7040272
RS,2018,7001444
RS,2019,6963764
RS,2020,6926705
RS,2021,6871547
RS,2022,6797105
RS,2023,6641197
RS,2024,6605168
RS110,2000,1575038
RS110,2001,1573858
RS110,2002,1576124
RS110,2003,1589529
RS110,2004,1599997
RS110,2005,1611777
RS110,2006,1619926
RS110,2007,1628549
RS110,2008,1636105
RS110,2009,1643881
RS110,2010,1652059
RS110,2011,1654540
RS110,2012,1659691
RS110,2013,1665208
RS110,2014,1670685
RS110,2015,1676592
RS110,2016,1681033
RS110,2017,1685797
RS110,2018,1688466
RS110,2019,1691919
RS110,2020,1696192
RS110,2021,1692768
RS110,2022,1684567
RS110,2023,1683033
RS110,2024,1683425
RS121,2000,213577
RS121,2001,213561
RS121,2002,214011
RS121,2003,211805
RS121,2004,209223
RS121,2005,206832
RS121,2006,203999
RS121,2007,201257
RS121,2008,198414
RS121,2009,195631
RS121,2010,192926
RS121,2011,189597
RS121,2012,187318
RS121,2013,185108
RS121,2014,182921
RS121,2015,180808
RS121,2016,178562
RS121,2017,176379
RS121,2018,174316
RS121,2019,172110
RS121,2020,169997
RS121,2021,167685
RS121,2022,165106
RS121,2023,154072
RS121,2024,152140
RS122,2000,315347
RS122,2001,314297
RS122,2002,313937
RS122,2003,312693
RS122,2004,310886
RS122,2005,309351
RS122,2006,307144
RS122,2007,305057
RS122,2008,302801
RS122,2009,300617
RS122,2010,298536
RS122,2011,295466
RS122,2012,293167
RS122,2013,290963
RS122,2014,288784
RS122,2015,286707
RS122,2016,284411
RS122,2017,282199
RS122,2018,280206
RS122,2019,278356
RS122,2020,276435
RS122,2021,274144
RS122,2022,270976
RS122,2023,259767
RS122,2024,258051
RS123,2000,584422
RS123,2001,588410
RS123,2002,593666
RS123,2003,597784
RS123,2004,600800
RS123,2005,604312
RS123,2006,606469
RS123,2007,608812
RS123,2008,610762
RS123,2009,612803
RS123,2010,614999
RS123,2011,615086
RS123,2012,615463
RS123,2013,615991
RS123,2014,616518
RS123,2015,617219
RS123,2016,617395
RS123,2017,617702
RS123,2018,618200
RS123,2019,618578
RS123,2020,619072
RS123,2021,618179
RS123,2022,616178
RS123,2023,607662
RS123,2024,607437
RS124,2000,167719
RS124,2001,166616
RS124,2002,165881
RS124,2003,164374
RS124,2004,162574
RS124,2005,160920
RS124,2006,158922
RS124,2007,156994
RS124,2008,154985
RS124,2009,153020
RS124,2010,151115
RS124,2011,148719
RS124,2012,147057
RS124,2013,145449
RS124,2014,143857
RS124,2015,142321
RS124,2016,140681
RS124,2017,139088
RS124,2018,137653
RS124,2019,136183
RS124,2020,134722
RS124,2021,133146
RS124,2022,131089
RS124,2023,117600
RS124,2024,116318
RS125,2000,200343
RS125,2001,200022
RS125,2002,200140
RS125,2003,199265
RS125,2004,198032
RS125,2005,196972
RS125,2006,195486
RS125,2007,194076
RS125,2008,192559
RS125,2009,191089
RS125,2010,189684
RS125,2011,187653
RS125,2012,186460
RS125,2013,185325
RS125,2014,184202
RS125,2015,183143
RS125,2016,181941
RS125,2017,180790
RS125,2018,179907
RS125,2019,178853
RS125,2020,177736
RS125,2021,176354
RS125,2022,174440
RS125,2023,159934
RS125,2024,158688
RS126,2000,209966
RS126,2001,208981
RS126,2002,208456
RS126,2003,206788
RS126,2004,204751
RS126,2005,202897
RS126,2006,200608
RS126,2007,198404
RS126,2008,196097
RS126,2009,193844
RS126,2010,191664
RS126,2011,188859
RS126,2012,187000
RS126,2013,185206
RS126,2014,183431
RS126,2015,181725
RS126,2016,179883
RS126,2017,178099
RS126,2018,176515
RS126,2019,174732
RS126,2020,173017
RS126,2021,170957
RS126,2022,168556
RS126,2023,157379
RS126,2024,156049
RS127,2000,330159
RS127,2001,332672
RS127,2002,335901
RS127,2003,334290
RS127,2004,332078
RS127,2005,330158
RS127,2006,327523
RS127,2007,325018
RS127,2008,322335
RS127,2009,319731
RS127,2010,317239
RS127,2011,313699
RS127,2012,311658
RS127,2013,309716
RS127,2014,307794
RS127,2015,305979
RS127,2016,303925
RS127,2017,301958
RS127,2018,300018
RS127,2019,298099
RS127,2020,296295
RS127,2021,293965
RS127,2022,291189
RS127,2023,282237
RS127,2024,280923
RS211,2000,316198
RS211,2001,314450
RS211,2002,313396
RS211,2003,311377
RS211,2004,308800
RS211,2005,306497
RS211,2006,303534
RS211,2007,300695
RS211,2008,297696
RS211,2009,294775
RS211,2010,291960
RS211,2011,288188
RS211,2012,285459
RS211,2013,282828
RS211,2014,280225
RS211,2015,277727
RS211,2016,275020
RS211,2017,272400
RS211,2018,269760
RS211,2019,267026
RS211,2020,264251
RS211,2021,261077
RS211,2022,257288
RS211,2023,254167
RS211,2024,251869
RS212,2000,192977
RS212,2001,192379
RS212,2002,192204
RS212,2003,190836
RS212,2004,189127
RS212,2005,187586
RS212,2006,185642
RS212,2007,183775
RS212,2008,181811
RS212,2009,179896
RS212,2010,178048
RS212,2011,175616
RS212,2012,173974
RS212,2013,172392
RS212,2014,170827
RS212,2015,169325
RS212,2016,167696
RS212,2017,166120
RS212,2018,164428
RS212,2019,162887
RS212,2020,161442
RS212,2021,159672
RS212,2022,157489
RS212,2023,154107
RS212,2024,152813
RS213,2000,330196
RS213,2001,329550
RS213,2002,329625
RS213,2003,327247
RS213,2004,324284
RS213,2005,321611
RS213,2006,318245
RS213,2007,315013
RS213,2008,311614
RS213,2009,308300
RS213,2010,305099
RS213,2011,300900
RS213,2012,298044
RS213,2013,295290
RS213,2014,292565
RS213,2015,289950
RS213,2016,287117
RS213,2017,284375
RS213,2018,281640
RS213,2019,278943
RS213,2020,276177
RS213,2021,272921
RS213,2022,268766
RS213,2023,264891
RS213,2024,262505
RS214,2000,225012
RS214,2001,224646
RS214,2002,224772
RS214,2003,224123
RS214,2004,223071
RS214,2005,222212
RS214,2006,220869
RS214,2007,219611
RS214,2008,218228
RS214,2009,216896
RS214,2010,215635
RS214,2011,213658
RS214,2012,211809
RS214,2013,210031
RS214,2014,208272
RS214,2015,206589
RS214,2016,204750
RS214,2017,202973
RS214,2018,201081
RS214,2019,199330
RS214,2020,197650
RS214,2021,195384
RS214,2022,192760
RS214,2023,188935
RS214,2024,187361
RS215,2000,233038
RS215,2001,229980
RS215,2002,227435
RS215,2003,226745
RS215,2004,225646
RS215,2005,224744
RS215,2006,223352
RS215,2007,222046
RS215,2008,220615
RS215,2009,219235
RS215,2010,217927
RS215,2011,215896
RS215,2012,213721
RS215,2013,211620
RS215,2014,209542
RS215,2015,207543
RS215,2016,205389
RS215,2017,203302
RS215,2018,200749
RS215,2019,198646
RS215,2020,196079
RS215,2021,193272
RS215,2022,189248
RS215,2023,181625
RS215,2024,179344
RS216,2000,262653
RS216,2001,260759
RS216,2002,259441
RS216,2003,258343
RS216,2004,256781
RS216,2005,255444
RS216,2006,253553
RS216,2007,251761
RS216,2008,249830
RS216,2009,247959
RS216,2010,246173
RS216,2011,243573
RS216,2012,240909
RS216,2013,238332
RS216,2014,235782
RS216,2015,233323
RS216,2016,230693
RS216,2017,228139
RS216,2018,225475
RS216,2019,222907
RS216,2020,220438
RS216,2021,217595
RS216,2022,213662
RS216,2023,206591
RS216,2024,204429
RS217,2000,291768
RS217,2001,291180
RS217,2002,291230
RS217,2003,294081
RS217,2004,296387
RS217,2005,298933
RS217,2006,300805
RS217,2007,302762
RS217,2008,304517
RS217,2009,306311
RS217,2010,308176
RS217,2011,308975
RS217,2012,308504
RS217,2013,308115
RS217,2014,307732
RS217,2015,307442
RS217,2016,306896
RS217,2017,306422
RS217,2018,305487
RS217,2019,304807
RS217,2020,304147
RS217,2021,302956
RS217,2022,301129
RS217,2023,296875
RS217,2024,296628
RS218,2000,300048
RS218,2001,299085
RS218,2002,298778
RS218,2003,299067
RS218,2004,298811
RS218,2005,298811
RS218,2006,298151
RS218,2007,297597
RS218,2008,296864
RS218,2009,296191
RS218,2010,295605
RS218,2011,294025
RS218,2012,292579
RS218,2013,291221
RS218,2014,289878
RS218,2015,288631
RS218,2016,287155
RS218,2017,285755
RS218,2018,284160
RS218,2019,282309
RS218,2020,280245
RS218,2021,277590
RS218,2022,274299
RS218,2023,269258
RS218,2024,267823
RS221,2000,151656
RS221,2001,148936
RS221,2002,146551
RS221,2003,144615
RS221,2004,142423
RS221,2005,140363
RS221,2006,138006
RS221,2007,135715
RS221,2008,133359
RS221,2009,131047
RS221,2010,128790
RS221,2011,126123
RS221,2012,124331
RS221,2013,122588
RS221,2014,120863
RS221,2015,119189
RS221,2016,117431
RS221,2017,115716
RS221,2018,113914
RS221,2019,112085
RS221,2020,110219
RS221,2021,108201
RS221,2022,105741
RS221,2023,100711
RS221,2024,99184
RS222,2000,209395
RS222,2001,204868
RS222,2002,200806
RS222,2003,199547
RS222,2004,197931
RS222,2005,196491
RS222,2006,194627
RS222,2007,192843
RS222,2008,190955
RS222,2009,189117
RS222,2010,187347
RS222,2011,184962
RS222,2012,182617
RS222,2013,180340
RS222,2014,178087
RS222,2015,175906
RS222,2016,173599
RS222,2017,171353
RS222,2018,169063
RS222,2019,166777
RS222,2020,164490
RS222,2021,161625
RS222,2022,158517
RS222,2023,155892
RS222,2024,154011
RS223,2000,140668
RS223,2001,138960
RS223,2002,137561
RS223,2003,136059
RS223,2004,134316
RS223,2005,132695
RS223,2006,130792
RS223,2007,128948
RS223,2008,127039
RS223,2009,125170
RS223,2010,123351
RS223,2011,121135
RS223,2012,119308
RS223,2013,117528
RS223,2014,115767
RS223,2015,114055
RS223,2016,112264
RS223,2017,110516
RS223,2018,108753
RS223,2019,106917
RS223,2020,105280
RS223,2021,103425
RS223,2022,101003
RS223,2023,96365
RS223,2024,94761
RS224,2000,242525
RS224,2001,241458
RS224,2002,240923
RS224,2003,238941
RS224,2004,236533
RS224,2005,234337
RS224,2006,231638
RS224,2007,229039
RS224,2008,226320
RS224,2009,223665
RS224,2010,221094
RS224,2011,217803
RS224,2012,215489
RS224,2013,213252
RS224,2014,211038
RS224,2015,208906
RS224,2016,206619
RS224,2017,204400
RS224,2018,202105
RS224,2019,199946
RS224,2020,197532
RS224,2021,194999
RS224,2022,191728
RS224,2023,184142
RS224,2024,182015
RS225,2000,382888
RS225,2001,381904
RS225,2002,381757
RS225,2003,382331
RS225,2004,382209
RS225,2005,382412
RS225,2006,381770
RS225,2007,381262
RS225,2008,380523
RS225,2009,379858
RS225,2010,379305
RS225,2011,377473
RS225,2012,375316
RS225,2013,373275
RS225,2014,371257
RS225,2015,369364
RS225,2016,367180
RS225,2017,365097
RS225,2018,363217
RS225,2019,361446
RS225,2020,359545
RS225,2021,356298
RS225,2022,351904
RS225,2023,343648
RS225,2024,341691
RS226,2000,107248
RS226,2001,106333
RS226,2002,105654
RS226,2003,104524
RS226,2004,103208
RS226,2005,101986
RS226,2006,100547
RS226,2007,99153
RS226,2008,97710
RS226,2009,96297
RS226,2010,94922
RS226,2011,93241
RS226,2012,92082
RS226,2013,90958
RS226,2014,89845
RS226,2015,88768
RS226,2016,87627
RS226,2017,86517
RS226,2018,85410
RS226,2019,84244
RS226,2020,83153
RS226,2021,81919
RS226,2022,80410
RS226,2023,76430
RS226,2024,75476
RS227,2000,212052
RS227,2001,210787
RS227,2002,209987
RS227,2003,209440
RS227,2004,208515
RS227,2005,207772
RS227,2006,206575
RS227,2007,205457
RS227,2008,204222
RS227,2009,203034
RS227,2010,201912
RS227,2011,200119
RS227,2012,198389
RS227,2013,196726
RS227,2014,195081
RS227,2015,193507
RS227,2016,191786
RS227,2017,190124
RS227,2018,188057
RS227,2019,185950
RS227,2020,184039
RS227,2021,181753
RS227,2022,179047
RS227,2023,175290
RS227,2024,173799
RS228,2000,229646
RS228,2001,228416
RS228,2002,227690
RS228,2003,225870
RS228,2004,223647
RS228,2005,221625
RS228,2006,219126
RS228,2007,216721
RS228,2008,214203
RS228,2009,211744
RS228,2010,209365
RS228,2011,206303
RS228,2012,205073
RS228,2013,203907
RS228,2014,202753
RS228,2015,201669
RS228,2016,200426
RS228,2017,199239
RS228,2018,198102
RS228,2019,196971
RS228,2020,195894
RS228,2021,194188
RS228,2022,191959
RS228,2023,193454
RS228,2024,192013
RS229,2000,103413
RS229,2001,102631
RS229,2002,102075
RS229,2003,101244
RS229,2004,100233
RS229,2005,99312
RS229,2006,98178
RS229,2007,97086
RS229,2008,95943
RS229,2009,94826
RS229,2010,93746
RS229,2011,92360
RS229,2012,91231
RS229,2013,90136
RS229,2014,89053
RS229,2015,88005
RS229,2016,86893
RS229,2017,85812
RS229,2018,84762
RS229,2019,83743
RS229,2020,82658
RS229,2021,81474
RS229,2022,80054
RS229,2023,77132
RS229,2024,76415
SE,2000,8861426
SE,2001,8882792
SE,2002,8909128
SE,2003,8940788
SE,2004,8975670
SE,2005,9011392
SE,2006,9047752
SE,2007,9113257
SE,2008,9182927
SE,2009,9256347
SE,2010,9340682
SE,2011,9415570
SE,2012,9482855
SE,2013,9555893
SE,2014,9644864
SE,2015,9747355
SE,2016,9851017
SE,2017,9995153
SE,2018,10120242
SE,2019,10230185
SE,2020,10327589
SE,2021,10379295
SE,2022,10452326
SE,2023,10521556
SE,2024,10551707
SE110,2000,1803377
SE110,2001,1823210
SE110,2002,1838882
SE110,2003,1850467
SE110,2004,1860872
SE110,2005,1872900
SE110,2006,1889945
SE110,2007,1918104
SE110,2008,1949516
SE110,2009,1981263
SE110,2010,2019182
SE110,2011,2054343
SE110,2012,2091473
SE110,2013,2127006
SE110,2014,2163042
SE110,2015,2198044
SE110,2016,2231439
SE110,2017,2269060
SE110,2018,2308143
SE110,2019,2344124
SE110,2020,2377081
SE110,2021,2391990
SE110,2022,2415139
SE110,2023,2440027
SE110,2024,2454821
SE121,2000,305281
SE121,2001,307141
SE121,2002,309679
SE121,2003,311796
SE121,2004,313717
SE121,2005,315877
SE121,2006,317759
SE121,2007,319925
SE121,2008,323270
SE121,2009,327188
SE121,2010,331898
SE121,2011,335882
SE121,2012,338630
SE121,2013,341977
SE121,2014,345481
SE121,2015,348942
SE121,2016,354164
SE121,2017,361373
SE121,2018,368971
SE121,2019,376354
SE121,2020,383713
SE121,2021,388394
SE121,2022,395026
SE121,2023,400682
SE121,2024,404589
SE122,2000,255890
SE122,2001,256033
SE122,2002,257220
SE122,2003,259006
SE122,2004,260380
SE122,2005,261070
SE122,2006,261895
SE122,2007,263099
SE122,2008,265190
SE122,2009,267524
SE122,2010,269053
SE122,2011,270738
SE122,2012,272563
SE122,2013,274723
SE122,2014,277569
SE122,2015,280666
SE122,2016,283712
SE122,2017,288097
SE122,2018,291341
SE122,2019,294695
SE122,2020,297540
SE122,2021,299401
SE122,2022,301801
SE122,2023,302566
SE122,2024,301944
SE123,2000,411320
SE123,2001,411345
SE123,2002,412363
SE123,2003,413438
SE123,2004,414897
SE123,2005,415990
SE123,2006,416303
SE123,2007,417966
SE123,2008,420809
SE123,2009,423169
SE123,2010,427106
SE123,2011,429642
SE123,2012,431075
SE123,2013,433784
SE123,2014,437848
SE123,2015,442105
SE123,2016,445661
SE123,2017,452105
SE123,2018,457496
SE123,2019,461583
SE123,2020,465495
SE123,2021,467158
SE123,2022,469704
SE123,2023,471912
SE123,2024,472298
SE124,2000,273822
SE124,2001,273615
SE124,2002,273137
SE124,2003,273412
SE124,2004,273935
SE124,2005,273920
SE124,2006,274121
SE124,2007,275030
SE124,2008,276067
SE124,2009,277732
SE124,2010,278882
SE124,2011,280230
SE124,2012,281572
SE124,2013,283113
SE124,2014,285395
SE124,2015,288150
SE124,2016,291012
SE124,2017,294941
SE124,2018,298907
SE124,2019,302252
SE124,2020,304805
SE124,2021,305643
SE124,2022,306792
SE124,2023,307772
SE124,2024,308116
SE125,2000,244035
SE125,2001,243944
SE125,2002,244905
SE125,2003,245771
SE125,2004,246912
SE125,2005,247692
SE125,2006,247999
SE125,2007,248489
SE125,2008,249193
SE125,2009,249974
SE125,2010,251353
SE125,2011,252756
SE125,2012,254257
SE125,2013,256224
SE125,2014,259054
SE125,2015,261703
SE125,2016,264276
SE125,2017,267629
SE125,2018,271095
SE125,2019,273929
SE125,2020,275845
SE125,2021,277141
SE125,2022,278967
SE125,2023,280713
SE125,2024,280813
SE211,2000,327266
SE211,2001,327829
SE211,2002,327824
SE211,2003,327971
SE211,2004,328659
SE211,2005,329297
SE211,2006,330179
SE211,2007,331539
SE211,2008,333610
SE211,2009,335246
SE211,2010,336044
SE211,2011,336866
SE211,2012,337896
SE211,2013,339116
SE211,2014,341235
SE211,2015,344262
SE211,2016,347837
SE211,2017,352735
SE211,2018,357237
SE211,2019,360825
SE211,2020,363599
SE211,2021,365010
SE211,2022,367064
SE211,2023,369113
SE211,2024,368856
SE212,2000,177149
SE212,2001,176639
SE212,2002,176582
SE212,2003,176978
SE212,2004,177448
SE212,2005,178285
SE212,2006,178443
SE212,2007,179635
SE212,2008,180787
SE212,2009,182224
SE212,2010,183162
SE212,2011,183940
SE212,2012,184654
SE212,2013,185887
SE212,2014,187156
SE212,2015,189128
SE212,2016,191369
SE212,2017,194628
SE212,2018,197519
SE212,2019,199886
SE212,2020,201469
SE212,2021,202263
SE212,2022,203340
SE212,2023,204335
SE212,2024,203686
SE213,2000,236501
SE213,2001,235391
SE213,2002,234697
SE213,2003,234627
SE213,2004,234886
SE213,2005,234496
SE213,2006,233944
SE213,2007,233776
SE213,2008,233834
SE213,2009,233397
SE213,2010,233639
SE213,2011,233536
SE213,2012,233090
SE213,2013,233548
SE213,2014,233874
SE213,2015,235598
SE213,2016,237679
SE213,2017,242301
SE213,2018,243536
SE213,2019,244670
SE213,2020,245446
SE213,2021,246010
SE213,2022,247175
SE213,2023,247711
SE213,2024,246667
SE214,2000,57428
SE214,2001,57313
SE214,2002,57412
SE214,2003,57381
SE214,2004,57535
SE214,2005,57661
SE214,2006,57488
SE214,2007,57297
SE214,2008,57122
SE214,2009,57004
SE214,2010,57221
SE214,2011,57269
SE214,2012,57308
SE214,2013,57241
SE214,2014,57161
SE214,2015,57255
SE214,2016,57391
SE214,2017,58003
SE214,2018,58595
SE214,2019,59249
SE214,2020,59686
SE214,2021,60124
SE214,2022,61001
SE214,2023,61173
SE214,2024,61029
SE221,2000,150625
SE221,2001,150392
SE221,2002,150017
SE221,2003,149875
SE221,2004,149889
SE221,2005,150335
SE221,2006,150696
SE221,2007,151436
SE221,2008,151900
SE221,2009,152259
SE221,2010,152591
SE221,2011,153227
SE221,2012,152979
SE221,2013,152315
SE221,2014,152757
SE221,2015,154157
SE221,2016,156253
SE221,2017,158453
SE221,2018,159371
SE221,2019,159684
SE221,2020,159606
SE221,2021,159056
SE221,2022,158937
SE221,2023,158740
SE221,2024,157973
SE224,2000,1123786
SE224,2001,1129424
SE224,2002,1136571
SE224,2003,1145090
SE224,2004,1152697
SE224,2005,1160919
SE224,2006,1169464
SE224,2007,1184500
SE224,2008,1199357
SE224,2009,1214758
SE224,2010,1231062
SE224,2011,1243329
SE224,2012,1252933
SE224,2013,1263088
SE224,2014,1274069
SE224,2015,1288908
SE224,2016,1303627
SE224,2017,1324565
SE224,2018,1344689
SE224,2019,1362164
SE224,2020,1377827
SE224,2021,1389336
SE224,2022,1402425
SE224,2023,1414324
SE224,2024,1421781
SE231,2000,273537
SE231,2001,275004
SE231,2002,276653
SE231,2003,278551
SE231,2004,281322
SE231,2005,283788
SE231,2006,285868
SE231,2007,288859
SE231,2008,291393
SE231,2009,293572
SE231,2010,296825
SE231,2011,299484
SE231,2012,301724
SE231,2013,304116
SE231,2014,306840
SE231,2015,310665
SE231,2016,314784
SE231,2017,320333
SE231,2018,324825
SE231,2019,329352
SE231,2020,333848
SE231,2021,336748
SE231,2022,340243
SE231,2023,342805
SE231,2024,343746
SE232,2000,1488709
SE232,2001,1494641
SE232,2002,1500857
SE232,2003,1508230
SE232,2004,1514992
SE232,2005,1521895
SE232,2006,1528455
SE232,2007,1538284
SE232,2008,1547298
SE232,2009,1558130
SE232,2010,1569458
SE232,2011,1580297
SE232,2012,1590604
SE232,2013,1600447
SE232,2014,1615084
SE232,2015,1632012
SE232,2016,1648682
SE232,2017,1671783
SE232,2018,1690782
SE232,2019,1709814
SE232,2020,1725881
SE232,2021,1734443
SE232,2022,1744859
SE232,2023,1758656
SE232,2024,1767016
SE311,2000,276600
SE311,2001,275003
SE311,2002,273933
SE311,2003,273419
SE311,2004,273563
SE311,2005,273547
SE311,2006,273288
SE311,2007,273489
SE311,2008,273826
SE311,2009,273374
SE311,2010,273257
SE311,2011,273265
SE311,2012,272736
SE311,2013,273080
SE311,2014,273815
SE311,2015,274691
SE311,2016,275904
SE311,2017,279334
SE311,2018,280399
SE311,2019,281482
SE311,2020,282414
SE311,2021,282885
SE311,2022,283196
SE311,2023,283976
SE311,2024,283548
SE312,2000,280575
SE312,2001,278259
SE312,2002,277010
SE312,2003,276636
SE312,2004,276520
SE312,2005,276042
SE312,2006,275755
SE312,2007,275711
SE312,2008,275618
SE312,2009,275867
SE312,2010,276454
SE312,2011,277047
SE312,2012,276565
SE312,2013,276555
SE312,2014,277349
SE312,2015,278903
SE312,2016,281028
SE312,2017,284531
SE312,2018,286165
SE312,2019,287191
SE312,2020,287966
SE312,2021,287676
SE312,2022,288387
SE312,2023,288310
SE312,2024,287253
SE313,2000,280717
SE313,2001,279262
SE313,2002,278171
SE313,2003,277012
SE313,2004,276866
SE313,2005,276599
SE313,2006,275994
SE313,2007,275653
SE313,2008,275556
SE313,2009,275908
SE313,2010,276220
SE313,2011,276508
SE313,2012,276130
SE313,2013,276637
SE313,2014,277970
SE313,2015,279991
SE313,2016,281815
SE313,2017,284586
SE313,2018,285637
SE313,2019,286547
SE313,2020,287382
SE313,2021,287502
SE313,2022,287767
SE313,2023,287334
SE313,2024,285642
SE321,2000,249299
SE321,2001,246903
SE321,2002,245078
SE321,2003,244319
SE321,2004,244105
SE321,2005,244195
SE321,2006,243736
SE321,2007,243978
SE321,2008,243449
SE321,2009,243372
SE321,2010,243042
SE321,2011,242625
SE321,2012,242155
SE321,2013,241981
SE321,2014,242156
SE321,2015,243061
SE321,2016,243897
SE321,2017,245572
SE321,2018,245968
SE321,2019,245453
SE321,2020,245347
SE321,2021,244554
SE321,2022,244193
SE321,2023,243265
SE321,2024,242148
SE322,2000,130705
SE322,2001,129566
SE322,2002,128586
SE322,2003,127947
SE322,2004,127645
SE322,2005,127424
SE322,2006,127028
SE322,2007,127020
SE322,2008,126937
SE322,2009,126897
SE322,2010,126666
SE322,2011,126691
SE322,2012,126299
SE322,2013,126201
SE322,2014,126461
SE322,2015,126765
SE322,2016,127376
SE322,2017,128673
SE322,2018,129806
SE322,2019,130280
SE322,2020,130810
SE322,2021,131155
SE322,2022,132054
SE322,2023,132670
SE322,2024,132572
SE331,2000,256710
SE331,2001,255640
SE331,2002,254818
SE331,2003,255230
SE331,2004,255956
SE331,2005,256875
SE331,2006,257652
SE331,2007,257581
SE331,2008,257593
SE331,2009,257812
SE331,2010,258548
SE331,2011,259286
SE331,2012,259667
SE331,2013,260217
SE331,2014,261112
SE331,2015,262362
SE331,2016,263378
SE331,2017,265881
SE331,2018,268465
SE331,2019,270154
SE331,2020,271736
SE331,2021,273192
SE331,2022,274563
SE331,2023,276295
SE331,2024,278729
SE332,2000,258094
SE332,2001,256238
SE332,2002,254733
SE332,2003,253632
SE332,2004,252874
SE332,2005,252585
SE332,2006,251740
SE332,2007,251886
SE332,2008,250602
SE332,2009,249677
SE332,2010,249019
SE332,2011,248609
SE332,2012,248545
SE332,2013,248637
SE332,2014,249436
SE332,2015,249987
SE332,2016,249733
SE332,2017,250570
SE332,2018,251295
SE332,2019,250497
SE332,2020,250093
SE332,2021,249614
SE332,2022,249693
SE332,2023,249177
SE332,2024,248480
SI,2000,1987755
SI,2001,1990094
SI,2002,1994026
SI,2003,1995033
SI,2004,1996433
SI,2005,1997590
SI,2006,2003358
SI,2007,2010377
SI,2008,2010269
SI,2009,2032362
SI,2010,2046976
SI,2011,2050189
SI,2012,2055496
SI,2013,2058821
SI,2014,2061085
SI,2015,2062874
SI,2016,2064188
SI,2017,2065895
SI,2018,2066880
SI,2019,2080908
SI,2020,2095861
SI,2021,2108977
SI,2022,2107180
SI,2023,2116972
SI,2024,2123949
SI031,2000,124969
SI031,2001,124329
SI031,2002,123948
SI031,2003,123550
SI031,2004,123073
SI031,2005,122717
SI031,2006,122453
SI031,2007,122068
SI031,2008,120023
SI031,2009,119537
SI031,2010,119548
SI031,2011,119145
SI031,2012,118988
SI031,2013,118022
SI031,2014,117133
SI031,2015,116670
SI031,2016,116078
SI031,2017,115477
SI031,2018,114776
SI031,2019,114287
SI031,2020,114238
SI031,2021,114725
SI031,2022,114226
SI031,2023,114104
SI031,2024,113668
SI032,2000,319605
SI032,2001,319717
SI032,2002,320078
SI032,2003,319804
SI032,2004,319426
SI032,2005,319114
SI032,2006,319235
SI032,2007,319706
SI032,2008,322266
SI032,2009,322900
SI032,2010,323343
SI032,2011,323119
SI032,2012,323534
SI032,2013,323238
SI032,2014,323328
SI032,2015,323356
SI032,2016,322553
SI032,2017,322043
SI032,2018,322058
SI032,2019,324104
SI032,2020,325994
SI032,2021,328469
SI032,2022,327998
SI032,2023,329014
SI032,2024,330572
SI033,2000,74047
SI033,2001,74075
SI033,2002,74027
SI033,2003,73901
SI033,2004,73860
SI033,2005,73839
SI033,2006,73754
SI033,2007,73619
SI033,2008,72427
SI033,2009,72481
SI033,2010,72812
SI033,2011,72494
SI033,2012,72364
SI033,2013,72100
SI033,2014,71546
SI033,2015,71303
SI033,2016,71040
SI033,2017,70761
SI033,2018,70550
SI033,2019,70588
SI033,2020,70755
SI033,2021,70635
SI033,2022,70571
SI033,2023,70718
SI033,2024,70492
SI034,2000,249461
SI034,2001,249612
SI034,2002,250105
SI034,2003,250791
SI034,2004,250683
SI034,2005,250656
SI034,2006,251307
SI034,2007,252417
SI034,2008,250423
SI034,2009,252915
SI034,2010,254131
SI034,2011,253845
SI034,2012,254382
SI034,2013,254417
SI034,2014,254131
SI034,2015,253975
SI034,2016,254318
SI034,2017,254761
SI034,2018,254760
SI034,2019,256359
SI034,2020,257847
SI034,2021,258908
SI034,2022,258699
SI034,2023,260132
SI034,2024,261786
SI035,2000,62413
SI035,2001,62096
SI035,2002,62002
SI035,2003,60331
SI035,2004,60182
SI035,2005,60041
SI035,2006,59874
SI035,2007,59835
SI035,2008,59108
SI035,2009,59279
SI035,2010,59445
SI035,2011,59085
SI035,2012,58826
SI035,2013,58519
SI035,2014,58037
SI035,2015,57711
SI035,2016,57404
SI035,2017,57280
SI035,2018,57061
SI035,2019,56962
SI035,2020,57156
SI035,2021,57204
SI035,2022,56883
SI035,2023,57091
SI035,2024,57243
SI036,2000,75187
SI036,2001,75058
SI036,2002,75190
SI036,2003,76072
SI036,2004,76182
SI036,2005,75922
SI036,2006,75967
SI036,2007,76121
SI036,2008,75237
SI036,2009,75830
SI036,2010,76086
SI036,2011,76048
SI036,2012,76035
SI036,2013,76011
SI036,2014,75680
SI036,2015,75619
SI036,2016,75711
SI036,2017,75544
SI036,2018,75359
SI036,2019,75559
SI036,2020,75824
SI036,2021,75928
SI036,2022,75824
SI036,2023,75987
SI036,2024,76027
SI037,2000,137926
SI037,2001,138098
SI037,2002,138380
SI037,2003,138644
SI037,2004,138848
SI037,2005,139095
SI037,2006,139747
SI037,2007,140258
SI037,2008,139166
SI037,2009,141166
SI037,2010,142092
SI037,2011,142483
SI037,2012,142680
SI037,2013,142509
SI037,2014,142405
SI037,2015,142373
SI037,2016,142566
SI037,2017,142711
SI037,2018,142819
SI037,2019,144032
SI037,2020,145357
SI037,2021,145923
SI037,2022,146252
SI037,2023,147088
SI037,2024,147789
SI038,2000,50544
SI038,2001,50585
SI038,2002,50760
SI038,2003,50775
SI038,2004,50913
SI038,2005,51032
SI038,2006,51173
SI038,2007,51483
SI038,2008,51107
SI038,2009,51728
SI038,2010,52217
SI038,2011,52287
SI038,2012,52387
SI038,2013,52382
SI038,2014,52449
SI038,2015,52538
SI038,2016,52523
SI038,2017,52582
SI038,2018,52334
SI038,2019,52544
SI038,2020,52841
SI038,2021,53254
SI038,2022,53334
SI038,2023,53751
SI038,2024,54109
SI041,2000,473354
SI041,2001,475692
SI041,2002,477628
SI041,2003,479020
SI041,2004,480681
SI041,2005,482181
SI041,2006,485503
SI041,2007,489329
SI041,2008,496371
SI041,2009,507436
SI041,2010,514907
SI041,2011,518350
SI041,2012,521584
SI041,2013,526701
SI041,2014,531260
SI041,2015,534518
SI041,2016,537023
SI041,2017,539672
SI041,2018,542306
SI041,2019,549171
SI041,2020,555274
SI041,2021,555948
SI041,2022,555213
SI041,2023,561407
SI041,2024,565353
SI042,2000,196477
SI042,2001,196701
SI042,2002,197277
SI042,2003,197648
SI042,2004,197834
SI042,2005,198342
SI042,2006,199085
SI042,2007,199902
SI042,2008,199923
SI042,2009,201779
SI042,2010,202903
SI042,2011,203427
SI042,2012,204057
SI042,2013,203984
SI042,2014,203894
SI042,2015,203850
SI042,2016,203838
SI042,2017,203800
SI042,2018,203636
SI042,2019,204670
SI042,2020,206621
SI042,2021,211069
SI042,2022,211227
SI042,2023,210188
SI042,2024,209451
SI043,2000,120444
SI043,2001,120314
SI043,2002,120413
SI043,2003,119938
SI043,2004,119742
SI043,2005,119622
SI043,2006,119628
SI043,2007,119477
SI043,2008,117914
SI043,2009,118533
SI043,2010,119080
SI043,2011,119146
SI043,2012,119236
SI043,2013,119002
SI043,2014,118374
SI043,2015,118188
SI043,2016,118064
SI043,2017,117747
SI043,2018,117260
SI043,2019,117616
SI043,2020,118041
SI043,2021,118525
SI043,2022,118313
SI043,2023,118436
SI043,2024,118254
SI044,2000,103328
SI044,2001,103817
SI044,2002,104218
SI044,2003,104559
SI044,2004,105009
SI044,2005,105029
SI044,2006,105632
SI044,2007,106162
SI044,2008,106304
SI044,2009,108778
SI044,2010,110412
SI044,2011,110760
SI044,2012,111423
SI044,2013,111936
SI044,2014,112848
SI044,2015,112773
SI044,2016,113070
SI044,2017,113517
SI044,2018,113961
SI044,2019,115016
SI044,2020,115913
SI044,2021,118389
SI044,2022,118640
SI044,2023,119056
SI044,2024,119205
SK,2000,5398657
SK,2001,5378783
SK,2002,5378951
SK,2003,5374873
SK,2004,5371875
SK,2005,5372685
SK,2006,5372928
SK,2007,5373180
SK,2008,5376064
SK,2009,5382401
SK,2010,5390410
SK,2011,5392446
SK,2012,5404322
SK,2013,5410836
SK,2014,5415949
SK,2015,5421349
SK,2016,5426252
SK,2017,5435343
SK,2018,5443120
SK,2019,5450421
SK,2020,5457873
SK,2021,5446820
SK,2022,5434712
SK,2023,5428792
SK,2024,5424687
SK010,2000,616982
SK010,2001,598781
SK010,2002,599042
SK010,2003,596720
SK010,2004,594113
SK010,2005,592759
SK010,2006,592301
SK010,2007,592062
SK010,2008,592824
SK010,2009,594966
SK010,2010,597999
SK010,2011,599931
SK010,2012,612465
SK010,2013,624390
SK010,2014,636157
SK010,2015,648063
SK010,2016,660057
SK010,2017,672625
SK010,2018,685161
SK010,2019,697640
SK010,2020,710201
SK010,2021,719537
SK010,2022,723714
SK010,2023,728370
SK010,2024,732757
SK021,2000,552189
SK021,2001,551182
SK021,2002,550918
SK021,2003,549924
SK021,2004,550104
SK021,2005,550380
SK021,2006,550439
SK021,2007,550361
SK021,2008,551370
SK021,2009,553126
SK021,2010,553794
SK021,2011,554021
SK021,2012,555509
SK021,2013,556577
SK021,2014,557608
SK021,2015,558677
SK021,2016,559697
SK021,2017,561156
SK021,2018,562372
SK021,2019,563591
SK021,2020,564917
SK021,2021,565324
SK021,2022,565296
SK021,2023,565573
SK021,2024,566114
SK022,2000,607262
SK022,2001,605681
SK022,2002,604917
SK022,2003,603085
SK022,2004,601380
SK022,2005,600169
SK022,2006,598760
SK022,2007,597810
SK022,2008,597408
SK022,2009,596985
SK022,2010,595805
SK022,2011,594454
SK022,2012,594186
SK022,2013,593159
SK022,2014,592394
SK022,2015,591233
SK022,2016,589935
SK022,2017,588816
SK022,2018,587364
SK022,2019,585882
SK022,2020,584569
SK022,2021,582567
SK022,2022,573699
SK022,2023,570675
SK022,2024,568102
SK023,2000,716965
SK023,2001,714156
SK023,2002,712312
SK023,2003,709496
SK023,2004,706727
SK023,2005,704809
SK023,2006,702459
SK023,2007,699682
SK023,2008,697505
SK023,2009,695452
SK023,2010,693164
SK023,2011,690311
SK023,2012,689564
SK023,2013,688400
SK023,2014,686662
SK023,2015,684922
SK023,2016,682527
SK023,2017,680779
SK023,2018,678692
SK023,2019,676672
SK023,2020,674306
SK023,2021,671508
SK023,2022,673547
SK023,2023,670696
SK023,2024,668301
SK031,2000,691350
SK031,2001,691910
SK031,2002,692434
SK031,2003,691999
SK031,2004,691452
SK031,2005,691101
SK031,2006,690700
SK031,2007,690178
SK031,2008,689521
SK031,2009,689096
SK031,2010,689098
SK031,2011,688295
SK031,2012,689601
SK031,2013,690121
SK031,2014,690420
SK031,2015,690449
SK031,2016,690434
SK031,2017,690778
SK031,2018,691023
SK031,2019,691368
SK031,2020,691509
SK031,2021,691136
SK031,2022,689525
SK031,2023,688106
SK031,2024,687174
SK032,2000,664164
SK032,2001,662769
SK032,2002,661343
SK032,2003,661026
SK032,2004,660827
SK032,2005,661212
SK032,2006,660951
SK032,2007,660765
SK032,2008,660742
SK032,2009,660807
SK032,2010,661188
SK032,2011,660991
SK032,2012,658019
SK032,2013,654388
SK032,2014,650568
SK032,2015,647247
SK032,2016,644083
SK032,2017,641624
SK032,2018,639093
SK032,2019,636249
SK032,2020,633668
SK032,2021,625601
SK032,2022,620986
SK032,2023,617777
SK032,2024,614356
SK041,2000,784761
SK041,2001,788271
SK041,2002,791335
SK041,2003,793513
SK041,2004,795534
SK041,2005,797899
SK041,2006,800228
SK041,2007,802659
SK041,2008,804690
SK041,2009,807281
SK041,2010,810935
SK041,2011,813606
SK041,2012,814082
SK041,2013,813690
SK041,2014,813054
SK041,2015,812559
SK041,2016,812137
SK041,2017,812369
SK041,2018,812502
SK041,2019,812511
SK041,2020,812561
SK041,2021,808931
SK041,2022,807657
SK041,2023,808090
SK041,2024,808810
SK042,2000,764984
SK042,2001,766033
SK042,2002,766650
SK042,2003,769110
SK042,2004,771738
SK042,2005,774356
SK042,2006,777090
SK042,2007,779663
SK042,2008,782004
SK042,2009,784688
SK042,2010,788427
SK042,2011,790837
SK042,2012,790896
SK042,2013,790111
SK042,2014,789086
SK042,2015,788199
SK042,2016,787382
SK042,2017,787196
SK042,2018,786913
SK042,2019,786508
SK042,2020,786142
SK042,2021,782216
SK042,2022,780288
SK042,2023,779505
SK042,2024,779073
TR,2000,66889425
TR,2001,64729501
TR,2002,65603160
TR,2003,66401851
TR,2004,67187251
TR,2005,68010221
TR,2006,68860539
TR,2007,69729967
TR,2008,70586256
TR,2009,71517100
TR,2010,72561312
TR,2011,73722988
TR,2012,74724269
TR,2013,75627384
TR,2014,76667864
TR,2015,77695904
TR,2016,78741053
TR,2017,79814871
TR,2018,80810525
TR,2019,82003882
TR,2020,83154997
TR,2021,83614362
TR,2022,84680273
TR,2023,85279553
TR,2024,85372377
TR100,2000,11441506
TR100,2001,11072049
TR100,2002,11287847
TR100,2003,11492437
TR100,2004,11696330
TR100,2005,11908577
TR100,2006,12127122
TR100,2007,12350769
TR100,2008,12573836
TR100,2009,12697164
TR100,2010,12915158
TR100,2011,13255685
TR100,2012,13624240
TR100,2013,13854740
TR100,2014,14160467
TR100,2015,14377018
TR100,2016,14657434
TR100,2017,14804116
TR100,2018,15029231
TR100,2019,15067724
TR100,2020,15519267
TR100,2021,15462452
TR100,2022,15840900
TR100,2023,15907951
TR100,2024,15655924
TR211,2000,601275
TR211,2001,581859
TR211,2002,602174
TR211,2003,622118
TR211,2004,642238
TR211,2005,663058
TR211,2006,684428
TR211,2007,706315
TR211,2008,728396
TR211,2009,770772
TR211,2010,783310
TR211,2011,798109
TR211,2012,829873
TR211,2013,852321
TR211,2014,874475
TR211,2015,906732
TR211,2016,937910
TR211,2017,972875
TR211,2018,1005463
TR211,2019,1029927
TR211,2020,1055412
TR211,2021,1081065
TR211,2022,1113400
TR211,2023,1142451
TR211,2024,1167059
TR212,2000,406717
TR212,2001,393584
TR212,2002,394552
TR212,2003,394958
TR212,2004,395180
TR212,2005,395504
TR212,2006,395890
TR212,2007,396270
TR212,2008,396462
TR212,2009,394644
TR212,2010,395463
TR212,2011,390428
TR212,2012,399316
TR212,2013,399708
TR212,2014,398582
TR212,2015,400280
TR212,2016,402537
TR212,2017,401701
TR212,2018,406855
TR212,2019,411528
TR212,2020,413903
TR212,2021,407763
TR212,2022,412115
TR212,2023,414714
TR212,2024,419913
TR213,2000,335400
TR213,2001,324570
TR213,2002,326206
TR213,2003,327399
TR213,2004,328461
TR213,2005,329631
TR213,2006,330871
TR213,2007,332131
TR213,2008,333256
TR213,2009,336942
TR213,2010,333179
TR213,2011,332791
TR213,2012,340199
TR213,2013,341218
TR213,2014,340559
TR213,2015,343723
TR213,2016,346973
TR213,2017,351684
TR213,2018,356050
TR213,2019,360860
TR213,2020,361836
TR213,2021,361737
TR213,2022,366363
TR213,2023,369347
TR213,2024,377156
TR221,2000,1106082
TR221,2001,1070366
TR221,2002,1078323
TR221,2003,1084882
TR221,2004,1091067
TR221,2005,1097685
TR221,2006,1104597
TR221,2007,1111645
TR221,2008,1118313
TR221,2009,1130276
TR221,2010,1140085
TR221,2011,1152323
TR221,2012,1154314
TR221,2013,1160731
TR221,2014,1162761
TR221,2015,1189057
TR221,2016,1186688
TR221,2017,1196176
TR221,2018,1204824
TR221,2019,1226575
TR221,2020,1228620
TR221,2021,1240285
TR221,2022,1250610
TR221,2023,1257590
TR221,2024,1273519
TR222,2000,471535
TR222,2001,456309
TR222,2002,459618
TR222,2003,462330
TR222,2004,464881
TR222,2005,467613
TR222,2006,470469
TR222,2007,473380
TR222,2008,476128
TR222,2009,474791
TR222,2010,477735
TR222,2011,490397
TR222,2012,486445
TR222,2013,493691
TR222,2014,502328
TR222,2015,511790
TR222,2016,513341
TR222,2017,519793
TR222,2018,530417
TR222,2019,540662
TR222,2020,542157
TR222,2021,541548
TR222,2022,557276
TR222,2023,559383
TR222,2024,570499
TR310,2000,3544687
TR310,2001,3430226
TR310,2002,3476360
TR310,2003,3518516
TR310,2004,3559964
TR310,2005,3603398
TR310,2006,3648278
TR310,2007,3694166
TR310,2008,3739353
TR310,2009,3795978
TR310,2010,3868308
TR310,2011,3948848
TR310,2012,3965232
TR310,2013,4005459
TR310,2014,4061074
TR310,2015,4113072
TR310,2016,4168415
TR310,2017,4223545
TR310,2018,4279677
TR310,2019,4320519
TR310,2020,4367251
TR310,2021,4394694
TR310,2022,4425789
TR310,2023,4462056
TR310,2024,4479525
TR321,2000,907349
TR321,2001,878050
TR321,2002,888504
TR321,2003,897908
TR321,2004,907098
TR321,2005,916756
TR321,2006,926752
TR321,2007,936968
TR321,2008,946971
TR321,2009,965500
TR321,2010,979155
TR321,2011,989862
TR321,2012,999163
TR321,2013,1006541
TR321,2014,1020957
TR321,2015,1041979
TR321,2016,1053506
TR321,2017,1068260
TR321,2018,1080839
TR321,2019,1097746
TR321,2020,1110972
TR321,2021,1119084
TR321,2022,1134031
TR321,2023,1148241
TR321,2024,1161702
TR322,2000,886492
TR322,2001,857866
TR322,2002,865708
TR322,2003,872464
TR322,2004,878955
TR322,2005,885837
TR322,2006,892989
TR322,2007,900291
TR322,2008,907325
TR322,2009,917836
TR322,2010,926362
TR322,2011,931823
TR322,2012,942278
TR322,2013,950557
TR322,2014,963464
TR322,2015,978700
TR322,2016,993442
TR322,2017,1005687
TR322,2018,1018735
TR322,2019,1027782
TR322,2020,1037208
TR322,2021,1040915
TR322,2022,1051056
TR322,2023,1056332
TR322,2024,1059082
TR323,2000,688573
TR323,2001,666338
TR323,2002,680578
TR323,2003,694173
TR323,2004,707757
TR323,2005,721880
TR323,2006,736412
TR323,2007,751286
TR323,2008,766156
TR323,2009,791424
TR323,2010,802381
TR323,2011,817503
TR323,2012,838324
TR323,2013,851145
TR323,2014,866665
TR323,2015,894509
TR323,2016,908877
TR323,2017,923773
TR323,2018,938751
TR323,2019,967487
TR323,2020,983142
TR323,2021,1000773
TR323,2022,1021141
TR323,2023,1048185
TR323,2024,1066736
TR331,2000,1334963
TR331,2001,1291856
TR331,2002,1297503
TR331,2003,1301367
TR331,2004,1304687
TR331,2005,1308413
TR331,2006,1312398
TR331,2007,1316438
TR331,2008,1319920
TR331,2009,1316750
TR331,2010,1331957
TR331,2011,1379484
TR331,2012,1340074
TR331,2013,1346162
TR331,2014,1359463
TR331,2015,1367905
TR331,2016,1380366
TR331,2017,1396945
TR331,2018,1413041
TR331,2019,1429643
TR331,2020,1440611
TR331,2021,1450616
TR331,2022,1456626
TR331,2023,1468279
TR331,2024,1475716
TR332,2000,723887
TR332,2001,700512
TR332,2002,701695
TR332,2003,701866
TR332,2004,701696
TR332,2005,701693
TR332,2006,701784
TR332,2007,701853
TR332,2008,701572
TR332,2009,697365
TR332,2010,701326
TR332,2011,697559
TR332,2012,698626
TR332,2013,703948
TR332,2014,707123
TR332,2015,706371
TR332,2016,709015
TR332,2017,714523
TR332,2018,715693
TR332,2019,725568
TR332,2020,729483
TR332,2021,736912
TR332,2022,744179
TR332,2023,747555
TR332,2024,751344
TR333,2000,617908
TR333,2001,597955
TR333,2002,596981
TR333,2003,595094
TR333,2004,592870
TR333,2005,590730
TR333,2006,588622
TR333,2007,586441
TR333,2008,583910
TR333,2009,565884
TR333,2010,571804
TR333,2011,590496
TR333,2012,564264
TR333,2013,573421
TR333,2014,572059
TR333,2015,571554
TR333,2016,571463
TR333,2017,573642
TR333,2018,572256
TR333,2019,577941
TR333,2020,579257
TR333,2021,576688
TR333,2022,578640
TR333,2023,580701
TR333,2024,575674
TR334,2000,336052
TR334,2001,325201
TR334,2002,326868
TR334,2003,328093
TR334,2004,329186
TR334,2005,330387
TR334,2006,331661
TR334,2007,332956
TR334,2008,334115
TR334,2009,334111
TR334,2010,335860
TR334,2011,338019
TR334,2012,339731
TR334,2013,342269
TR334,2014,346508
TR334,2015,349459
TR334,2016,353048
TR334,2017,358736
TR334,2018,364971
TR334,2019,367514
TR334,2020,370509
TR334,2021,369433
TR334,2022,373183
TR334,2023,375454
TR334,2024,377001
TR411,2000,2220471
TR411,2001,2148770
TR411,2002,2190604
TR411,2003,2230263
TR411,2004,2269784
TR411,2005,2310924
TR411,2006,2353287
TR411,2007,2396639
TR411,2008,2439876
TR411,2009,2507963
TR411,2010,2550645
TR411,2011,2605495
TR411,2012,2652126
TR411,2013,2688171
TR411,2014,2740970
TR411,2015,2787539
TR411,2016,2842547
TR411,2017,2901396
TR411,2018,2936803
TR411,2019,2994521
TR411,2020,3056120
TR411,2021,3101833
TR411,2022,3147818
TR411,2023,3194720
TR411,2024,3214571
TR412,2000,670635
TR412,2001,648980
TR412,2002,660015
TR412,2003,670354
TR412,2004,680614
TR412,2005,691317
TR412,2006,702349
TR412,2007,713636
TR412,2008,724849
TR412,2009,741739
TR412,2010,755427
TR412,2011,764584
TR412,2012,781247
TR412,2013,789750
TR412,2014,799724
TR412,2015,812320
TR412,2016,826716
TR412,2017,844842
TR412,2018,860620
TR412,2019,871187
TR412,2020,887475
TR412,2021,888828
TR412,2022,898369
TR412,2023,906617
TR412,2024,915418
TR413,2000,210692
TR413,2001,203889
TR413,2002,204178
TR413,2003,204171
TR413,2004,204063
TR413,2005,204002
TR413,2006,203967
TR413,2007,203923
TR413,2008,203777
TR413,2009,193169
TR413,2010,202061
TR413,2011,225381
TR413,2012,203849
TR413,2013,204116
TR413,2014,208888
TR413,2015,209925
TR413,2016,212361
TR413,2017,218297
TR413,2018,221693
TR413,2019,223448
TR413,2020,219427
TR413,2021,218717
TR413,2022,228334
TR413,2023,228673
TR413,2024,228058
TR421,2000,1246217
TR421,2001,1205975
TR421,2002,1238554
TR421,2003,1270134
TR421,2004,1301853
TR421,2005,1334747
TR421,2006,1368547
TR421,2007,1403154
TR421,2008,1437926
TR421,2009,1490358
TR421,2010,1522408
TR421,2011,1560138
TR421,2012,1601720
TR421,2013,1634691
TR421,2014,1676202
TR421,2015,1722795
TR421,2016,1780055
TR421,2017,1830772
TR421,2018,1883270
TR421,2019,1906391
TR421,2020,1953035
TR421,2021,1997258
TR421,2022,2033441
TR421,2023,2079072
TR421,2024,2102907
TR422,2000,782328
TR422,2001,757066
TR422,2002,768565
TR422,2003,779220
TR422,2004,789749
TR422,2005,800755
TR422,2006,812112
TR422,2007,823727
TR422,2008,835222
TR422,2009,851292
TR422,2010,861570
TR422,2011,872872
TR422,2012,888556
TR422,2013,902267
TR422,2014,917373
TR422,2015,932706
TR422,2016,953181
TR422,2017,976948
TR422,2018,990214
TR422,2019,1010700
TR422,2020,1029650
TR422,2021,1042649
TR422,2022,1060876
TR422,2023,1080080
TR422,2024,1098115
TR423,2000,306303
TR423,2001,296412
TR423,2002,300426
TR423,2003,304096
TR423,2004,307706
TR423,2005,311488
TR423,2006,315397
TR423,2007,319393
TR423,2008,323328
TR423,2009,328611
TR423,2010,335156
TR423,2011,338188
TR423,2012,342146
TR423,2013,346493
TR423,2014,351509
TR423,2015,355549
TR423,2016,360388
TR423,2017,370371
TR423,2018,377610
TR423,2019,387844
TR423,2020,392166
TR423,2021,395679
TR423,2022,400976
TR423,2023,405131
TR423,2024,409865
TR424,2000,266957
TR424,2001,258337
TR424,2002,260325
TR424,2003,261976
TR424,2004,263541
TR424,2005,265210
TR424,2006,266953
TR424,2007,268730
TR424,2008,270417
TR424,2009,268882
TR424,2010,271545
TR424,2011,271208
TR424,2012,276506
TR424,2013,281080
TR424,2014,283496
TR424,2015,284789
TR424,2016,291095
TR424,2017,299896
TR424,2018,303184
TR424,2019,311810
TR424,2020,316126
TR424,2021,314802
TR424,2022,320014
TR424,2023,320824
TR424,2024,324789
TR425,2000,151129
TR425,2001,146249
TR425,2002,151179
TR425,2003,156012
TR425,2004,160885
TR425,2005,165930
TR425,2006,171107
TR425,2007,176410
TR425,2008,181758
TR425,2009,197412
TR425,2010,202531
TR425,2011,203741
TR425,2012,206535
TR425,2013,211799
TR425,2014,220122
TR425,2015,226514
TR425,2016,233009
TR425,2017,241665
TR425,2018,251203
TR425,2019,262234
TR425,2020,270976
TR425,2021,276050
TR425,2022,291001
TR425,2023,296333
TR425,2024,304780
TR510,2000,4010363
TR510,2001,3880865
TR510,2002,3964402
TR510,2003,4044201
TR510,2004,4123944
TR510,2005,4206845
TR510,2006,4292146
TR510,2007,4379453
TR510,2008,4466756
TR510,2009,4548939
TR510,2010,4650802
TR510,2011,4771716
TR510,2012,4890893
TR510,2013,4965542
TR510,2014,5045083
TR510,2015,5150072
TR510,2016,5270575
TR510,2017,5346518
TR510,2018,5445026
TR510,2019,5503985
TR510,2020,5639076
TR510,2021,5663322
TR510,2022,5747325
TR510,2023,5782285
TR510,2024,5803482
TR521,2000,1914282
TR521,2001,1852468
TR521,2002,1869375
TR521,2003,1883940
TR521,2004,1897932
TR521,2005,1912763
TR521,2006,1928181
TR521,2007,1943921
TR521,2008,1959082
TR521,2009,1969868
TR521,2010,1992675
TR521,2011,2013845
TR521,2012,2038555
TR521,2013,2052281
TR521,2014,2079225
TR521,2015,2108808
TR521,2016,2130544
TR521,2017,2161303
TR521,2018,2180149
TR521,2019,2205609
TR521,2020,2232374
TR521,2021,2250020
TR521,2022,2277017
TR521,2023,2296347
TR521,2024,2320241
TR522,2000,222586
TR522,2001,215398
TR522,2002,217132
TR522,2003,218588
TR522,2004,219973
TR522,2005,221448
TR522,2006,222985
TR522,2007,224554
TR522,2008,226049
TR522,2009,230145
TR522,2010,231872
TR522,2011,232633
TR522,2012,234005
TR522,2013,235424
TR522,2014,237939
TR522,2015,240362
TR522,2016,242196
TR522,2017,245610
TR522,2018,246672
TR522,2019,251913
TR522,2020,253279
TR522,2021,254919
TR522,2022,258838
TR522,2023,260838
TR522,2024,263960
TR611,2000,1478482
TR611,2001,1430740
TR611,2002,1480457
TR611,2003,1529257
TR611,2004,1578486
TR611,2005,1629429
TR611,2006,1681717
TR611,2007,1735269
TR611,2008,1789295
TR611,2009,1859275
TR611,2010,1919729
TR611,2011,1978333
TR611,2012,2043482
TR611,2013,2092537
TR611,2014,2158265
TR611,2015,2222562
TR611,2016,2288456
TR611,2017,2328555
TR611,2018,2364396
TR611,2019,2426356
TR611,2020,2511700
TR611,2021,2548308
TR611,2022,2619832
TR611,2023,2688004
TR611,2024,2696249
TR612,2000,438895
TR612,2001,424723
TR612,2002,424708
TR612,2003,424061
TR612,2004,423191
TR612,2005,422399
TR612,2006,421646
TR612,2007,420862
TR612,2008,419845
TR612,2009,407463
TR612,2010,420796
TR612,2011,448298
TR612,2012,411245
TR612,2013,416663
TR612,2014,417774
TR612,2015,418780
TR612,2016,421766
TR612,2017,427324
TR612,2018,433830
TR612,2019,441412
TR612,2020,444914
TR612,2021,440304
TR612,2022,445678
TR612,2023,445325
TR612,2024,449777
TR613,2000,256313
TR613,2001,248036
TR613,2002,248823
TR613,2003,249259
TR613,2004,249585
TR613,2005,249980
TR613,2006,250417
TR613,2007,250856
TR613,2008,251181
TR613,2009,247437
TR613,2010,251550
TR613,2011,258868
TR613,2012,250527
TR613,2013,254341
TR613,2014,257267
TR613,2015,256898
TR613,2016,258339
TR613,2017,261401
TR613,2018,264779
TR613,2019,269926
TR613,2020,270796
TR613,2021,267092
TR613,2022,273716
TR613,2023,273799
TR613,2024,277452
TR621,2000,1931351
TR621,2001,1868986
TR621,2002,1890020
TR621,2003,1908789
TR621,2004,1927074
TR621,2005,1946322
TR621,2006,1966258
TR621,2007,1986629
TR621,2008,2006650
TR621,2009,2026319
TR621,2010,2062226
TR621,2011,2085225
TR621,2012,2108805
TR621,2013,2125635
TR621,2014,2149260
TR621,2015,2165595
TR621,2016,2183167
TR621,2017,2201670
TR621,2018,2216475
TR621,2019,2220125
TR621,2020,2237940
TR621,2021,2258718
TR621,2022,2263373
TR621,2023,2274106
TR621,2024,2270298
TR622,2000,1545848
TR622,2001,1495931
TR622,2002,1511430
TR622,2003,1525083
TR622,2004,1538318
TR622,2005,1552284
TR622,2006,1566768
TR622,2007,1581563
TR622,2008,1595938
TR622,2009,1602908
TR622,2010,1640888
TR622,2011,1647899
TR622,2012,1667939
TR622,2013,1682848
TR622,2014,1705774
TR622,2015,1727255
TR622,2016,1745221
TR622,2017,1773852
TR622,2018,1793931
TR622,2019,1814468
TR622,2020,1840425
TR622,2021,1868757
TR622,2022,1891145
TR622,2023,1916432
TR622,2024,1938389
TR631,2000,1315542
TR631,2001,1273062
TR631,2002,1289976
TR631,2003,1305409
TR631,2004,1320574
TR631,2005,1336470
TR631,2006,1352897
TR631,2007,1369694
TR631,2008,1386224
TR631,2009,1413287
TR631,2010,1448418
TR631,2011,1480571
TR631,2012,1474223
TR631,2013,1483674
TR631,2014,1503066
TR631,2015,1519836
TR631,2016,1533507
TR631,2017,1555165
TR631,2018,1575226
TR631,2019,1609856
TR631,2020,1628894
TR631,2021,1659320
TR631,2022,1670712
TR631,2023,1686043
TR631,2024,1544640
TR632,2000,966346
TR632,2001,935142
TR632,2002,945639
TR632,2003,955002
TR632,2004,964122
TR632,2005,973723
TR632,2006,983667
TR632,2007,993828
TR632,2008,1004414
TR632,2009,1029298
TR632,2010,1037491
TR632,2011,1044816
TR632,2012,1054210
TR632,2013,1063174
TR632,2014,1075706
TR632,2015,1089038
TR632,2016,1096610
TR632,2017,1112634
TR632,2018,1127623
TR632,2019,1144851
TR632,2020,1154102
TR632,2021,1168163
TR632,2022,1171298
TR632,2023,1177436
TR632,2024,1116618
TR633,2000,422431
TR633,2001,408790
TR633,2002,415356
TR633,2003,421475
TR633,2004,427535
TR633,2005,433862
TR633,2006,440387
TR633,2007,447063
TR633,2008,452880
TR633,2009,464704
TR633,2010,471804
TR633,2011,479221
TR633,2012,485357
TR633,2013,492135
TR633,2014,498981
TR633,2015,506807
TR633,2016,512873
TR633,2017,522175
TR633,2018,527724
TR633,2019,534415
TR633,2020,538759
TR633,2021,548556
TR633,2022,553012
TR633,2023,559405
TR633,2024,557666
TR711,2000,297136
TR711,2001,287541
TR711,2002,286999
TR711,2003,286017
TR711,2004,284870
TR711,2005,283762
TR711,2006,282668
TR711,2007,281535
TR711,2008,280234
TR711,2009,279325
TR711,2010,280834
TR711,2011,276647
TR711,2012,274992
TR711,2013,274727
TR711,2014,274658
TR711,2015,271092
TR711,2016,270271
TR711,2017,277984
TR711,2018,278749
TR711,2019,286602
TR711,2020,283017
TR711,2021,278703
TR711,2022,275968
TR711,2023,277046
TR711,2024,285744
TR712,2000,362205
TR712,2001,350509
TR712,2002,353101
TR712,2003,355235
TR712,2004,357247
TR712,2005,359399
TR712,2006,361648
TR712,2007,363941
TR712,2008,366109
TR712,2009,370598
TR712,2010,376907
TR712,2011,377505
TR712,2012,378823
TR712,2013,379915
TR712,2014,382806
TR712,2015,384252
TR712,2016,386514
TR712,2017,396673
TR712,2018,402404
TR712,2019,412172
TR712,2020,416367
TR712,2021,423011
TR712,2022,429069
TR712,2023,433055
TR712,2024,438504
TR713,2000,332983
TR713,2001,322231
TR713,2002,323964
TR713,2003,325261
TR713,2004,326429
TR713,2005,327708
TR713,2006,329060
TR713,2007,330434
TR713,2008,331677
TR713,2009,338447
TR713,2010,339921
TR713,2011,337931
TR713,2012,337553
TR713,2013,340270
TR713,2014,343658
TR713,2015,343898
TR713,2016,346114
TR713,2017,351468
TR713,2018,352727
TR713,2019,364707
TR713,2020,362861
TR713,2021,362071
TR713,2022,363725
TR713,2023,365419
TR713,2024,377080
TR714,2000,283789
TR714,2001,274625
TR714,2002,275755
TR714,2003,276504
TR714,2004,277135
TR714,2005,277852
TR714,2006,278620
TR714,2007,279400
TR714,2008,280058
TR714,2009,281699
TR714,2010,284025
TR714,2011,282337
TR714,2012,283247
TR714,2013,285190
TR714,2014,285460
TR714,2015,286250
TR714,2016,286767
TR714,2017,290895
TR714,2018,292365
TR714,2019,298339
TR714,2020,303010
TR714,2021,304962
TR714,2022,308003
TR714,2023,310011
TR714,2024,315994
TR715,2000,233630
TR715,2001,226086
TR715,2002,226036
TR715,2003,225647
TR715,2004,225139
TR715,2005,224673
TR715,2006,224226
TR715,2007,223760
TR715,2008,223170
TR715,2009,222735
TR715,2010,223102
TR715,2011,221876
TR715,2012,221015
TR715,2013,221209
TR715,2014,223498
TR715,2015,222707
TR715,2016,225562
TR715,2017,229975
TR715,2018,234529
TR715,2019,241868
TR715,2020,242938
TR715,2021,243042
TR715,2022,242944
TR715,2023,244519
TR715,2024,247179
TR721,2000,1071066
TR721,2001,1036480
TR721,2002,1055092
TR721,2003,1072615
TR721,2004,1090036
TR721,2005,1108193
TR721,2006,1126900
TR721,2007,1146041
TR721,2008,1165088
TR721,2009,1184386
TR721,2010,1205872
TR721,2011,1234651
TR721,2012,1255349
TR721,2013,1274968
TR721,2014,1295355
TR721,2015,1322376
TR721,2016,1341056
TR721,2017,1358980
TR721,2018,1376722
TR721,2019,1389680
TR721,2020,1407409
TR721,2021,1421455
TR721,2022,1434357
TR721,2023,1441523
TR721,2024,1445683
TR722,2000,678629
TR722,2001,656715
TR722,2002,655195
TR722,2003,652662
TR722,2004,649747
TR722,2005,646911
TR722,2006,644099
TR722,2007,641194
TR722,2008,638464
TR722,2009,631112
TR722,2010,633347
TR722,2011,642224
TR722,2012,627056
TR722,2013,623535
TR722,2014,623824
TR722,2015,623116
TR722,2016,618617
TR722,2017,621224
TR722,2018,621301
TR722,2019,646608
TR722,2020,638956
TR722,2021,635889
TR722,2022,636121
TR722,2023,634924
TR722,2024,650401
TR723,2000,557996
TR723,2001,539978
TR723,2002,534431
TR723,2003,527946
TR723,2004,521045
TR723,2005,514085
TR723,2006,507040
TR723,2007,499799
TR723,2008,492127
TR723,2009,484206
TR723,2010,487365
TR723,2011,476096
TR723,2012,465696
TR723,2013,453211
TR723,2014,444211
TR723,2015,432560
TR723,2016,419440
TR723,2017,421041
TR723,2018,418650
TR723,2019,424981
TR723,2020,421200
TR723,2021,419095
TR723,2022,418500
TR723,2023,418442
TR723,2024,420699
TR811,2000,649646
TR811,2001,628668
TR811,2002,627908
TR811,2003,626195
TR811,2004,624132
TR811,2005,622167
TR811,2006,620241
TR811,2007,618245
TR811,2008,615890
TR811,2009,619151
TR811,2010,619812
TR811,2011,619703
TR811,2012,612406
TR811,2013,606527
TR811,2014,601567
TR811,2015,598796
TR811,2016,595907
TR811,2017,597524
TR811,2018,596892
TR811,2019,599698
TR811,2020,596053
TR811,2021,591204
TR811,2022,589684
TR811,2023,588510
TR811,2024,591492
TR812,2000,218059
TR812,2001,211018
TR812,2002,212320
TR812,2003,213340
TR812,2004,214280
TR812,2005,215298
TR812,2006,216367
TR812,2007,217456
TR812,2008,218463
TR812,2009,216248
TR812,2010,218564
TR812,2011,227610
TR812,2012,219728
TR812,2013,225145
TR812,2014,230251
TR812,2015,231333
TR812,2016,236978
TR812,2017,242347
TR812,2018,244453
TR812,2019,248014
TR812,2020,248458
TR812,2021,243614
TR812,2022,249287
TR812,2023,252058
TR812,2024,255242
TR813,2000,180885
TR813,2001,175044
TR813,2002,176246
TR813,2003,177216
TR813,2004,178122
TR813,2005,179097
TR813,2006,180117
TR813,2007,181156
TR813,2008,182131
TR813,2009,185368
TR813,2010,188449
TR813,2011,187758
TR813,2012,187291
TR813,2013,188436
TR813,2014,189139
TR813,2015,189405
TR813,2016,190708
TR813,2017,192389
TR813,2018,193577
TR813,2019,198999
TR813,2020,198249
TR813,2021,198979
TR813,2022,201711
TR813,2023,203351
TR813,2024,207238
TR821,2000,374029
TR821,2001,361951
TR821,2002,362279
TR821,2003,362077
TR821,2004,361693
TR821,2005,361386
TR821,2006,361121
TR821,2007,360837
TR821,2008,360366
TR821,2009,360424
TR821,2010,359823
TR821,2011,361222
TR821,2012,359759
TR821,2013,359808
TR821,2014,368093
TR821,2015,368907
TR821,2016,372633
TR821,2017,376945
TR821,2018,372373
TR821,2019,383373
TR821,2020,379405
TR821,2021,376377
TR821,2022,375592
TR821,2023,378115
TR821,2024,388990
TR822,2000,167415
TR822,2001,162009
TR822,2002,163843
TR822,2003,165481
TR822,2004,167078
TR822,2005,168757
TR822,2006,170498
TR822,2007,172276
TR822,2008,174012
TR822,2009,176093
TR822,2010,185019
TR822,2011,179067
TR822,2012,177211
TR822,2013,184406
TR822,2014,190909
TR822,2015,183550
TR822,2016,180945
TR822,2017,183880
TR822,2018,186074
TR822,2019,216362
TR822,2020,195789
TR822,2021,192428
TR822,2022,196515
TR822,2023,195766
TR822,2024,205501
TR823,2000,202117
TR823,2001,195589
TR823,2002,196263
TR823,2003,196663
TR823,2004,196977
TR823,2005,197346
TR823,2006,197751
TR823,2007,198158
TR823,2008,198412
TR823,2009,200791
TR823,2010,201134
TR823,2011,202740
TR823,2012,203027
TR823,2013,201311
TR823,2014,204568
TR823,2015,204526
TR823,2016,204133
TR823,2017,205478
TR823,2018,207427
TR823,2019,219733
TR823,2020,218243
TR823,2021,216460
TR823,2022,218408
TR823,2023,220799
TR823,2024,229716
TR831,2000,1244170
TR831,2001,1203995
TR831,2002,1209050
TR831,2003,1212438
TR831,2004,1215313
TR831,2005,1218562
TR831,2006,1222045
TR831,2007,1225576
TR831,2008,1228959
TR831,2009,1233677
TR831,2010,1250076
TR831,2011,1252693
TR831,2012,1251729
TR831,2013,1251722
TR831,2014,1261810
TR831,2015,1269989
TR831,2016,1279884
TR831,2017,1295927
TR831,2018,1312990
TR831,2019,1335716
TR831,2020,1348542
TR831,2021,1356079
TR831,2022,1371274
TR831,2023,1368488
TR831,2024,1377546
TR832,2000,652752
TR832,2001,631674
TR832,2002,631239
TR832,2003,629855
TR832,2004,628129
TR832,2005,626509
TR832,2006,624938
TR832,2007,623304
TR832,2008,620722
TR832,2009,617158
TR832,2010,624439
TR832,2011,617802
TR832,2012,608299
TR832,2013,613990
TR832,2014,598708
TR832,2015,597920
TR832,2016,593990
TR832,2017,602662
TR832,2018,602086
TR832,2019,612646
TR832,2020,612747
TR832,2021,597861
TR832,2022,602567
TR832,2023,596454
TR832,2024,606934
TR833,2000,594186
TR833,2001,574999
TR833,2002,572514
TR833,2003,569114
TR833,2004,565352
TR833,2005,561627
TR833,2006,557894
TR833,2007,554048
TR833,2008,549828
TR833,2009,545444
TR833,2010,540704
TR833,2011,535405
TR833,2012,534578
TR833,2013,529975
TR833,2014,532080
TR833,2015,527220
TR833,2016,525180
TR833,2017,527863
TR833,2018,528422
TR833,2019,536483
TR833,2020,530864
TR833,2021,530126
TR833,2022,526282
TR833,2023,524130
TR833,2024,528351
TR834,2000,349127
TR834,2001,337853
TR834,2002,337180
TR834,2003,335987
TR834,2004,334601
TR834,2005,333259
TR834,2006,331932
TR834,2007,330560
TR834,2008,328674
TR834,2009,323675
TR834,2010,324268
TR834,2011,334786
TR834,2012,323079
TR834,2013,322283
TR834,2014,321977
TR834,2015,321913
TR834,2016,322167
TR834,2017,326351
TR834,2018,329888
TR834,2019,337508
TR834,2020,337800
TR834,2021,335494
TR834,2022,335331
TR834,2023,338267
TR834,2024,339529
TR901,2000,745786
TR901,2001,721704
TR901,2002,725281
TR901,2003,727873
TR901,2004,730172
TR901,2005,732708
TR901,2006,735401
TR901,2007,738135
TR901,2008,740569
TR901,2009,748982
TR901,2010,765127
TR901,2011,763714
TR901,2012,757353
TR901,2013,757898
TR901,2014,758237
TR901,2015,766782
TR901,2016,768417
TR901,2017,779379
TR901,2018,786326
TR901,2019,807903
TR901,2020,808974
TR901,2021,811901
TR901,2022,816684
TR901,2023,818023
TR901,2024,824352
TR902,2000,709036
TR902,2001,686141
TR902,2002,691047
TR902,2003,695053
TR902,2004,698813
TR902,2005,702845
TR902,2006,707062
TR902,2007,711359
TR902,2008,715409
TR902,2009,719278
TR902,2010,723507
TR902,2011,719183
TR902,2012,714390
TR902,2013,741371
TR902,2014,731452
TR902,2015,724268
TR902,2016,728949
TR902,2017,750588
TR902,2018,742341
TR902,2019,771932
TR902,2020,754198
TR902,2021,761400
TR902,2022,760872
TR902,2023,763190
TR902,2024,775800
TR903,2000,429997
TR903,2001,416112
TR903,2002,416917
TR903,2003,417122
TR903,2004,417127
TR903,2005,417234
TR903,2006,417400
TR903,2007,417555
TR903,2008,417505
TR903,2009,421766
TR903,2010,421860
TR903,2011,419256
TR903,2012,419498
TR903,2013,419555
TR903,2014,425007
TR903,2015,429984
TR903,2016,426686
TR903,2017,444467
TR903,2018,437393
TR903,2019,453912
TR903,2020,448400
TR903,2021,448721
TR903,2022,450154
TR903,2023,450862
TR903,2024,461712
TR904,2000,317861
TR904,2001,307597
TR904,2002,309204
TR904,2003,310392
TR904,2004,311456
TR904,2005,312626
TR904,2006,313863
TR904,2007,315121
TR904,2008,316252
TR904,2009,319410
TR904,2010,319569
TR904,2011,319637
TR904,2012,323012
TR904,2013,324152
TR904,2014,328205
TR904,2015,329779
TR904,2016,328979
TR904,2017,331048
TR904,2018,331041
TR904,2019,348608
TR904,2020,343212
TR904,2021,344359
TR904,2022,345662
TR904,2023,344016
TR904,2024,350506
TR905,2000,175393
TR905,2001,169729
TR905,2002,169765
TR905,2003,169548
TR905,2004,169244
TR905,2005,168972
TR905,2006,168717
TR905,2007,168451
TR905,2008,168092
TR905,2009,166584
TR905,2010,165580
TR905,2011,164759
TR905,2012,166394
TR905,2013,167082
TR905,2014,169334
TR905,2015,169674
TR905,2016,168370
TR905,2017,168068
TR905,2018,166143
TR905,2019,174010
TR905,2020,170875
TR905,2021,169501
TR905,2022,169543
TR905,2023,169403
TR905,2024,172356
TR906,2000,130101
TR906,2001,125900
TR906,2002,126741
TR906,2003,127415
TR906,2004,128043
TR906,2005,128720
TR906,2006,129429
TR906,2007,130150
TR906,2008,130825
TR906,2009,131367
TR906,2010,130976
TR906,2011,129618
TR906,2012,132374
TR906,2013,135216
TR906,2014,141412
TR906,2015,146353
TR906,2016,151449
TR906,2017,172034
TR906,2018,170173
TR906,2019,162748
TR906,2020,164521
TR906,2021,141702
TR906,2022,150119
TR906,2023,144544
TR906,2024,148539
TRA11,2000,821544
TRA11,2001,795016
TRA11,2002,794862
TRA11,2003,793523
TRA11,2004,791761
TRA11,2005,790145
TRA11,2006,788600
TRA11,2007,786987
TRA11,2008,784941
TRA11,2009,774967
TRA11,2010,774207
TRA11,2011,769085
TRA11,2012,780847
TRA11,2013,778195
TRA11,2014,766729
TRA11,2015,763320
TRA11,2016,762321
TRA11,2017,762021
TRA11,2018,760476
TRA11,2019,767848
TRA11,2020,762062
TRA11,2021,758279
TRA11,2022,756893
TRA11,2023,749754
TRA11,2024,749993
TRA12,2000,215845
TRA12,2001,208875
TRA12,2002,209805
TRA12,2003,210447
TRA12,2004,211001
TRA12,2005,211621
TRA12,2006,212284
TRA12,2007,212956
TRA12,2008,213538
TRA12,2009,210645
TRA12,2010,213288
TRA12,2011,224949
TRA12,2012,215277
TRA12,2013,217886
TRA12,2014,219996
TRA12,2015,223633
TRA12,2016,222918
TRA12,2017,226032
TRA12,2018,231511
TRA12,2019,236034
TRA12,2020,234747
TRA12,2021,234431
TRA12,2022,237351
TRA12,2023,239223
TRA12,2024,243399
TRA13,2000,80371
TRA13,2001,77776
TRA13,2002,77737
TRA13,2003,77582
TRA13,2004,77383
TRA13,2005,77199
TRA13,2006,77022
TRA13,2007,76837
TRA13,2008,76609
TRA13,2009,75675
TRA13,2010,74710
TRA13,2011,74412
TRA13,2012,76724
TRA13,2013,75797
TRA13,2014,75620
TRA13,2015,80607
TRA13,2016,78550
TRA13,2017,90154
TRA13,2018,80417
TRA13,2019,82274
TRA13,2020,84843
TRA13,2021,81910
TRA13,2022,85042
TRA13,2023,84241
TRA13,2024,86047
TRA21,2000,523356
TRA21,2001,506456
TRA21,2002,510451
TRA21,2003,513790
TRA21,2004,516958
TRA21,2005,520338
TRA21,2006,523862
TRA21,2007,527458
TRA21,2008,530879
TRA21,2009,532180
TRA21,2010,537665
TRA21,2011,542022
TRA21,2012,555479
TRA21,2013,552404
TRA21,2014,551177
TRA21,2015,549435
TRA21,2016,547210
TRA21,2017,542255
TRA21,2018,536285
TRA21,2019,539657
TRA21,2020,536199
TRA21,2021,535435
TRA21,2022,524644
TRA21,2023,510626
TRA21,2024,511238
TRA22,2000,332580
TRA22,2001,321841
TRA22,2002,321041
TRA22,2003,319743
TRA22,2004,318257
TRA22,2005,316809
TRA22,2006,315370
TRA22,2007,313885
TRA22,2008,312205
TRA22,2009,312128
TRA22,2010,306536
TRA22,2011,301766
TRA22,2012,305755
TRA22,2013,304821
TRA22,2014,300874
TRA22,2015,296466
TRA22,2016,292660
TRA22,2017,289786
TRA22,2018,287654
TRA22,2019,288878
TRA22,2020,285410
TRA22,2021,284923
TRA22,2022,281077
TRA22,2023,274829
TRA22,2024,278335
TRA23,2000,177843
TRA23,2001,172100
TRA23,2002,173652
TRA23,2003,174986
TRA23,2004,176267
TRA23,2005,177625
TRA23,2006,179037
TRA23,2007,180479
TRA23,2008,181866
TRA23,2009,184025
TRA23,2010,183486
TRA23,2011,184418
TRA23,2012,188857
TRA23,2013,190409
TRA23,2014,190424
TRA23,2015,192056
TRA23,2016,192435
TRA23,2017,192785
TRA23,2018,194775
TRA23,2019,197456
TRA23,2020,199442
TRA23,2021,201314
TRA23,2022,203159
TRA23,2023,203594
TRA23,2024,209738
TRA24,2000,124300
TRA24,2001,120286
TRA24,2002,119460
TRA24,2003,118436
TRA24,2004,117330
TRA24,2005,116222
TRA24,2006,115105
TRA24,2007,113956
TRA24,2008,112721
TRA24,2009,112242
TRA24,2010,108169
TRA24,2011,105454
TRA24,2012,107455
TRA24,2013,106643
TRA24,2014,102782
TRA24,2015,100809
TRA24,2016,99265
TRA24,2017,98335
TRA24,2018,97096
TRA24,2019,98907
TRA24,2020,97319
TRA24,2021,96161
TRA24,2022,94932
TRA24,2023,92481
TRA24,2024,92819
TRB11,2000,698127
TRB11,2001,675584
TRB11,2002,682754
TRB11,2003,689095
TRB11,2004,695252
TRB11,2005,701743
TRB11,2006,708473
TRB11,2007,715347
TRB11,2008,722065
TRB11,2009,733789
TRB11,2010,736884
TRB11,2011,740643
TRB11,2012,757930
TRB11,2013,762366
TRB11,2014,762538
TRB11,2015,769544
TRB11,2016,772904
TRB11,2017,781305
TRB11,2018,786676
TRB11,2019,797036
TRB11,2020,800165
TRB11,2021,806156
TRB11,2022,808692
TRB11,2023,812580
TRB11,2024,742725
TRB12,2000,534206
TRB12,2001,516956
TRB12,2002,520951
TRB12,2003,524275
TRB12,2004,527421
TRB12,2005,530781
TRB12,2006,534287
TRB12,2007,537862
TRB12,2008,541258
TRB12,2009,547562
TRB12,2010,550667
TRB12,2011,552646
TRB12,2012,558556
TRB12,2013,562703
TRB12,2014,568239
TRB12,2015,568753
TRB12,2016,574304
TRB12,2017,578789
TRB12,2018,583671
TRB12,2019,595638
TRB12,2020,591098
TRB12,2021,587960
TRB12,2022,588088
TRB12,2023,591497
TRB12,2024,604411
TRB13,2000,247052
TRB13,2001,239074
TRB13,2002,241086
TRB13,2003,242792
TRB13,2004,244419
TRB13,2005,246150
TRB13,2006,247952
TRB13,2007,249792
TRB13,2008,251552
TRB13,2009,256091
TRB13,2010,255745
TRB13,2011,255170
TRB13,2012,262263
TRB13,2013,262507
TRB13,2014,265514
TRB13,2015,266019
TRB13,2016,267184
TRB13,2017,269560
TRB13,2018,273354
TRB13,2019,281205
TRB13,2020,279812
TRB13,2021,281768
TRB13,2022,283112
TRB13,2023,282556
TRB13,2024,285655
TRB14,2000,84258
TRB14,2001,81537
TRB14,2002,81988
TRB14,2003,82329
TRB14,2004,82638
TRB14,2005,82975
TRB14,2006,83331
TRB14,2007,83693
TRB14,2008,84022
TRB14,2009,86449
TRB14,2010,83061
TRB14,2011,76699
TRB14,2012,85062
TRB14,2013,86276
TRB14,2014,85428
TRB14,2015,86527
TRB14,2016,86076
TRB14,2017,82193
TRB14,2018,82498
TRB14,2019,88198
TRB14,2020,84660
TRB14,2021,83443
TRB14,2022,83645
TRB14,2023,84366
TRB14,2024,89317
TRB21,2000,925469
TRB21,2001,895585
TRB21,2002,908079
TRB21,2003,919544
TRB21,2004,930835
TRB21,2005,942657
TRB21,2006,954869
TRB21,2007,967356
TRB21,2008,979671
TRB21,2009,1004369
TRB21,2010,1022310
TRB21,2011,1035418
TRB21,2012,1022532
TRB21,2013,1051975
TRB21,2014,1070113
TRB21,2015,1085542
TRB21,2016,1096397
TRB21,2017,1100190
TRB21,2018,1106891
TRB21,2019,1123784
TRB21,2020,1136757
TRB21,2021,1149342
TRB21,2022,1141015
TRB21,2023,1128749
TRB21,2024,1127612
TRB22,2000,410515
TRB22,2001,397259
TRB22,2002,398946
TRB22,2003,400082
TRB22,2004,401050
TRB22,2005,402141
TRB22,2006,403312
TRB22,2007,404496
TRB22,2008,405509
TRB22,2009,404309
TRB22,2010,404484
TRB22,2011,406886
TRB22,2012,414706
TRB22,2013,413260
TRB22,2014,412553
TRB22,2015,411216
TRB22,2016,408728
TRB22,2017,406501
TRB22,2018,404544
TRB22,2019,407992
TRB22,2020,408809
TRB22,2021,411117
TRB22,2022,405228
TRB22,2023,399202
TRB22,2024,399879
TRB23,2000,328099
TRB23,2001,317504
TRB23,2002,319355
TRB23,2003,320778
TRB23,2004,322079
TRB23,2005,323493
TRB23,2006,324981
TRB23,2007,326496
TRB23,2008,327886
TRB23,2009,326897
TRB23,2010,328489
TRB23,2011,328767
TRB23,2012,336624
TRB23,2013,337253
TRB23,2014,337156
TRB23,2015,338023
TRB23,2016,340449
TRB23,2017,341225
TRB23,2018,341474
TRB23,2019,349396
TRB23,2020,348115
TRB23,2021,350994
TRB23,2022,352277
TRB23,2023,353988
TRB23,2024,359747
TRB24,2000,213873
TRB24,2001,206967
TRB24,2002,212518
TRB24,2003,217896
TRB24,2004,223297
TRB24,2005,228899
TRB24,2006,234655
TRB24,2007,240548
TRB24,2008,246469
TRB24,2009,258590
TRB24,2010,256761
TRB24,2011,251302
TRB24,2012,272165
TRB24,2013,279982
TRB24,2014,273041
TRB24,2015,276287
TRB24,2016,278775
TRB24,2017,267813
TRB24,2018,275761
TRB24,2019,286470
TRB24,2020,280991
TRB24,2021,280514
TRB24,2022,278218
TRB24,2023,275333
TRB24,2024,287625
TRC11,2000,1319785
TRC11,2001,1277168
TRC11,2002,1316610
TRC11,2003,1355113
TRC11,2004,1393881
TRC11,2005,1434036
TRC11,2006,1475271
TRC11,2007,1517498
TRC11,2008,1560023
TRC11,2009,1612223
TRC11,2010,1653670
TRC11,2011,1700763
TRC11,2012,1753596
TRC11,2013,1799558
TRC11,2014,1844438
TRC11,2015,1889466
TRC11,2016,1931836
TRC11,2017,1974244
TRC11,2018,2005515
TRC11,2019,2028563
TRC11,2020,2069364
TRC11,2021,2101157
TRC11,2022,2130432
TRC11,2023,2154051
TRC11,2024,2164134
TRC12,2000,588274
TRC12,2001,569278
TRC12,2002,571915
TRC12,2003,573770
TRC12,2004,575388
TRC12,2005,577189
TRC12,2006,579109
TRC12,2007,581056
TRC12,2008,582762
TRC12,2009,585067
TRC12,2010,588475
TRC12,2011,590935
TRC12,2012,593931
TRC12,2013,595261
TRC12,2014,597184
TRC12,2015,597835
TRC12,2016,602774
TRC12,2017,610484
TRC12,2018,615076
TRC12,2019,624513
TRC12,2020,626465
TRC12,2021,632459
TRC12,2022,632148
TRC12,2023,635169
TRC12,2024,604978
TRC13,2000,115467
TRC13,2001,111738
TRC13,2002,112796
TRC13,2003,113714
TRC13,2004,114598
TRC13,2005,115534
TRC13,2006,116505
TRC13,2007,117498
TRC13,2008,118457
TRC13,2009,120991
TRC13,2010,122104
TRC13,2011,123135
TRC13,2012,124452
TRC13,2013,124320
TRC13,2014,128586
TRC13,2015,128781
TRC13,2016,130655
TRC13,2017,130825
TRC13,2018,136319
TRC13,2019,142541
TRC13,2020,142490
TRC13,2021,142792
TRC13,2022,145826
TRC13,2023,147919
TRC13,2024,155179
TRC21,2000,1282224
TRC21,2001,1240820
TRC21,2002,1280131
TRC21,2003,1318554
TRC21,2004,1357259
TRC21,2005,1397339
TRC21,2006,1438494
TRC21,2007,1480639
TRC21,2008,1523099
TRC21,2009,1574224
TRC21,2010,1613737
TRC21,2011,1663371
TRC21,2012,1716254
TRC21,2013,1762075
TRC21,2014,1801980
TRC21,2015,1845667
TRC21,2016,1892320
TRC21,2017,1940627
TRC21,2018,1985753
TRC21,2019,2035809
TRC21,2020,2073614
TRC21,2021,2115256
TRC21,2022,2143020
TRC21,2023,2170110
TRC21,2024,2213964
TRC22,2000,1350639
TRC22,2001,1307026
TRC22,2002,1329369
TRC22,2003,1350313
TRC22,2004,1371099
TRC22,2005,1392782
TRC22,2006,1415131
TRC22,2007,1437997
TRC22,2008,1460714
TRC22,2009,1492828
TRC22,2010,1515011
TRC22,2011,1528958
TRC22,2012,1570943
TRC22,2013,1592167
TRC22,2014,1607437
TRC22,2015,1635048
TRC22,2016,1654196
TRC22,2017,1673119
TRC22,2018,1699901
TRC22,2019,1732396
TRC22,2020,1756353
TRC22,2021,1783431
TRC22,2022,1791373
TRC22,2023,1804880
TRC22,2024,1818133
TRC31,2000,738908
TRC31,2001,715048
TRC31,2002,720191
TRC31,2003,724396
TRC31,2004,728347
TRC31,2005,732582
TRC31,2006,737009
TRC31,2007,741523
TRC31,2008,745778
TRC31,2009,750697
TRC31,2010,737852
TRC31,2011,744606
TRC31,2012,764033
TRC31,2013,773026
TRC31,2014,779738
TRC31,2015,788996
TRC31,2016,796591
TRC31,2017,796237
TRC31,2018,809719
TRC31,2019,829195
TRC31,2020,838778
TRC31,2021,854716
TRC31,2022,862757
TRC31,2023,870374
TRC31,2024,888874
TRC32,2000,413127
TRC32,2001,399787
TRC32,2002,410031
TRC32,2003,419929
TRC32,2004,429861
TRC32,2005,440166
TRC32,2006,450758
TRC32,2007,461602
TRC32,2008,472487
TRC32,2009,485616
TRC32,2010,497998
TRC32,2011,510200
TRC32,2012,524499
TRC32,2013,534205
TRC32,2014,547581
TRC32,2015,557593
TRC32,2016,566633
TRC32,2017,576899
TRC32,2018,585252
TRC32,2019,599103
TRC32,2020,608659
TRC32,2021,620278
TRC32,2022,626319
TRC32,2023,634491
TRC32,2024,647205
TRC33,2000,367894
TRC33,2001,356014
TRC33,2002,364506
TRC33,2003,372674
TRC33,2004,380858
TRC33,2005,389355
TRC33,2006,398092
TRC33,2007,407036
TRC33,2008,416001
TRC33,2009,429287
TRC33,2010,430424
TRC33,2011,430109
TRC33,2012,457997
TRC33,2013,466982
TRC33,2014,475255
TRC33,2015,488966
TRC33,2016,490184
TRC33,2017,483788
TRC33,2018,503236
TRC33,2019,524190
TRC33,2020,529615
TRC33,2021,537762
TRC33,2022,546589
TRC33,2023,557605
TRC33,2024,570745
TRC34,2000,278078
TRC34,2001,269099
TRC34,2002,272475
TRC34,2003,275535
TRC34,2004,278534
TRC34,2005,281680
TRC34,2006,284935
TRC34,2007,288262
TRC34,2008,291528
TRC34,2009,299819
TRC34,2010,303622
TRC34,2011,300695
TRC34,2012,310468
TRC34,2013,310879
TRC34,2014,314153
TRC34,2015,318366
TRC34,2016,320351
TRC34,2017,322664
TRC34,2018,324394
TRC34,2019,331670
TRC34,2020,330280
TRC34,2021,331070
TRC34,2022,331980
TRC34,2023,331311
TRC34,2024,347412
