Geburten und Sterbefälle nach Regionen;;;
Quelle: ARDECO-Datenbank der Europäischen Kommission, Tabellen SNPBN und SNPDN;;;
;;;
NUTS Code;Jahr;Geburten;Sterbefaelle
AL;2000;51166;16421
AL;2001;53127;15813
AL;2002;42463;16248
AL;2003;45242;17967
AL;2004;40924;17749
AL;2005;38857;17124
AL;2006;35844;16935
AL;2007;34399;14509
AL;2008;33396;16143
AL;2009;34067;16997
AL;2010;34015;17851
AL;2011;34242;18705
AL;2012;35437;19559
AL;2013;35582;20413
AL;2014;35036;20623
AL;2015;32565;22388
AL;2016;31612;21388
AL;2017;30738;22207
AL;2018;28819;21778
AL;2019;28438;21914
AL;2020;27826;27605
AL;2021;27126;30469
AL;2022;24688;23998
AL;2023;23617;21286
AL011;2000;2973;731
AL011;2001;3084;704
AL011;2002;2461;723
AL011;2003;2635;799
AL011;2004;2362;789
AL011;2005;2243;761
AL011;2006;2068;753
AL011;2007;1984;645
AL011;2008;1929;718
AL011;2009;1957;756
AL011;2010;1950;794
AL011;2011;1961;832
AL011;2012;2046;870
AL011;2013;1923;908
AL011;2014;2083;927
AL011;2015;1841;994
AL011;2016;1787;936
AL011;2017;1715;920
AL011;2018;1564;914
AL011;2019;1608;950
AL011;2020;1541;1038
AL011;2021;1469;1084
AL011;2022;1187;947
AL011;2023;1064;877
AL012;2000;4702;1451
AL012;2001;4894;1397
AL012;2002;3923;1436
AL012;2003;4195;1588
AL012;2004;3820;1569
AL012;2005;3649;1514
AL012;2006;3375;1497
AL012;2007;3246;1283
AL012;2008;3169;1428
AL012;2009;3258;1504
AL012;2010;3288;1580
AL012;2011;3345;1655
AL012;2012;3500;1731
AL012;2013;3548;1806
AL012;2014;3463;1779
AL012;2015;3242;1911
AL012;2016;3260;1936
AL012;2017;3270;1955
AL012;2018;3086;2074
AL012;2019;3080;2037
AL012;2020;3005;2554
AL012;2021;2976;2787
AL012;2022;2733;2251
AL012;2023;2655;2011
AL013;2000;1973;393
AL013;2001;2044;379
AL013;2002;1630;389
AL013;2003;1728;430
AL013;2004;1564;425
AL013;2005;1484;410
AL013;2006;1361;405
AL013;2007;1300;347
AL013;2008;1263;386
AL013;2009;1263;406
AL013;2010;1271;427
AL013;2011;1272;447
AL013;2012;1305;468
AL013;2013;1334;488
AL013;2014;1254;494
AL013;2015;1140;581
AL013;2016;1141;511
AL013;2017;1091;610
AL013;2018;952;502
AL013;2019;1103;539
AL013;2020;870;627
AL013;2021;902;610
AL013;2022;819;541
AL013;2023;700;521
AL014;2000;2667;815
AL014;2001;2767;785
AL014;2002;2210;807
AL014;2003;2348;893
AL014;2004;2120;882
AL014;2005;2005;851
AL014;2006;1840;842
AL014;2007;1761;721
AL014;2008;1709;802
AL014;2009;1748;844
AL014;2010;1731;887
AL014;2011;1722;929
AL014;2012;1760;972
AL014;2013;1782;1014
AL014;2014;1724;948
AL014;2015;1614;1028
AL014;2016;1576;997
AL014;2017;1501;1018
AL014;2018;1362;975
AL014;2019;1259;973
AL014;2020;1300;1306
AL014;2021;1302;1351
AL014;2022;1208;1139
AL014;2023;1082;968
AL015;2000;3401;1401
AL015;2001;3534;1349
AL015;2002;2824;1386
AL015;2003;3001;1533
AL015;2004;2715;1514
AL015;2005;2587;1461
AL015;2006;2389;1445
AL015;2007;2290;1238
AL015;2008;2214;1377
AL015;2009;2266;1450
AL015;2010;2260;1523
AL015;2011;2265;1596
AL015;2012;2351;1669
AL015;2013;2412;1741
AL015;2014;2349;1852
AL015;2015;2123;1921
AL015;2016;2073;1823
AL015;2017;2043;1875
AL015;2018;1976;1811
AL015;2019;1859;1789
AL015;2020;1866;2342
AL015;2021;1894;2484
AL015;2022;1656;2003
AL015;2023;1478;1726
AL021;2000;6082;1558
AL021;2001;6291;1500
AL021;2002;5009;1541
AL021;2003;5313;1704
AL021;2004;4769;1683
AL021;2005;4528;1624
AL021;2006;4149;1606
AL021;2007;3970;1376
AL021;2008;3808;1531
AL021;2009;3850;1612
AL021;2010;3798;1693
AL021;2011;3804;1774
AL021;2012;3889;1855
AL021;2013;3865;1936
AL021;2014;3867;2052
AL021;2015;3318;2151
AL021;2016;3287;2076
AL021;2017;2996;2206
AL021;2018;2927;2188
AL021;2019;2768;2065
AL021;2020;2709;2712
AL021;2021;2392;2865
AL021;2022;2185;2405
AL021;2023;2057;2050
AL022;2000;12503;3750
AL022;2001;13056;3611
AL022;2002;10508;3711
AL022;2003;11276;4103
AL022;2004;10324;4054
AL022;2005;9870;3911
AL022;2006;9208;3868
AL022;2007;8916;3314
AL022;2008;8722;3687
AL022;2009;9057;3882
AL022;2010;9206;4077
AL022;2011;9436;4272
AL022;2012;9914;4467
AL022;2013;10199;4662
AL022;2014;9933;4655
AL022;2015;9758;5347
AL022;2016;9510;5095
AL022;2017;9680;5249
AL022;2018;9583;5174
AL022;2019;9321;5389
AL022;2020;9387;7129
AL022;2021;9437;7795
AL022;2022;9089;5827
AL022;2023;8893;5345
AL031;2000;2821;860
AL031;2001;2918;828
AL031;2002;2322;851
AL031;2003;2458;941
AL031;2004;2204;930
AL031;2005;2075;897
AL031;2006;1902;887
AL031;2007;1812;760
AL031;2008;1744;846
AL031;2009;1756;891
AL031;2010;1731;936
AL031;2011;1705;981
AL031;2012;1726;1026
AL031;2013;1717;1070
AL031;2014;1685;1066
AL031;2015;1528;1201
AL031;2016;1413;1168
AL031;2017;1320;1223
AL031;2018;1184;1150
AL031;2019;1147;1225
AL031;2020;1048;1434
AL031;2021;1050;1680
AL031;2022;930;1266
AL031;2023;873;1118
AL032;2000;5871;1874
AL032;2001;6078;1805
AL032;2002;4841;1854
AL032;2003;5147;2050
AL032;2004;4620;2025
AL032;2005;4360;1954
AL032;2006;3997;1932
AL032;2007;3816;1655
AL032;2008;3698;1842
AL032;2009;3741;1939
AL032;2010;3685;2036
AL032;2011;3670;2133
AL032;2012;3757;2231
AL032;2013;3648;2328
AL032;2014;3684;2225
AL032;2015;3347;2521
AL032;2016;3202;2311
AL032;2017;3014;2500
AL032;2018;2636;2484
AL032;2019;2600;2405
AL032;2020;2582;3112
AL032;2021;2377;3593
AL032;2022;2062;2730
AL032;2023;1965;2310
AL033;2000;1195;668
AL033;2001;1236;643
AL033;2002;984;661
AL033;2003;1048;731
AL033;2004;938;722
AL033;2005;882;697
AL033;2006;807;689
AL033;2007;776;590
AL033;2008;749;656
AL033;2009;757;691
AL033;2010;743;726
AL033;2011;740;761
AL033;2012;756;796
AL033;2013;713;830
AL033;2014;742;775
AL033;2015;689;786
AL033;2016;647;809
AL033;2017;566;821
AL033;2018;527;744
AL033;2019;506;752
AL033;2020;504;914
AL033;2021;451;1043
AL033;2022;392;836
AL033;2023;393;731
AL034;2000;3952;1671
AL034;2001;4093;1609
AL034;2002;3256;1653
AL034;2003;3455;1828
AL034;2004;3098;1806
AL034;2005;2917;1742
AL034;2006;2682;1723
AL034;2007;2560;1476
AL034;2008;2486;1642
AL034;2009;2495;1729
AL034;2010;2449;1816
AL034;2011;2421;1903
AL034;2012;2493;1990
AL034;2013;2440;2077
AL034;2014;2448;2126
AL034;2015;2256;2286
AL034;2016;2060;2140
AL034;2017;1956;2197
AL034;2018;1634;2089
AL034;2019;1750;2123
AL034;2020;1696;2579
AL034;2021;1647;2726
AL034;2022;1269;2228
AL034;2023;1298;2058
AL035;2000;3026;1249
AL035;2001;3132;1203
AL035;2002;2495;1236
AL035;2003;2638;1367
AL035;2004;2390;1350
AL035;2005;2257;1302
AL035;2006;2066;1288
AL035;2007;1968;1104
AL035;2008;1905;1228
AL035;2009;1919;1293
AL035;2010;1903;1358
AL035;2011;1901;1423
AL035;2012;1937;1488
AL035;2013;2001;1553
AL035;2014;1804;1724
AL035;2015;1709;1661
AL035;2016;1656;1560
AL035;2017;1586;1633
AL035;2018;1388;1673
AL035;2019;1437;1667
AL035;2020;1318;1843
AL035;2021;1229;2451
AL035;2022;1158;1825
AL035;2023;1159;1571
AT;2000;78579;76780
AT;2001;75662;74767
AT;2002;78728;76101
AT;2003;77180;77209
AT;2004;79230;74384
AT;2005;78284;75189
AT;2006;78014;74295
AT;2007;76250;74625
AT;2008;77752;75083
AT;2009;76344;77381
AT;2010;78742;77199
AT;2011;78109;76479
AT;2012;78952;79436
AT;2013;79330;79526
AT;2014;81722;78252
AT;2015;84381;83073
AT;2016;87675;80669
AT;2017;87633;83270
AT;2018;85535;83975
AT;2019;84952;83386
AT;2020;83603;91599
AT;2021;86078;91962
AT;2022;82627;93332
AT;2023;77605;89760
AT111;2000;300;441
AT111;2001;300;359
AT111;2002;275;434
AT111;2003;253;400
AT111;2004;300;434
AT111;2005;270;450
AT111;2006;260;430
AT111;2007;283;450
AT111;2008;272;445
AT111;2009;291;385
AT111;2010;245;392
AT111;2011;289;408
AT111;2012;267;503
AT111;2013;264;492
AT111;2014;284;454
AT111;2015;279;474
AT111;2016;280;465
AT111;2017;266;460
AT111;2018;282;496
AT111;2019;231;495
AT111;2020;221;512
AT111;2021;234;520
AT111;2022;255;523
AT111;2023;217;524
AT112;2000;1156;1400
AT112;2001;1153;1400
AT112;2002;1152;1438
AT112;2003;1173;1500
AT112;2004;1200;1351
AT112;2005;1160;1440
AT112;2006;1130;1500
AT112;2007;1139;1459
AT112;2008;1195;1480
AT112;2009;1135;1497
AT112;2010;1188;1557
AT112;2011;1182;1476
AT112;2012;1227;1664
AT112;2013;1167;1623
AT112;2014;1217;1578
AT112;2015;1247;1682
AT112;2016;1303;1635
AT112;2017;1237;1687
AT112;2018;1287;1619
AT112;2019;1305;1716
AT112;2020;1275;1740
AT112;2021;1295;1735
AT112;2022;1222;1831
AT112;2023;1138;1752
AT113;2000;745;1076
AT113;2001;752;1044
AT113;2002;738;1100
AT113;2003;748;1100
AT113;2004;740;1100
AT113;2005;750;1060
AT113;2006;730;1090
AT113;2007;751;1126
AT113;2008;748;1142
AT113;2009;708;1080
AT113;2010;703;1099
AT113;2011;673;1150
AT113;2012;661;1135
AT113;2013;680;1105
AT113;2014;682;1159
AT113;2015;724;1143
AT113;2016;722;1115
AT113;2017;701;1210
AT113;2018;657;1198
AT113;2019;696;1182
AT113;2020;604;1276
AT113;2021;711;1345
AT113;2022;664;1321
AT113;2023;624;1180
AT121;2000;2457;2170
AT121;2001;2376;2100
AT121;2002;2400;2072
AT121;2003;2400;2200
AT121;2004;2537;2073
AT121;2005;2420;2140
AT121;2006;2440;2110
AT121;2007;2244;2142
AT121;2008;2480;2119
AT121;2009;2360;2253
AT121;2010;2408;2229
AT121;2011;2339;2202
AT121;2012;2399;2257
AT121;2013;2391;2233
AT121;2014;2435;2253
AT121;2015;2446;2308
AT121;2016;2588;2430
AT121;2017;2586;2365
AT121;2018;2471;2439
AT121;2019;2446;2425
AT121;2020;2396;2635
AT121;2021;2514;2784
AT121;2022;2421;2732
AT121;2023;2217;2490
AT122;2000;2336;2643
AT122;2001;2256;2569
AT122;2002;2451;2700
AT122;2003;2300;2641
AT122;2004;2340;2600
AT122;2005;2410;2620
AT122;2006;2330;2620
AT122;2007;2246;2514
AT122;2008;2266;2577
AT122;2009;2096;2618
AT122;2010;2260;2600
AT122;2011;2258;2609
AT122;2012;2257;2749
AT122;2013;2253;2744
AT122;2014;2303;2732
AT122;2015;2411;2806
AT122;2016;2443;2891
AT122;2017;2421;2800
AT122;2018;2371;2820
AT122;2019;2302;2791
AT122;2020;2408;3021
AT122;2021;2340;3280
AT122;2022;2226;3169
AT122;2023;2156;3134
AT123;2000;1367;1479
AT123;2001;1332;1365
AT123;2002;1300;1449
AT123;2003;1300;1400
AT123;2004;1400;1349
AT123;2005;1380;1410
AT123;2006;1380;1420
AT123;2007;1358;1415
AT123;2008;1363;1392
AT123;2009;1223;1411
AT123;2010;1315;1411
AT123;2011;1324;1397
AT123;2012;1277;1526
AT123;2013;1353;1521
AT123;2014;1364;1459
AT123;2015;1404;1610
AT123;2016;1462;1480
AT123;2017;1792;1511
AT123;2018;1418;1566
AT123;2019;1439;1456
AT123;2020;1403;1647
AT123;2021;1504;1625
AT123;2022;1466;1678
AT123;2023;1292;1606
AT124;2000;2039;2400
AT124;2001;1900;2300
AT124;2002;2055;2500
AT124;2003;1866;2400
AT124;2004;1967;2400
AT124;2005;1860;2350
AT124;2006;1840;2300
AT124;2007;1823;2313
AT124;2008;1820;2314
AT124;2009;1850;2397
AT124;2010;1689;2402
AT124;2011;1801;2403
AT124;2012;1763;2467
AT124;2013;1709;2399
AT124;2014;1691;2435
AT124;2015;1797;2574
AT124;2016;1954;2503
AT124;2017;1913;2641
AT124;2018;1809;2456
AT124;2019;1786;2571
AT124;2020;1673;2749
AT124;2021;1778;2935
AT124;2022;1752;2931
AT124;2023;1589;2813
AT125;2000;1050;1500
AT125;2001;1000;1449
AT125;2002;1000;1400
AT125;2003;1000;1533
AT125;2004;1000;1400
AT125;2005;950;1460
AT125;2006;910;1330
AT125;2007;953;1362
AT125;2008;958;1442
AT125;2009;878;1470
AT125;2010;934;1376
AT125;2011;983;1410
AT125;2012;942;1555
AT125;2013;946;1441
AT125;2014;944;1386
AT125;2015;998;1421
AT125;2016;1047;1555
AT125;2017;966;1525
AT125;2018;958;1609
AT125;2019;1028;1609
AT125;2020;1044;1592
AT125;2021;1046;1697
AT125;2022;964;1697
AT125;2023;899;1678
AT126;2000;2329;2722
AT126;2001;2300;2724
AT126;2002;2400;2700
AT126;2003;2321;2800
AT126;2004;2400;2664
AT126;2005;2450;2680
AT126;2006;2450;2680
AT126;2007;2375;2698
AT126;2008;2517;2803
AT126;2009;2513;2782
AT126;2010;2627;2772
AT126;2011;2574;2886
AT126;2012;2578;3027
AT126;2013;2565;2967
AT126;2014;2687;2863
AT126;2015;2702;3232
AT126;2016;2928;2971
AT126;2017;2644;3080
AT126;2018;2880;3240
AT126;2019;2817;3227
AT126;2020;2778;3392
AT126;2021;3016;3566
AT126;2022;2843;3514
AT126;2023;2707;3569
AT127;2000;2571;3000
AT127;2001;2573;2772
AT127;2002;2700;2939
AT127;2003;2679;2932
AT127;2004;2749;2860
AT127;2005;2720;2880
AT127;2006;2820;2740
AT127;2007;2622;2888
AT127;2008;2681;2969
AT127;2009;2721;3027
AT127;2010;2771;3006
AT127;2011;2722;2948
AT127;2012;2815;3153
AT127;2013;2762;3175
AT127;2014;2872;3109
AT127;2015;2841;3307
AT127;2016;3002;3131
AT127;2017;2977;3358
AT127;2018;2948;3475
AT127;2019;2834;3370
AT127;2020;2909;3598
AT127;2021;3063;3823
AT127;2022;2831;3765
AT127;2023;2663;3831
AT130;2000;15617;17600
AT130;2001;15239;16943
AT130;2002;16507;16900
AT130;2003;16567;17000
AT130;2004;16928;16000
AT130;2005;16824;16030
AT130;2006;17192;15800
AT130;2007;16885;15825
AT130;2008;17375;15702
AT130;2009;17154;16332
AT130;2010;17989;16287
AT130;2011;18170;15918
AT130;2012;18265;16404
AT130;2013;18691;16332
AT130;2014;19260;16014
AT130;2015;19931;16526
AT130;2016;20804;16031
AT130;2017;20576;16424
AT130;2018;20038;16887
AT130;2019;19935;16150
AT130;2020;19156;17901
AT130;2021;19359;18086
AT130;2022;19142;18041
AT130;2023;18072;17249
AT211;2000;2354;2638
AT211;2001;2361;2500
AT211;2002;2223;2649
AT211;2003;2200;2579
AT211;2004;2333;2633
AT211;2005;2350;2690
AT211;2006;2330;2620
AT211;2007;2318;2641
AT211;2008;2344;2702
AT211;2009;2232;2731
AT211;2010;2340;2749
AT211;2011;2307;2638
AT211;2012;2325;2805
AT211;2013;2253;2793
AT211;2014;2345;2851
AT211;2015;2328;2952
AT211;2016;2548;2963
AT211;2017;2487;2975
AT211;2018;2387;3042
AT211;2019;2314;3029
AT211;2020;2338;3317
AT211;2021;2430;3125
AT211;2022;2336;3375
AT211;2023;2202;3262
AT212;2000;1261;1147
AT212;2001;1251;1126
AT212;2002;1200;1143
AT212;2003;1176;1100
AT212;2004;1136;1123
AT212;2005;1110;1230
AT212;2006;1140;1210
AT212;2007;1027;1137
AT212;2008;1035;1198
AT212;2009;1017;1281
AT212;2010;1034;1247
AT212;2011;993;1243
AT212;2012;977;1317
AT212;2013;1059;1315
AT212;2014;1063;1278
AT212;2015;1050;1395
AT212;2016;1078;1363
AT212;2017;1073;1467
AT212;2018;1006;1335
AT212;2019;989;1359
AT212;2020;952;1528
AT212;2021;1023;1610
AT212;2022;971;1524
AT212;2023;917;1485
AT213;2000;1562;1500
AT213;2001;1400;1458
AT213;2002;1400;1547
AT213;2003;1435;1530
AT213;2004;1400;1457
AT213;2005;1370;1540
AT213;2006;1450;1530
AT213;2007;1358;1530
AT213;2008;1339;1485
AT213;2009;1312;1534
AT213;2010;1324;1581
AT213;2011;1271;1584
AT213;2012;1273;1609
AT213;2013;1249;1610
AT213;2014;1200;1517
AT213;2015;1270;1681
AT213;2016;1246;1635
AT213;2017;1324;1635
AT213;2018;1244;1753
AT213;2019;1182;1643
AT213;2020;1271;1974
AT213;2021;1177;1760
AT213;2022;1156;1874
AT213;2023;1098;1729
AT221;2000;3400;3500
AT221;2001;3200;3429
AT221;2002;3461;3500
AT221;2003;3335;3525
AT221;2004;3400;3400
AT221;2005;3640;3360
AT221;2006;3600;3410
AT221;2007;3630;3375
AT221;2008;3750;3471
AT221;2009;3628;3601
AT221;2010;3893;3424
AT221;2011;3665;3422
AT221;2012;3767;3537
AT221;2013;3832;3374
AT221;2014;3973;3540
AT221;2015;4364;3785
AT221;2016;4422;3614
AT221;2017;4378;3835
AT221;2018;4382;3762
AT221;2019;4440;3783
AT221;2020;4363;4350
AT221;2021;4533;4062
AT221;2022;4309;4298
AT221;2023;4304;4122
AT222;2000;777;765
AT222;2001;700;727
AT222;2002;700;737
AT222;2003;736;800
AT222;2004;700;734
AT222;2005;700;800
AT222;2006;710;740
AT222;2007;674;828
AT222;2008;668;793
AT222;2009;667;786
AT222;2010;633;811
AT222;2011;615;748
AT222;2012;650;769
AT222;2013;622;803
AT222;2014;654;780
AT222;2015;687;851
AT222;2016;706;810
AT222;2017;706;871
AT222;2018;730;885
AT222;2019;676;856
AT222;2020;671;984
AT222;2021;715;997
AT222;2022;666;976
AT222;2023;680;923
AT223;2000;1300;2030
AT223;2001;1249;2036
AT223;2002;1239;2000
AT223;2003;1300;2028
AT223;2004;1323;1960
AT223;2005;1250;2000
AT223;2006;1280;1970
AT223;2007;1188;1875
AT223;2008;1163;1974
AT223;2009;1164;2057
AT223;2010;1210;2004
AT223;2011;1145;1965
AT223;2012;1158;1991
AT223;2013;1185;2017
AT223;2014;1124;2031
AT223;2015;1242;2085
AT223;2016;1243;2150
AT223;2017;1288;2018
AT223;2018;1169;2052
AT223;2019;1189;2089
AT223;2020;1108;2379
AT223;2021;1235;2135
AT223;2022;1105;2204
AT223;2023;1031;2003
AT224;2000;2553;2400
AT224;2001;2400;2300
AT224;2002;2446;2372
AT224;2003;2464;2471
AT224;2004;2433;2400
AT224;2005;2430;2330
AT224;2006;2340;2420
AT224;2007;2350;2331
AT224;2008;2297;2493
AT224;2009;2307;2550
AT224;2010;2355;2492
AT224;2011;2426;2462
AT224;2012;2357;2542
AT224;2013;2360;2562
AT224;2014;2464;2484
AT224;2015;2362;2744
AT224;2016;2421;2572
AT224;2017;2548;2735
AT224;2018;2352;2588
AT224;2019;2344;2663
AT224;2020;2360;3035
AT224;2021;2434;2769
AT224;2022;2223;2936
AT224;2023;2110;2813
AT225;2000;1700;1868
AT225;2001;1600;1864
AT225;2002;1700;1848
AT225;2003;1679;1900
AT225;2004;1700;1900
AT225;2005;1590;1880
AT225;2006;1510;1910
AT225;2007;1502;1874
AT225;2008;1550;1928
AT225;2009;1561;1991
AT225;2010;1519;1949
AT225;2011;1532;1938
AT225;2012;1611;2016
AT225;2013;1492;1929
AT225;2014;1435;1898
AT225;2015;1625;2136
AT225;2016;1582;1953
AT225;2017;1648;2143
AT225;2018;1627;2024
AT225;2019;1538;2084
AT225;2020;1647;2324
AT225;2021;1627;2204
AT225;2022;1601;2367
AT225;2023;1520;2317
AT226;2000;979;1053
AT226;2001;900;1000
AT226;2002;957;1060
AT226;2003;900;1100
AT226;2004;926;1132
AT226;2005;840;1070
AT226;2006;840;1040
AT226;2007;823;1112
AT226;2008;827;1066
AT226;2009;861;1108
AT226;2010;790;1172
AT226;2011;808;1133
AT226;2012;806;1135
AT226;2013;824;1075
AT226;2014;766;1134
AT226;2015;863;1220
AT226;2016;840;1212
AT226;2017;817;1231
AT226;2018;785;1282
AT226;2019;783;1216
AT226;2020;784;1377
AT226;2021;813;1365
AT226;2022;787;1395
AT226;2023;730;1357
AT311;2000;2932;2258
AT311;2001;2656;2300
AT311;2002;2769;2345
AT311;2003;2600;2426
AT311;2004;2621;2338
AT311;2005;2550;2360
AT311;2006;2510;2280
AT311;2007;2429;2311
AT311;2008;2497;2304
AT311;2009;2506;2377
AT311;2010;2528;2416
AT311;2011;2392;2398
AT311;2012;2557;2440
AT311;2013;2538;2532
AT311;2014;2552;2426
AT311;2015;2726;2621
AT311;2016;2952;2489
AT311;2017;2926;2680
AT311;2018;2896;2598
AT311;2019;2964;2720
AT311;2020;2903;2913
AT311;2021;3055;3066
AT311;2022;2982;2979
AT311;2023;2661;2918
AT312;2000;5254;4600
AT312;2001;5000;4500
AT312;2002;5260;4700
AT312;2003;5200;4800
AT312;2004;5428;4600
AT312;2005;5331;4670
AT312;2006;5342;4650
AT312;2007;5254;4789
AT312;2008;5444;4611
AT312;2009;5275;4849
AT312;2010;5611;4808
AT312;2011;5524;4947
AT312;2012;5580;4971
AT312;2013;5621;5168
AT312;2014;5952;5015
AT312;2015;5986;5408
AT312;2016;6273;5103
AT312;2017;6345;5172
AT312;2018;6218;5347
AT312;2019;6084;5287
AT312;2020;5983;5768
AT312;2021;6098;5779
AT312;2022;5993;5961
AT312;2023;5579;5724
AT313;2000;2136;1500
AT313;2001;2100;1462
AT313;2002;2129;1549
AT313;2003;2000;1600
AT313;2004;2153;1567
AT313;2005;2040;1560
AT313;2006;2090;1610
AT313;2007;2023;1528
AT313;2008;2031;1546
AT313;2009;1986;1641
AT313;2010;2037;1690
AT313;2011;2040;1543
AT313;2012;2025;1705
AT313;2013;1948;1751
AT313;2014;2139;1642
AT313;2015;2163;1835
AT313;2016;2203;1715
AT313;2017;2199;1893
AT313;2018;2180;1781
AT313;2019;2154;1855
AT313;2020;2090;2087
AT313;2021;2151;2072
AT313;2022;2118;2026
AT313;2023;1979;2012
AT314;2000;1600;1400
AT314;2001;1462;1342
AT314;2002;1500;1468
AT314;2003;1533;1427
AT314;2004;1500;1400
AT314;2005;1520;1370
AT314;2006;1470;1370
AT314;2007;1460;1419
AT314;2008;1385;1444
AT314;2009;1455;1411
AT314;2010;1478;1445
AT314;2011;1411;1466
AT314;2012;1386;1507
AT314;2013;1437;1523
AT314;2014;1434;1421
AT314;2015;1469;1565
AT314;2016;1514;1495
AT314;2017;1495;1519
AT314;2018;1468;1581
AT314;2019;1448;1518
AT314;2020;1481;1712
AT314;2021;1572;1767
AT314;2022;1463;1723
AT314;2023;1365;1657
AT315;2000;2260;2073
AT315;2001;2235;2052
AT315;2002;2300;1951
AT315;2003;2236;2065
AT315;2004;2300;2000
AT315;2005;2200;2030
AT315;2006;2140;1990
AT315;2007;2131;1977
AT315;2008;2183;2061
AT315;2009;2176;2071
AT315;2010;2098;2068
AT315;2011;2130;1985
AT315;2012;2192;2075
AT315;2013;2233;2184
AT315;2014;2364;2121
AT315;2015;2304;2224
AT315;2016;2522;2109
AT315;2017;2429;2315
AT315;2018;2354;2277
AT315;2019;2407;2262
AT315;2020;2300;2408
AT315;2021;2371;2517
AT315;2022;2241;2544
AT315;2023;2082;2471
AT321;2000;200;178
AT321;2001;231;200
AT321;2002;200;163
AT321;2003;200;156
AT321;2004;226;155
AT321;2005;180;170
AT321;2006;210;180
AT321;2007;201;169
AT321;2008;186;157
AT321;2009;182;169
AT321;2010;200;150
AT321;2011;170;192
AT321;2012;201;173
AT321;2013;137;185
AT321;2014;188;172
AT321;2015;180;195
AT321;2016;180;197
AT321;2017;186;200
AT321;2018;166;197
AT321;2019;165;184
AT321;2020;188;221
AT321;2021;181;213
AT321;2022;196;217
AT321;2023;163;207
AT322;2000;1853;1230
AT322;2001;1700;1200
AT322;2002;1721;1236
AT322;2003;1663;1226
AT322;2004;1632;1234
AT322;2005;1720;1240
AT322;2006;1520;1190
AT322;2007;1594;1175
AT322;2008;1565;1216
AT322;2009;1465;1215
AT322;2010;1602;1234
AT322;2011;1623;1230
AT322;2012;1550;1284
AT322;2013;1606;1324
AT322;2014;1673;1249
AT322;2015;1699;1388
AT322;2016;1780;1391
AT322;2017;1785;1386
AT322;2018;1700;1401
AT322;2019;1797;1443
AT322;2020;1803;1606
AT322;2021;1770;1594
AT322;2022;1747;1629
AT322;2023;1612;1562
AT323;2000;3400;2768
AT323;2001;3270;2723
AT323;2002;3532;2800
AT323;2003;3300;2900
AT323;2004;3400;2600
AT323;2005;3370;2740
AT323;2006;3280;2680
AT323;2007;3236;2681
AT323;2008;3319;2557
AT323;2009;3219;2790
AT323;2010;3289;2778
AT323;2011;3259;2859
AT323;2012;3333;2764
AT323;2013;3442;2905
AT323;2014;3584;2895
AT323;2015;3615;2934
AT323;2016;3693;2902
AT323;2017;3875;3091
AT323;2018;3734;3028
AT323;2019;3818;3104
AT323;2020;3765;3367
AT323;2021;3804;3524
AT323;2022;3510;3487
AT323;2023;3340;3398
AT331;2000;300;255
AT331;2001;300;221
AT331;2002;300;200
AT331;2003;273;262
AT331;2004;271;225
AT331;2005;300;220
AT331;2006;280;220
AT331;2007;261;258
AT331;2008;270;255
AT331;2009;284;273
AT331;2010;279;281
AT331;2011;280;274
AT331;2012;284;272
AT331;2013;275;306
AT331;2014;274;306
AT331;2015;319;271
AT331;2016;296;252
AT331;2017;288;258
AT331;2018;293;299
AT331;2019;306;294
AT331;2020;312;291
AT331;2021;296;299
AT331;2022;281;301
AT331;2023;285;312
AT332;2000;2675;2136
AT332;2001;2568;2148
AT332;2002;2637;2151
AT332;2003;2646;2156
AT332;2004;2700;2237
AT332;2005;2660;2160
AT332;2006;2640;2150
AT332;2007;2584;2209
AT332;2008;2645;2192
AT332;2009;2590;2280
AT332;2010;2728;2239
AT332;2011;2653;2222
AT332;2012;2848;2324
AT332;2013;2789;2379
AT332;2014;2879;2359
AT332;2015;3119;2433
AT332;2016;3093;2437
AT332;2017;3118;2418
AT332;2018;3139;2504
AT332;2019;3066;2614
AT332;2020;3035;2804
AT332;2021;3268;2705
AT332;2022;2907;2840
AT332;2023;2677;2775
AT333;2000;571;348
AT333;2001;500;400
AT333;2002;500;400
AT333;2003;500;400
AT333;2004;526;372
AT333;2005;500;390
AT333;2006;510;350
AT333;2007;450;387
AT333;2008;441;408
AT333;2009;433;424
AT333;2010;453;439
AT333;2011;420;383
AT333;2012;420;464
AT333;2013;427;439
AT333;2014;431;424
AT333;2015;463;485
AT333;2016;404;434
AT333;2017;481;487
AT333;2018;464;475
AT333;2019;505;473
AT333;2020;461;489
AT333;2021;478;517
AT333;2022;478;531
AT333;2023;439;503
AT334;2000;1155;627
AT334;2001;1100;642
AT334;2002;1100;600
AT334;2003;1035;651
AT334;2004;1051;600
AT334;2005;1100;700
AT334;2006;1080;640
AT334;2007;1105;646
AT334;2008;1019;691
AT334;2009;950;701
AT334;2010;956;730
AT334;2011;982;680
AT334;2012;992;739
AT334;2013;1006;738
AT334;2014;1035;762
AT334;2015;1024;796
AT334;2016;1082;769
AT334;2017;1147;752
AT334;2018;1144;770
AT334;2019;1127;814
AT334;2020;1141;834
AT334;2021;1108;910
AT334;2022;1145;961
AT334;2023;979;825
AT335;2000;2475;1700
AT335;2001;2334;1676
AT335;2002;2464;1641
AT335;2003;2400;1635
AT335;2004;2500;1600
AT335;2005;2360;1680
AT335;2006;2400;1630
AT335;2007;2251;1657
AT335;2008;2328;1645
AT335;2009;2379;1697
AT335;2010;2403;1760
AT335;2011;2389;1769
AT335;2012;2373;1807
AT335;2013;2465;1781
AT335;2014;2447;1773
AT335;2015;2651;2016
AT335;2016;2734;1968
AT335;2017;2730;2015
AT335;2018;2657;2089
AT335;2019;2518;2042
AT335;2020;2569;2370
AT335;2021;2784;2195
AT335;2022;2617;2326
AT335;2023;2386;2232
AT341;2000;932;600
AT341;2001;900;555
AT341;2002;925;570
AT341;2003;879;661
AT341;2004;900;573
AT341;2005;910;610
AT341;2006;910;580
AT341;2007;810;636
AT341;2008;900;636
AT341;2009;861;631
AT341;2010;907;663
AT341;2011;817;647
AT341;2012;832;679
AT341;2013;864;750
AT341;2014;889;683
AT341;2015;937;775
AT341;2016;1043;740
AT341;2017;1006;806
AT341;2018;934;789
AT341;2019;970;705
AT341;2020;981;778
AT341;2021;1016;811
AT341;2022;947;854
AT341;2023;905;784
AT342;2000;3000;1800
AT342;2001;3100;1900
AT342;2002;3100;1868
AT342;2003;2900;1900
AT342;2004;3151;1869
AT342;2005;3070;1840
AT342;2006;2940;1930
AT342;2007;2912;1888
AT342;2008;2891;1865
AT342;2009;2905;1961
AT342;2010;2946;1938
AT342;2011;2942;1944
AT342;2012;3004;2071
AT342;2013;2885;2051
AT342;2014;3118;2049
AT342;2015;3155;2195
AT342;2016;3287;2189
AT342;2017;3275;2307
AT342;2018;3387;2311
AT342;2019;3349;2357
AT342;2020;3230;2620
AT342;2021;3279;2570
AT342;2022;3062;2802
AT342;2023;2987;2543
BE;2000;116396;104843
BE;2001;115372;103447
BE;2002;113096;105692
BE;2003;114005;107064
BE;2004;117295;101996
BE;2005;119622;103278
BE;2006;122529;101587
BE;2007;124095;101572
BE;2008;127205;104587
BE;2009;127198;104509
BE;2010;130100;105152
BE;2011;128705;104292
BE;2012;128051;109076
BE;2013;125606;109334
BE;2014;125014;104755
BE;2015;122274;110541
BE;2016;121896;108097
BE;2017;119690;109666
BE;2018;118319;110693
BE;2019;117695;108783
BE;2020;114350;126896
BE;2021;118349;112331
BE;2022;114095;116424
BE;2023;110785;111311
BE100;2000;14755;10227
BE100;2001;15495;10200
BE100;2002;15096;10300
BE100;2003;15930;10364
BE100;2004;16436;9853
BE100;2005;16705;9700
BE100;2006;17415;9540
BE100;2007;17613;9324
BE100;2008;17925;9517
BE100;2009;18687;9434
BE100;2010;18779;9445
BE100;2011;18473;9089
BE100;2012;18734;9697
BE100;2013;18408;9406
BE100;2014;18594;9040
BE100;2015;18312;9340
BE100;2016;18017;9074
BE100;2017;17800;9046
BE100;2018;17448;8940
BE100;2019;16937;8935
BE100;2020;15918;11000
BE100;2021;15728;8858
BE100;2022;14811;8929
BE100;2023;14073;8610
BE211;2000;10672;9800
BE211;2001;10350;9554
BE211;2002;10431;9831
BE211;2003;10691;10000
BE211;2004;10989;9400
BE211;2005;11283;9500
BE211;2006;11614;9510
BE211;2007;11903;9417
BE211;2008;12484;9525
BE211;2009;12603;9748
BE211;2010;12880;9681
BE211;2011;12833;9427
BE211;2012;13078;9917
BE211;2013;12730;9982
BE211;2014;12609;9551
BE211;2015;12395;10035
BE211;2016;12511;9745
BE211;2017;12499;10219
BE211;2018;12271;10003
BE211;2019;12126;9696
BE211;2020;11569;11092
BE211;2021;12381;9847
BE211;2022;11723;10166
BE211;2023;11758;9679
BE212;2000;3278;3244
BE212;2001;3174;3067
BE212;2002;3194;3200
BE212;2003;3268;3200
BE212;2004;3353;3134
BE212;2005;3438;3030
BE212;2006;3533;3180
BE212;2007;3615;3024
BE212;2008;3786;3085
BE212;2009;3713;3142
BE212;2010;3742;3119
BE212;2011;3745;3065
BE212;2012;3649;3290
BE212;2013;3541;3249
BE212;2014;3584;3154
BE212;2015;3374;3297
BE212;2016;3486;3233
BE212;2017;3339;3203
BE212;2018;3406;3305
BE212;2019;3370;3240
BE212;2020;3313;3624
BE212;2021;3412;3385
BE212;2022;3398;3448
BE212;2023;3293;3370
BE213;2000;4148;3300
BE213;2001;4000;3200
BE213;2002;4008;3363
BE213;2003;4085;3400
BE213;2004;4175;3300
BE213;2005;4263;3420
BE213;2006;4364;3290
BE213;2007;4448;3396
BE213;2008;4639;3476
BE213;2009;4533;3525
BE213;2010;4792;3597
BE213;2011;4668;3560
BE213;2012;4581;3970
BE213;2013;4470;3818
BE213;2014;4670;3684
BE213;2015;4364;3930
BE213;2016;4363;3906
BE213;2017;4301;3963
BE213;2018;4239;4107
BE213;2019;4351;4087
BE213;2020;4226;4724
BE213;2021;4426;4346
BE213;2022;4153;4599
BE213;2023;4164;4351
BE223;2000;1800;1628
BE223;2001;1800;1600
BE223;2002;1800;1634
BE223;2003;1800;1744
BE223;2004;1800;1624
BE223;2005;1810;1610
BE223;2006;1900;1650
BE223;2007;1892;1569
BE223;2008;1938;1671
BE223;2009;1950;1643
BE223;2010;2018;1692
BE223;2011;2023;1624
BE223;2012;2001;1817
BE223;2013;1948;1809
BE223;2014;1947;1725
BE223;2015;1882;1822
BE223;2016;1876;1787
BE223;2017;1915;1799
BE223;2018;1726;1858
BE223;2019;1773;1897
BE223;2020;1678;2171
BE223;2021;1807;1952
BE223;2022;1706;2151
BE223;2023;1734;1939
BE224;2000;3851;3046
BE224;2001;3826;3050
BE224;2002;3707;3164
BE224;2003;3610;3340
BE224;2004;3826;3040
BE224;2005;3891;3233
BE224;2006;3965;3041
BE224;2007;4198;3134
BE224;2008;4306;3297
BE224;2009;4300;3354
BE224;2010;4413;3361
BE224;2011;4406;3453
BE224;2012;4348;3519
BE224;2013;4158;3521
BE224;2014;4147;3432
BE224;2015;4005;3636
BE224;2016;4012;3590
BE224;2017;3746;3779
BE224;2018;3763;3890
BE224;2019;3745;3848
BE224;2020;3649;4326
BE224;2021;3650;3997
BE224;2022;3658;4309
BE224;2023;3497;3983
BE225;2000;2259;1484
BE225;2001;2244;1439
BE225;2002;2175;1557
BE225;2003;2118;1569
BE225;2004;2243;1530
BE225;2005;2281;1522
BE225;2006;2324;1552
BE225;2007;2461;1631
BE225;2008;2525;1629
BE225;2009;2521;1676
BE225;2010;2588;1689
BE225;2011;2584;1763
BE225;2012;2525;1874
BE225;2013;2411;1834
BE225;2014;2461;1757
BE225;2015;2386;1980
BE225;2016;2437;1950
BE225;2017;2333;1923
BE225;2018;2231;1989
BE225;2019;2285;2032
BE225;2020;2209;2293
BE225;2021;2262;2250
BE225;2022;2242;2333
BE225;2023;2180;2295
BE231;2000;2622;2751
BE231;2001;2553;2765
BE231;2002;2489;2745
BE231;2003;2507;2854
BE231;2004;2672;2700
BE231;2005;2706;2660
BE231;2006;2793;2680
BE231;2007;2798;2581
BE231;2008;2932;2762
BE231;2009;2896;2707
BE231;2010;2913;2770
BE231;2011;2893;2911
BE231;2012;2905;2909
BE231;2013;2873;2970
BE231;2014;2798;2741
BE231;2015;2827;3028
BE231;2016;2674;2912
BE231;2017;2641;2873
BE231;2018;2733;3006
BE231;2019;2656;2979
BE231;2020;2637;3382
BE231;2021;2869;3044
BE231;2022;2763;3091
BE231;2023;2687;3109
BE232;2000;1989;1960
BE232;2001;1929;1828
BE232;2002;1872;1965
BE232;2003;1879;2027
BE232;2004;1995;1878
BE232;2005;2012;1910
BE232;2006;2068;1840
BE232;2007;2063;1903
BE232;2008;2153;1930
BE232;2009;2022;1992
BE232;2010;2122;1858
BE232;2011;2125;1822
BE232;2012;2015;1920
BE232;2013;2036;1980
BE232;2014;1976;1932
BE232;2015;1967;2028
BE232;2016;1944;1912
BE232;2017;1865;2049
BE232;2018;1813;2053
BE232;2019;1769;1980
BE232;2020;1832;2263
BE232;2021;1880;2110
BE232;2022;1886;2161
BE232;2023;1845;2103
BE233;2000;785;826
BE233;2001;760;800
BE233;2002;736;840
BE233;2003;737;857
BE233;2004;780;800
BE233;2005;785;810
BE233;2006;805;860
BE233;2007;801;874
BE233;2008;834;829
BE233;2009;883;786
BE233;2010;834;789
BE233;2011;847;848
BE233;2012;788;885
BE233;2013;769;854
BE233;2014;798;848
BE233;2015;762;909
BE233;2016;759;846
BE233;2017;690;879
BE233;2018;801;858
BE233;2019;726;839
BE233;2020;703;932
BE233;2021;806;852
BE233;2022;773;1013
BE233;2023;732;915
BE234;2000;5557;5134
BE234;2001;5427;5079
BE234;2002;5307;5126
BE234;2003;5362;4950
BE234;2004;5735;4926
BE234;2005;5825;4870
BE234;2006;6033;4820
BE234;2007;6060;4844
BE234;2008;6371;4894
BE234;2009;6356;4916
BE234;2010;6466;4993
BE234;2011;6348;4888
BE234;2012;6191;5144
BE234;2013;5980;5224
BE234;2014;5997;4814
BE234;2015;5965;5212
BE234;2016;5830;5024
BE234;2017;5901;5066
BE234;2018;5860;5084
BE234;2019;5667;5238
BE234;2020;5730;5763
BE234;2021;6103;5180
BE234;2022;5533;5427
BE234;2023;5443;5340
BE235;2000;1166;1251
BE235;2001;1147;1262
BE235;2002;1130;1255
BE235;2003;1150;1269
BE235;2004;1239;1226
BE235;2005;1267;1250
BE235;2006;1321;1210
BE235;2007;1337;1239
BE235;2008;1415;1243
BE235;2009;1368;1213
BE235;2010;1286;1241
BE235;2011;1313;1273
BE235;2012;1336;1319
BE235;2013;1223;1255
BE235;2014;1254;1236
BE235;2015;1183;1265
BE235;2016;1156;1248
BE235;2017;1168;1250
BE235;2018;1076;1278
BE235;2019;1086;1258
BE235;2020;1135;1444
BE235;2021;1123;1241
BE235;2022;1170;1293
BE235;2023;1130;1258
BE236;2000;2519;2100
BE236;2001;2448;2100
BE236;2002;2382;2022
BE236;2003;2394;2150
BE236;2004;2547;2050
BE236;2005;2575;2140
BE236;2006;2652;2200
BE236;2007;2651;2081
BE236;2008;2773;2082
BE236;2009;2906;2138
BE236;2010;2842;2142
BE236;2011;2821;2144
BE236;2012;2721;2277
BE236;2013;2707;2249
BE236;2014;2678;2125
BE236;2015;2651;2218
BE236;2016;2702;2231
BE236;2017;2483;2344
BE236;2018;2589;2342
BE236;2019;2542;2313
BE236;2020;2495;2676
BE236;2021;2716;2392
BE236;2022;2609;2497
BE236;2023;2565;2401
BE241;2000;5745;5175
BE241;2001;5688;5078
BE241;2002;5667;5147
BE241;2003;5688;5353
BE241;2004;5853;5062
BE241;2005;6010;5140
BE241;2006;6131;5000
BE241;2007;6160;5037
BE241;2008;6152;5193
BE241;2009;6138;5219
BE241;2010;6392;5320
BE241;2011;6246;5203
BE241;2012;6284;5486
BE241;2013;6479;5525
BE241;2014;6418;5265
BE241;2015;6374;5518
BE241;2016;6604;5531
BE241;2017;6369;5598
BE241;2018;6284;5692
BE241;2019;6523;5552
BE241;2020;6628;6305
BE241;2021;6710;5800
BE241;2022;6666;5956
BE241;2023;6455;5708
BE242;2000;4855;4372
BE242;2001;4812;4349
BE242;2002;4800;4400
BE242;2003;4822;4463
BE242;2004;4967;4329
BE242;2005;5107;4330
BE242;2006;5215;4070
BE242;2007;5245;4177
BE242;2008;5244;4330
BE242;2009;5216;4333
BE242;2010;5341;4365
BE242;2011;5127;4385
BE242;2012;5145;4525
BE242;2013;5166;4653
BE242;2014;5044;4515
BE242;2015;4783;4768
BE242;2016;4784;4654
BE242;2017;4827;4670
BE242;2018;4668;4869
BE242;2019;4627;4797
BE242;2020;4528;5244
BE242;2021;4779;4650
BE242;2022;4470;5156
BE242;2023;4528;4858
BE251;2000;2645;2728
BE251;2001;2550;2700
BE251;2002;2478;2751
BE251;2003;2422;2765
BE251;2004;2466;2623
BE251;2005;2538;2650
BE251;2006;2555;2720
BE251;2007;2576;2589
BE251;2008;2646;2789
BE251;2009;2582;2862
BE251;2010;2550;2809
BE251;2011;2538;2803
BE251;2012;2432;2878
BE251;2013;2341;3037
BE251;2014;2321;2870
BE251;2015;2217;3023
BE251;2016;2339;2963
BE251;2017;2185;3103
BE251;2018;2307;3161
BE251;2019;2185;3069
BE251;2020;2239;3375
BE251;2021;2322;3261
BE251;2022;2190;3441
BE251;2023;2189;3308
BE252;2000;493;500
BE252;2001;484;500
BE252;2002;480;556
BE252;2003;478;531
BE252;2004;496;500
BE252;2005;521;500
BE252;2006;535;480
BE252;2007;550;459
BE252;2008;577;495
BE252;2009;568;566
BE252;2010;548;507
BE252;2011;574;539
BE252;2012;577;485
BE252;2013;565;559
BE252;2014;566;497
BE252;2015;547;523
BE252;2016;545;524
BE252;2017;527;573
BE252;2018;571;543
BE252;2019;543;558
BE252;2020;519;609
BE252;2021;499;641
BE252;2022;511;600
BE252;2023;455;561
BE253;2000;1078;1000
BE253;2001;1049;1100
BE253;2002;1029;1073
BE253;2003;1016;1061
BE253;2004;1044;1000
BE253;2005;1086;1070
BE253;2006;1104;1030
BE253;2007;1125;1029
BE253;2008;1168;1046
BE253;2009;1182;1064
BE253;2010;1185;1060
BE253;2011;1193;1037
BE253;2012;1094;1061
BE253;2013;1095;1110
BE253;2014;1081;1092
BE253;2015;989;1075
BE253;2016;1026;1030
BE253;2017;1007;1126
BE253;2018;1026;1148
BE253;2019;992;1067
BE253;2020;989;1344
BE253;2021;1030;1168
BE253;2022;1013;1218
BE253;2023;1004;1124
BE254;2000;2869;2669
BE254;2001;2784;2600
BE254;2002;2723;2757
BE254;2003;2676;2800
BE254;2004;2744;2562
BE254;2005;2843;2690
BE254;2006;2882;2540
BE254;2007;2926;2777
BE254;2008;3028;2744
BE254;2009;2967;2649
BE254;2010;3169;2775
BE254;2011;3169;2761
BE254;2012;3072;2943
BE254;2013;3106;3038
BE254;2014;3007;2844
BE254;2015;3119;2895
BE254;2016;2984;2860
BE254;2017;2898;3009
BE254;2018;2981;2961
BE254;2019;2882;2857
BE254;2020;2868;3401
BE254;2021;3004;2998
BE254;2022;2908;3094
BE254;2023;2896;2990
BE255;2000;1326;1665
BE255;2001;1285;1660
BE255;2002;1254;1648
BE255;2003;1232;1729
BE255;2004;1261;1700
BE255;2005;1304;1670
BE255;2006;1320;1660
BE255;2007;1338;1638
BE255;2008;1382;1773
BE255;2009;1326;1869
BE255;2010;1350;1779
BE255;2011;1381;1735
BE255;2012;1286;1854
BE255;2013;1298;1781
BE255;2014;1285;1816
BE255;2015;1255;1851
BE255;2016;1381;1837
BE255;2017;1282;2010
BE255;2018;1288;1946
BE255;2019;1241;1977
BE255;2020;1264;2178
BE255;2021;1210;2144
BE255;2022;1300;2065
BE255;2023;1237;2037
BE256;2000;1511;1333
BE256;2001;1478;1262
BE256;2002;1458;1325
BE256;2003;1447;1276
BE256;2004;1496;1234
BE256;2005;1564;1320
BE256;2006;1600;1300
BE256;2007;1639;1279
BE256;2008;1711;1378
BE256;2009;1586;1355
BE256;2010;1619;1398
BE256;2011;1554;1406
BE256;2012;1601;1399
BE256;2013;1546;1478
BE256;2014;1494;1358
BE256;2015;1513;1553
BE256;2016;1539;1459
BE256;2017;1489;1436
BE256;2018;1571;1538
BE256;2019;1580;1469
BE256;2020;1545;1782
BE256;2021;1593;1503
BE256;2022;1557;1616
BE256;2023;1536;1488
BE257;2000;921;872
BE257;2001;900;852
BE257;2002;886;900
BE257;2003;878;900
BE257;2004;906;900
BE257;2005;946;840
BE257;2006;966;850
BE257;2007;988;861
BE257;2008;1030;871
BE257;2009;978;872
BE257;2010;957;897
BE257;2011;942;851
BE257;2012;965;922
BE257;2013;953;934
BE257;2014;902;840
BE257;2015;903;948
BE257;2016;941;887
BE257;2017;864;887
BE257;2018;884;932
BE257;2019;922;856
BE257;2020;899;1089
BE257;2021;957;898
BE257;2022;901;999
BE257;2023;888;958
BE258;2000;494;643
BE258;2001;473;672
BE258;2002;457;700
BE258;2003;443;700
BE258;2004;448;700
BE258;2005;457;710
BE258;2006;457;680
BE258;2007;457;688
BE258;2008;465;718
BE258;2009;451;703
BE258;2010;453;759
BE258;2011;409;731
BE258;2012;417;751
BE258;2013;410;779
BE258;2014;400;765
BE258;2015;384;785
BE258;2016;444;801
BE258;2017;405;783
BE258;2018;440;843
BE258;2019;402;818
BE258;2020;410;919
BE258;2021;392;863
BE258;2022;359;907
BE258;2023;377;906
BE310;2000;3900;3154
BE310;2001;3934;3100
BE310;2002;3850;3223
BE310;2003;3846;3263
BE310;2004;4000;3137
BE310;2005;3960;3160
BE310;2006;4131;3170
BE310;2007;4039;3193
BE310;2008;4021;3443
BE310;2009;4080;3243
BE310;2010;4085;3311
BE310;2011;3908;3301
BE310;2012;3964;3487
BE310;2013;3928;3375
BE310;2014;3923;3492
BE310;2015;3970;3673
BE310;2016;3860;3503
BE310;2017;3867;3649
BE310;2018;3681;3558
BE310;2019;3745;3489
BE310;2020;3590;4084
BE310;2021;3852;3669
BE310;2022;3588;3861
BE310;2023;3443;3686
BE323;2000;2900;3100
BE323;2001;2900;2974
BE323;2002;2800;3029
BE323;2003;2800;2946
BE323;2004;2900;2900
BE323;2005;2750;2830
BE323;2006;2940;2930
BE323;2007;3000;2902
BE323;2008;3012;2923
BE323;2009;2897;2887
BE323;2010;2861;2876
BE323;2011;2913;2850
BE323;2012;2929;2884
BE323;2013;2832;3023
BE323;2014;2834;2757
BE323;2015;2623;2905
BE323;2016;2687;2983
BE323;2017;2672;2819
BE323;2018;2652;2738
BE323;2019;2493;2886
BE323;2020;2483;3494
BE323;2021;2562;2880
BE323;2022;2460;2912
BE323;2023;2318;2866
BE328;2000;2348;2463
BE328;2001;2341;2403
BE328;2002;2240;2457
BE328;2003;2203;2504
BE328;2004;2216;2327
BE328;2005;2290;2398
BE328;2006;2285;2336
BE328;2007;2330;2232
BE328;2008;2327;2400
BE328;2009;2321;2383
BE328;2010;2390;2399
BE328;2011;2363;2491
BE328;2012;2359;2594
BE328;2013;2263;2613
BE328;2014;2292;2597
BE328;2015;2248;2574
BE328;2016;2222;2642
BE328;2017;2265;2667
BE328;2018;2015;2630
BE328;2019;2223;2485
BE328;2020;2074;3089
BE328;2021;2173;2425
BE328;2022;2156;2669
BE328;2023;2041;2535
BE329;2000;1645;1519
BE329;2001;1641;1482
BE329;2002;1570;1515
BE329;2003;1544;1544
BE329;2004;1554;1435
BE329;2005;1605;1479
BE329;2006;1602;1440
BE329;2007;1633;1376
BE329;2008;1632;1479
BE329;2009;1627;1469
BE329;2010;1676;1479
BE329;2011;1657;1536
BE329;2012;1545;1612
BE329;2013;1540;1614
BE329;2014;1528;1538
BE329;2015;1516;1654
BE329;2016;1378;1562
BE329;2017;1419;1503
BE329;2018;1441;1601
BE329;2019;1441;1655
BE329;2020;1365;1891
BE329;2021;1417;1659
BE329;2022;1386;1633
BE329;2023;1259;1574
BE32A;2000;1279;1341
BE32A;2001;1275;1308
BE32A;2002;1220;1337
BE32A;2003;1200;1363
BE32A;2004;1207;1266
BE32A;2005;1247;1305
BE32A;2006;1244;1271
BE32A;2007;1269;1215
BE32A;2008;1267;1306
BE32A;2009;1264;1297
BE32A;2010;1302;1306
BE32A;2011;1287;1356
BE32A;2012;1284;1317
BE32A;2013;1262;1394
BE32A;2014;1255;1307
BE32A;2015;1227;1422
BE32A;2016;1171;1372
BE32A;2017;1156;1303
BE32A;2018;1160;1365
BE32A;2019;1232;1340
BE32A;2020;1167;1554
BE32A;2021;1143;1369
BE32A;2022;1203;1425
BE32A;2023;1145;1381
BE32B;2000;4793;4958
BE32B;2001;4779;4914
BE32B;2002;4571;4968
BE32B;2003;4496;5093
BE32B;2004;4526;4815
BE32B;2005;4675;5024
BE32B;2006;4665;4689
BE32B;2007;4758;4932
BE32B;2008;4752;4944
BE32B;2009;4739;4896
BE32B;2010;4881;4754
BE32B;2011;4825;4454
BE32B;2012;4780;4731
BE32B;2013;4744;4493
BE32B;2014;4672;4381
BE32B;2015;4611;4551
BE32B;2016;4450;4422
BE32B;2017;4355;4358
BE32B;2018;4217;4505
BE32B;2019;4253;4270
BE32B;2020;4195;5287
BE32B;2021;4206;4763
BE32B;2022;4274;4569
BE32B;2023;4084;4351
BE32C;2000;1072;982
BE32C;2001;1069;958
BE32C;2002;1023;979
BE32C;2003;1006;998
BE32C;2004;1012;927
BE32C;2005;1046;955
BE32C;2006;1044;930
BE32C;2007;1064;889
BE32C;2008;1063;956
BE32C;2009;1061;949
BE32C;2010;1092;956
BE32C;2011;1080;993
BE32C;2012;1069;1013
BE32C;2013;1151;1055
BE32C;2014;1090;1032
BE32C;2015;1020;1079
BE32C;2016;978;1059
BE32C;2017;1017;1061
BE32C;2018;999;1095
BE32C;2019;1037;1054
BE32C;2020;957;1152
BE32C;2021;1039;1122
BE32C;2022;1025;1179
BE32C;2023;996;1120
BE32D;2000;918;985
BE32D;2001;916;961
BE32D;2002;876;982
BE32D;2003;861;1001
BE32D;2004;867;930
BE32D;2005;896;959
BE32D;2006;894;934
BE32D;2007;911;893
BE32D;2008;910;960
BE32D;2009;908;953
BE32D;2010;935;960
BE32D;2011;924;997
BE32D;2012;978;1019
BE32D;2013;876;1060
BE32D;2014;817;990
BE32D;2015;805;1100
BE32D;2016;843;1056
BE32D;2017;778;1040
BE32D;2018;856;1093
BE32D;2019;778;1065
BE32D;2020;814;1198
BE32D;2021;894;1113
BE32D;2022;864;1154
BE32D;2023;788;1047
BE331;2000;1137;1100
BE331;2001;1149;1100
BE331;2002;1129;1172
BE331;2003;1115;1178
BE331;2004;1134;1100
BE331;2005;1165;1190
BE331;2006;1189;1120
BE331;2007;1198;1083
BE331;2008;1249;1099
BE331;2009;1237;1090
BE331;2010;1260;1186
BE331;2011;1279;1124
BE331;2012;1247;1249
BE331;2013;1195;1126
BE331;2014;1137;1171
BE331;2015;1174;1208
BE331;2016;1065;1187
BE331;2017;1086;1175
BE331;2018;1053;1244
BE331;2019;1106;1154
BE331;2020;1054;1373
BE331;2021;1087;1193
BE331;2022;1062;1274
BE331;2023;1050;1219
BE332;2000;6534;6726
BE332;2001;6593;6700
BE332;2002;6466;6878
BE332;2003;6377;7000
BE332;2004;6472;6477
BE332;2005;6637;6670
BE332;2006;6766;6520
BE332;2007;6805;6810
BE332;2008;7082;6883
BE332;2009;7069;6759
BE332;2010;7340;6849
BE332;2011;7201;6919
BE332;2012;7355;7004
BE332;2013;7042;7018
BE332;2014;7061;6673
BE332;2015;6925;7085
BE332;2016;6943;6905
BE332;2017;6999;7007
BE332;2018;6624;6934
BE332;2019;6641;6735
BE332;2020;6314;8497
BE332;2021;6371;6847
BE332;2022;6246;7083
BE332;2023;6096;6593
BE334;2000;707;779
BE334;2001;720;822
BE334;2002;713;733
BE334;2003;710;800
BE334;2004;728;749
BE334;2005;753;780
BE334;2006;775;750
BE334;2007;787;772
BE334;2008;826;778
BE334;2009;840;784
BE334;2010;809;749
BE334;2011;829;784
BE334;2012;844;770
BE334;2013;765;790
BE334;2014;792;767
BE334;2015;743;811
BE334;2016;753;764
BE334;2017;675;796
BE334;2018;762;840
BE334;2019;711;777
BE334;2020;717;998
BE334;2021;728;847
BE334;2022;754;910
BE334;2023;698;871
BE335;2000;2400;2110
BE335;2001;2470;2060
BE335;2002;2260;2080
BE335;2003;2260;2090
BE335;2004;2270;1940
BE335;2005;2350;1990
BE335;2006;2370;1980
BE335;2007;2304;2012
BE335;2008;2400;2019
BE335;2009;2429;2052
BE335;2010;2459;2062
BE335;2011;2499;2067
BE335;2012;2352;2039
BE335;2013;2367;2089
BE335;2014;2399;1937
BE335;2015;2224;2194
BE335;2016;2355;2065
BE335;2017;2220;2108
BE335;2018;2185;2081
BE335;2019;2272;2009
BE335;2020;2030;2587
BE335;2021;2227;2134
BE335;2022;2102;2238
BE335;2023;1971;2058
BE336;2000;760;650
BE336;2001;690;620
BE336;2002;680;670
BE336;2003;660;660
BE336;2004;660;670
BE336;2005;690;620
BE336;2006;660;670
BE336;2007;621;668
BE336;2008;578;690
BE336;2009;638;673
BE336;2010;794;747
BE336;2011;784;685
BE336;2012;723;747
BE336;2013;747;683
BE336;2014;763;726
BE336;2015;739;776
BE336;2016;768;766
BE336;2017;760;733
BE336;2018;848;769
BE336;2019;806;737
BE336;2020;793;832
BE336;2021;860;814
BE336;2022;845;837
BE336;2023;740;785
BE341;2000;687;474
BE341;2001;637;472
BE341;2002;637;500
BE341;2003;625;461
BE341;2004;610;460
BE341;2005;603;470
BE341;2006;595;480
BE341;2007;592;461
BE341;2008;583;499
BE341;2009;599;473
BE341;2010;723;498
BE341;2011;717;492
BE341;2012;739;488
BE341;2013;755;506
BE341;2014;746;505
BE341;2015;665;480
BE341;2016;683;514
BE341;2017;687;522
BE341;2018;622;524
BE341;2019;700;515
BE341;2020;675;610
BE341;2021;621;591
BE341;2022;699;536
BE341;2023;638;592
BE342;2000;574;400
BE342;2001;543;400
BE342;2002;553;400
BE342;2003;555;422
BE342;2004;553;400
BE342;2005;559;410
BE342;2006;563;410
BE342;2007;574;376
BE342;2008;579;407
BE342;2009;515;406
BE342;2010;603;378
BE342;2011;614;412
BE342;2012;619;427
BE342;2013;596;413
BE342;2014;596;401
BE342;2015;591;395
BE342;2016;533;434
BE342;2017;533;434
BE342;2018;567;421
BE342;2019;580;448
BE342;2020;547;546
BE342;2021;568;431
BE342;2022;554;463
BE342;2023;526;472
BE343;2000;658;500
BE343;2001;621;529
BE343;2002;631;500
BE343;2003;632;544
BE343;2004;628;527
BE343;2005;633;510
BE343;2006;637;510
BE343;2007;647;509
BE343;2008;652;539
BE343;2009;615;517
BE343;2010;646;580
BE343;2011;629;586
BE343;2012;649;579
BE343;2013;624;623
BE343;2014;599;533
BE343;2015;585;601
BE343;2016;584;606
BE343;2017;557;580
BE343;2018;566;595
BE343;2019;612;582
BE343;2020;528;632
BE343;2021;615;612
BE343;2022;597;614
BE343;2023;561;570
BE344;2000;681;600
BE344;2001;654;600
BE344;2002;677;648
BE344;2003;689;628
BE344;2004;698;568
BE344;2005;715;610
BE344;2006;731;630
BE344;2007;756;623
BE344;2008;775;617
BE344;2009;681;630
BE344;2010;767;606
BE344;2011;713;592
BE344;2012;801;660
BE344;2013;749;644
BE344;2014;727;595
BE344;2015;745;675
BE344;2016;697;665
BE344;2017;712;624
BE344;2018;634;684
BE344;2019;723;628
BE344;2020;703;696
BE344;2021;706;671
BE344;2022;688;681
BE344;2023;693;683
BE345;2000;610;500
BE345;2001;572;534
BE345;2002;577;500
BE345;2003;573;500
BE345;2004;566;541
BE345;2005;566;510
BE345;2006;565;460
BE345;2007;570;519
BE345;2008;569;541
BE345;2009;546;524
BE345;2010;645;555
BE345;2011;662;501
BE345;2012;611;506
BE345;2013;571;520
BE345;2014;527;486
BE345;2015;573;526
BE345;2016;507;531
BE345;2017;539;566
BE345;2018;552;538
BE345;2019;586;491
BE345;2020;501;542
BE345;2021;568;569
BE345;2022;539;648
BE345;2023;523;543
BE351;2000;1207;1058
BE351;2001;1157;1100
BE351;2002;1121;1164
BE351;2003;1153;1100
BE351;2004;1160;1034
BE351;2005;1170;1120
BE351;2006;1186;1100
BE351;2007;1204;1029
BE351;2008;1217;1154
BE351;2009;1233;1129
BE351;2010;1307;1082
BE351;2011;1286;1144
BE351;2012;1250;1269
BE351;2013;1227;1245
BE351;2014;1180;1193
BE351;2015;1188;1238
BE351;2016;1126;1191
BE351;2017;1069;1216
BE351;2018;1164;1232
BE351;2019;1068;1240
BE351;2020;1111;1305
BE351;2021;1181;1300
BE351;2022;1080;1216
BE351;2023;1045;1221
BE352;2000;3580;3035
BE352;2001;3423;2967
BE352;2002;3312;3035
BE352;2003;3401;3000
BE352;2004;3415;2976
BE352;2005;3438;2970
BE352;2006;3476;2820
BE352;2007;3522;2856
BE352;2008;3554;2954
BE352;2009;3516;2910
BE352;2010;3567;3025
BE352;2011;3634;2941
BE352;2012;3518;3085
BE352;2013;3494;3247
BE352;2014;3373;3005
BE352;2015;3325;3232
BE352;2016;3357;3101
BE352;2017;3210;3167
BE352;2018;3120;3150
BE352;2019;3130;3143
BE352;2020;3120;3702
BE352;2021;3257;3164
BE352;2022;3101;3255
BE352;2023;2950;3088
BE353;2000;682;721
BE353;2001;652;700
BE353;2002;630;700
BE353;2003;646;700
BE353;2004;649;727
BE353;2005;652;700
BE353;2006;659;710
BE353;2007;667;671
BE353;2008;673;719
BE353;2009;651;719
BE353;2010;719;746
BE353;2011;689;749
BE353;2012;690;754
BE353;2013;665;758
BE353;2014;672;768
BE353;2015;620;723
BE353;2016;582;765
BE353;2017;580;750
BE353;2018;625;750
BE353;2019;628;718
BE353;2020;629;891
BE353;2021;615;778
BE353;2022;572;798
BE353;2023;554;765
BG;2000;73831;115087
BG;2001;68180;112368
BG;2002;66499;112569
BG;2003;67359;111885
BG;2004;69886;110135
BG;2005;71100;113374
BG;2006;73978;113438
BG;2007;75349;113004
BG;2008;77712;110523
BG;2009;80956;108068
BG;2010;75513;110165
BG;2011;70846;108258
BG;2012;69121;109281
BG;2013;66578;104345
BG;2014;67585;108952
BG;2015;65950;110117
BG;2016;64984;107580
BG;2017;63955;109791
BG;2018;62197;108526
BG;2019;61538;108083
BG;2020;59086;124735
BG;2021;58678;148995
BG;2022;56596;118814
BG;2023;57197;101006
BG311;2000;1028;2885
BG311;2001;958;2700
BG311;2002;900;2700
BG311;2003;847;2544
BG311;2004;900;2534
BG311;2005;900;2670
BG311;2006;860;2607
BG311;2007;804;2475
BG311;2008;815;2433
BG311;2009;854;2350
BG311;2010;829;2399
BG311;2011;752;2279
BG311;2012;713;2287
BG311;2013;656;2032
BG311;2014;658;2100
BG311;2015;565;2105
BG311;2016;556;2081
BG311;2017;572;1999
BG311;2018;586;1992
BG311;2019;548;1922
BG311;2020;473;2269
BG311;2021;528;2582
BG311;2022;500;2050
BG311;2023;517;1690
BG312;2000;1577;3643
BG312;2001;1421;3600
BG312;2002;1451;3566
BG312;2003;1343;3469
BG312;2004;1300;3400
BG312;2005;1320;3360
BG312;2006;1331;3349
BG312;2007;1363;3259
BG312;2008;1372;3106
BG312;2009;1485;3126
BG312;2010;1278;3166
BG312;2011;1264;3075
BG312;2012;1249;3101
BG312;2013;1193;2871
BG312;2014;1187;2988
BG312;2015;1118;2950
BG312;2016;1106;2896
BG312;2017;1019;2812
BG312;2018;1004;2841
BG312;2019;936;2799
BG312;2020;923;3216
BG312;2021;953;3815
BG312;2022;890;2876
BG312;2023;894;2497
BG313;2000;2149;4264
BG313;2001;1900;3900
BG313;2002;1848;3900
BG313;2003;1766;4000
BG313;2004;1768;3900
BG313;2005;1690;3850
BG313;2006;1700;3840
BG313;2007;1765;3812
BG313;2008;1734;3625
BG313;2009;1787;3643
BG313;2010;1622;3637
BG313;2011;1594;3442
BG313;2012;1526;3561
BG313;2013;1388;3212
BG313;2014;1502;3418
BG313;2015;1407;3375
BG313;2016;1453;3204
BG313;2017;1320;3359
BG313;2018;1375;3241
BG313;2019;1348;3180
BG313;2020;1334;3539
BG313;2021;1242;4364
BG313;2022;1235;3386
BG313;2023;1265;2878
BG314;2000;2729;5358
BG314;2001;2600;5559
BG314;2002;2500;5500
BG314;2003;2539;5300
BG314;2004;2568;5023
BG314;2005;2550;5740
BG314;2006;2564;5330
BG314;2007;2491;5355
BG314;2008;2716;5213
BG314;2009;2738;4908
BG314;2010;2548;5123
BG314;2011;2394;4970
BG314;2012;2296;4986
BG314;2013;2154;4506
BG314;2014;2232;4821
BG314;2015;2217;4745
BG314;2016;2182;4624
BG314;2017;2112;4626
BG314;2018;1945;4567
BG314;2019;2002;4624
BG314;2020;1923;5100
BG314;2021;1786;6146
BG314;2022;1838;4900
BG314;2023;1809;4250
BG315;2000;1615;3080
BG315;2001;1451;3049
BG315;2002;1422;2900
BG315;2003;1400;2928
BG315;2004;1400;2900
BG315;2005;1380;2930
BG315;2006;1367;2861
BG315;2007;1377;2851
BG315;2008;1397;2665
BG315;2009;1413;2612
BG315;2010;1273;2665
BG315;2011;1220;2586
BG315;2012;1195;2611
BG315;2013;1028;2425
BG315;2014;1068;2570
BG315;2015;1082;2542
BG315;2016;964;2510
BG315;2017;1009;2699
BG315;2018;1028;2482
BG315;2019;969;2582
BG315;2020;982;2754
BG315;2021;965;3297
BG315;2022;1001;2668
BG315;2023;951;2275
BG321;2000;2298;5106
BG321;2001;2178;4653
BG321;2002;2243;4700
BG321;2003;2238;4539
BG321;2004;2200;4500
BG321;2005;2330;4590
BG321;2006;2252;4669
BG321;2007;2352;4432
BG321;2008;2420;4610
BG321;2009;2503;4291
BG321;2010;2379;4524
BG321;2011;2280;4326
BG321;2012;2300;4303
BG321;2013;2234;3993
BG321;2014;2187;4244
BG321;2015;2132;4150
BG321;2016;2141;4092
BG321;2017;2087;4273
BG321;2018;1901;4142
BG321;2019;1743;4093
BG321;2020;1662;4499
BG321;2021;1728;5636
BG321;2022;1574;4352
BG321;2023;1587;3681
BG322;2000;1098;2412
BG322;2001;1000;2356
BG322;2002;1000;2371
BG322;2003;963;2400
BG322;2004;1043;2200
BG322;2005;1090;2470
BG322;2006;1111;2286
BG322;2007;1069;2244
BG322;2008;1078;2250
BG322;2009;1045;2075
BG322;2010;1030;2218
BG322;2011;993;2176
BG322;2012;876;2233
BG322;2013;849;2120
BG322;2014;775;2135
BG322;2015;794;2234
BG322;2016;727;2169
BG322;2017;727;2327
BG322;2018;741;2184
BG322;2019;751;2114
BG322;2020;622;2544
BG322;2021;610;2915
BG322;2022;685;2411
BG322;2023;650;2087
BG323;2000;2154;4122
BG323;2001;1975;4121
BG323;2002;2000;4066
BG323;2003;1939;3924
BG323;2004;2137;3756
BG323;2005;2020;3980
BG323;2006;2154;3947
BG323;2007;2126;3926
BG323;2008;2183;3838
BG323;2009;2298;3798
BG323;2010;2178;3777
BG323;2011;1855;3758
BG323;2012;1891;3780
BG323;2013;1847;3700
BG323;2014;1873;3813
BG323;2015;1778;3733
BG323;2016;1772;3703
BG323;2017;1688;3675
BG323;2018;1687;3836
BG323;2019;1508;3711
BG323;2020;1505;4394
BG323;2021;1545;5248
BG323;2022;1343;4214
BG323;2023;1379;3406
BG324;2000;1537;2304
BG324;2001;1365;2155
BG324;2002;1300;2174
BG324;2003;1300;2100
BG324;2004;1329;2100
BG324;2005;1260;2060
BG324;2006;1169;2021
BG324;2007;1189;2095
BG324;2008;1299;1881
BG324;2009;1322;1912
BG324;2010;1135;1920
BG324;2011;1055;1849
BG324;2012;1142;1903
BG324;2013;998;1845
BG324;2014;1041;1951
BG324;2015;961;1937
BG324;2016;932;1883
BG324;2017;882;1950
BG324;2018;942;1922
BG324;2019;876;1880
BG324;2020;803;2367
BG324;2021;800;2685
BG324;2022;772;2138
BG324;2023;783;1770
BG325;2000;1279;2162
BG325;2001;1200;2153
BG325;2002;1140;2179
BG325;2003;1200;2100
BG325;2004;1136;2000
BG325;2005;1090;2040
BG325;2006;1084;2064
BG325;2007;1149;2032
BG325;2008;1191;1956
BG325;2009;1245;1926
BG325;2010;1127;1985
BG325;2011;1043;1968
BG325;2012;1024;1984
BG325;2013;1025;1824
BG325;2014;998;1971
BG325;2015;956;1983
BG325;2016;997;1804
BG325;2017;928;1905
BG325;2018;819;1974
BG325;2019;896;1927
BG325;2020;796;2302
BG325;2021;786;2712
BG325;2022;772;2111
BG325;2023;776;1737
BG331;2000;4700;5741
BG331;2001;4465;5723
BG331;2002;4300;5500
BG331;2003;4553;5600
BG331;2004;4600;5527
BG331;2005;4950;5720
BG331;2006;5463;5839
BG331;2007;5333;5757
BG331;2008;5607;5764
BG331;2009;5900;5671
BG331;2010;5350;5867
BG331;2011;4948;5636
BG331;2012;4732;5728
BG331;2013;4546;5705
BG331;2014;4667;5939
BG331;2015;4394;6030
BG331;2016;4524;6113
BG331;2017;4413;6095
BG331;2018;4275;6201
BG331;2019;4284;5990
BG331;2020;4219;6930
BG331;2021;4184;8506
BG331;2022;3980;6954
BG331;2023;3857;5864
BG332;2000;2118;2990
BG332;2001;1900;2871
BG332;2002;1748;2900
BG332;2003;1845;3000
BG332;2004;1928;2836
BG332;2005;1950;2860
BG332;2006;2080;3040
BG332;2007;2061;2969
BG332;2008;2057;2920
BG332;2009;2105;3016
BG332;2010;1827;2998
BG332;2011;1843;2924
BG332;2012;1689;2961
BG332;2013;1614;2858
BG332;2014;1562;2922
BG332;2015;1478;3017
BG332;2016;1466;2784
BG332;2017;1400;2957
BG332;2018;1293;2908
BG332;2019;1356;2912
BG332;2020;1224;3262
BG332;2021;1144;3948
BG332;2022;1082;3135
BG332;2023;1145;2714
BG333;2000;2078;2842
BG333;2001;2000;2723
BG333;2002;1875;2938
BG333;2003;1921;2929
BG333;2004;1900;2679
BG333;2005;1900;2880
BG333;2006;1984;2859
BG333;2007;2081;2849
BG333;2008;2106;2900
BG333;2009;2084;2669
BG333;2010;1916;2806
BG333;2011;1832;2694
BG333;2012;1777;2787
BG333;2013;1781;2612
BG333;2014;1619;2733
BG333;2015;1600;2754
BG333;2016;1568;2548
BG333;2017;1409;2726
BG333;2018;1451;2768
BG333;2019;1414;2692
BG333;2020;1225;3116
BG333;2021;1225;3799
BG333;2022;1215;2964
BG333;2023;1237;2607
BG334;2000;1347;2175
BG334;2001;1300;2100
BG334;2002;1300;1963
BG334;2003;1300;2200
BG334;2004;1377;2068
BG334;2005;1250;2030
BG334;2006;1350;2040
BG334;2007;1329;2057
BG334;2008;1363;2037
BG334;2009;1366;1926
BG334;2010;1356;1984
BG334;2011;1248;1923
BG334;2012;1214;1937
BG334;2013;1105;1786
BG334;2014;1071;1851
BG334;2015;1081;1889
BG334;2016;971;1850
BG334;2017;938;1847
BG334;2018;947;1823
BG334;2019;902;1888
BG334;2020;793;2181
BG334;2021;804;2626
BG334;2022;801;1995
BG334;2023;800;1691
BG341;2000;4316;5659
BG341;2001;3969;5500
BG341;2002;3875;5400
BG341;2003;4033;5300
BG341;2004;4326;5500
BG341;2005;4400;5490
BG341;2006;4781;5680
BG341;2007;4878;5668
BG341;2008;4908;5620
BG341;2009;5180;5415
BG341;2010;4508;5555
BG341;2011;4281;5520
BG341;2012;4170;5557
BG341;2013;4158;5373
BG341;2014;4211;5540
BG341;2015;4115;5531
BG341;2016;3951;5467
BG341;2017;3913;5688
BG341;2018;3724;5503
BG341;2019;3766;5683
BG341;2020;3492;6200
BG341;2021;3399;7467
BG341;2022;3221;6341
BG341;2023;3376;5375
BG342;2000;2633;2941
BG342;2001;2571;2963
BG342;2002;2444;2937
BG342;2003;2553;3000
BG342;2004;2600;2800
BG342;2005;2560;2910
BG342;2006;2689;2881
BG342;2007;2723;2857
BG342;2008;2727;2910
BG342;2009;2829;2942
BG342;2010;2532;3067
BG342;2011;2471;2857
BG342;2012;2349;2799
BG342;2013;2347;2775
BG342;2014;2395;2881
BG342;2015;2413;2930
BG342;2016;2327;2772
BG342;2017;2372;2890
BG342;2018;2258;2917
BG342;2019;2291;2831
BG342;2020;2144;3313
BG342;2021;2166;3788
BG342;2022;2091;3098
BG342;2023;2123;2648
BG343;2000;1477;2501
BG343;2001;1225;2400
BG343;2002;1271;2367
BG343;2003;1230;2400
BG343;2004;1347;2300
BG343;2005;1340;2380
BG343;2006;1384;2426
BG343;2007;1396;2359
BG343;2008;1425;2360
BG343;2009;1413;2267
BG343;2010;1341;2352
BG343;2011;1303;2222
BG343;2012;1259;2266
BG343;2013;1271;2103
BG343;2014;1236;2203
BG343;2015;1156;2341
BG343;2016;1167;2105
BG343;2017;1136;2164
BG343;2018;1174;2233
BG343;2019;1098;2121
BG343;2020;1098;2449
BG343;2021;1067;2746
BG343;2022;1034;2270
BG343;2023;1053;2017
BG344;2000;3577;5447
BG344;2001;3250;5352
BG344;2002;3100;5300
BG344;2003;3145;5442
BG344;2004;3352;5400
BG344;2005;3260;5460
BG344;2006;3499;5499
BG344;2007;3547;5505
BG344;2008;3574;5255
BG344;2009;3694;5281
BG344;2010;3562;5374
BG344;2011;3308;5139
BG344;2012;3246;5146
BG344;2013;3139;5026
BG344;2014;3099;5396
BG344;2015;3083;5312
BG344;2016;3025;5203
BG344;2017;3067;5331
BG344;2018;2938;5257
BG344;2019;2794;5196
BG344;2020;2773;5935
BG344;2021;2726;7083
BG344;2022;2448;5716
BG344;2023;2689;4815
BG411;2000;11124;14781
BG411;2001;10052;14800
BG411;2002;10300;15134
BG411;2003;10677;15047
BG411;2004;10963;15335
BG411;2005;12060;15560
BG411;2006;12781;15661
BG411;2007;13393;15623
BG411;2008;14381;15185
BG411;2009;15309;15078
BG411;2010;14886;14856
BG411;2011;13742;15174
BG411;2012;13597;15486
BG411;2013;13107;15076
BG411;2014;13799;15358
BG411;2015;13452;15686
BG411;2016;13489;15523
BG411;2017;13597;15377
BG411;2018;13060;15532
BG411;2019;13075;15635
BG411;2020;13108;17721
BG411;2021;13135;21910
BG411;2022;12778;17104
BG411;2023;12708;14579
BG412;2000;2248;4302
BG412;2001;2135;4246
BG412;2002;1975;4344
BG412;2003;2000;4300
BG412;2004;2072;4200
BG412;2005;2080;4270
BG412;2006;2187;4287
BG412;2007;2268;4415
BG412;2008;2194;4130
BG412;2009;2337;4121
BG412;2010;2151;4165
BG412;2011;2119;4153
BG412;2012;2092;4176
BG412;2013;1996;3974
BG412;2014;2080;4253
BG412;2015;1946;4245
BG412;2016;2045;4270
BG412;2017;1968;4289
BG412;2018;1988;4246
BG412;2019;2056;4163
BG412;2020;2079;4926
BG412;2021;2113;5785
BG412;2022;2018;4545
BG412;2023;2043;4001
BG413;2000;3286;3581
BG413;2001;3036;3600
BG413;2002;3000;3700
BG413;2003;3000;3639
BG413;2004;3222;3648
BG413;2005;3200;3910
BG413;2006;3373;3941
BG413;2007;3384;3983
BG413;2008;3557;3791
BG413;2009;3573;3719
BG413;2010;3360;3931
BG413;2011;3169;3856
BG413;2012;3044;3896
BG413;2013;2883;3740
BG413;2014;2950;4072
BG413;2015;2993;4075
BG413;2016;2836;3937
BG413;2017;2702;4101
BG413;2018;2676;4056
BG413;2019;2794;4054
BG413;2020;2655;4963
BG413;2021;2595;5796
BG413;2022;2409;4559
BG413;2023;2530;3783
BG414;2000;1054;2473
BG414;2001;1000;2353
BG414;2002;861;2327
BG414;2003;900;2371
BG414;2004;921;2426
BG414;2005;1040;2360
BG414;2006;970;2407
BG414;2007;1041;2397
BG414;2008;1102;2400
BG414;2009;1185;2380
BG414;2010;1097;2393
BG414;2011;1005;2509
BG414;2012;959;2488
BG414;2013;942;2382
BG414;2014;939;2366
BG414;2015;879;2454
BG414;2016;950;2395
BG414;2017;922;2445
BG414;2018;933;2384
BG414;2019;872;2451
BG414;2020;803;2755
BG414;2021;853;3382
BG414;2022;778;2662
BG414;2023;716;2252
BG415;2000;1264;2834
BG415;2001;1154;2679
BG415;2002;1100;2748
BG415;2003;1141;2663
BG415;2004;1154;2525
BG415;2005;1190;2660
BG415;2006;1178;2630
BG415;2007;1201;2644
BG415;2008;1213;2500
BG415;2009;1227;2551
BG415;2010;1097;2508
BG415;2011;1085;2551
BG415;2012;1015;2561
BG415;2013;916;2417
BG415;2014;986;2459
BG415;2015;926;2473
BG415;2016;859;2485
BG415;2017;877;2533
BG415;2018;831;2436
BG415;2019;873;2436
BG415;2020;793;2807
BG415;2021;761;3295
BG415;2022;813;2671
BG415;2023;769;2259
BG421;2000;6556;9717
BG421;2001;6239;9379
BG421;2002;6050;9600
BG421;2003;6237;9566
BG421;2004;6436;9261
BG421;2005;6520;9680
BG421;2006;6633;9796
BG421;2007;6996;9861
BG421;2008;7257;9753
BG421;2009;7674;9385
BG421;2010;7197;9733
BG421;2011;6827;9407
BG421;2012;6694;9694
BG421;2013;6484;9251
BG421;2014;6636;9563
BG421;2015;6668;9943
BG421;2016;6363;9824
BG421;2017;6410;9885
BG421;2018;6337;9846
BG421;2019;6200;9769
BG421;2020;6062;11569
BG421;2021;6212;13692
BG421;2022;6107;10783
BG421;2023;6118;9168
BG422;2000;2529;4369
BG422;2001;2300;4200
BG422;2002;2143;4369
BG422;2003;2100;3900
BG422;2004;2300;4062
BG422;2005;2270;4200
BG422;2006;2331;4122
BG422;2007;2367;4095
BG422;2008;2282;4034
BG422;2009;2483;3879
BG422;2010;2387;4000
BG422;2011;2232;3840
BG422;2012;2190;3807
BG422;2013;2096;3717
BG422;2014;2061;3947
BG422;2015;2164;4034
BG422;2016;2033;3849
BG422;2017;2027;3957
BG422;2018;1819;3771
BG422;2019;1825;3787
BG422;2020;1670;4420
BG422;2021;1678;5122
BG422;2022;1627;4237
BG422;2023;1617;3486
BG423;2000;3061;4108
BG423;2001;2800;3964
BG423;2002;2850;3900
BG423;2003;2667;4000
BG423;2004;2900;4000
BG423;2005;2920;4010
BG423;2006;2937;4055
BG423;2007;2915;4081
BG423;2008;3006;4007
BG423;2009;3129;3849
BG423;2010;2913;3891
BG423;2011;2749;4018
BG423;2012;2663;3899
BG423;2013;2617;3771
BG423;2014;2592;4011
BG423;2015;2467;4082
BG423;2016;2403;3932
BG423;2017;2347;4151
BG423;2018;2414;3854
BG423;2019;2310;4016
BG423;2020;2123;4807
BG423;2021;2057;5557
BG423;2022;2004;4380
BG423;2023;2143;3782
BG424;2000;1124;1536
BG424;2001;947;1546
BG424;2002;1000;1423
BG424;2003;945;1500
BG424;2004;1000;1500
BG424;2005;980;1560
BG424;2006;1066;1556
BG424;2007;1051;1607
BG424;2008;989;1550
BG424;2009;1059;1524
BG424;2010;1026;1558
BG424;2011;788;1565
BG424;2012;784;1586
BG424;2013;769;1538
BG424;2014;738;1637
BG424;2015;735;1658
BG424;2016;778;1655
BG424;2017;741;1771
BG424;2018;671;1669
BG424;2019;646;1665
BG424;2020;631;2107
BG424;2021;587;2276
BG424;2022;482;1857
BG424;2023;471;1571
BG425;2000;1894;1754
BG425;2001;1800;1759
BG425;2002;1479;1670
BG425;2003;1548;1760
BG425;2004;1700;1725
BG425;2005;1600;1750
BG425;2006;1700;1745
BG425;2007;1700;1796
BG425;2008;1759;1830
BG425;2009;1719;1754
BG425;2010;1608;1713
BG425;2011;1446;1841
BG425;2012;1435;1758
BG425;2013;1435;1713
BG425;2014;1423;1810
BG425;2015;1390;1909
BG425;2016;1399;1902
BG425;2017;1372;1959
BG425;2018;1380;1941
BG425;2019;1405;1962
BG425;2020;1171;2290
BG425;2021;1029;2817
BG425;2022;1098;2437
BG425;2023;1191;2123
CH;2000;78458;62528
CH;2001;72522;61184
CH;2002;72065;61768
CH;2003;71848;63070
CH;2004;73082;60137
CH;2005;72903;61124
CH;2006;73371;60283
CH;2007;74494;61089
CH;2008;76691;61233
CH;2009;78286;62476
CH;2010;80290;62649
CH;2011;80808;62091
CH;2012;82164;64173
CH;2013;82731;64961
CH;2014;85287;63938
CH;2015;86559;67606
CH;2016;87883;64964
CH;2017;87381;66971
CH;2018;87851;67088
CH;2019;86172;67780
CH;2020;85914;76195
CH;2021;89644;71192
CH;2022;82371;74425
CH;2023;80024;71822
CH011;2000;7590;5400
CH011;2001;7049;5243
CH011;2002;6788;5252
CH011;2003;6846;5400
CH011;2004;7064;5100
CH011;2005;7200;5140
CH011;2006;7360;5330
CH011;2007;7585;5321
CH011;2008;7520;5242
CH011;2009;8032;5309
CH011;2010;8129;5310
CH011;2011;7953;5191
CH011;2012;8211;5552
CH011;2013;8274;5410
CH011;2014;8387;5275
CH011;2015;8385;5599
CH011;2016;8730;5413
CH011;2017;8686;5749
CH011;2018;8736;5750
CH011;2019;8607;5454
CH011;2020;8455;6700
CH011;2021;8884;5713
CH011;2022;8364;6218
CH011;2023;7973;5860
CH012;2000;2990;2210
CH012;2001;2875;2200
CH012;2002;2690;2225
CH012;2003;2645;2254
CH012;2004;2652;2260
CH012;2005;2810;2330
CH012;2006;2770;2320
CH012;2007;2723;2313
CH012;2008;2880;2381
CH012;2009;2876;2444
CH012;2010;3096;2451
CH012;2011;3107;2517
CH012;2012;3045;2481
CH012;2013;3142;2629
CH012;2014;3198;2501
CH012;2015;3247;2726
CH012;2016;3274;2612
CH012;2017;3259;2759
CH012;2018;3326;2724
CH012;2019;3138;2898
CH012;2020;3310;3276
CH012;2021;3413;2831
CH012;2022;3148;3204
CH012;2023;3009;2914
CH013;2000;4830;3030
CH013;2001;4526;3000
CH013;2002;4646;3076
CH013;2003;4368;3230
CH013;2004;4700;2900
CH013;2005;4810;3050
CH013;2006;4740;3010
CH013;2007;4804;3086
CH013;2008;4787;3065
CH013;2009;4837;3140
CH013;2010;5007;3128
CH013;2011;4981;3045
CH013;2012;5030;3151
CH013;2013;5167;3322
CH013;2014;5282;3159
CH013;2015;5388;3405
CH013;2016;5361;3220
CH013;2017;5441;3342
CH013;2018;5353;3385
CH013;2019;5350;3369
CH013;2020;5159;4279
CH013;2021;5245;3288
CH013;2022;5070;3721
CH013;2023;4763;3553
CH021;2000;9360;9270
CH021;2001;8613;9000
CH021;2002;8498;9231
CH021;2003;8400;9232
CH021;2004;8700;8821
CH021;2005;8600;8810
CH021;2006;8560;8830
CH021;2007;8749;8861
CH021;2008;9020;8777
CH021;2009;9192;9025
CH021;2010;9381;9035
CH021;2011;9325;8984
CH021;2012;9658;9302
CH021;2013;9587;9527
CH021;2014;9731;9111
CH021;2015;10072;9644
CH021;2016;10113;9437
CH021;2017;10141;9465
CH021;2018;10145;9451
CH021;2019;9933;9667
CH021;2020;9943;10175
CH021;2021;10261;9890
CH021;2022;9278;10302
CH021;2023;9068;10007
CH022;2000;2920;1910
CH022;2001;2850;1846
CH022;2002;2684;1884
CH022;2003;2800;1935
CH022;2004;2800;1900
CH022;2005;2740;1870
CH022;2006;2800;1860
CH022;2007;2792;1810
CH022;2008;2895;1762
CH022;2009;3029;1906
CH022;2010;3087;1893
CH022;2011;3147;1973
CH022;2012;3131;1875
CH022;2013;3166;1965
CH022;2014;3369;2009
CH022;2015;3391;2049
CH022;2016;3501;2022
CH022;2017;3428;2061
CH022;2018;3546;2058
CH022;2019;3498;2099
CH022;2020;3381;2556
CH022;2021;3728;2269
CH022;2022;3482;2473
CH022;2023;3313;2270
CH023;2000;2430;2190
CH023;2001;2200;2100
CH023;2002;2237;2205
CH023;2003;2164;2300
CH023;2004;2200;2167
CH023;2005;2210;2210
CH023;2006;2060;2160
CH023;2007;2181;2200
CH023;2008;2184;2186
CH023;2009;2222;2231
CH023;2010;2266;2174
CH023;2011;2360;2190
CH023;2012;2401;2270
CH023;2013;2373;2286
CH023;2014;2418;2333
CH023;2015;2536;2500
CH023;2016;2591;2268
CH023;2017;2555;2444
CH023;2018;2659;2464
CH023;2019;2592;2311
CH023;2020;2663;2646
CH023;2021;2798;2457
CH023;2022;2550;2617
CH023;2023;2491;2547
CH024;2000;1930;1640
CH024;2001;1828;1567
CH024;2002;1800;1600
CH024;2003;1779;1500
CH024;2004;1700;1545
CH024;2005;1820;1560
CH024;2006;1800;1600
CH024;2007;1725;1619
CH024;2008;1723;1585
CH024;2009;1804;1534
CH024;2010;1750;1594
CH024;2011;1763;1524
CH024;2012;1784;1638
CH024;2013;1716;1580
CH024;2014;1803;1626
CH024;2015;1783;1655
CH024;2016;1804;1571
CH024;2017;1758;1612
CH024;2018;1656;1601
CH024;2019;1670;1585
CH024;2020;1633;1804
CH024;2021;1689;1616
CH024;2022;1577;1680
CH024;2023;1508;1632
CH025;2000;800;670
CH025;2001;769;622
CH025;2002;748;638
CH025;2003;700;700
CH025;2004;700;600
CH025;2005;680;640
CH025;2006;690;610
CH025;2007;607;648
CH025;2008;654;608
CH025;2009;680;638
CH025;2010;678;691
CH025;2011;662;645
CH025;2012;671;658
CH025;2013;680;599
CH025;2014;681;660
CH025;2015;700;697
CH025;2016;684;707
CH025;2017;695;664
CH025;2018;683;680
CH025;2019;709;666
CH025;2020;699;843
CH025;2021;722;774
CH025;2022;600;738
CH025;2023;613;720
CH031;2000;1700;2420
CH031;2001;1535;2300
CH031;2002;1589;2438
CH031;2003;1600;2400
CH031;2004;1600;2155
CH031;2005;1630;2170
CH031;2006;1610;2160
CH031;2007;1617;1994
CH031;2008;1656;2148
CH031;2009;1731;2161
CH031;2010;1859;2157
CH031;2011;1848;2052
CH031;2012;1905;2097
CH031;2013;1894;2049
CH031;2014;1996;2138
CH031;2015;2032;2146
CH031;2016;2076;1988
CH031;2017;2069;2123
CH031;2018;2075;2077
CH031;2019;2060;2063
CH031;2020;1994;2138
CH031;2021;2052;2018
CH031;2022;1789;2110
CH031;2023;1855;1999
CH032;2000;2480;1980
CH032;2001;2334;1978
CH032;2002;2300;2000
CH032;2003;2300;2071
CH032;2004;2265;1953
CH032;2005;2270;2120
CH032;2006;2240;1970
CH032;2007;2334;2082
CH032;2008;2348;2115
CH032;2009;2395;2256
CH032;2010;2449;2232
CH032;2011;2451;2212
CH032;2012;2494;2312
CH032;2013;2380;2384
CH032;2014;2534;2366
CH032;2015;2550;2525
CH032;2016;2608;2432
CH032;2017;2694;2462
CH032;2018;2623;2446
CH032;2019;2543;2481
CH032;2020;2522;2765
CH032;2021;2645;2610
CH032;2022;2492;2856
CH032;2023;2345;2748
CH033;2000;5760;4080
CH033;2001;5252;4000
CH033;2002;5394;4000
CH033;2003;5463;4100
CH033;2004;5558;3900
CH033;2005;5500;4040
CH033;2006;5530;4030
CH033;2007;5511;4072
CH033;2008;5915;4039
CH033;2009;5822;4313
CH033;2010;6258;4330
CH033;2011;6163;4379
CH033;2012;6404;4497
CH033;2013;6423;4557
CH033;2014;6687;4510
CH033;2015;6707;4871
CH033;2016;6979;4761
CH033;2017;6914;4711
CH033;2018;6945;4780
CH033;2019;7044;4997
CH033;2020;6980;5517
CH033;2021;7439;5368
CH033;2022;6829;5420
CH033;2023;6577;5445
CH040;2000;13210;10730
CH040;2001;12700;10447
CH040;2002;12442;10400
CH040;2003;12759;10600
CH040;2004;13242;10100
CH040;2005;13300;10240
CH040;2006;13530;9950
CH040;2007;13850;10130
CH040;2008;14480;10163
CH040;2009;14879;10170
CH040;2010;15297;10296
CH040;2011;15592;10280
CH040;2012;15794;10500
CH040;2013;15996;10792
CH040;2014;16884;10521
CH040;2015;16866;11156
CH040;2016;17051;10716
CH040;2017;17070;11076
CH040;2018;16919;11062
CH040;2019;16587;11305
CH040;2020;16649;12078
CH040;2021;17342;11925
CH040;2022;15426;12071
CH040;2023;15273;11808
CH051;2000;380;360
CH051;2001;360;400
CH051;2002;331;400
CH051;2003;370;423
CH051;2004;330;400
CH051;2005;330;410
CH051;2006;350;370
CH051;2007;357;364
CH051;2008;330;393
CH051;2009;320;393
CH051;2010;322;399
CH051;2011;340;364
CH051;2012;366;368
CH051;2013;392;342
CH051;2014;378;372
CH051;2015;409;354
CH051;2016;414;370
CH051;2017;378;378
CH051;2018;407;363
CH051;2019;413;416
CH051;2020;382;431
CH051;2021;396;432
CH051;2022;357;373
CH051;2023;341;394
CH052;2000;690;760
CH052;2001;600;730
CH052;2002;632;730
CH052;2003;666;725
CH052;2004;600;747
CH052;2005;630;660
CH052;2006;600;710
CH052;2007;653;778
CH052;2008;612;710
CH052;2009;660;722
CH052;2010;630;703
CH052;2011;699;716
CH052;2012;711;741
CH052;2013;734;731
CH052;2014;725;772
CH052;2015;700;743
CH052;2016;758;748
CH052;2017;747;739
CH052;2018;772;774
CH052;2019;724;809
CH052;2020;764;841
CH052;2021;811;832
CH052;2022;740;842
CH052;2023;740;842
CH053;2000;560;500
CH053;2001;500;568
CH053;2002;467;485
CH053;2003;456;479
CH053;2004;458;500
CH053;2005;450;480
CH053;2006;450;490
CH053;2007;441;481
CH053;2008;489;499
CH053;2009;466;455
CH053;2010;505;489
CH053;2011;517;449
CH053;2012;538;518
CH053;2013;498;514
CH053;2014;537;478
CH053;2015;558;508
CH053;2016;586;506
CH053;2017;564;506
CH053;2018;592;459
CH053;2019;558;484
CH053;2020;547;530
CH053;2021;576;505
CH053;2022;493;531
CH053;2023;481;502
CH054;2000;180;150
CH054;2001;176;141
CH054;2002;200;138
CH054;2003;160;149
CH054;2004;151;100
CH054;2005;150;110
CH054;2006;150;130
CH054;2007;170;134
CH054;2008;166;139
CH054;2009;163;126
CH054;2010;159;117
CH054;2011;177;141
CH054;2012;171;135
CH054;2013;180;138
CH054;2014;166;131
CH054;2015;181;137
CH054;2016;186;155
CH054;2017;186;121
CH054;2018;169;137
CH054;2019;174;134
CH054;2020;171;148
CH054;2021;172;142
CH054;2022;149;175
CH054;2023;154;137
CH055;2000;5120;3720
CH055;2001;4700;3700
CH055;2002;4722;3744
CH055;2003;4638;3862
CH055;2004;4558;3671
CH055;2005;4330;3780
CH055;2006;4370;3570
CH055;2007;4487;3709
CH055;2008;4664;3726
CH055;2009;4794;3781
CH055;2010;4852;3764
CH055;2011;4977;3665
CH055;2012;4958;3937
CH055;2013;5112;3728
CH055;2014;5058;3805
CH055;2015;5363;3945
CH055;2016;5388;3845
CH055;2017;5205;3886
CH055;2018;5368;3880
CH055;2019;5269;4047
CH055;2020;5345;4767
CH055;2021;5440;4560
CH055;2022;5198;4412
CH055;2023;4971;4293
CH056;2000;2010;1600
CH056;2001;1767;1639
CH056;2002;1644;1632
CH056;2003;1700;1652
CH056;2004;1660;1572
CH056;2005;1530;1630
CH056;2006;1530;1590
CH056;2007;1599;1685
CH056;2008;1597;1631
CH056;2009;1619;1701
CH056;2010;1602;1608
CH056;2011;1724;1614
CH056;2012;1645;1703
CH056;2013;1764;1721
CH056;2014;1803;1704
CH056;2015;1748;1734
CH056;2016;1806;1624
CH056;2017;1712;1746
CH056;2018;1794;1789
CH056;2019;1630;1748
CH056;2020;1637;1800
CH056;2021;1793;1825
CH056;2022;1641;1995
CH056;2023;1538;1866
CH057;2000;2550;1870
CH057;2001;2200;1758
CH057;2002;2249;1762
CH057;2003;2155;1866
CH057;2004;2225;1800
CH057;2005;2110;1790
CH057;2006;2200;1780
CH057;2007;2258;1835
CH057;2008;2187;1942
CH057;2009;2310;1817
CH057;2010;2396;1919
CH057;2011;2340;1869
CH057;2012;2425;1884
CH057;2013;2489;1966
CH057;2014;2664;1958
CH057;2015;2785;1941
CH057;2016;2866;1968
CH057;2017;2809;1986
CH057;2018;2971;2067
CH057;2019;2884;2085
CH057;2020;2882;2253
CH057;2021;3020;2327
CH057;2022;2850;2348
CH057;2023;2750;2263
CH061;2000;3890;2780
CH061;2001;3468;2750
CH061;2002;3535;2714
CH061;2003;3436;2754
CH061;2004;3478;2776
CH061;2005;3440;2820
CH061;2006;3580;2710
CH061;2007;3638;2779
CH061;2008;3815;2739
CH061;2009;3839;2927
CH061;2010;3912;2832
CH061;2011;4036;2764
CH061;2012;4087;2928
CH061;2013;4065;2879
CH061;2014;4153;2900
CH061;2015;4192;3137
CH061;2016;4265;2844
CH061;2017;4384;3077
CH061;2018;4413;3140
CH061;2019;4357;3104
CH061;2020;4311;3346
CH061;2021;4456;3366
CH061;2022;4080;3534
CH061;2023;4094;3330
CH062;2000;410;280
CH062;2001;346;300
CH062;2002;368;300
CH062;2003;336;300
CH062;2004;350;300
CH062;2005;320;290
CH062;2006;340;300
CH062;2007;327;316
CH062;2008;331;306
CH062;2009;351;316
CH062;2010;350;351
CH062;2011;326;318
CH062;2012;368;312
CH062;2013;325;341
CH062;2014;324;320
CH062;2015;322;367
CH062;2016;332;348
CH062;2017;350;359
CH062;2018;356;324
CH062;2019;342;307
CH062;2020;328;327
CH062;2021;419;338
CH062;2022;320;335
CH062;2023;376;325
CH063;2000;1580;990
CH063;2001;1366;960
CH063;2002;1432;939
CH063;2003;1525;1000
CH063;2004;1500;1000
CH063;2005;1460;950
CH063;2006;1420;920
CH063;2007;1401;921
CH063;2008;1542;1048
CH063;2009;1451;1039
CH063;2010;1467;965
CH063;2011;1417;1065
CH063;2012;1578;1035
CH063;2013;1542;1094
CH063;2014;1545;1068
CH063;2015;1607;1164
CH063;2016;1559;1133
CH063;2017;1510;1067
CH063;2018;1628;1152
CH063;2019;1536;1107
CH063;2020;1633;1361
CH063;2021;1694;1374
CH063;2022;1521;1345
CH063;2023;1505;1278
CH064;2000;380;260
CH064;2001;339;267
CH064;2002;323;253
CH064;2003;300;272
CH064;2004;341;248
CH064;2005;300;280
CH064;2006;350;210
CH064;2007;363;295
CH064;2008;354;275
CH064;2009;363;255
CH064;2010;347;232
CH064;2011;380;243
CH064;2012;383;271
CH064;2013;340;279
CH064;2014;395;255
CH064;2015;359;270
CH064;2016;370;246
CH064;2017;377;279
CH064;2018;384;258
CH064;2019;347;279
CH064;2020;378;344
CH064;2021;345;302
CH064;2022;335;317
CH064;2023;344;315
CH065;2000;420;240
CH065;2001;369;255
CH065;2002;377;254
CH065;2003;375;259
CH065;2004;374;251
CH065;2005;380;260
CH065;2006;370;300
CH065;2007;364;251
CH065;2008;386;293
CH065;2009;353;294
CH065;2010;373;302
CH065;2011;374;274
CH065;2012;366;268
CH065;2013;392;307
CH065;2014;377;300
CH065;2015;426;304
CH065;2016;398;296
CH065;2017;418;334
CH065;2018;432;301
CH065;2019;384;336
CH065;2020;397;335
CH065;2021;377;371
CH065;2022;393;382
CH065;2023;367;400
CH066;2000;1220;700
CH066;2001;1100;654
CH066;2002;1065;672
CH066;2003;1157;700
CH066;2004;1100;660
CH066;2005;1140;690
CH066;2006;1150;630
CH066;2007;1145;645
CH066;2008;1164;666
CH066;2009;1166;662
CH066;2010;1165;706
CH066;2011;1200;720
CH066;2012;1201;742
CH066;2013;1258;764
CH066;2014;1284;742
CH066;2015;1295;735
CH066;2016;1377;746
CH066;2017;1257;795
CH066;2018;1343;814
CH066;2019;1329;791
CH066;2020;1245;868
CH066;2021;1371;941
CH066;2022;1254;889
CH066;2023;1185;886
CH070;2000;3060;2810
CH070;2001;2700;2769
CH070;2002;2904;2800
CH070;2003;2734;2923
CH070;2004;2753;2700
CH070;2005;2780;2790
CH070;2006;2790;2760
CH070;2007;2810;2760
CH070;2008;2992;2795
CH070;2009;2932;2861
CH070;2010;2953;2971
CH070;2011;2949;2897
CH070;2012;2839;2998
CH070;2013;2842;3057
CH070;2014;2908;2924
CH070;2015;2957;3294
CH070;2016;2806;2988
CH070;2017;2774;3230
CH070;2018;2556;3152
CH070;2019;2494;3238
CH070;2020;2506;4067
CH070;2021;2556;3118
CH070;2022;2435;3537
CH070;2023;2390;3488
CY;2000;8447;5355
CY;2001;8167;4827
CY;2002;7883;5168
CY;2003;8088;5200
CY;2004;8309;5225
CY;2005;8243;5425
CY;2006;8731;5127
CY;2007;8575;5391
CY;2008;9205;5194
CY;2009;9608;5182
CY;2010;9801;5103
CY;2011;9622;5504
CY;2012;10161;5665
CY;2013;9341;5141
CY;2014;9258;5424
CY;2015;9170;5859
CY;2016;9455;5471
CY;2017;9229;5996
CY;2018;9329;5768
CY;2019;9548;6239
CY;2020;9930;6422
CY;2021;10309;7202
CY;2022;10197;7295
CY;2023;10241;6742
CY000;2000;8447;5355
CY000;2001;8167;4827
CY000;2002;7883;5168
CY000;2003;8088;5200
CY000;2004;8309;5225
CY000;2005;8243;5425
CY000;2006;8731;5127
CY000;2007;8575;5391
CY000;2008;9205;5194
CY000;2009;9608;5182
CY000;2010;9801;5103
CY000;2011;9622;5504
CY000;2012;10161;5665
CY000;2013;9341;5141
CY000;2014;9258;5424
CY000;2015;9170;5859
CY000;2016;9455;5471
CY000;2017;9229;5996
CY000;2018;9329;5768
CY000;2019;9548;6239
CY000;2020;9930;6422
CY000;2021;10309;7202
CY000;2022;10197;7295
CY000;2023;10241;6742
CZ;2000;90910;109001
CZ;2001;90753;107755
CZ;2002;92786;108243
CZ;2003;93720;111321
CZ;2004;97664;107177
CZ;2005;102211;107938
CZ;2006;105831;104441
CZ;2007;114632;104636
CZ;2008;119570;104948
CZ;2009;118348;107421
CZ;2010;117153;106844
CZ;2011;108673;106848
CZ;2012;108576;108189
CZ;2013;106751;109160
CZ;2014;109860;105665
CZ;2015;110764;111173
CZ;2016;112663;107750
CZ;2017;114405;111443
CZ;2018;114036;112920
CZ;2019;112231;112362
CZ;2020;110200;129289
CZ;2021;111793;139891
CZ;2022;101299;120219
CZ;2023;91149;112795
CZ010;2000;9453;13425
CZ010;2001;9700;13200
CZ010;2002;9700;13333
CZ010;2003;10057;13500
CZ010;2004;11131;12849
CZ010;2005;11940;12670
CZ010;2006;12530;12270
CZ010;2007;13195;12208
CZ010;2008;14339;12269
CZ010;2009;14488;12365
CZ010;2010;14792;12266
CZ010;2011;13968;12092
CZ010;2012;14176;12411
CZ010;2013;13867;12149
CZ010;2014;14624;12118
CZ010;2015;14759;12420
CZ010;2016;14929;12141
CZ010;2017;15324;12199
CZ010;2018;15460;12417
CZ010;2019;14933;12178
CZ010;2020;14713;13621
CZ010;2021;15157;14460
CZ010;2022;13528;12810
CZ010;2023;12575;12212
CZ020;2000;9936;12777
CZ020;2001;10035;12552
CZ020;2002;10500;12400
CZ020;2003;10633;13050
CZ020;2004;11300;12600
CZ020;2005;12110;12850
CZ020;2006;12740;12070
CZ020;2007;14279;12210
CZ020;2008;15246;12255
CZ020;2009;15219;12722
CZ020;2010;15212;12440
CZ020;2011;14531;12621
CZ020;2012;14428;12752
CZ020;2013;14218;12924
CZ020;2014;14572;12301
CZ020;2015;14602;13049
CZ020;2016;14748;12695
CZ020;2017;15323;13248
CZ020;2018;14776;13687
CZ020;2019;14836;13471
CZ020;2020;14437;15302
CZ020;2021;15111;16708
CZ020;2022;13467;14351
CZ020;2023;12249;13765
CZ031;2000;5650;6370
CZ031;2001;5531;6365
CZ031;2002;5670;6314
CZ031;2003;5700;6619
CZ031;2004;5869;6483
CZ031;2005;6171;6400
CZ031;2006;6477;6170
CZ031;2007;6922;6246
CZ031;2008;7155;6347
CZ031;2009;7027;6467
CZ031;2010;6933;6416
CZ031;2011;6379;6374
CZ031;2012;6655;6504
CZ031;2013;6374;6604
CZ031;2014;6437;6428
CZ031;2015;6600;6933
CZ031;2016;6747;6443
CZ031;2017;6880;6752
CZ031;2018;6748;6696
CZ031;2019;6665;6885
CZ031;2020;6552;7800
CZ031;2021;6699;8350
CZ031;2022;6087;7416
CZ031;2023;5349;6939
CZ032;2000;4887;5970
CZ032;2001;4797;5935
CZ032;2002;4930;5858
CZ032;2003;4970;6110
CZ032;2004;5131;5956
CZ032;2005;5409;5850
CZ032;2006;5693;5920
CZ032;2007;6100;5653
CZ032;2008;6385;5785
CZ032;2009;6412;5859
CZ032;2010;6242;5816
CZ032;2011;5566;5888
CZ032;2012;5768;6003
CZ032;2013;5510;6061
CZ032;2014;5674;5761
CZ032;2015;5861;6307
CZ032;2016;5940;6153
CZ032;2017;6066;6242
CZ032;2018;6082;6276
CZ032;2019;6027;6356
CZ032;2020;5876;7066
CZ032;2021;5933;7912
CZ032;2022;5509;6698
CZ032;2023;4942;6111
CZ041;2000;2900;3013
CZ041;2001;2872;3048
CZ041;2002;2948;3075
CZ041;2003;2966;3115
CZ041;2004;3029;2998
CZ041;2005;3085;2980
CZ041;2006;3181;2980
CZ041;2007;3438;2920
CZ041;2008;3562;3023
CZ041;2009;3425;3150
CZ041;2010;3313;3097
CZ041;2011;3014;3080
CZ041;2012;2820;3072
CZ041;2013;2826;3186
CZ041;2014;2764;3151
CZ041;2015;2731;3268
CZ041;2016;2815;3167
CZ041;2017;2753;3406
CZ041;2018;2755;3491
CZ041;2019;2827;3405
CZ041;2020;2682;4026
CZ041;2021;2619;4592
CZ041;2022;2370;3527
CZ041;2023;2131;3346
CZ042;2000;8003;8773
CZ042;2001;7953;8931
CZ042;2002;8187;9065
CZ042;2003;8265;9240
CZ042;2004;8471;8948
CZ042;2005;8655;8950
CZ042;2006;8959;8720
CZ042;2007;9715;8741
CZ042;2008;10031;8809
CZ042;2009;9626;8897
CZ042;2010;9275;8912
CZ042;2011;8645;8841
CZ042;2012;8215;8959
CZ042;2013;8060;9277
CZ042;2014;8292;8846
CZ042;2015;8313;9238
CZ042;2016;8263;9058
CZ042;2017;8442;9172
CZ042;2018;8099;9338
CZ042;2019;8094;9208
CZ042;2020;7947;10793
CZ042;2021;7886;11775
CZ042;2022;7257;9879
CZ042;2023;6332;9517
CZ051;2000;4090;4526
CZ051;2001;4018;4411
CZ051;2002;4107;4430
CZ051;2003;4127;4513
CZ051;2004;4283;4323
CZ051;2005;4359;4230
CZ051;2006;4544;4140
CZ051;2007;5045;4289
CZ051;2008;5220;4295
CZ051;2009;5206;4313
CZ051;2010;5120;4251
CZ051;2011;4654;4228
CZ051;2012;4592;4386
CZ051;2013;4535;4423
CZ051;2014;4435;4346
CZ051;2015;4683;4558
CZ051;2016;4960;4385
CZ051;2017;4753;4707
CZ051;2018;4725;4705
CZ051;2019;4659;4607
CZ051;2020;4557;5252
CZ051;2021;4386;5880
CZ051;2022;3921;5013
CZ051;2023;3549;4735
CZ052;2000;4969;5799
CZ052;2001;4881;5710
CZ052;2002;4988;5793
CZ052;2003;5012;5963
CZ052;2004;5200;5773
CZ052;2005;5292;5710
CZ052;2006;5516;5690
CZ052;2007;6122;5586
CZ052;2008;6254;5526
CZ052;2009;6261;5911
CZ052;2010;6021;5553
CZ052;2011;5437;5748
CZ052;2012;5467;5825
CZ052;2013;5451;5918
CZ052;2014;5518;5614
CZ052;2015;5582;5836
CZ052;2016;5616;5681
CZ052;2017;5702;5783
CZ052;2018;5677;6024
CZ052;2019;5504;5901
CZ052;2020;5526;6694
CZ052;2021;5537;7668
CZ052;2022;5058;6176
CZ052;2023;4549;6019
CZ053;2000;4613;5136
CZ053;2001;4534;5079
CZ053;2002;4636;5177
CZ053;2003;4661;5352
CZ053;2004;4840;5204
CZ053;2005;4929;5170
CZ053;2006;5140;5160
CZ053;2007;5709;5134
CZ053;2008;5752;5087
CZ053;2009;5644;5003
CZ053;2010;5721;5320
CZ053;2011;5312;5365
CZ053;2012;5385;5403
CZ053;2013;5077;5392
CZ053;2014;5410;5123
CZ053;2015;5302;5440
CZ053;2016;5533;5234
CZ053;2017;5372;5389
CZ053;2018;5526;5528
CZ053;2019;5672;5558
CZ053;2020;5454;6383
CZ053;2021;5421;6991
CZ053;2022;4929;6049
CZ053;2023;4516;5427
CZ063;2000;4710;5290
CZ063;2001;4510;5120
CZ063;2002;4690;5130
CZ063;2003;4710;5320
CZ063;2004;4760;5010
CZ063;2005;5070;5340
CZ063;2006;5110;4770
CZ063;2007;5373;4880
CZ063;2008;5649;4881
CZ063;2009;5447;5094
CZ063;2010;5357;5105
CZ063;2011;5075;5031
CZ063;2012;5148;5223
CZ063;2013;4920;5129
CZ063;2014;5334;4880
CZ063;2015;5349;5178
CZ063;2016;5307;4997
CZ063;2017;5440;5288
CZ063;2018;5430;5277
CZ063;2019;5497;5636
CZ063;2020;5349;6450
CZ063;2021;5547;6438
CZ063;2022;4979;5861
CZ063;2023;4476;5466
CZ064;2000;9620;12160
CZ064;2001;9680;11730
CZ064;2002;10130;12020
CZ064;2003;10070;12170
CZ064;2004;10720;11660
CZ064;2005;11150;12060
CZ064;2006;11510;11670
CZ064;2007;12371;11774
CZ064;2008;13196;11262
CZ064;2009;13145;11581
CZ064;2010;13040;11566
CZ064;2011;12404;11466
CZ064;2012;12339;11709
CZ064;2013;12403;11629
CZ064;2014;12802;11399
CZ064;2015;12771;12106
CZ064;2016;13193;11738
CZ064;2017;13509;12275
CZ064;2018;13594;12542
CZ064;2019;13328;12190
CZ064;2020;12859;14015
CZ064;2021;13085;15246
CZ064;2022;12078;13344
CZ064;2023;10669;12326
CZ071;2000;5510;6734
CZ071;2001;5603;6559
CZ071;2002;5626;6475
CZ071;2003;5728;6660
CZ071;2004;5853;6306
CZ071;2005;6280;6480
CZ071;2006;6430;6300
CZ071;2007;6931;6458
CZ071;2008;7118;6433
CZ071;2009;7134;6705
CZ071;2010;6922;6748
CZ071;2011;6311;6559
CZ071;2012;6303;6701
CZ071;2013;6322;6830
CZ071;2014;6400;6461
CZ071;2015;6498;7000
CZ071;2016;6697;6731
CZ071;2017;6679;7033
CZ071;2018;6699;6952
CZ071;2019;6359;6914
CZ071;2020;6584;8126
CZ071;2021;6394;8562
CZ071;2022;5985;7481
CZ071;2023;5322;6981
CZ072;2000;5290;6172
CZ072;2001;5297;6076
CZ072;2002;5236;6060
CZ072;2003;5249;6299
CZ072;2004;5277;6029
CZ072;2005;5570;6260
CZ072;2006;5610;5930
CZ072;2007;6059;5869
CZ072;2008;6261;6002
CZ072;2009;6076;6109
CZ072;2010;6106;6061
CZ072;2011;5570;6171
CZ072;2012;5493;6093
CZ072;2013;5585;6354
CZ072;2014;5599;6120
CZ072;2015;5847;6290
CZ072;2016;5863;6194
CZ072;2017;6084;6389
CZ072;2018;6078;6338
CZ072;2019;5774;6291
CZ072;2020;5834;7794
CZ072;2021;6040;7984
CZ072;2022;5361;6695
CZ072;2023;4861;6276
CZ080;2000;11281;12861
CZ080;2001;11332;13029
CZ080;2002;11444;13100
CZ080;2003;11552;13400
CZ080;2004;11821;13041
CZ080;2005;12180;12990
CZ080;2006;12380;12660
CZ080;2007;13373;12668
CZ080;2008;13402;12974
CZ080;2009;13238;13245
CZ080;2010;13099;13293
CZ080;2011;11807;13384
CZ080;2012;11787;13148
CZ080;2013;11603;13284
CZ080;2014;11999;13117
CZ080;2015;11866;13550
CZ080;2016;12052;13133
CZ080;2017;12078;13560
CZ080;2018;12387;13649
CZ080;2019;12056;13762
CZ080;2020;11830;15967
CZ080;2021;11978;17325
CZ080;2022;10770;14919
CZ080;2023;9629;13675
DE;2000;764700;838797
DE;2001;732200;828541
DE;2002;716957;841686
DE;2003;704393;853651
DE;2004;703395;818161
DE;2005;683611;830227
DE;2006;670580;821627
DE;2007;682714;827155
DE;2008;680344;844439
DE;2009;665126;854544
DE;2010;677947;858768
DE;2011;662685;852328
DE;2012;673544;869582
DE;2013;682069;893825
DE;2014;714927;868356
DE;2015;737575;925200
DE;2016;792141;910902
DE;2017;784901;932272
DE;2018;787523;954874
DE;2019;778090;939520
DE;2020;773144;985572
DE;2021;795492;1023687
DE;2022;738819;1066341
DE;2023;692989;1028206
DE111;2000;5564;5592
DE111;2001;5438;5468
DE111;2002;5321;5315
DE111;2003;5275;5500
DE111;2004;5435;5071
DE111;2005;5500;5230
DE111;2006;5495;5081
DE111;2007;5521;4996
DE111;2008;5523;5137
DE111;2009;5555;5111
DE111;2010;5852;5177
DE111;2011;5667;5053
DE111;2012;5643;5117
DE111;2013;5911;5239
DE111;2014;6174;5050
DE111;2015;6410;5480
DE111;2016;6970;5376
DE111;2017;6719;5419
DE111;2018;6618;5435
DE111;2019;6733;5249
DE111;2020;6455;5429
DE111;2021;6748;5537
DE111;2022;5919;6046
DE111;2023;5458;5790
DE112;2000;3977;2689
DE112;2001;3733;2711
DE112;2002;3764;2746
DE112;2003;3737;2821
DE112;2004;3600;2567
DE112;2005;3380;2830
DE112;2006;3453;2755
DE112;2007;3327;2824
DE112;2008;3399;2903
DE112;2009;3292;2870
DE112;2010;3361;3050
DE112;2011;3244;3051
DE112;2012;3301;3118
DE112;2013;3399;3239
DE112;2014;3541;3084
DE112;2015;3758;3468
DE112;2016;4180;3433
DE112;2017;4093;3511
DE112;2018;4208;3506
DE112;2019;4203;3606
DE112;2020;4154;3733
DE112;2021;4370;3869
DE112;2022;3976;4162
DE112;2023;3787;3866
DE113;2000;5093;4222
DE113;2001;5013;4212
DE113;2002;4846;4222
DE113;2003;4800;4374
DE113;2004;4900;4100
DE113;2005;4720;4370
DE113;2006;4636;4000
DE113;2007;4635;4229
DE113;2008;4600;4353
DE113;2009;4551;4383
DE113;2010;4569;4407
DE113;2011;4366;4474
DE113;2012;4361;4661
DE113;2013;4435;4569
DE113;2014;4795;4550
DE113;2015;4923;4935
DE113;2016;5091;4832
DE113;2017;5084;5072
DE113;2018;5268;5211
DE113;2019;5209;5195
DE113;2020;5318;5500
DE113;2021;5556;5556
DE113;2022;4941;5890
DE113;2023;4826;5649
DE114;2000;2595;2462
DE114;2001;2412;2441
DE114;2002;2347;2449
DE114;2003;2230;2428
DE114;2004;2276;2364
DE114;2005;2160;2370
DE114;2006;2150;2450
DE114;2007;2040;2370
DE114;2008;2073;2398
DE114;2009;1960;2537
DE114;2010;1970;2375
DE114;2011;1945;2440
DE114;2012;1946;2447
DE114;2013;1952;2691
DE114;2014;2039;2542
DE114;2015;2158;2630
DE114;2016;2394;2646
DE114;2017;2389;2713
DE114;2018;2449;2733
DE114;2019;2461;2845
DE114;2020;2310;2877
DE114;2021;2582;3070
DE114;2022;2343;3129
DE114;2023;2306;2963
DE115;2000;5291;4009
DE115;2001;5108;3921
DE115;2002;4920;3987
DE115;2003;5022;4140
DE115;2004;4843;3975
DE115;2005;4620;4120
DE115;2006;4701;4097
DE115;2007;4811;4105
DE115;2008;4733;4334
DE115;2009;4578;4182
DE115;2010;4697;4416
DE115;2011;4627;4409
DE115;2012;4711;4528
DE115;2013;4911;4459
DE115;2014;4845;4430
DE115;2015;5535;5074
DE115;2016;5599;4885
DE115;2017;5820;5011
DE115;2018;5645;5162
DE115;2019;5581;5000
DE115;2020;5605;5458
DE115;2021;5914;5519
DE115;2022;5416;5736
DE115;2023;5125;5422
DE116;2000;4257;3555
DE116;2001;4060;3448
DE116;2002;3905;3465
DE116;2003;4000;3577
DE116;2004;3774;3266
DE116;2005;3780;3550
DE116;2006;3540;3463
DE116;2007;3516;3639
DE116;2008;3419;3707
DE116;2009;3226;3763
DE116;2010;3329;3882
DE116;2011;3327;3650
DE116;2012;3248;3780
DE116;2013;3349;4016
DE116;2014;3531;3856
DE116;2015;3706;4134
DE116;2016;4071;4128
DE116;2017;4026;4304
DE116;2018;4131;4210
DE116;2019;4171;4333
DE116;2020;4158;4690
DE116;2021;4251;4556
DE116;2022;4055;4830
DE116;2023;3750;4784
DE117;2000;1136;1252
DE117;2001;1124;1188
DE117;2002;1169;1149
DE117;2003;1168;1232
DE117;2004;1100;1142
DE117;2005;1130;1160
DE117;2006;1106;1136
DE117;2007;1165;1110
DE117;2008;1076;1164
DE117;2009;1099;1207
DE117;2010;1041;1248
DE117;2011;1188;1167
DE117;2012;1165;1189
DE117;2013;1151;1238
DE117;2014;1160;1243
DE117;2015;1235;1298
DE117;2016;1364;1283
DE117;2017;1334;1356
DE117;2018;1366;1355
DE117;2019;1335;1323
DE117;2020;1296;1369
DE117;2021;1348;1499
DE117;2022;1282;1455
DE117;2023;1222;1332
DE118;2000;3462;2604
DE118;2001;3313;2729
DE118;2002;3199;2823
DE118;2003;3059;2876
DE118;2004;3051;2642
DE118;2005;2880;2780
DE118;2006;2782;2751
DE118;2007;2810;2845
DE118;2008;2761;2980
DE118;2009;2675;2967
DE118;2010;2653;2966
DE118;2011;2643;2835
DE118;2012;2664;3077
DE118;2013;2772;3013
DE118;2014;2920;3027
DE118;2015;3102;3318
DE118;2016;3330;3210
DE118;2017;3338;3218
DE118;2018;3428;3302
DE118;2019;3517;3278
DE118;2020;3660;3372
DE118;2021;3733;3682
DE118;2022;3538;3803
DE118;2023;3245;3708
DE119;2000;1148;926
DE119;2001;1125;893
DE119;2002;1051;894
DE119;2003;1039;1000
DE119;2004;1055;936
DE119;2005;960;960
DE119;2006;936;1020
DE119;2007;986;999
DE119;2008;984;1008
DE119;2009;900;1045
DE119;2010;934;1010
DE119;2011;915;1029
DE119;2012;899;1050
DE119;2013;815;1087
DE119;2014;1019;1050
DE119;2015;967;1105
DE119;2016;1103;1072
DE119;2017;1080;1147
DE119;2018;1082;1158
DE119;2019;1125;1121
DE119;2020;1137;1247
DE119;2021;1198;1238
DE119;2022;1105;1349
DE119;2023;1057;1222
DE11A;2000;1948;1807
DE11A;2001;1877;1710
DE11A;2002;1847;1703
DE11A;2003;1800;1856
DE11A;2004;1800;1700
DE11A;2005;1770;1740
DE11A;2006;1689;1735
DE11A;2007;1679;1797
DE11A;2008;1650;1780
DE11A;2009;1557;1800
DE11A;2010;1637;1822
DE11A;2011;1500;1752
DE11A;2012;1625;1840
DE11A;2013;1556;1832
DE11A;2014;1716;1730
DE11A;2015;1849;1857
DE11A;2016;1918;1944
DE11A;2017;1984;1865
DE11A;2018;1955;2058
DE11A;2019;1926;2011
DE11A;2020;2006;2199
DE11A;2021;2133;2127
DE11A;2022;1990;2298
DE11A;2023;1926;2160
DE11B;2000;1339;1335
DE11B;2001;1229;1337
DE11B;2002;1188;1363
DE11B;2003;1234;1255
DE11B;2004;1200;1269
DE11B;2005;1170;1330
DE11B;2006;1039;1349
DE11B;2007;1055;1410
DE11B;2008;1071;1299
DE11B;2009;979;1382
DE11B;2010;946;1431
DE11B;2011;966;1388
DE11B;2012;935;1482
DE11B;2013;1036;1480
DE11B;2014;1011;1458
DE11B;2015;1059;1555
DE11B;2016;1149;1486
DE11B;2017;1203;1551
DE11B;2018;1220;1581
DE11B;2019;1232;1511
DE11B;2020;1179;1582
DE11B;2021;1281;1631
DE11B;2022;1138;1780
DE11B;2023;1102;1675
DE11C;2000;1302;1319
DE11C;2001;1254;1279
DE11C;2002;1258;1276
DE11C;2003;1200;1348
DE11C;2004;1160;1238
DE11C;2005;1110;1260
DE11C;2006;1044;1249
DE11C;2007;1078;1311
DE11C;2008;1017;1317
DE11C;2009;985;1268
DE11C;2010;1030;1369
DE11C;2011;939;1311
DE11C;2012;1021;1431
DE11C;2013;1003;1460
DE11C;2014;1067;1388
DE11C;2015;1157;1443
DE11C;2016;1129;1420
DE11C;2017;1217;1498
DE11C;2018;1210;1486
DE11C;2019;1220;1488
DE11C;2020;1229;1570
DE11C;2021;1267;1620
DE11C;2022;1229;1777
DE11C;2023;1071;1580
DE11D;2000;3359;2955
DE11D;2001;3115;2783
DE11D;2002;3244;2947
DE11D;2003;3000;3000
DE11D;2004;2957;2933
DE11D;2005;2880;2850
DE11D;2006;2756;2851
DE11D;2007;2773;2985
DE11D;2008;2702;2999
DE11D;2009;2620;2965
DE11D;2010;2633;3113
DE11D;2011;2538;3057
DE11D;2012;2462;3126
DE11D;2013;2562;3090
DE11D;2014;2613;3005
DE11D;2015;2815;3190
DE11D;2016;2800;3088
DE11D;2017;2894;3223
DE11D;2018;2968;3311
DE11D;2019;2922;3561
DE11D;2020;2970;3495
DE11D;2021;3228;3559
DE11D;2022;2989;3615
DE11D;2023;2869;3476
DE121;2000;417;722
DE121;2001;391;747
DE121;2002;391;722
DE121;2003;400;700
DE121;2004;400;658
DE121;2005;370;670
DE121;2006;390;630
DE121;2007;377;680
DE121;2008;364;713
DE121;2009;386;688
DE121;2010;344;719
DE121;2011;344;739
DE121;2012;346;750
DE121;2013;359;781
DE121;2014;378;723
DE121;2015;445;732
DE121;2016;464;730
DE121;2017;424;759
DE121;2018;500;751
DE121;2019;442;788
DE121;2020;481;720
DE121;2021;527;757
DE121;2022;418;811
DE121;2023;399;841
DE122;2000;2620;3097
DE122;2001;2519;2958
DE122;2002;2490;3016
DE122;2003;2537;3029
DE122;2004;2600;2758
DE122;2005;2600;2740
DE122;2006;2481;2672
DE122;2007;2598;2695
DE122;2008;2600;2681
DE122;2009;2496;2726
DE122;2010;2650;2853
DE122;2011;2657;2782
DE122;2012;2567;2917
DE122;2013;2799;2776
DE122;2014;2830;2806
DE122;2015;2937;2957
DE122;2016;3145;2996
DE122;2017;2832;3022
DE122;2018;2969;2994
DE122;2019;2841;2970
DE122;2020;2723;2923
DE122;2021;2931;3073
DE122;2022;2549;3206
DE122;2023;2468;3089
DE123;2000;4035;3661
DE123;2001;3889;3631
DE123;2002;3780;3753
DE123;2003;3600;3745
DE123;2004;3700;3629
DE123;2005;3510;3690
DE123;2006;3535;3706
DE123;2007;3504;3939
DE123;2008;3535;3989
DE123;2009;3333;4051
DE123;2010;3446;3980
DE123;2011;3288;4123
DE123;2012;3594;4130
DE123;2013;3577;4233
DE123;2014;3706;4248
DE123;2015;3709;4488
DE123;2016;4003;4418
DE123;2017;4012;4664
DE123;2018;4061;4764
DE123;2019;4036;4799
DE123;2020;4117;4920
DE123;2021;4351;5147
DE123;2022;4035;5232
DE123;2023;3629;5123
DE124;2000;2057;2150
DE124;2001;2015;2130
DE124;2002;1910;2168
DE124;2003;1900;2160
DE124;2004;1825;2035
DE124;2005;1830;2130
DE124;2006;1751;2065
DE124;2007;1808;2084
DE124;2008;1718;2161
DE124;2009;1720;2218
DE124;2010;1689;2147
DE124;2011;1790;2180
DE124;2012;1645;2248
DE124;2013;1738;2270
DE124;2014;1795;2297
DE124;2015;1955;2417
DE124;2016;2032;2355
DE124;2017;2005;2461
DE124;2018;2067;2540
DE124;2019;2146;2594
DE124;2020;2060;2591
DE124;2021;2122;2775
DE124;2022;2067;2907
DE124;2023;1887;2797
DE125;2000;1198;1298
DE125;2001;1154;1273
DE125;2002;1135;1313
DE125;2003;1200;1271
DE125;2004;1240;1168
DE125;2005;1200;1210
DE125;2006;1184;1155
DE125;2007;1216;1127
DE125;2008;1301;1153
DE125;2009;1290;1197
DE125;2010;1293;1200
DE125;2011;1306;1117
DE125;2012;1303;1098
DE125;2013;1323;1169
DE125;2014;1414;1140
DE125;2015;1467;1240
DE125;2016;1618;1207
DE125;2017;1644;1198
DE125;2018;1630;1248
DE125;2019;1688;1168
DE125;2020;1495;1227
DE125;2021;1538;1220
DE125;2022;1333;1437
DE125;2023;1253;1358
DE126;2000;2872;3414
DE126;2001;2719;3252
DE126;2002;2709;3138
DE126;2003;2700;3300
DE126;2004;2757;3000
DE126;2005;2700;2960
DE126;2006;2680;2954
DE126;2007;2777;2809
DE126;2008;2794;2959
DE126;2009;2744;3189
DE126;2010;2816;3109
DE126;2011;2657;3044
DE126;2012;2681;3063
DE126;2013;2827;3051
DE126;2014;3042;3010
DE126;2015;3002;3199
DE126;2016;3274;3268
DE126;2017;3172;3222
DE126;2018;3303;3341
DE126;2019;3160;3402
DE126;2020;3090;3380
DE126;2021;3251;3361
DE126;2022;2984;3396
DE126;2023;2796;3334
DE127;2000;1462;1569
DE127;2001;1370;1530
DE127;2002;1408;1558
DE127;2003;1340;1471
DE127;2004;1338;1448
DE127;2005;1270;1460
DE127;2006;1206;1464
DE127;2007;1208;1442
DE127;2008;1066;1539
DE127;2009;1147;1652
DE127;2010;1087;1539
DE127;2011;1053;1504
DE127;2012;1033;1572
DE127;2013;1069;1602
DE127;2014;1091;1525
DE127;2015;1170;1622
DE127;2016;1246;1635
DE127;2017;1341;1737
DE127;2018;1268;1685
DE127;2019;1259;1687
DE127;2020;1303;1749
DE127;2021;1320;1837
DE127;2022;1213;1903
DE127;2023;1228;1744
DE128;2000;5159;4704
DE128;2001;4763;4698
DE128;2002;4765;4749
DE128;2003;4654;4938
DE128;2004;4600;4740
DE128;2005;4400;4680
DE128;2006;4467;4816
DE128;2007;4430;4874
DE128;2008;4388;5039
DE128;2009;4383;5246
DE128;2010;4417;5219
DE128;2011;4350;5096
DE128;2012;4563;5134
DE128;2013;4506;5333
DE128;2014;4727;5260
DE128;2015;4930;5645
DE128;2016;5121;5602
DE128;2017;5186;5655
DE128;2018;5055;5958
DE128;2019;5132;5846
DE128;2020;4934;5993
DE128;2021;5295;6094
DE128;2022;4782;6446
DE128;2023;4490;6374
DE129;2000;1178;1260
DE129;2001;1061;1189
DE129;2002;1137;1266
DE129;2003;1061;1233
DE129;2004;1049;1200
DE129;2005;1080;1210
DE129;2006;1080;1229
DE129;2007;1043;1222
DE129;2008;1043;1253
DE129;2009;1040;1217
DE129;2010;1072;1281
DE129;2011;1115;1312
DE129;2012;1067;1322
DE129;2013;1110;1308
DE129;2014;1205;1202
DE129;2015;1356;1377
DE129;2016;1375;1352
DE129;2017;1339;1488
DE129;2018;1492;1480
DE129;2019;1469;1409
DE129;2020;1456;1534
DE129;2021;1516;1595
DE129;2022;1473;1544
DE129;2023;1336;1505
DE12A;2000;1643;1474
DE12A;2001;1575;1429
DE12A;2002;1613;1446
DE12A;2003;1462;1454
DE12A;2004;1400;1400
DE12A;2005;1420;1400
DE12A;2006;1292;1368
DE12A;2007;1289;1349
DE12A;2008;1291;1396
DE12A;2009;1256;1431
DE12A;2010;1194;1418
DE12A;2011;1193;1392
DE12A;2012;1147;1428
DE12A;2013;1159;1450
DE12A;2014;1328;1460
DE12A;2015;1315;1595
DE12A;2016;1437;1655
DE12A;2017;1439;1628
DE12A;2018;1428;1523
DE12A;2019;1450;1643
DE12A;2020;1562;1708
DE12A;2021;1641;1812
DE12A;2022;1543;1882
DE12A;2023;1490;1827
DE12B;2000;1915;1553
DE12B;2001;1850;1654
DE12B;2002;1788;1596
DE12B;2003;1700;1600
DE12B;2004;1700;1538
DE12B;2005;1570;1590
DE12B;2006;1466;1531
DE12B;2007;1514;1589
DE12B;2008;1539;1591
DE12B;2009;1463;1730
DE12B;2010;1454;1773
DE12B;2011;1409;1764
DE12B;2012;1476;1719
DE12B;2013;1454;1799
DE12B;2014;1496;1833
DE12B;2015;1607;1966
DE12B;2016;1758;1910
DE12B;2017;1810;1905
DE12B;2018;1879;1965
DE12B;2019;1910;2035
DE12B;2020;1857;2286
DE12B;2021;2005;2269
DE12B;2022;1915;2256
DE12B;2023;1742;2311
DE12C;2000;1269;1156
DE12C;2001;1250;1190
DE12C;2002;1146;1173
DE12C;2003;1174;1251
DE12C;2004;1200;1131
DE12C;2005;1120;1160
DE12C;2006;1014;1107
DE12C;2007;1015;1100
DE12C;2008;1054;1097
DE12C;2009;968;1098
DE12C;2010;978;1240
DE12C;2011;920;1161
DE12C;2012;909;1192
DE12C;2013;927;1263
DE12C;2014;916;1126
DE12C;2015;1051;1290
DE12C;2016;1083;1288
DE12C;2017;1073;1246
DE12C;2018;1115;1268
DE12C;2019;1098;1301
DE12C;2020;1097;1402
DE12C;2021;1163;1338
DE12C;2022;1139;1444
DE12C;2023;1029;1407
DE131;2000;1969;1815
DE131;2001;1863;1799
DE131;2002;1960;1760
DE131;2003;1950;1859
DE131;2004;2000;1800
DE131;2005;2060;1720
DE131;2006;1972;1724
DE131;2007;2041;1707
DE131;2008;2067;1784
DE131;2009;2088;1778
DE131;2010;2272;1692
DE131;2011;2214;1740
DE131;2012;2256;1768
DE131;2013;2299;1770
DE131;2014;2423;1846
DE131;2015;2431;1953
DE131;2016;2524;1792
DE131;2017;2628;1847
DE131;2018;2564;1921
DE131;2019;2496;1941
DE131;2020;2508;1864
DE131;2021;2529;1891
DE131;2022;2337;2058
DE131;2023;2221;2067
DE132;2000;2483;1949
DE132;2001;2377;2085
DE132;2002;2262;2145
DE132;2003;2275;2100
DE132;2004;2226;2000
DE132;2005;2140;2060
DE132;2006;2128;1999
DE132;2007;2128;2078
DE132;2008;2067;2098
DE132;2009;2074;2118
DE132;2010;2104;2220
DE132;2011;2045;2178
DE132;2012;1971;2277
DE132;2013;2093;2257
DE132;2014;2171;2295
DE132;2015;2320;2430
DE132;2016;2497;2341
DE132;2017;2481;2456
DE132;2018;2520;2566
DE132;2019;2520;2549
DE132;2020;2513;2627
DE132;2021;2688;2667
DE132;2022;2461;2975
DE132;2023;2294;2935
DE133;2000;1538;1328
DE133;2001;1430;1287
DE133;2002;1395;1315
DE133;2003;1400;1373
DE133;2004;1375;1400
DE133;2005;1450;1380
DE133;2006;1348;1386
DE133;2007;1291;1395
DE133;2008;1316;1348
DE133;2009;1283;1409
DE133;2010;1294;1400
DE133;2011;1233;1394
DE133;2012;1227;1474
DE133;2013;1293;1473
DE133;2014;1336;1488
DE133;2015;1453;1584
DE133;2016;1538;1553
DE133;2017;1604;1608
DE133;2018;1566;1686
DE133;2019;1578;1633
DE133;2020;1609;1774
DE133;2021;1694;1787
DE133;2022;1703;1873
DE133;2023;1455;1832
DE134;2000;4181;3666
DE134;2001;3987;3780
DE134;2002;3882;3716
DE134;2003;3700;3900
DE134;2004;3670;3647
DE134;2005;3640;3740
DE134;2006;3556;3700
DE134;2007;3618;3660
DE134;2008;3546;3852
DE134;2009;3494;3936
DE134;2010;3393;3957
DE134;2011;3297;3865
DE134;2012;3496;4145
DE134;2013;3492;4265
DE134;2014;3636;4150
DE134;2015;3797;4491
DE134;2016;4034;4358
DE134;2017;3995;4407
DE134;2018;4109;4581
DE134;2019;4145;4639
DE134;2020;4134;4900
DE134;2021;4441;5038
DE134;2022;4128;5286
DE134;2023;3868;4996
DE135;2000;1411;1382
DE135;2001;1383;1329
DE135;2002;1331;1255
DE135;2003;1300;1351
DE135;2004;1277;1300
DE135;2005;1290;1400
DE135;2006;1189;1292
DE135;2007;1242;1325
DE135;2008;1232;1413
DE135;2009;1147;1316
DE135;2010;1060;1392
DE135;2011;1163;1334
DE135;2012;1107;1385
DE135;2013;1143;1353
DE135;2014;1115;1405
DE135;2015;1290;1496
DE135;2016;1351;1484
DE135;2017;1321;1466
DE135;2018;1316;1471
DE135;2019;1389;1530
DE135;2020;1420;1627
DE135;2021;1502;1661
DE135;2022;1413;1672
DE135;2023;1359;1661
DE136;2000;2010;2083
DE136;2001;1913;2101
DE136;2002;1943;2054
DE136;2003;1856;2200
DE136;2004;1800;2131
DE136;2005;1810;2060
DE136;2006;1702;2072
DE136;2007;1764;2071
DE136;2008;1744;2172
DE136;2009;1728;2150
DE136;2010;1632;2101
DE136;2011;1636;2141
DE136;2012;1579;2172
DE136;2013;1756;2180
DE136;2014;1801;2229
DE136;2015;1838;2325
DE136;2016;1933;2302
DE136;2017;1960;2461
DE136;2018;2112;2399
DE136;2019;2148;2391
DE136;2020;2154;2489
DE136;2021;2138;2645
DE136;2022;2022;2551
DE136;2023;1903;2613
DE137;2000;1530;1182
DE137;2001;1315;1174
DE137;2002;1357;1162
DE137;2003;1336;1232
DE137;2004;1354;1100
DE137;2005;1310;1160
DE137;2006;1266;1115
DE137;2007;1278;1165
DE137;2008;1317;1230
DE137;2009;1189;1221
DE137;2010;1185;1230
DE137;2011;1194;1320
DE137;2012;1239;1337
DE137;2013;1179;1332
DE137;2014;1285;1256
DE137;2015;1276;1396
DE137;2016;1428;1347
DE137;2017;1407;1396
DE137;2018;1482;1429
DE137;2019;1430;1460
DE137;2020;1544;1496
DE137;2021;1596;1593
DE137;2022;1502;1519
DE137;2023;1404;1481
DE138;2000;2602;2451
DE138;2001;2348;2583
DE138;2002;2406;2488
DE138;2003;2300;2658
DE138;2004;2261;2422
DE138;2005;2220;2480
DE138;2006;2121;2446
DE138;2007;2234;2464
DE138;2008;2176;2517
DE138;2009;2193;2587
DE138;2010;2164;2585
DE138;2011;2096;2530
DE138;2012;2166;2628
DE138;2013;2197;2788
DE138;2014;2285;2797
DE138;2015;2497;2792
DE138;2016;2731;2888
DE138;2017;2591;2823
DE138;2018;2731;2859
DE138;2019;2684;2926
DE138;2020;2681;3001
DE138;2021;2792;3168
DE138;2022;2421;3426
DE138;2023;2375;3264
DE139;2000;2041;1912
DE139;2001;1925;1867
DE139;2002;1905;1993
DE139;2003;1767;1946
DE139;2004;1742;1900
DE139;2005;1730;2000
DE139;2006;1690;1881
DE139;2007;1796;1874
DE139;2008;1788;1939
DE139;2009;1679;1985
DE139;2010;1868;2073
DE139;2011;1759;1917
DE139;2012;1781;1992
DE139;2013;1814;2210
DE139;2014;1886;2110
DE139;2015;1891;2255
DE139;2016;2237;2316
DE139;2017;2162;2412
DE139;2018;2290;2376
DE139;2019;2210;2339
DE139;2020;2048;2511
DE139;2021;2128;2451
DE139;2022;1928;2556
DE139;2023;1756;2576
DE13A;2000;1636;1542
DE13A;2001;1563;1448
DE13A;2002;1557;1513
DE13A;2003;1431;1500
DE13A;2004;1451;1400
DE13A;2005;1380;1530
DE13A;2006;1319;1478
DE13A;2007;1374;1457
DE13A;2008;1355;1562
DE13A;2009;1315;1502
DE13A;2010;1272;1561
DE13A;2011;1166;1575
DE13A;2012;1278;1543
DE13A;2013;1213;1676
DE13A;2014;1258;1678
DE13A;2015;1248;1756
DE13A;2016;1620;1838
DE13A;2017;1514;1754
DE13A;2018;1552;1839
DE13A;2019;1663;1853
DE13A;2020;1315;1979
DE13A;2021;1366;1945
DE13A;2022;1259;2102
DE13A;2023;1187;1956
DE141;2000;2871;2456
DE141;2001;2725;2367
DE141;2002;2646;2467
DE141;2003;2600;2478
DE141;2004;2561;2400
DE141;2005;2520;2390
DE141;2006;2416;2433
DE141;2007;2376;2405
DE141;2008;2344;2441
DE141;2009;2365;2425
DE141;2010;2344;2485
DE141;2011;2218;2536
DE141;2012;2291;2635
DE141;2013;2355;2527
DE141;2014;2463;2443
DE141;2015;2499;2818
DE141;2016;2751;2789
DE141;2017;2849;2836
DE141;2018;2863;2993
DE141;2019;2822;2828
DE141;2020;2763;3023
DE141;2021;2993;3075
DE141;2022;2771;3206
DE141;2023;2589;3155
DE142;2000;2161;1428
DE142;2001;2253;1415
DE142;2002;2079;1400
DE142;2003;2100;1431
DE142;2004;2033;1373
DE142;2005;2030;1490
DE142;2006;1973;1455
DE142;2007;1951;1455
DE142;2008;1954;1519
DE142;2009;1863;1561
DE142;2010;1918;1528
DE142;2011;1833;1575
DE142;2012;1817;1638
DE142;2013;1951;1579
DE142;2014;1990;1638
DE142;2015;2096;1695
DE142;2016;2345;1743
DE142;2017;2339;1767
DE142;2018;2273;1838
DE142;2019;2279;1872
DE142;2020;2259;1796
DE142;2021;2350;1960
DE142;2022;2134;2043
DE142;2023;2030;1933
DE143;2000;1832;1786
DE143;2001;1781;1746
DE143;2002;1736;1892
DE143;2003;1600;1900
DE143;2004;1600;1723
DE143;2005;1470;1850
DE143;2006;1576;1740
DE143;2007;1590;1785
DE143;2008;1414;1826
DE143;2009;1497;1828
DE143;2010;1424;1967
DE143;2011;1433;1889
DE143;2012;1404;1859
DE143;2013;1405;1893
DE143;2014;1451;1974
DE143;2015;1528;2047
DE143;2016;1621;2112
DE143;2017;1691;2075
DE143;2018;1673;2097
DE143;2019;1632;2186
DE143;2020;1817;2430
DE143;2021;1787;2301
DE143;2022;1747;2495
DE143;2023;1679;2360
DE144;2000;1122;1085
DE144;2001;1219;1035
DE144;2002;1168;1102
DE144;2003;1200;1147
DE144;2004;1100;1049
DE144;2005;1110;1060
DE144;2006;1138;1004
DE144;2007;1165;1112
DE144;2008;1153;1118
DE144;2009;1119;1100
DE144;2010;1177;1092
DE144;2011;1199;1058
DE144;2012;1211;1162
DE144;2013;1165;1062
DE144;2014;1198;1041
DE144;2015;1249;1209
DE144;2016;1313;1123
DE144;2017;1315;1099
DE144;2018;1372;1162
DE144;2019;1354;1160
DE144;2020;1298;1240
DE144;2021;1346;1183
DE144;2022;1249;1323
DE144;2023;1190;1164
DE145;2000;2153;1568
DE145;2001;1942;1529
DE145;2002;1926;1608
DE145;2003;1900;1549
DE145;2004;1877;1500
DE145;2005;1780;1530
DE145;2006;1731;1585
DE145;2007;1693;1602
DE145;2008;1746;1604
DE145;2009;1569;1678
DE145;2010;1635;1722
DE145;2011;1618;1661
DE145;2012;1549;1746
DE145;2013;1712;1703
DE145;2014;1677;1715
DE145;2015;1802;1807
DE145;2016;1965;1819
DE145;2017;1937;1875
DE145;2018;2005;1872
DE145;2019;1956;1876
DE145;2020;2083;2022
DE145;2021;2243;1998
DE145;2022;2058;2148
DE145;2023;1890;2020
DE146;2000;1934;1569
DE146;2001;1953;1523
DE146;2002;1930;1500
DE146;2003;1853;1500
DE146;2004;1876;1458
DE146;2005;1800;1500
DE146;2006;1718;1528
DE146;2007;1788;1604
DE146;2008;1694;1571
DE146;2009;1694;1634
DE146;2010;1717;1684
DE146;2011;1702;1647
DE146;2012;1669;1676
DE146;2013;1681;1736
DE146;2014;1884;1788
DE146;2015;1881;1873
DE146;2016;2023;1713
DE146;2017;2083;1841
DE146;2018;2135;1937
DE146;2019;2205;1877
DE146;2020;2107;1879
DE146;2021;2211;2050
DE146;2022;2082;2076
DE146;2023;1954;2026
DE147;2000;2002;1800
DE147;2001;1884;1789
DE147;2002;1783;1878
DE147;2003;1849;1938
DE147;2004;1700;1738
DE147;2005;1740;1740
DE147;2006;1609;1752
DE147;2007;1762;1860
DE147;2008;1750;1849
DE147;2009;1640;1888
DE147;2010;1732;1786
DE147;2011;1705;1808
DE147;2012;1694;1936
DE147;2013;1706;1919
DE147;2014;1766;1984
DE147;2015;1850;2081
DE147;2016;1984;2081
DE147;2017;1990;2142
DE147;2018;1990;2155
DE147;2019;2003;2225
DE147;2020;2047;2217
DE147;2021;2151;2444
DE147;2022;2009;2480
DE147;2023;1916;2433
DE148;2000;2939;2376
DE148;2001;2798;2233
DE148;2002;2685;2422
DE148;2003;2600;2500
DE148;2004;2600;2254
DE148;2005;2470;2400
DE148;2006;2465;2340
DE148;2007;2413;2404
DE148;2008;2443;2478
DE148;2009;2439;2371
DE148;2010;2374;2403
DE148;2011;2356;2559
DE148;2012;2363;2527
DE148;2013;2334;2540
DE148;2014;2567;2494
DE148;2015;2581;2753
DE148;2016;2762;2583
DE148;2017;2788;2637
DE148;2018;2853;2590
DE148;2019;2915;2743
DE148;2020;2852;2811
DE148;2021;3047;2958
DE148;2022;2753;3053
DE148;2023;2673;3024
DE149;2000;1471;1191
DE149;2001;1350;1205
DE149;2002;1322;1203
DE149;2003;1259;1142
DE149;2004;1223;1172
DE149;2005;1190;1160
DE149;2006;1165;1098
DE149;2007;1144;1126
DE149;2008;1102;1160
DE149;2009;1099;1146
DE149;2010;1038;1185
DE149;2011;1009;1175
DE149;2012;1067;1265
DE149;2013;1017;1236
DE149;2014;1081;1289
DE149;2015;1124;1290
DE149;2016;1178;1229
DE149;2017;1262;1345
DE149;2018;1198;1338
DE149;2019;1290;1391
DE149;2020;1220;1366
DE149;2021;1263;1462
DE149;2022;1200;1497
DE149;2023;1185;1375
DE211;2000;1224;1139
DE211;2001;1200;1126
DE211;2002;1248;1131
DE211;2003;1200;1100
DE211;2004;1271;1100
DE211;2005;1150;1180
DE211;2006;1178;1130
DE211;2007;1193;1067
DE211;2008;1178;1137
DE211;2009;1160;1175
DE211;2010;1239;1107
DE211;2011;1166;1157
DE211;2012;1197;1148
DE211;2013;1325;1208
DE211;2014;1436;1060
DE211;2015;1449;1220
DE211;2016;1498;1270
DE211;2017;1515;1252
DE211;2018;1676;1262
DE211;2019;1557;1265
DE211;2020;1598;1371
DE211;2021;1641;1468
DE211;2022;1514;1465
DE211;2023;1422;1396
DE212;2000;12376;11651
DE212;2001;12208;11408
DE212;2002;12687;11456
DE212;2003;12671;11378
DE212;2004;12927;10577
DE212;2005;13170;10630
DE212;2006;13202;10550
DE212;2007;13880;10524
DE212;2008;14158;10579
DE212;2009;14305;10524
DE212;2010;14565;10642
DE212;2011;14854;10624
DE212;2012;15577;10846
DE212;2013;16124;10764
DE212;2014;16694;10769
DE212;2015;17009;11139
DE212;2016;17958;10876
DE212;2017;17624;11343
DE212;2018;17723;11164
DE212;2019;17637;11348
DE212;2020;17549;12266
DE212;2021;18286;12384
DE212;2022;16519;13057
DE212;2023;15645;12685
DE213;2000;624;564
DE213;2001;537;518
DE213;2002;557;610
DE213;2003;573;557
DE213;2004;600;575
DE213;2005;570;540
DE213;2006;531;548
DE213;2007;566;522
DE213;2008;550;572
DE213;2009;549;605
DE213;2010;566;494
DE213;2011;537;541
DE213;2012;563;525
DE213;2013;555;604
DE213;2014;563;567
DE213;2015;647;578
DE213;2016;628;538
DE213;2017;712;625
DE213;2018;694;576
DE213;2019;675;619
DE213;2020;693;592
DE213;2021;685;687
DE213;2022;648;634
DE213;2023;583;631
DE214;2000;984;1146
DE214;2001;999;1095
DE214;2002;972;1201
DE214;2003;1000;1161
DE214;2004;976;1100
DE214;2005;880;1090
DE214;2006;880;1107
DE214;2007;856;1144
DE214;2008;869;1085
DE214;2009;850;1205
DE214;2010;860;1228
DE214;2011;866;1138
DE214;2012;868;1175
DE214;2013;810;1203
DE214;2014;960;1156
DE214;2015;948;1298
DE214;2016;1061;1127
DE214;2017;1034;1232
DE214;2018;1096;1186
DE214;2019;1111;1314
DE214;2020;1069;1444
DE214;2021;1084;1441
DE214;2022;1103;1487
DE214;2023;968;1432
DE215;2000;815;1074
DE215;2001;776;1089
DE215;2002;750;1056
DE215;2003;678;1168
DE215;2004;800;1135
DE215;2005;810;1140
DE215;2006;798;1147
DE215;2007;810;1209
DE215;2008;765;1173
DE215;2009;750;1158
DE215;2010;785;1143
DE215;2011;764;1124
DE215;2012;826;1191
DE215;2013;791;1222
DE215;2014;863;1126
DE215;2015;916;1218
DE215;2016;882;1208
DE215;2017;957;1160
DE215;2018;984;1158
DE215;2019;914;1112
DE215;2020;889;1275
DE215;2021;939;1401
DE215;2022;961;1337
DE215;2023;869;1332
DE216;2000;1208;1047
DE216;2001;1162;1066
DE216;2002;1149;1057
DE216;2003;1060;1028
DE216;2004;1100;971
DE216;2005;1080;1030
DE216;2006;1012;1066
DE216;2007;1061;1097
DE216;2008;1026;1092
DE216;2009;999;1084
DE216;2010;1022;1074
DE216;2011;952;1167
DE216;2012;1019;1206
DE216;2013;1054;1183
DE216;2014;1077;1211
DE216;2015;1132;1276
DE216;2016;1185;1286
DE216;2017;1227;1221
DE216;2018;1314;1260
DE216;2019;1194;1281
DE216;2020;1258;1326
DE216;2021;1251;1479
DE216;2022;1259;1434
DE216;2023;1130;1417
DE217;2000;1309;1089
DE217;2001;1389;1121
DE217;2002;1314;1218
DE217;2003;1300;1177
DE217;2004;1273;1169
DE217;2005;1150;1200
DE217;2006;1236;1145
DE217;2007;1330;1198
DE217;2008;1247;1246
DE217;2009;1146;1173
DE217;2010;1272;1245
DE217;2011;1271;1254
DE217;2012;1258;1234
DE217;2013;1329;1264
DE217;2014;1321;1217
DE217;2015;1427;1286
DE217;2016;1515;1332
DE217;2017;1508;1355
DE217;2018;1613;1422
DE217;2019;1614;1371
DE217;2020;1599;1564
DE217;2021;1631;1545
DE217;2022;1476;1634
DE217;2023;1385;1570
DE218;2000;1266;908
DE218;2001;1323;908
DE218;2002;1222;960
DE218;2003;1100;978
DE218;2004;1173;900
DE218;2005;1190;980
DE218;2006;1185;968
DE218;2007;1204;980
DE218;2008;1132;1056
DE218;2009;1098;1067
DE218;2010;1165;1001
DE218;2011;1088;1024
DE218;2012;1174;1098
DE218;2013;1253;1060
DE218;2014;1359;1107
DE218;2015;1262;1210
DE218;2016;1383;1168
DE218;2017;1315;1185
DE218;2018;1376;1230
DE218;2019;1373;1262
DE218;2020;1363;1326
DE218;2021;1505;1364
DE218;2022;1423;1425
DE218;2023;1271;1392
DE219;2000;1327;922
DE219;2001;1312;928
DE219;2002;1222;955
DE219;2003;1200;958
DE219;2004;1172;972
DE219;2005;1110;1080
DE219;2006;1083;976
DE219;2007;1162;969
DE219;2008;1137;1013
DE219;2009;1068;1015
DE219;2010;1098;976
DE219;2011;1127;957
DE219;2012;1151;1014
DE219;2013;1242;1090
DE219;2014;1205;1027
DE219;2015;1325;1187
DE219;2016;1430;1092
DE219;2017;1445;1102
DE219;2018;1462;1172
DE219;2019;1485;1121
DE219;2020;1476;1214
DE219;2021;1491;1190
DE219;2022;1336;1263
DE219;2023;1206;1245
DE21A;2000;1337;873
DE21A;2001;1287;884
DE21A;2002;1295;852
DE21A;2003;1200;937
DE21A;2004;1349;840
DE21A;2005;1180;940
DE21A;2006;1170;956
DE21A;2007;1272;877
DE21A;2008;1178;960
DE21A;2009;1148;938
DE21A;2010;1131;993
DE21A;2011;1130;965
DE21A;2012;1181;1053
DE21A;2013;1161;986
DE21A;2014;1255;974
DE21A;2015;1297;1098
DE21A;2016;1336;1109
DE21A;2017;1407;1109
DE21A;2018;1343;1133
DE21A;2019;1326;1189
DE21A;2020;1372;1215
DE21A;2021;1466;1227
DE21A;2022;1338;1293
DE21A;2023;1286;1301
DE21B;2000;1792;938
DE21B;2001;1745;1028
DE21B;2002;1695;1018
DE21B;2003;1700;1040
DE21B;2004;1700;1035
DE21B;2005;1570;1060
DE21B;2006;1598;1110
DE21B;2007;1669;1108
DE21B;2008;1601;1133
DE21B;2009;1576;1173
DE21B;2010;1636;1179
DE21B;2011;1606;1237
DE21B;2012;1572;1288
DE21B;2013;1684;1260
DE21B;2014;1623;1243
DE21B;2015;1779;1388
DE21B;2016;1836;1347
DE21B;2017;1904;1412
DE21B;2018;1867;1343
DE21B;2019;1831;1426
DE21B;2020;1804;1405
DE21B;2021;2015;1594
DE21B;2022;1784;1578
DE21B;2023;1678;1530
DE21C;2000;1851;1426
DE21C;2001;1784;1371
DE21C;2002;1752;1430
DE21C;2003;1767;1559
DE21C;2004;1763;1560
DE21C;2005;1730;1600
DE21C;2006;1629;1622
DE21C;2007;1761;1604
DE21C;2008;1630;1641
DE21C;2009;1760;1770
DE21C;2010;1738;1877
DE21C;2011;1744;1744
DE21C;2012;1799;1842
DE21C;2013;1936;1848
DE21C;2014;1932;1830
DE21C;2015;1923;1992
DE21C;2016;2142;1998
DE21C;2017;2184;2078
DE21C;2018;2272;2080
DE21C;2019;2143;1994
DE21C;2020;2077;2143
DE21C;2021;2102;2218
DE21C;2022;2023;2432
DE21C;2023;1880;2406
DE21D;2000;848;1061
DE21D;2001;768;928
DE21D;2002;756;948
DE21D;2003;730;1068
DE21D;2004;700;1059
DE21D;2005;660;980
DE21D;2006;725;999
DE21D;2007;682;966
DE21D;2008;597;1026
DE21D;2009;683;978
DE21D;2010;658;1020
DE21D;2011;637;948
DE21D;2012;647;1015
DE21D;2013;669;1014
DE21D;2014;683;982
DE21D;2015;711;1064
DE21D;2016;809;1054
DE21D;2017;803;1056
DE21D;2018;860;1079
DE21D;2019;707;991
DE21D;2020;849;1116
DE21D;2021;826;1055
DE21D;2022;740;1164
DE21D;2023;762;1085
DE21E;2000;1160;856
DE21E;2001;1064;872
DE21E;2002;1023;865
DE21E;2003;974;873
DE21E;2004;1074;861
DE21E;2005;990;880
DE21E;2006;928;879
DE21E;2007;1019;888
DE21E;2008;975;901
DE21E;2009;899;904
DE21E;2010;921;940
DE21E;2011;943;939
DE21E;2012;928;991
DE21E;2013;940;973
DE21E;2014;964;953
DE21E;2015;1000;1069
DE21E;2016;1074;1058
DE21E;2017;1058;1039
DE21E;2018;1058;1019
DE21E;2019;1061;1124
DE21E;2020;1109;1077
DE21E;2021;1112;1139
DE21E;2022;1048;1234
DE21E;2023;1012;1141
DE21F;2000;871;821
DE21F;2001;847;920
DE21F;2002;858;936
DE21F;2003;842;939
DE21F;2004;867;875
DE21F;2005;780;870
DE21F;2006;776;890
DE21F;2007;803;916
DE21F;2008;779;942
DE21F;2009;800;937
DE21F;2010;773;971
DE21F;2011;753;989
DE21F;2012;723;1013
DE21F;2013;799;1037
DE21F;2014;808;994
DE21F;2015;856;1045
DE21F;2016;908;996
DE21F;2017;908;1036
DE21F;2018;906;1085
DE21F;2019;891;1093
DE21F;2020;882;1127
DE21F;2021;965;1156
DE21F;2022;948;1105
DE21F;2023;772;1093
DE21G;2000;1004;1222
DE21G;2001;1008;1163
DE21G;2002;1022;1153
DE21G;2003;946;1200
DE21G;2004;1000;1148
DE21G;2005;970;1230
DE21G;2006;902;1087
DE21G;2007;880;1168
DE21G;2008;877;1204
DE21G;2009;893;1200
DE21G;2010;945;1289
DE21G;2011;881;1197
DE21G;2012;873;1223
DE21G;2013;888;1220
DE21G;2014;994;1211
DE21G;2015;961;1333
DE21G;2016;1105;1309
DE21G;2017;1088;1313
DE21G;2018;1142;1338
DE21G;2019;1130;1277
DE21G;2020;1115;1436
DE21G;2021;1198;1443
DE21G;2022;1262;1480
DE21G;2023;1090;1353
DE21H;2000;2773;2345
DE21H;2001;2690;2428
DE21H;2002;2773;2557
DE21H;2003;2800;2649
DE21H;2004;2873;2423
DE21H;2005;2860;2580
DE21H;2006;2873;2628
DE21H;2007;2924;2529
DE21H;2008;2970;2704
DE21H;2009;2957;2718
DE21H;2010;2953;2655
DE21H;2011;2816;2807
DE21H;2012;3033;2812
DE21H;2013;2929;2866
DE21H;2014;3119;2860
DE21H;2015;3339;3125
DE21H;2016;3326;3025
DE21H;2017;3223;3055
DE21H;2018;3198;3108
DE21H;2019;3204;3135
DE21H;2020;3144;3320
DE21H;2021;3267;3430
DE21H;2022;3020;3650
DE21H;2023;2797;3434
DE21I;2000;928;755
DE21I;2001;874;842
DE21I;2002;870;813
DE21I;2003;900;836
DE21I;2004;800;779
DE21I;2005;810;820
DE21I;2006;778;851
DE21I;2007;797;824
DE21I;2008;834;868
DE21I;2009;738;891
DE21I;2010;842;913
DE21I;2011;789;858
DE21I;2012;841;826
DE21I;2013;856;847
DE21I;2014;846;886
DE21I;2015;892;958
DE21I;2016;978;917
DE21I;2017;960;923
DE21I;2018;980;944
DE21I;2019;920;950
DE21I;2020;984;1051
DE21I;2021;1087;1035
DE21I;2022;991;1147
DE21I;2023;900;1101
DE21J;2000;1200;959
DE21J;2001;1079;891
DE21J;2002;1074;957
DE21J;2003;1065;974
DE21J;2004;1046;962
DE21J;2005;990;940
DE21J;2006;1017;935
DE21J;2007;1047;909
DE21J;2008;975;969
DE21J;2009;986;985
DE21J;2010;1032;1015
DE21J;2011;978;990
DE21J;2012;1025;1084
DE21J;2013;1084;1017
DE21J;2014;1171;1065
DE21J;2015;1173;1090
DE21J;2016;1252;1071
DE21J;2017;1310;1179
DE21J;2018;1295;1167
DE21J;2019;1386;1278
DE21J;2020;1272;1288
DE21J;2021;1459;1281
DE21J;2022;1326;1346
DE21J;2023;1219;1287
DE21K;2000;2499;2280
DE21K;2001;2337;2221
DE21K;2002;2382;2286
DE21K;2003;2200;2446
DE21K;2004;2270;2300
DE21K;2005;2150;2350
DE21K;2006;2034;2368
DE21K;2007;2125;2446
DE21K;2008;2040;2417
DE21K;2009;2004;2487
DE21K;2010;2091;2517
DE21K;2011;2038;2446
DE21K;2012;2111;2400
DE21K;2013;2083;2528
DE21K;2014;2161;2480
DE21K;2015;2224;2589
DE21K;2016;2301;2574
DE21K;2017;2389;2734
DE21K;2018;2423;2638
DE21K;2019;2445;2727
DE21K;2020;2453;3091
DE21K;2021;2581;2970
DE21K;2022;2476;2989
DE21K;2023;2232;2987
DE21L;2000;1203;1097
DE21L;2001;1181;1181
DE21L;2002;1144;1114
DE21L;2003;1164;1100
DE21L;2004;1146;1100
DE21L;2005;1150;1200
DE21L;2006;1047;1155
DE21L;2007;1126;1122
DE21L;2008;1095;1137
DE21L;2009;1039;1215
DE21L;2010;1024;1193
DE21L;2011;1036;1224
DE21L;2012;1034;1207
DE21L;2013;1006;1294
DE21L;2014;1064;1151
DE21L;2015;1104;1260
DE21L;2016;1177;1297
DE21L;2017;1139;1307
DE21L;2018;1178;1302
DE21L;2019;1133;1339
DE21L;2020;1066;1321
DE21L;2021;1203;1457
DE21L;2022;1013;1607
DE21L;2023;966;1524
DE21M;2000;1555;1611
DE21M;2001;1474;1686
DE21M;2002;1458;1647
DE21M;2003;1474;1700
DE21M;2004;1500;1672
DE21M;2005;1430;1740
DE21M;2006;1384;1673
DE21M;2007;1333;1693
DE21M;2008;1480;1661
DE21M;2009;1345;1712
DE21M;2010;1272;1872
DE21M;2011;1301;1800
DE21M;2012;1341;1858
DE21M;2013;1330;1757
DE21M;2014;1447;1730
DE21M;2015;1498;2012
DE21M;2016;1540;1895
DE21M;2017;1601;1979
DE21M;2018;1588;2003
DE21M;2019;1652;1978
DE21M;2020;1625;2161
DE21M;2021;1736;2191
DE21M;2022;1628;2050
DE21M;2023;1521;1976
DE21N;2000;1294;1207
DE21N;2001;1276;1185
DE21N;2002;1210;1263
DE21N;2003;1200;1200
DE21N;2004;1133;1164
DE21N;2005;1090;1200
DE21N;2006;1134;1154
DE21N;2007;1112;1234
DE21N;2008;1098;1265
DE21N;2009;1074;1266
DE21N;2010;1046;1264
DE21N;2011;1101;1303
DE21N;2012;1105;1239
DE21N;2013;1083;1316
DE21N;2014;1159;1279
DE21N;2015;1194;1392
DE21N;2016;1217;1311
DE21N;2017;1212;1410
DE21N;2018;1275;1367
DE21N;2019;1238;1398
DE21N;2020;1316;1448
DE21N;2021;1361;1542
DE21N;2022;1225;1633
DE21N;2023;1223;1554
DE221;2000;520;698
DE221;2001;486;666
DE221;2002;517;658
DE221;2003;529;739
DE221;2004;500;724
DE221;2005;490;730
DE221;2006;490;723
DE221;2007;598;675
DE221;2008;521;725
DE221;2009;585;819
DE221;2010;577;736
DE221;2011;573;737
DE221;2012;596;729
DE221;2013;547;818
DE221;2014;617;742
DE221;2015;644;816
DE221;2016;725;780
DE221;2017;670;850
DE221;2018;740;833
DE221;2019;701;777
DE221;2020;766;868
DE221;2021;764;873
DE221;2022;733;889
DE221;2023;654;894
DE222;2000;387;593
DE222;2001;379;594
DE222;2002;371;594
DE222;2003;400;600
DE222;2004;322;553
DE222;2005;340;570
DE222;2006;323;534
DE222;2007;325;567
DE222;2008;350;549
DE222;2009;331;618
DE222;2010;332;555
DE222;2011;339;587
DE222;2012;375;543
DE222;2013;373;586
DE222;2014;399;612
DE222;2015;369;619
DE222;2016;449;590
DE222;2017;384;618
DE222;2018;445;578
DE222;2019;447;611
DE222;2020;459;656
DE222;2021;445;632
DE222;2022;442;623
DE222;2023;405;606
DE223;2000;375;558
DE223;2001;358;572
DE223;2002;362;573
DE223;2003;368;574
DE223;2004;362;522
DE223;2005;380;550
DE223;2006;352;526
DE223;2007;353;534
DE223;2008;354;531
DE223;2009;330;587
DE223;2010;350;565
DE223;2011;336;596
DE223;2012;345;572
DE223;2013;367;576
DE223;2014;371;562
DE223;2015;412;569
DE223;2016;399;576
DE223;2017;442;602
DE223;2018;451;619
DE223;2019;438;586
DE223;2020;460;621
DE223;2021;446;630
DE223;2022;429;636
DE223;2023;426;596
DE224;2000;1128;1129
DE224;2001;1056;1085
DE224;2002;1090;1139
DE224;2003;1000;1129
DE224;2004;1046;1140
DE224;2005;980;1080
DE224;2006;969;1169
DE224;2007;923;1150
DE224;2008;873;1179
DE224;2009;892;1256
DE224;2010;917;1241
DE224;2011;889;1182
DE224;2012;935;1233
DE224;2013;948;1297
DE224;2014;906;1226
DE224;2015;1023;1352
DE224;2016;1017;1310
DE224;2017;1002;1355
DE224;2018;994;1307
DE224;2019;1113;1264
DE224;2020;1039;1429
DE224;2021;1138;1519
DE224;2022;1110;1537
DE224;2023;1032;1420
DE225;2000;767;746
DE225;2001;775;785
DE225;2002;780;820
DE225;2003;700;777
DE225;2004;700;800
DE225;2005;630;870
DE225;2006;606;858
DE225;2007;568;781
DE225;2008;581;786
DE225;2009;534;891
DE225;2010;503;881
DE225;2011;583;895
DE225;2012;553;872
DE225;2013;573;853
DE225;2014;614;864
DE225;2015;615;951
DE225;2016;642;952
DE225;2017;681;895
DE225;2018;635;973
DE225;2019;625;919
DE225;2020;660;1015
DE225;2021;671;1042
DE225;2022;629;1070
DE225;2023;611;1053
DE226;2000;1199;1060
DE226;2001;1128;1007
DE226;2002;1130;1004
DE226;2003;1100;1061
DE226;2004;1073;1032
DE226;2005;1040;1020
DE226;2006;1010;1076
DE226;2007;990;1052
DE226;2008;1044;1068
DE226;2009;990;1065
DE226;2010;974;1013
DE226;2011;920;1039
DE226;2012;988;1057
DE226;2013;1014;1071
DE226;2014;1030;1104
DE226;2015;1029;1195
DE226;2016;1203;1172
DE226;2017;1101;1181
DE226;2018;1221;1113
DE226;2019;1275;1185
DE226;2020;1197;1255
DE226;2021;1310;1308
DE226;2022;1187;1309
DE226;2023;1119;1291
DE227;2000;1541;1200
DE227;2001;1436;1155
DE227;2002;1397;1205
DE227;2003;1400;1221
DE227;2004;1432;1200
DE227;2005;1390;1160
DE227;2006;1270;1226
DE227;2007;1318;1213
DE227;2008;1349;1215
DE227;2009;1245;1243
DE227;2010;1276;1266
DE227;2011;1204;1330
DE227;2012;1247;1284
DE227;2013;1214;1263
DE227;2014;1316;1331
DE227;2015;1460;1465
DE227;2016;1445;1375
DE227;2017;1557;1470
DE227;2018;1449;1381
DE227;2019;1489;1455
DE227;2020;1621;1597
DE227;2021;1705;1565
DE227;2022;1572;1655
DE227;2023;1448;1601
DE228;2000;1886;1725
DE228;2001;1723;1779
DE228;2002;1735;1797
DE228;2003;1600;1800
DE228;2004;1600;1767
DE228;2005;1520;1830
DE228;2006;1438;1861
DE228;2007;1411;1818
DE228;2008;1478;1818
DE228;2009;1413;1939
DE228;2010;1391;1900
DE228;2011;1431;1955
DE228;2012;1428;1983
DE228;2013;1433;2026
DE228;2014;1452;2035
DE228;2015;1499;2134
DE228;2016;1552;2029
DE228;2017;1575;2149
DE228;2018;1521;2086
DE228;2019;1602;2204
DE228;2020;1685;2264
DE228;2021;1727;2553
DE228;2022;1680;2380
DE228;2023;1530;2325
DE229;2000;854;856
DE229;2001;771;841
DE229;2002;675;869
DE229;2003;700;900
DE229;2004;678;864
DE229;2005;680;870
DE229;2006;573;895
DE229;2007;589;851
DE229;2008;589;890
DE229;2009;535;852
DE229;2010;592;913
DE229;2011;520;926
DE229;2012;538;882
DE229;2013;562;904
DE229;2014;564;888
DE229;2015;637;993
DE229;2016;642;910
DE229;2017;687;952
DE229;2018;629;970
DE229;2019;680;943
DE229;2020;667;1013
DE229;2021;702;1063
DE229;2022;699;1105
DE229;2023;621;1014
DE22A;2000;1196;1216
DE22A;2001;1105;1201
DE22A;2002;1071;1273
DE22A;2003;1068;1300
DE22A;2004;1051;1256
DE22A;2005;1010;1280
DE22A;2006;963;1358
DE22A;2007;938;1236
DE22A;2008;986;1293
DE22A;2009;922;1271
DE22A;2010;940;1289
DE22A;2011;877;1303
DE22A;2012;933;1349
DE22A;2013;924;1388
DE22A;2014;964;1345
DE22A;2015;1038;1432
DE22A;2016;1038;1334
DE22A;2017;1063;1411
DE22A;2018;1066;1457
DE22A;2019;1062;1408
DE22A;2020;1085;1614
DE22A;2021;1160;1642
DE22A;2022;1080;1554
DE22A;2023;1023;1549
DE22B;2000;1043;830
DE22B;2001;940;911
DE22B;2002;911;848
DE22B;2003;900;900
DE22B;2004;837;835
DE22B;2005;850;850
DE22B;2006;819;860
DE22B;2007;835;857
DE22B;2008;802;906
DE22B;2009;790;888
DE22B;2010;749;912
DE22B;2011;738;856
DE22B;2012;741;928
DE22B;2013;766;867
DE22B;2014;815;961
DE22B;2015;817;960
DE22B;2016;879;998
DE22B;2017;911;977
DE22B;2018;927;982
DE22B;2019;909;1002
DE22B;2020;1008;1053
DE22B;2021;1090;1119
DE22B;2022;1004;1049
DE22B;2023;853;1106
DE22C;2000;954;858
DE22C;2001;848;829
DE22C;2002;853;878
DE22C;2003;827;900
DE22C;2004;800;841
DE22C;2005;750;790
DE22C;2006;772;776
DE22C;2007;743;874
DE22C;2008;765;827
DE22C;2009;683;894
DE22C;2010;716;796
DE22C;2011;703;842
DE22C;2012;700;925
DE22C;2013;748;888
DE22C;2014;790;901
DE22C;2015;771;958
DE22C;2016;845;899
DE22C;2017;874;906
DE22C;2018;912;1001
DE22C;2019;952;936
DE22C;2020;910;1047
DE22C;2021;1065;1068
DE22C;2022;931;1113
DE22C;2023;826;1060
DE231;2000;400;476
DE231;2001;391;489
DE231;2002;376;496
DE231;2003;360;500
DE231;2004;324;500
DE231;2005;380;500
DE231;2006;312;471
DE231;2007;325;501
DE231;2008;354;601
DE231;2009;337;562
DE231;2010;334;538
DE231;2011;315;497
DE231;2012;307;521
DE231;2013;322;543
DE231;2014;319;543
DE231;2015;351;563
DE231;2016;365;539
DE231;2017;389;540
DE231;2018;400;615
DE231;2019;381;597
DE231;2020;348;547
DE231;2021;367;626
DE231;2022;352;671
DE231;2023;307;587
DE232;2000;1141;1374
DE232;2001;1189;1357
DE232;2002;1120;1334
DE232;2003;1100;1300
DE232;2004;1200;1300
DE232;2005;1190;1380
DE232;2006;1210;1356
DE232;2007;1250;1343
DE232;2008;1243;1288
DE232;2009;1322;1305
DE232;2010;1299;1327
DE232;2011;1228;1356
DE232;2012;1328;1320
DE232;2013;1373;1326
DE232;2014;1478;1338
DE232;2015;1498;1387
DE232;2016;1547;1340
DE232;2017;1594;1393
DE232;2018;1609;1482
DE232;2019;1688;1398
DE232;2020;1620;1451
DE232;2021;1618;1546
DE232;2022;1441;1483
DE232;2023;1455;1571
DE233;2000;427;521
DE233;2001;442;536
DE233;2002;364;531
DE233;2003;367;500
DE233;2004;344;500
DE233;2005;340;520
DE233;2006;336;485
DE233;2007;348;536
DE233;2008;336;543
DE233;2009;288;523
DE233;2010;345;553
DE233;2011;296;496
DE233;2012;345;541
DE233;2013;344;514
DE233;2014;319;554
DE233;2015;348;535
DE233;2016;382;534
DE233;2017;405;478
DE233;2018;397;572
DE233;2019;424;573
DE233;2020;353;624
DE233;2021;401;613
DE233;2022;375;660
DE233;2023;357;587
DE234;2000;1038;1046
DE234;2001;1039;1049
DE234;2002;958;1077
DE234;2003;900;1100
DE234;2004;900;1024
DE234;2005;860;1030
DE234;2006;796;1065
DE234;2007;802;1047
DE234;2008;822;1067
DE234;2009;796;1055
DE234;2010;742;1088
DE234;2011;720;1096
DE234;2012;760;1133
DE234;2013;738;1127
DE234;2014;716;1120
DE234;2015;808;1262
DE234;2016;793;1187
DE234;2017;845;1222
DE234;2018;1051;1237
DE234;2019;1035;1175
DE234;2020;1022;1340
DE234;2021;1057;1303
DE234;2022;1034;1414
DE234;2023;948;1312
DE235;2000;1278;1299
DE235;2001;1239;1316
DE235;2002;1075;1349
DE235;2003;1147;1400
DE235;2004;1100;1333
DE235;2005;1070;1400
DE235;2006;979;1372
DE235;2007;989;1363
DE235;2008;1018;1369
DE235;2009;953;1321
DE235;2010;985;1355
DE235;2011;925;1349
DE235;2012;992;1394
DE235;2013;961;1496
DE235;2014;1076;1325
DE235;2015;1048;1461
DE235;2016;1134;1417
DE235;2017;1127;1510
DE235;2018;1095;1509
DE235;2019;1123;1460
DE235;2020;1190;1562
DE235;2021;1231;1720
DE235;2022;1149;1696
DE235;2023;1051;1644
DE236;2000;1399;1015
DE236;2001;1254;1121
DE236;2002;1195;1046
DE236;2003;1200;1179
DE236;2004;1100;1100
DE236;2005;1050;1100
DE236;2006;1116;1117
DE236;2007;1052;1099
DE236;2008;1017;1209
DE236;2009;1032;1230
DE236;2010;1046;1262
DE236;2011;1009;1208
DE236;2012;987;1212
DE236;2013;1050;1259
DE236;2014;1154;1263
DE236;2015;1211;1368
DE236;2016;1169;1263
DE236;2017;1198;1370
DE236;2018;1308;1313
DE236;2019;1360;1332
DE236;2020;1384;1487
DE236;2021;1400;1578
DE236;2022;1368;1540
DE236;2023;1270;1430
DE237;2000;990;1010
DE237;2001;958;1025
DE237;2002;891;998
DE237;2003;876;1035
DE237;2004;856;1000
DE237;2005;760;1000
DE237;2006;772;1012
DE237;2007;747;1001
DE237;2008;708;1045
DE237;2009;739;1010
DE237;2010;698;1006
DE237;2011;659;970
DE237;2012;728;1067
DE237;2013;676;1033
DE237;2014;688;1018
DE237;2015;771;1148
DE237;2016;742;1039
DE237;2017;759;1110
DE237;2018;1023;1171
DE237;2019;986;1059
DE237;2020;1014;1180
DE237;2021;1051;1196
DE237;2022;1033;1206
DE237;2023;931;1133
DE238;2000;1809;1312
DE238;2001;1713;1375
DE238;2002;1650;1516
DE238;2003;1600;1532
DE238;2004;1651;1400
DE238;2005;1580;1510
DE238;2006;1535;1479
DE238;2007;1472;1526
DE238;2008;1533;1552
DE238;2009;1445;1628
DE238;2010;1509;1578
DE238;2011;1466;1626
DE238;2012;1514;1723
DE238;2013;1563;1669
DE238;2014;1665;1620
DE238;2015;1737;1798
DE238;2016;1760;1782
DE238;2017;1781;1808
DE238;2018;1750;1851
DE238;2019;1809;1825
DE238;2020;1799;1949
DE238;2021;1888;2011
DE238;2022;1830;2124
DE238;2023;1611;2055
DE239;2000;1351;1412
DE239;2001;1328;1427
DE239;2002;1269;1469
DE239;2003;1261;1536
DE239;2004;1255;1400
DE239;2005;1110;1520
DE239;2006;1141;1461
DE239;2007;1104;1454
DE239;2008;1056;1571
DE239;2009;1021;1523
DE239;2010;1075;1561
DE239;2011;1081;1504
DE239;2012;1096;1598
DE239;2013;1071;1615
DE239;2014;1107;1593
DE239;2015;1188;1677
DE239;2016;1299;1643
DE239;2017;1304;1537
DE239;2018;1283;1675
DE239;2019;1352;1654
DE239;2020;1383;1741
DE239;2021;1414;1792
DE239;2022;1394;1856
DE239;2023;1234;1880
DE23A;2000;682;938
DE23A;2001;721;916
DE23A;2002;650;974
DE23A;2003;628;941
DE23A;2004;600;867
DE23A;2005;610;880
DE23A;2006;535;856
DE23A;2007;509;846
DE23A;2008;557;889
DE23A;2009;534;907
DE23A;2010;558;883
DE23A;2011;506;939
DE23A;2012;538;918
DE23A;2013;549;967
DE23A;2014;554;904
DE23A;2015;552;1003
DE23A;2016;627;1032
DE23A;2017;580;977
DE23A;2018;583;1017
DE23A;2019;596;1020
DE23A;2020;646;1153
DE23A;2021;657;1043
DE23A;2022;607;1082
DE23A;2023;619;1093
DE241;2000;621;874
DE241;2001;592;905
DE241;2002;591;892
DE241;2003;629;928
DE241;2004;600;800
DE241;2005;530;830
DE241;2006;570;857
DE241;2007;619;853
DE241;2008;604;868
DE241;2009;609;843
DE241;2010;648;832
DE241;2011;576;856
DE241;2012;600;808
DE241;2013;657;841
DE241;2014;610;780
DE241;2015;669;876
DE241;2016;743;864
DE241;2017;812;846
DE241;2018;833;842
DE241;2019;814;834
DE241;2020;744;846
DE241;2021;798;953
DE241;2022;765;997
DE241;2023;715;904
DE242;2000;667;817
DE242;2001;604;746
DE242;2002;591;819
DE242;2003;577;800
DE242;2004;563;800
DE242;2005;560;810
DE242;2006;529;801
DE242;2007;537;772
DE242;2008;569;825
DE242;2009;510;802
DE242;2010;555;766
DE242;2011;489;789
DE242;2012;525;787
DE242;2013;542;762
DE242;2014;527;812
DE242;2015;555;858
DE242;2016;569;826
DE242;2017;606;826
DE242;2018;600;890
DE242;2019;584;891
DE242;2020;590;947
DE242;2021;604;963
DE242;2022;577;1000
DE242;2023;508;858
DE243;2000;377;516
DE243;2001;321;479
DE243;2002;322;479
DE243;2003;341;540
DE243;2004;300;500
DE243;2005;290;530
DE243;2006;313;525
DE243;2007;346;513
DE243;2008;343;558
DE243;2009;306;566
DE243;2010;282;561
DE243;2011;310;495
DE243;2012;311;521
DE243;2013;278;510
DE243;2014;345;515
DE243;2015;335;565
DE243;2016;337;525
DE243;2017;372;552
DE243;2018;374;532
DE243;2019;343;533
DE243;2020;347;574
DE243;2021;380;653
DE243;2022;346;571
DE243;2023;343;581
DE244;2000;474;663
DE244;2001;425;683
DE244;2002;453;671
DE244;2003;400;648
DE244;2004;375;700
DE244;2005;390;680
DE244;2006;327;654
DE244;2007;359;682
DE244;2008;352;634
DE244;2009;341;672
DE244;2010;376;704
DE244;2011;337;650
DE244;2012;337;645
DE244;2013;359;656
DE244;2014;395;587
DE244;2015;398;605
DE244;2016;389;621
DE244;2017;478;670
DE244;2018;425;699
DE244;2019;448;612
DE244;2020;417;717
DE244;2021;430;760
DE244;2022;429;741
DE244;2023;372;695
DE245;2000;1424;1163
DE245;2001;1433;1153
DE245;2002;1427;1222
DE245;2003;1300;1300
DE245;2004;1268;1173
DE245;2005;1250;1260
DE245;2006;1179;1268
DE245;2007;1208;1255
DE245;2008;1230;1306
DE245;2009;1142;1336
DE245;2010;1143;1354
DE245;2011;1159;1350
DE245;2012;1146;1446
DE245;2013;1199;1464
DE245;2014;1258;1444
DE245;2015;1276;1558
DE245;2016;1456;1457
DE245;2017;1325;1563
DE245;2018;1405;1563
DE245;2019;1428;1571
DE245;2020;1416;1559
DE245;2021;1457;1654
DE245;2022;1315;1726
DE245;2023;1221;1641
DE246;2000;1090;1112
DE246;2001;954;1160
DE246;2002;919;1156
DE246;2003;938;1135
DE246;2004;871;1176
DE246;2005;830;1190
DE246;2006;840;1155
DE246;2007;816;1155
DE246;2008;817;1179
DE246;2009;771;1229
DE246;2010;837;1221
DE246;2011;768;1226
DE246;2012;767;1206
DE246;2013;777;1224
DE246;2014;796;1134
DE246;2015;779;1315
DE246;2016;822;1252
DE246;2017;839;1247
DE246;2018;837;1257
DE246;2019;878;1205
DE246;2020;842;1361
DE246;2021;938;1377
DE246;2022;888;1355
DE246;2023;802;1353
DE247;2000;900;912
DE247;2001;800;947
DE247;2002;765;935
DE247;2003;700;966
DE247;2004;743;877
DE247;2005;650;900
DE247;2006;681;917
DE247;2007;647;921
DE247;2008;658;1001
DE247;2009;604;944
DE247;2010;607;981
DE247;2011;610;920
DE247;2012;587;1002
DE247;2013;611;1039
DE247;2014;687;998
DE247;2015;661;1111
DE247;2016;746;1102
DE247;2017;724;1104
DE247;2018;703;1082
DE247;2019;760;1052
DE247;2020;731;1243
DE247;2021;776;1208
DE247;2022;698;1291
DE247;2023;625;1182
DE248;2000;1129;984
DE248;2001;1055;1028
DE248;2002;1049;998
DE248;2003;976;1000
DE248;2004;940;1000
DE248;2005;920;1030
DE248;2006;925;1100
DE248;2007;908;1031
DE248;2008;927;1040
DE248;2009;882;1010
DE248;2010;855;1050
DE248;2011;848;1060
DE248;2012;953;1151
DE248;2013;947;1126
DE248;2014;946;1123
DE248;2015;1015;1165
DE248;2016;1033;1101
DE248;2017;1082;1165
DE248;2018;1026;1208
DE248;2019;1054;1151
DE248;2020;1110;1225
DE248;2021;1138;1303
DE248;2022;1039;1392
DE248;2023;971;1339
DE249;2000;941;1427
DE249;2001;842;1395
DE249;2002;874;1385
DE249;2003;800;1377
DE249;2004;756;1426
DE249;2005;730;1380
DE249;2006;702;1375
DE249;2007;662;1325
DE249;2008;655;1453
DE249;2009;621;1329
DE249;2010;624;1383
DE249;2011;626;1371
DE249;2012;604;1452
DE249;2013;617;1395
DE249;2014;646;1301
DE249;2015;662;1402
DE249;2016;686;1342
DE249;2017;660;1467
DE249;2018;678;1448
DE249;2019;738;1329
DE249;2020;765;1495
DE249;2021;707;1574
DE249;2022;695;1688
DE249;2023;640;1545
DE24A;2000;662;923
DE24A;2001;668;862
DE24A;2002;615;881
DE24A;2003;562;861
DE24A;2004;600;859
DE24A;2005;490;870
DE24A;2006;512;875
DE24A;2007;484;879
DE24A;2008;456;888
DE24A;2009;491;922
DE24A;2010;463;950
DE24A;2011;502;859
DE24A;2012;459;828
DE24A;2013;432;882
DE24A;2014;418;861
DE24A;2015;475;918
DE24A;2016;478;909
DE24A;2017;462;890
DE24A;2018;460;904
DE24A;2019;495;892
DE24A;2020;459;887
DE24A;2021;454;1000
DE24A;2022;469;964
DE24A;2023;438;944
DE24B;2000;704;884
DE24B;2001;680;863
DE24B;2002;644;867
DE24B;2003;600;900
DE24B;2004;562;838
DE24B;2005;560;890
DE24B;2006;571;851
DE24B;2007;533;904
DE24B;2008;536;885
DE24B;2009;506;931
DE24B;2010;534;867
DE24B;2011;470;898
DE24B;2012;480;910
DE24B;2013;430;915
DE24B;2014;504;879
DE24B;2015;460;932
DE24B;2016;517;902
DE24B;2017;527;1007
DE24B;2018;568;987
DE24B;2019;533;944
DE24B;2020;560;997
DE24B;2021;578;990
DE24B;2022;516;1064
DE24B;2023;497;1019
DE24C;2000;648;713
DE24C;2001;601;792
DE24C;2002;569;763
DE24C;2003;556;767
DE24C;2004;556;725
DE24C;2005;520;720
DE24C;2006;467;757
DE24C;2007;525;727
DE24C;2008;544;781
DE24C;2009;497;809
DE24C;2010;496;774
DE24C;2011;521;711
DE24C;2012;542;871
DE24C;2013;485;823
DE24C;2014;549;818
DE24C;2015;535;869
DE24C;2016;571;852
DE24C;2017;556;889
DE24C;2018;559;858
DE24C;2019;579;835
DE24C;2020;527;918
DE24C;2021;587;905
DE24C;2022;573;1038
DE24C;2023;503;957
DE24D;2000;682;1232
DE24D;2001;680;1186
DE24D;2002;599;1174
DE24D;2003;600;1200
DE24D;2004;528;1100
DE24D;2005;570;1170
DE24D;2006;524;1124
DE24D;2007;500;1114
DE24D;2008;486;1062
DE24D;2009;449;1160
DE24D;2010;488;1102
DE24D;2011;499;1140
DE24D;2012;469;1148
DE24D;2013;443;1140
DE24D;2014;448;1056
DE24D;2015;505;1176
DE24D;2016;573;1103
DE24D;2017;630;1177
DE24D;2018;556;1158
DE24D;2019;579;1153
DE24D;2020;553;1247
DE24D;2021;563;1255
DE24D;2022;531;1278
DE24D;2023;509;1158
DE251;2000;423;435
DE251;2001;381;419
DE251;2002;347;443
DE251;2003;300;472
DE251;2004;346;426
DE251;2005;350;470
DE251;2006;382;479
DE251;2007;329;436
DE251;2008;345;510
DE251;2009;336;452
DE251;2010;332;503
DE251;2011;327;496
DE251;2012;306;503
DE251;2013;354;543
DE251;2014;394;515
DE251;2015;380;489
DE251;2016;424;491
DE251;2017;440;546
DE251;2018;449;535
DE251;2019;524;536
DE251;2020;467;511
DE251;2021;460;583
DE251;2022;464;597
DE251;2023;414;562
DE252;2000;1002;917
DE252;2001;967;909
DE252;2002;1006;887
DE252;2003;974;900
DE252;2004;966;865
DE252;2005;970;970
DE252;2006;938;882
DE252;2007;976;833
DE252;2008;987;1003
DE252;2009;1007;983
DE252;2010;1047;1033
DE252;2011;921;973
DE252;2012;971;985
DE252;2013;1072;976
DE252;2014;1057;961
DE252;2015;1130;1108
DE252;2016;1225;1100
DE252;2017;1108;1114
DE252;2018;1162;1127
DE252;2019;1076;1093
DE252;2020;1203;1127
DE252;2021;1083;1154
DE252;2022;1059;1205
DE252;2023;1078;1194
DE253;2000;1115;1233
DE253;2001;1075;1200
DE253;2002;1082;1227
DE253;2003;1053;1200
DE253;2004;1077;1129
DE253;2005;990;1170
DE253;2006;990;1167
DE253;2007;1082;1044
DE253;2008;1009;1205
DE253;2009;1012;1224
DE253;2010;1039;1260
DE253;2011;1089;1192
DE253;2012;1163;1220
DE253;2013;1200;1332
DE253;2014;1218;1185
DE253;2015;1319;1235
DE253;2016;1389;1258
DE253;2017;1396;1360
DE253;2018;1382;1332
DE253;2019;1441;1361
DE253;2020;1381;1372
DE253;2021;1428;1516
DE253;2022;1261;1406
DE253;2023;1193;1393
DE254;2000;4462;5744
DE254;2001;4364;5559
DE254;2002;4416;5664
DE254;2003;4300;5738
DE254;2004;4353;5174
DE254;2005;4180;5560
DE254;2006;4267;5419
DE254;2007;4498;5363
DE254;2008;4347;5344
DE254;2009;4461;5415
DE254;2010;4503;5296
DE254;2011;4580;5490
DE254;2012;4735;5414
DE254;2013;4786;5425
DE254;2014;5115;5501
DE254;2015;5148;5780
DE254;2016;5617;5650
DE254;2017;5498;5757
DE254;2018;5601;5612
DE254;2019;5383;5849
DE254;2020;5313;6181
DE254;2021;5508;6238
DE254;2022;4994;6366
DE254;2023;4711;5981
DE255;2000;376;358
DE255;2001;360;406
DE255;2002;320;387
DE255;2003;300;400
DE255;2004;333;400
DE255;2005;330;420
DE255;2006;304;408
DE255;2007;338;394
DE255;2008;327;401
DE255;2009;280;383
DE255;2010;299;443
DE255;2011;300;386
DE255;2012;329;413
DE255;2013;330;443
DE255;2014;374;434
DE255;2015;378;496
DE255;2016;386;432
DE255;2017;392;457
DE255;2018;423;500
DE255;2019;388;476
DE255;2020;380;575
DE255;2021;395;506
DE255;2022;380;481
DE255;2023;322;526
DE256;2000;1809;1715
DE256;2001;1660;1662
DE256;2002;1641;1699
DE256;2003;1658;1779
DE256;2004;1600;1667
DE256;2005;1560;1730
DE256;2006;1484;1755
DE256;2007;1530;1736
DE256;2008;1433;1688
DE256;2009;1417;1756
DE256;2010;1441;1911
DE256;2011;1357;1781
DE256;2012;1404;1866
DE256;2013;1430;1818
DE256;2014;1504;1859
DE256;2015;1610;2023
DE256;2016;1737;1931
DE256;2017;1765;2099
DE256;2018;1703;2063
DE256;2019;1784;2063
DE256;2020;1850;2218
DE256;2021;1840;2185
DE256;2022;1769;2282
DE256;2023;1643;2098
DE257;2000;1329;945
DE257;2001;1233;968
DE257;2002;1190;1005
DE257;2003;1100;1100
DE257;2004;1100;970
DE257;2005;1080;1040
DE257;2006;1061;1059
DE257;2007;1084;1059
DE257;2008;1079;1073
DE257;2009;1056;1126
DE257;2010;1060;1143
DE257;2011;1026;1091
DE257;2012;1057;1191
DE257;2013;1127;1201
DE257;2014;1139;1151
DE257;2015;1168;1333
DE257;2016;1275;1317
DE257;2017;1270;1301
DE257;2018;1250;1353
DE257;2019;1260;1351
DE257;2020;1293;1369
DE257;2021;1381;1517
DE257;2022;1243;1509
DE257;2023;1111;1493
DE258;2000;1024;1032
DE258;2001;973;1037
DE258;2002;888;1020
DE258;2003;900;1100
DE258;2004;836;1000
DE258;2005;820;980
DE258;2006;827;1054
DE258;2007;827;1054
DE258;2008;912;984
DE258;2009;868;1012
DE258;2010;860;1099
DE258;2011;869;1159
DE258;2012;928;1125
DE258;2013;963;1224
DE258;2014;932;1164
DE258;2015;986;1292
DE258;2016;1099;1196
DE258;2017;1046;1304
DE258;2018;1070;1306
DE258;2019;1060;1307
DE258;2020;1069;1424
DE258;2021;1119;1469
DE258;2022;1001;1515
DE258;2023;952;1468
DE259;2000;1487;1720
DE259;2001;1441;1695
DE259;2002;1357;1806
DE259;2003;1400;1724
DE259;2004;1370;1700
DE259;2005;1240;1700
DE259;2006;1213;1688
DE259;2007;1198;1768
DE259;2008;1313;1812
DE259;2009;1155;1845
DE259;2010;1186;1777
DE259;2011;1160;1866
DE259;2012;1267;1829
DE259;2013;1281;1888
DE259;2014;1288;1848
DE259;2015;1400;1943
DE259;2016;1485;1829
DE259;2017;1517;1942
DE259;2018;1463;2025
DE259;2019;1515;1845
DE259;2020;1564;2075
DE259;2021;1610;1999
DE259;2022;1366;2250
DE259;2023;1277;2111
DE25A;2000;899;1091
DE25A;2001;922;1067
DE25A;2002;855;1022
DE25A;2003;900;1134
DE25A;2004;839;970
DE25A;2005;830;1000
DE25A;2006;738;1004
DE25A;2007;809;988
DE25A;2008;787;1076
DE25A;2009;703;1029
DE25A;2010;724;1026
DE25A;2011;729;993
DE25A;2012;755;1094
DE25A;2013;797;1031
DE25A;2014;781;1035
DE25A;2015;863;1129
DE25A;2016;853;1095
DE25A;2017;859;1157
DE25A;2018;925;1125
DE25A;2019;937;1112
DE25A;2020;966;1183
DE25A;2021;951;1208
DE25A;2022;927;1352
DE25A;2023;859;1261
DE25B;2000;1169;1202
DE25B;2001;1182;1081
DE25B;2002;1130;1172
DE25B;2003;1045;1160
DE25B;2004;1000;1073
DE25B;2005;1030;1170
DE25B;2006;916;1196
DE25B;2007;970;1194
DE25B;2008;968;1157
DE25B;2009;923;1213
DE25B;2010;980;1202
DE25B;2011;939;1248
DE25B;2012;936;1248
DE25B;2013;960;1257
DE25B;2014;1012;1202
DE25B;2015;1000;1338
DE25B;2016;1176;1319
DE25B;2017;1185;1278
DE25B;2018;1201;1369
DE25B;2019;1113;1357
DE25B;2020;1185;1408
DE25B;2021;1278;1535
DE25B;2022;1083;1511
DE25B;2023;1050;1493
DE25C;2000;953;1015
DE25C;2001;924;1049
DE25C;2002;919;1034
DE25C;2003;900;1042
DE25C;2004;842;1000
DE25C;2005;800;1040
DE25C;2006;740;986
DE25C;2007;747;1006
DE25C;2008;731;1053
DE25C;2009;731;1024
DE25C;2010;719;1002
DE25C;2011;659;1128
DE25C;2012;655;1053
DE25C;2013;720;1047
DE25C;2014;705;1043
DE25C;2015;786;1100
DE25C;2016;873;1041
DE25C;2017;895;1141
DE25C;2018;869;1131
DE25C;2019;911;1134
DE25C;2020;905;1155
DE25C;2021;904;1169
DE25C;2022;895;1250
DE25C;2023;806;1160
DE261;2000;685;759
DE261;2001;675;701
DE261;2002;641;750
DE261;2003;645;725
DE261;2004;655;700
DE261;2005;620;740
DE261;2006;649;743
DE261;2007;587;787
DE261;2008;631;731
DE261;2009;595;767
DE261;2010;576;757
DE261;2011;594;732
DE261;2012;584;743
DE261;2013;572;779
DE261;2014;611;759
DE261;2015;606;762
DE261;2016;731;709
DE261;2017;709;835
DE261;2018;685;815
DE261;2019;762;815
DE261;2020;657;773
DE261;2021;730;884
DE261;2022;669;884
DE261;2023;636;844
DE262;2000;469;658
DE262;2001;493;705
DE262;2002;481;678
DE262;2003;472;700
DE262;2004;470;700
DE262;2005;470;670
DE262;2006;452;664
DE262;2007;445;698
DE262;2008;452;655
DE262;2009;471;705
DE262;2010;435;682
DE262;2011;418;718
DE262;2012;460;708
DE262;2013;453;736
DE262;2014;452;697
DE262;2015;480;754
DE262;2016;518;714
DE262;2017;562;699
DE262;2018;587;818
DE262;2019;510;737
DE262;2020;552;720
DE262;2021;541;810
DE262;2022;527;796
DE262;2023;451;855
DE263;2000;1051;1509
DE263;2001;1008;1431
DE263;2002;967;1382
DE263;2003;1000;1458
DE263;2004;1000;1360
DE263;2005;1020;1390
DE263;2006;957;1400
DE263;2007;1016;1333
DE263;2008;1000;1399
DE263;2009;960;1386
DE263;2010;1014;1355
DE263;2011;995;1400
DE263;2012;1033;1391
DE263;2013;1088;1338
DE263;2014;1129;1286
DE263;2015;1206;1378
DE263;2016;1205;1453
DE263;2017;1201;1410
DE263;2018;1273;1340
DE263;2019;1221;1360
DE263;2020;1335;1430
DE263;2021;1340;1521
DE263;2022;1138;1580
DE263;2023;1121;1527
DE264;2000;1692;1379
DE264;2001;1585;1393
DE264;2002;1515;1448
DE264;2003;1500;1400
DE264;2004;1500;1462
DE264;2005;1380;1490
DE264;2006;1335;1491
DE264;2007;1331;1525
DE264;2008;1406;1618
DE264;2009;1274;1636
DE264;2010;1247;1674
DE264;2011;1216;1582
DE264;2012;1259;1715
DE264;2013;1296;1763
DE264;2014;1381;1687
DE264;2015;1354;1787
DE264;2016;1457;1742
DE264;2017;1571;1752
DE264;2018;1514;1890
DE264;2019;1596;1812
DE264;2020;1506;1960
DE264;2021;1724;1975
DE264;2022;1547;2056
DE264;2023;1453;1972
DE265;2000;1000;1288
DE265;2001;934;1242
DE265;2002;952;1302
DE265;2003;900;1361
DE265;2004;900;1237
DE265;2005;840;1200
DE265;2006;787;1241
DE265;2007;779;1189
DE265;2008;710;1197
DE265;2009;733;1289
DE265;2010;763;1247
DE265;2011;769;1285
DE265;2012;734;1250
DE265;2013;789;1274
DE265;2014;771;1252
DE265;2015;807;1383
DE265;2016;828;1307
DE265;2017;878;1349
DE265;2018;830;1418
DE265;2019;855;1314
DE265;2020;903;1362
DE265;2021;935;1390
DE265;2022;908;1479
DE265;2023;848;1380
DE266;2000;791;895
DE266;2001;794;800
DE266;2002;736;859
DE266;2003;800;834
DE266;2004;750;900
DE266;2005;700;860
DE266;2006;661;831
DE266;2007;675;775
DE266;2008;629;842
DE266;2009;576;817
DE266;2010;624;830
DE266;2011;594;954
DE266;2012;614;846
DE266;2013;626;957
DE266;2014;599;892
DE266;2015;666;1017
DE266;2016;726;946
DE266;2017;727;931
DE266;2018;625;942
DE266;2019;673;910
DE266;2020;714;919
DE266;2021;752;1122
DE266;2022;740;1063
DE266;2023;627;974
DE267;2000;897;881
DE267;2001;841;892
DE267;2002;801;865
DE267;2003;775;929
DE267;2004;753;845
DE267;2005;720;910
DE267;2006;697;837
DE267;2007;663;877
DE267;2008;615;926
DE267;2009;629;863
DE267;2010;676;898
DE267;2011;651;901
DE267;2012;673;919
DE267;2013;654;904
DE267;2014;729;912
DE267;2015;709;898
DE267;2016;764;831
DE267;2017;771;958
DE267;2018;769;896
DE267;2019;729;885
DE267;2020;767;903
DE267;2021;809;984
DE267;2022;725;1012
DE267;2023;713;998
DE268;2000;857;920
DE268;2001;794;936
DE268;2002;788;944
DE268;2003;840;900
DE268;2004;776;800
DE268;2005;720;930
DE268;2006;695;823
DE268;2007;695;882
DE268;2008;676;836
DE268;2009;680;896
DE268;2010;608;925
DE268;2011;637;902
DE268;2012;695;952
DE268;2013;718;945
DE268;2014;717;893
DE268;2015;780;1020
DE268;2016;805;964
DE268;2017;812;980
DE268;2018;831;1025
DE268;2019;831;946
DE268;2020;879;1050
DE268;2021;929;1112
DE268;2022;904;1197
DE268;2023;851;1049
DE269;2000;1355;1100
DE269;2001;1255;1209
DE269;2002;1201;1117
DE269;2003;1149;1100
DE269;2004;1130;1134
DE269;2005;1060;1130
DE269;2006;1076;1141
DE269;2007;1053;1186
DE269;2008;1012;1252
DE269;2009;1019;1198
DE269;2010;984;1269
DE269;2011;976;1218
DE269;2012;1010;1268
DE269;2013;1033;1327
DE269;2014;1044;1247
DE269;2015;1086;1373
DE269;2016;1133;1289
DE269;2017;1120;1397
DE269;2018;1117;1425
DE269;2019;1154;1405
DE269;2020;1195;1464
DE269;2021;1161;1443
DE269;2022;1134;1648
DE269;2023;998;1598
DE26A;2000;1191;1278
DE26A;2001;1144;1235
DE26A;2002;1166;1257
DE26A;2003;1078;1337
DE26A;2004;1045;1262
DE26A;2005;1010;1340
DE26A;2006;971;1221
DE26A;2007;907;1291
DE26A;2008;936;1370
DE26A;2009;882;1338
DE26A;2010;901;1355
DE26A;2011;905;1312
DE26A;2012;929;1380
DE26A;2013;927;1401
DE26A;2014;949;1322
DE26A;2015;958;1509
DE26A;2016;1096;1394
DE26A;2017;1085;1504
DE26A;2018;1044;1503
DE26A;2019;1067;1390
DE26A;2020;1113;1578
DE26A;2021;1043;1601
DE26A;2022;1044;1652
DE26A;2023;960;1643
DE26B;2000;1053;1071
DE26B;2001;996;974
DE26B;2002;1011;1021
DE26B;2003;937;1027
DE26B;2004;1000;921
DE26B;2005;840;950
DE26B;2006;828;1004
DE26B;2007;833;1036
DE26B;2008;844;1004
DE26B;2009;823;1073
DE26B;2010;819;1016
DE26B;2011;819;1040
DE26B;2012;837;1117
DE26B;2013;843;1153
DE26B;2014;935;1118
DE26B;2015;989;1222
DE26B;2016;1036;1161
DE26B;2017;1070;1277
DE26B;2018;1028;1221
DE26B;2019;1155;1259
DE26B;2020;1069;1257
DE26B;2021;1124;1381
DE26B;2022;1058;1463
DE26B;2023;959;1413
DE26C;2000;1522;1246
DE26C;2001;1528;1196
DE26C;2002;1400;1250
DE26C;2003;1376;1275
DE26C;2004;1346;1233
DE26C;2005;1350;1210
DE26C;2006;1293;1233
DE26C;2007;1255;1240
DE26C;2008;1305;1248
DE26C;2009;1254;1317
DE26C;2010;1270;1341
DE26C;2011;1325;1339
DE26C;2012;1219;1401
DE26C;2013;1359;1477
DE26C;2014;1351;1419
DE26C;2015;1447;1472
DE26C;2016;1495;1478
DE26C;2017;1462;1556
DE26C;2018;1536;1525
DE26C;2019;1549;1514
DE26C;2020;1529;1632
DE26C;2021;1601;1629
DE26C;2022;1421;1740
DE26C;2023;1387;1697
DE271;2000;2525;3115
DE271;2001;2521;3029
DE271;2002;2416;3023
DE271;2003;2500;3057
DE271;2004;2500;2932
DE271;2005;2420;3000
DE271;2006;2377;2912
DE271;2007;2449;2917
DE271;2008;2363;2836
DE271;2009;2250;2943
DE271;2010;2323;2840
DE271;2011;2253;2820
DE271;2012;2465;2950
DE271;2013;2525;2930
DE271;2014;2744;2901
DE271;2015;2846;3054
DE271;2016;3071;2983
DE271;2017;3069;2973
DE271;2018;3085;3097
DE271;2019;3121;3150
DE271;2020;2968;3361
DE271;2021;3144;3335
DE271;2022;2905;3449
DE271;2023;2750;3123
DE272;2000;385;473
DE272;2001;390;486
DE272;2002;389;436
DE272;2003;300;550
DE272;2004;400;534
DE272;2005;350;480
DE272;2006;335;497
DE272;2007;370;497
DE272;2008;363;503
DE272;2009;344;550
DE272;2010;337;553
DE272;2011;329;503
DE272;2012;347;515
DE272;2013;364;516
DE272;2014;372;521
DE272;2015;389;481
DE272;2016;446;462
DE272;2017;435;521
DE272;2018;406;576
DE272;2019;497;574
DE272;2020;425;576
DE272;2021;474;594
DE272;2022;454;622
DE272;2023;469;591
DE273;2000;587;695
DE273;2001;556;701
DE273;2002;577;723
DE273;2003;555;733
DE273;2004;600;800
DE273;2005;560;740
DE273;2006;562;730
DE273;2007;533;692
DE273;2008;555;743
DE273;2009;542;736
DE273;2010;543;755
DE273;2011;501;689
DE273;2012;508;736
DE273;2013;566;758
DE273;2014;557;691
DE273;2015;662;731
DE273;2016;759;721
DE273;2017;684;767
DE273;2018;690;737
DE273;2019;694;760
DE273;2020;719;798
DE273;2021;717;791
DE273;2022;656;804
DE273;2023;666;794
DE274;2000;454;434
DE274;2001;374;466
DE274;2002;391;493
DE274;2003;400;471
DE274;2004;371;444
DE274;2005;390;440
DE274;2006;373;492
DE274;2007;386;476
DE274;2008;358;478
DE274;2009;373;471
DE274;2010;374;499
DE274;2011;309;521
DE274;2012;387;442
DE274;2013;375;473
DE274;2014;393;441
DE274;2015;411;482
DE274;2016;474;478
DE274;2017;428;520
DE274;2018;455;533
DE274;2019;414;510
DE274;2020;475;496
DE274;2021;481;541
DE274;2022;479;537
DE274;2023;446;466
DE275;2000;1289;1033
DE275;2001;1193;995
DE275;2002;1181;1022
DE275;2003;1200;948
DE275;2004;1134;954
DE275;2005;1030;1000
DE275;2006;1001;1007
DE275;2007;1100;1064
DE275;2008;1094;1067
DE275;2009;1036;1058
DE275;2010;1015;1032
DE275;2011;1044;1080
DE275;2012;1089;1063
DE275;2013;1095;1164
DE275;2014;1189;1080
DE275;2015;1225;1230
DE275;2016;1308;1228
DE275;2017;1392;1180
DE275;2018;1336;1230
DE275;2019;1270;1260
DE275;2020;1347;1323
DE275;2021;1396;1369
DE275;2022;1248;1448
DE275;2023;1206;1378
DE276;2000;2343;1958
DE276;2001;2208;1908
DE276;2002;2165;1982
DE276;2003;2137;2000
DE276;2004;2060;2071
DE276;2005;2000;2060
DE276;2006;1906;2100
DE276;2007;1863;2080
DE276;2008;1952;2162
DE276;2009;1796;2149
DE276;2010;1860;2165
DE276;2011;1902;2194
DE276;2012;1976;2248
DE276;2013;2019;2294
DE276;2014;2052;2257
DE276;2015;2171;2498
DE276;2016;2348;2382
DE276;2017;2459;2445
DE276;2018;2449;2457
DE276;2019;2425;2408
DE276;2020;2497;2603
DE276;2021;2634;2898
DE276;2022;2464;2868
DE276;2023;2322;2692
DE277;2000;952;937
DE277;2001;921;957
DE277;2002;931;981
DE277;2003;877;964
DE277;2004;900;939
DE277;2005;870;990
DE277;2006;815;999
DE277;2007;763;920
DE277;2008;798;922
DE277;2009;786;891
DE277;2010;768;891
DE277;2011;765;911
DE277;2012;709;918
DE277;2013;741;946
DE277;2014;764;905
DE277;2015;792;917
DE277;2016;870;944
DE277;2017;841;983
DE277;2018;904;970
DE277;2019;874;1024
DE277;2020;1022;1069
DE277;2021;1003;1028
DE277;2022;951;1101
DE277;2023;824;1037
DE278;2000;1305;1174
DE278;2001;1222;1198
DE278;2002;1183;1127
DE278;2003;1200;1136
DE278;2004;1136;1200
DE278;2005;1100;1170
DE278;2006;1045;1157
DE278;2007;1034;1164
DE278;2008;1017;1135
DE278;2009;1067;1142
DE278;2010;1020;1219
DE278;2011;974;1208
DE278;2012;972;1184
DE278;2013;963;1206
DE278;2014;1065;1143
DE278;2015;1100;1222
DE278;2016;1133;1202
DE278;2017;1176;1206
DE278;2018;1223;1217
DE278;2019;1268;1245
DE278;2020;1256;1332
DE278;2021;1318;1370
DE278;2022;1223;1426
DE278;2023;1158;1346
DE279;2000;1600;1345
DE279;2001;1593;1354
DE279;2002;1542;1430
DE279;2003;1600;1445
DE279;2004;1543;1370
DE279;2005;1420;1410
DE279;2006;1473;1410
DE279;2007;1437;1379
DE279;2008;1482;1485
DE279;2009;1401;1476
DE279;2010;1513;1503
DE279;2011;1415;1546
DE279;2012;1447;1570
DE279;2013;1480;1556
DE279;2014;1482;1494
DE279;2015;1518;1589
DE279;2016;1653;1563
DE279;2017;1685;1587
DE279;2018;1678;1726
DE279;2019;1782;1713
DE279;2020;1778;1842
DE279;2021;1972;1878
DE279;2022;1789;2011
DE279;2023;1776;1923
DE27A;2000;754;864
DE27A;2001;746;815
DE27A;2002;688;810
DE27A;2003;672;865
DE27A;2004;700;779
DE27A;2005;670;830
DE27A;2006;626;805
DE27A;2007;664;846
DE27A;2008;592;829
DE27A;2009;592;836
DE27A;2010;593;895
DE27A;2011;559;833
DE27A;2012;598;885
DE27A;2013;611;850
DE27A;2014;617;819
DE27A;2015;731;942
DE27A;2016;712;889
DE27A;2017;754;923
DE27A;2018;721;902
DE27A;2019;752;895
DE27A;2020;728;954
DE27A;2021;778;966
DE27A;2022;727;1068
DE27A;2023;691;984
DE27B;2000;1399;1351
DE27B;2001;1299;1276
DE27B;2002;1320;1247
DE27B;2003;1200;1300
DE27B;2004;1300;1300
DE27B;2005;1210;1250
DE27B;2006;1160;1299
DE27B;2007;1141;1283
DE27B;2008;1131;1252
DE27B;2009;1070;1336
DE27B;2010;1055;1285
DE27B;2011;1096;1374
DE27B;2012;1100;1356
DE27B;2013;1137;1424
DE27B;2014;1223;1342
DE27B;2015;1239;1364
DE27B;2016;1367;1383
DE27B;2017;1397;1380
DE27B;2018;1423;1353
DE27B;2019;1390;1471
DE27B;2020;1465;1493
DE27B;2021;1513;1544
DE27B;2022;1461;1567
DE27B;2023;1339;1560
DE27C;2000;1460;1351
DE27C;2001;1415;1205
DE27C;2002;1293;1348
DE27C;2003;1300;1400
DE27C;2004;1200;1300
DE27C;2005;1180;1270
DE27C;2006;1100;1233
DE27C;2007;1153;1330
DE27C;2008;1172;1439
DE27C;2009;1097;1325
DE27C;2010;1069;1321
DE27C;2011;1136;1327
DE27C;2012;1063;1401
DE27C;2013;1156;1316
DE27C;2014;1164;1401
DE27C;2015;1260;1531
DE27C;2016;1397;1434
DE27C;2017;1292;1543
DE27C;2018;1408;1528
DE27C;2019;1492;1510
DE27C;2020;1498;1635
DE27C;2021;1566;1657
DE27C;2022;1514;1731
DE27C;2023;1450;1751
DE27D;2000;1453;1243
DE27D;2001;1300;1278
DE27D;2002;1250;1289
DE27D;2003;1237;1300
DE27D;2004;1273;1200
DE27D;2005;1190;1270
DE27D;2006;1093;1252
DE27D;2007;1139;1243
DE27D;2008;1089;1232
DE27D;2009;1099;1251
DE27D;2010;1075;1282
DE27D;2011;1007;1262
DE27D;2012;1056;1278
DE27D;2013;1161;1298
DE27D;2014;1094;1233
DE27D;2015;1100;1263
DE27D;2016;1248;1298
DE27D;2017;1261;1354
DE27D;2018;1211;1403
DE27D;2019;1299;1338
DE27D;2020;1355;1506
DE27D;2021;1397;1574
DE27D;2022;1326;1536
DE27D;2023;1273;1481
DE27E;2000;1516;1399
DE27E;2001;1443;1402
DE27E;2002;1391;1432
DE27E;2003;1300;1425
DE27E;2004;1245;1400
DE27E;2005;1210;1340
DE27E;2006;1138;1375
DE27E;2007;1266;1398
DE27E;2008;1174;1460
DE27E;2009;1139;1463
DE27E;2010;1149;1434
DE27E;2011;1112;1454
DE27E;2012;1169;1424
DE27E;2013;1167;1509
DE27E;2014;1285;1484
DE27E;2015;1311;1568
DE27E;2016;1455;1523
DE27E;2017;1454;1597
DE27E;2018;1454;1578
DE27E;2019;1548;1647
DE27E;2020;1497;1674
DE27E;2021;1674;1774
DE27E;2022;1462;1754
DE27E;2023;1423;1804
DE300;2000;29695;33335
DE300;2001;28624;32826
DE300;2002;28801;33492
DE300;2003;28723;33146
DE300;2004;29446;31800
DE300;2005;28980;31980
DE300;2006;29627;31523
DE300;2007;31174;30980
DE300;2008;31936;31911
DE300;2009;32104;31713
DE300;2010;33393;32234
DE300;2011;33075;31380
DE300;2012;34678;32218
DE300;2013;35038;32792
DE300;2014;37368;32314
DE300;2015;38030;34278
DE300;2016;41087;34051
DE300;2017;40163;34339
DE300;2018;40203;35900
DE300;2019;39503;34739
DE300;2020;38693;37642
DE300;2021;39168;37706
DE300;2022;35729;39572
DE300;2023;34120;38473
DE401;2000;494;862
DE401;2001;492;778
DE401;2002;474;820
DE401;2003;500;800
DE401;2004;500;800
DE401;2005;480;830
DE401;2006;525;866
DE401;2007;565;804
DE401;2008;562;805
DE401;2009;548;906
DE401;2010;569;928
DE401;2011;579;887
DE401;2012;604;901
DE401;2013;577;904
DE401;2014;614;947
DE401;2015;620;984
DE401;2016;626;966
DE401;2017;590;1029
DE401;2018;594;1048
DE401;2019;600;1136
DE401;2020;571;1137
DE401;2021;568;1224
DE401;2022;548;1267
DE401;2023;459;1249
DE402;2000;791;1100
DE402;2001;747;1093
DE402;2002;741;1106
DE402;2003;742;1136
DE402;2004;800;1152
DE402;2005;720;1100
DE402;2006;731;1065
DE402;2007;709;1076
DE402;2008;732;1129
DE402;2009;791;1078
DE402;2010;824;1139
DE402;2011;782;1065
DE402;2012;801;1254
DE402;2013;807;1209
DE402;2014;807;1162
DE402;2015;789;1301
DE402;2016;863;1302
DE402;2017;840;1356
DE402;2018;899;1416
DE402;2019;880;1272
DE402;2020;793;1438
DE402;2021;839;1577
DE402;2022;700;1549
DE402;2023;668;1463
DE403;2000;541;613
DE403;2001;499;647
DE403;2002;449;660
DE403;2003;472;700
DE403;2004;500;637
DE403;2005;460;660
DE403;2006;465;664
DE403;2007;497;658
DE403;2008;466;646
DE403;2009;453;712
DE403;2010;457;678
DE403;2011;421;710
DE403;2012;434;731
DE403;2013;398;761
DE403;2014;437;693
DE403;2015;431;750
DE403;2016;496;799
DE403;2017;458;784
DE403;2018;442;854
DE403;2019;419;765
DE403;2020;394;796
DE403;2021;397;943
DE403;2022;346;925
DE403;2023;341;932
DE404;2000;1050;1199
DE404;2001;1079;1219
DE404;2002;1179;1219
DE404;2003;1400;1200
DE404;2004;1371;1200
DE404;2005;1440;1210
DE404;2006;1467;1252
DE404;2007;1612;1218
DE404;2008;1579;1308
DE404;2009;1654;1341
DE404;2010;1766;1353
DE404;2011;1664;1356
DE404;2012;1740;1431
DE404;2013;1728;1475
DE404;2014;1870;1542
DE404;2015;1785;1618
DE404;2016;1996;1605
DE404;2017;2001;1671
DE404;2018;1970;1736
DE404;2019;1889;1789
DE404;2020;1862;1948
DE404;2021;1874;1879
DE404;2022;1658;1989
DE404;2023;1444;1968
DE405;2000;1170;1583
DE405;2001;1069;1583
DE405;2002;1204;1592
DE405;2003;1200;1746
DE405;2004;1227;1647
DE405;2005;1250;1740
DE405;2006;1312;1742
DE405;2007;1270;1772
DE405;2008;1355;1659
DE405;2009;1367;1769
DE405;2010;1377;1854
DE405;2011;1311;1837
DE405;2012;1383;1950
DE405;2013;1283;1991
DE405;2014;1355;2021
DE405;2015;1327;2110
DE405;2016;1547;2068
DE405;2017;1426;2182
DE405;2018;1435;2209
DE405;2019;1384;2179
DE405;2020;1425;2304
DE405;2021;1400;2655
DE405;2022;1380;2675
DE405;2023;1193;2591
DE406;2000;1141;1507
DE406;2001;1126;1575
DE406;2002;1052;1610
DE406;2003;1100;1651
DE406;2004;1100;1527
DE406;2005;1080;1650
DE406;2006;1119;1621
DE406;2007;1207;1586
DE406;2008;1196;1701
DE406;2009;1203;1659
DE406;2010;1248;1679
DE406;2011;1178;1824
DE406;2012;1198;1806
DE406;2013;1233;1845
DE406;2014;1238;1824
DE406;2015;1302;1927
DE406;2016;1494;1948
DE406;2017;1389;2019
DE406;2018;1363;2021
DE406;2019;1374;2040
DE406;2020;1345;2189
DE406;2021;1424;2478
DE406;2022;1441;2419
DE406;2023;1249;2425
DE407;2000;909;1517
DE407;2001;795;1405
DE407;2002;773;1493
DE407;2003;825;1547
DE407;2004;900;1431
DE407;2005;750;1460
DE407;2006;742;1440
DE407;2007;766;1430
DE407;2008;804;1400
DE407;2009;705;1516
DE407;2010;704;1570
DE407;2011;682;1504
DE407;2012;721;1450
DE407;2013;650;1554
DE407;2014;670;1453
DE407;2015;715;1538
DE407;2016;754;1602
DE407;2017;740;1617
DE407;2018;766;1676
DE407;2019;714;1591
DE407;2020;689;1682
DE407;2021;669;1976
DE407;2022;561;1735
DE407;2023;595;1686
DE408;2000;1268;1461
DE408;2001;1141;1413
DE408;2002;1092;1459
DE408;2003;1149;1456
DE408;2004;1148;1430
DE408;2005;1140;1400
DE408;2006;1094;1440
DE408;2007;1110;1494
DE408;2008;1165;1530
DE408;2009;1166;1596
DE408;2010;1144;1609
DE408;2011;1162;1600
DE408;2012;1138;1628
DE408;2013;1137;1773
DE408;2014;1236;1679
DE408;2015;1225;1792
DE408;2016;1340;1876
DE408;2017;1262;1857
DE408;2018;1185;1935
DE408;2019;1218;1910
DE408;2020;1259;2017
DE408;2021;1256;2160
DE408;2022;1177;2221
DE408;2023;1093;2239
DE409;2000;1179;1828
DE409;2001;1184;1798
DE409;2002;1238;1829
DE409;2003;1300;1900
DE409;2004;1240;1858
DE409;2005;1280;1893
DE409;2006;1292;1930
DE409;2007;1337;1955
DE409;2008;1382;1901
DE409;2009;1368;1951
DE409;2010;1425;2022
DE409;2011;1312;2059
DE409;2012;1343;1995
DE409;2013;1348;2155
DE409;2014;1469;2142
DE409;2015;1375;2294
DE409;2016;1519;2214
DE409;2017;1509;2353
DE409;2018;1439;2378
DE409;2019;1449;2405
DE409;2020;1355;2650
DE409;2021;1409;2743
DE409;2022;1228;2893
DE409;2023;1152;2771
DE40A;2000;1400;1814
DE40A;2001;1497;1908
DE40A;2002;1518;2128
DE40A;2003;1500;1925
DE40A;2004;1468;1941
DE40A;2005;1530;2030
DE40A;2006;1466;2043
DE40A;2007;1571;2128
DE40A;2008;1533;2135
DE40A;2009;1531;2116
DE40A;2010;1645;2156
DE40A;2011;1525;2099
DE40A;2012;1544;2200
DE40A;2013;1595;2311
DE40A;2014;1635;2277
DE40A;2015;1673;2405
DE40A;2016;1692;2394
DE40A;2017;1672;2386
DE40A;2018;1641;2478
DE40A;2019;1571;2367
DE40A;2020;1600;2578
DE40A;2021;1664;2696
DE40A;2022;1462;2901
DE40A;2023;1368;2999
DE40B;2000;977;1684
DE40B;2001;847;1597
DE40B;2002;829;1638
DE40B;2003;857;1563
DE40B;2004;838;1600
DE40B;2005;850;1500
DE40B;2006;763;1617
DE40B;2007;817;1568
DE40B;2008;826;1592
DE40B;2009;798;1593
DE40B;2010;820;1622
DE40B;2011;810;1638
DE40B;2012;814;1658
DE40B;2013;781;1730
DE40B;2014;773;1573
DE40B;2015;813;1618
DE40B;2016;868;1653
DE40B;2017;839;1679
DE40B;2018;768;1771
DE40B;2019;730;1648
DE40B;2020;763;1983
DE40B;2021;693;2016
DE40B;2022;677;1933
DE40B;2023;609;1808
DE40C;2000;1254;2063
DE40C;2001;1277;1942
DE40C;2002;1279;1964
DE40C;2003;1300;1938
DE40C;2004;1249;1834
DE40C;2005;1320;1920
DE40C;2006;1294;1907
DE40C;2007;1332;1919
DE40C;2008;1350;1887
DE40C;2009;1363;1951
DE40C;2010;1323;2016
DE40C;2011;1318;2038
DE40C;2012;1266;2081
DE40C;2013;1324;2241
DE40C;2014;1320;2177
DE40C;2015;1262;2260
DE40C;2016;1449;2261
DE40C;2017;1432;2390
DE40C;2018;1431;2455
DE40C;2019;1361;2454
DE40C;2020;1396;2673
DE40C;2021;1300;2872
DE40C;2022;1143;2743
DE40C;2023;1079;2813
DE40D;2000;818;1180
DE40D;2001;731;1206
DE40D;2002;742;1168
DE40D;2003;769;1200
DE40D;2004;700;1134
DE40D;2005;720;1170
DE40D;2006;762;1168
DE40D;2007;749;1160
DE40D;2008;763;1159
DE40D;2009;730;1148
DE40D;2010;767;1267
DE40D;2011;702;1200
DE40D;2012;721;1211
DE40D;2013;734;1310
DE40D;2014;753;1317
DE40D;2015;747;1326
DE40D;2016;825;1304
DE40D;2017;766;1341
DE40D;2018;704;1377
DE40D;2019;724;1417
DE40D;2020;639;1451
DE40D;2021;687;1638
DE40D;2022;646;1622
DE40D;2023;584;1515
DE40E;2000;1577;1887
DE40E;2001;1499;1919
DE40E;2002;1607;1984
DE40E;2003;1400;2000
DE40E;2004;1467;1863
DE40E;2005;1410;2000
DE40E;2006;1429;1971
DE40E;2007;1494;2018
DE40E;2008;1509;2047
DE40E;2009;1462;1976
DE40E;2010;1515;2004
DE40E;2011;1512;2047
DE40E;2012;1461;2128
DE40E;2013;1455;2102
DE40E;2014;1575;2186
DE40E;2015;1570;2208
DE40E;2016;1716;2411
DE40E;2017;1674;2383
DE40E;2018;1583;2397
DE40E;2019;1538;2343
DE40E;2020;1528;2558
DE40E;2021;1500;2583
DE40E;2022;1348;2773
DE40E;2023;1216;2697
DE40F;2000;624;1125
DE40F;2001;594;1123
DE40F;2002;571;1053
DE40F;2003;564;1100
DE40F;2004;575;1100
DE40F;2005;560;1080
DE40F;2006;529;1068
DE40F;2007;544;1100
DE40F;2008;520;1039
DE40F;2009;492;1140
DE40F;2010;532;1156
DE40F;2011;517;1172
DE40F;2012;524;1071
DE40F;2013;530;1164
DE40F;2014;502;1122
DE40F;2015;549;1210
DE40F;2016;614;1180
DE40F;2017;589;1179
DE40F;2018;500;1213
DE40F;2019;560;1254
DE40F;2020;481;1201
DE40F;2021;482;1480
DE40F;2022;469;1433
DE40F;2023;463;1353
DE40G;2000;1053;1522
DE40G;2001;917;1553
DE40G;2002;871;1610
DE40G;2003;835;1600
DE40G;2004;855;1500
DE40G;2005;820;1430
DE40G;2006;822;1472
DE40G;2007;843;1536
DE40G;2008;865;1593
DE40G;2009;791;1519
DE40G;2010;753;1535
DE40G;2011;782;1519
DE40G;2012;757;1582
DE40G;2013;747;1643
DE40G;2014;812;1553
DE40G;2015;775;1687
DE40G;2016;814;1618
DE40G;2017;829;1764
DE40G;2018;794;1700
DE40G;2019;722;1752
DE40G;2020;720;1935
DE40G;2021;687;2025
DE40G;2022;620;1908
DE40G;2023;570;1822
DE40H;2000;1193;1640
DE40H;2001;1195;1611
DE40H;2002;1169;1623
DE40H;2003;1162;1700
DE40H;2004;1230;1700
DE40H;2005;1220;1530
DE40H;2006;1178;1582
DE40H;2007;1236;1661
DE40H;2008;1290;1822
DE40H;2009;1233;1742
DE40H;2010;1248;1717
DE40H;2011;1198;1689
DE40H;2012;1235;1739
DE40H;2013;1221;1867
DE40H;2014;1362;1757
DE40H;2015;1299;2025
DE40H;2016;1444;1919
DE40H;2017;1456;2019
DE40H;2018;1521;2131
DE40H;2019;1384;2007
DE40H;2020;1429;2180
DE40H;2021;1419;2375
DE40H;2022;1317;2323
DE40H;2023;1157;2298
DE40I;2000;1005;1475
DE40I;2001;1003;1501
DE40I;2002;916;1528
DE40I;2003;930;1600
DE40I;2004;1000;1500
DE40I;2005;910;1480
DE40I;2006;893;1500
DE40I;2007;930;1583
DE40I;2008;911;1454
DE40I;2009;882;1596
DE40I;2010;837;1589
DE40I;2011;824;1607
DE40I;2012;798;1587
DE40I;2013;807;1643
DE40I;2014;911;1565
DE40I;2015;855;1697
DE40I;2016;877;1670
DE40I;2017;866;1769
DE40I;2018;846;1889
DE40I;2019;812;1698
DE40I;2020;749;1913
DE40I;2021;761;2076
DE40I;2022;718;2093
DE40I;2023;645;1993
DE501;2000;4920;6179
DE501;2001;4750;5997
DE501;2002;4481;6236
DE501;2003;4554;6255
DE501;2004;4460;6023
DE501;2005;4490;6030
DE501;2006;4451;5765
DE501;2007;4623;5798
DE501;2008;4601;5864
DE501;2009;4508;6209
DE501;2010;4664;6110
DE501;2011;4450;5963
DE501;2012;4671;6082
DE501;2013;4830;6359
DE501;2014;5204;5975
DE501;2015;5347;6316
DE501;2016;5918;6198
DE501;2017;5779;6375
DE501;2018;6009;6578
DE501;2019;5967;6273
DE501;2020;5773;6642
DE501;2021;5824;6578
DE501;2022;5534;7259
DE501;2023;5486;6909
DE502;2000;1150;1459
DE502;2001;1081;1476
DE502;2002;1003;1432
DE502;2003;1023;1400
DE502;2004;1000;1358
DE502;2005;1000;1390
DE502;2006;1055;1446
DE502;2007;968;1502
DE502;2008;968;1489
DE502;2009;973;1446
DE502;2010;935;1400
DE502;2011;938;1448
DE502;2012;968;1405
DE502;2013;919;1531
DE502;2014;1007;1462
DE502;2015;1162;1495
DE502;2016;1218;1534
DE502;2017;1222;1530
DE502;2018;1154;1490
DE502;2019;1182;1431
DE502;2020;1195;1509
DE502;2021;1147;1602
DE502;2022;1186;1634
DE502;2023;1129;1619
DE600;2000;16159;18210
DE600;2001;15786;17869
DE600;2002;15707;18424
DE600;2003;15900;18072
DE600;2004;16100;17562
DE600;2005;16180;17370
DE600;2006;16089;17101
DE600;2007;16727;17036
DE600;2008;16751;17091
DE600;2009;16779;17188
DE600;2010;17377;17060
DE600;2011;17125;17060
DE600;2012;17706;17012
DE600;2013;18137;17258
DE600;2014;19039;16780
DE600;2015;19768;17565
DE600;2016;21480;17267
DE600;2017;21133;17640
DE600;2018;21126;18168
DE600;2019;20940;17474
DE600;2020;20431;18308
DE600;2021;21018;18845
DE600;2022;19054;19877
DE600;2023;18264;19469
DE711;2000;1365;1512
DE711;2001;1344;1424
DE711;2002;1395;1497
DE711;2003;1400;1553
DE711;2004;1400;1400
DE711;2005;1400;1380
DE711;2006;1379;1332
DE711;2007;1537;1446
DE711;2008;1446;1423
DE711;2009;1494;1448
DE711;2010;1495;1389
DE711;2011;1509;1424
DE711;2012;1483;1425
DE711;2013;1444;1435
DE711;2014;1553;1362
DE711;2015;1557;1542
DE711;2016;1721;1378
DE711;2017;1730;1414
DE711;2018;1757;1444
DE711;2019;1688;1379
DE711;2020;1668;1429
DE711;2021;1684;1500
DE711;2022;1502;1583
DE711;2023;1404;1480
DE712;2000;6197;6178
DE712;2001;6236;6034
DE712;2002;6328;6197
DE712;2003;6445;6351
DE712;2004;6774;6000
DE712;2005;6800;5730
DE712;2006;6773;5723
DE712;2007;7144;5615
DE712;2008;7253;5772
DE712;2009;7164;5813
DE712;2010;7405;5736
DE712;2011;7574;5640
DE712;2012;7695;5801
DE712;2013;7892;5740
DE712;2014;8177;5503
DE712;2015;8526;6171
DE712;2016;8938;5612
DE712;2017;9065;5988
DE712;2018;9122;6031
DE712;2019;8860;5899
DE712;2020;8581;6056
DE712;2021;8601;6427
DE712;2022;8014;6603
DE712;2023;7441;6364
DE713;2000;1280;1175
DE713;2001;1263;1141
DE713;2002;1319;1066
DE713;2003;1327;1074
DE713;2004;1300;1064
DE713;2005;1310;1050
DE713;2006;1297;1045
DE713;2007;1265;1044
DE713;2008;1268;1082
DE713;2009;1275;983
DE713;2010;1315;1078
DE713;2011;1272;1058
DE713;2012;1349;1143
DE713;2013;1361;1067
DE713;2014;1369;1068
DE713;2015;1475;1133
DE713;2016;1561;1145
DE713;2017;1517;1109
DE713;2018;1679;1163
DE713;2019;1643;1212
DE713;2020;1588;1177
DE713;2021;1583;1287
DE713;2022;1492;1258
DE713;2023;1504;1256
DE714;2000;2752;3026
DE714;2001;2676;2950
DE714;2002;2643;3001
DE714;2003;2728;2961
DE714;2004;2800;2732
DE714;2005;2730;2770
DE714;2006;2686;2646
DE714;2007;2794;2753
DE714;2008;2807;2721
DE714;2009;2794;2707
DE714;2010;2826;2717
DE714;2011;2771;2662
DE714;2012;2851;2663
DE714;2013;2766;2784
DE714;2014;3180;2600
DE714;2015;3139;2893
DE714;2016;3342;2776
DE714;2017;3310;2873
DE714;2018;3209;2845
DE714;2019;2995;2926
DE714;2020;3032;2957
DE714;2021;3104;3024
DE714;2022;2825;3219
DE714;2023;2646;3127
DE715;2000;2474;2677
DE715;2001;2271;2646
DE715;2002;2276;2806
DE715;2003;2170;2763
DE715;2004;2171;2664
DE715;2005;2090;2690
DE715;2006;1993;2606
DE715;2007;2069;2727
DE715;2008;1977;2703
DE715;2009;1989;2726
DE715;2010;2027;2717
DE715;2011;2008;2798
DE715;2012;2044;2846
DE715;2013;2010;3043
DE715;2014;2193;2867
DE715;2015;2211;3090
DE715;2016;2267;2980
DE715;2017;2478;3133
DE715;2018;2402;3109
DE715;2019;2512;3036
DE715;2020;2424;3298
DE715;2021;2613;3427
DE715;2022;2390;3490
DE715;2023;2142;3331
DE716;2000;2771;2474
DE716;2001;2735;2367
DE716;2002;2559;2486
DE716;2003;2535;2444
DE716;2004;2473;2424
DE716;2005;2450;2430
DE716;2006;2312;2453
DE716;2007;2398;2500
DE716;2008;2412;2487
DE716;2009;2235;2531
DE716;2010;2373;2667
DE716;2011;2356;2614
DE716;2012;2293;2594
DE716;2013;2393;2848
DE716;2014;2507;2624
DE716;2015;2567;2947
DE716;2016;2797;2887
DE716;2017;2761;3111
DE716;2018;2912;3124
DE716;2019;2764;3085
DE716;2020;2662;3181
DE716;2021;2840;3302
DE716;2022;2625;3426
DE716;2023;2423;3304
DE717;2000;2524;2192
DE717;2001;2512;2175
DE717;2002;2391;2206
DE717;2003;2400;2453
DE717;2004;2348;2276
DE717;2005;2380;2220
DE717;2006;2103;2301
DE717;2007;2336;2223
DE717;2008;2289;2287
DE717;2009;2250;2464
DE717;2010;2327;2408
DE717;2011;2391;2383
DE717;2012;2323;2457
DE717;2013;2395;2592
DE717;2014;2622;2461
DE717;2015;2751;2604
DE717;2016;2945;2554
DE717;2017;2885;2519
DE717;2018;2969;2578
DE717;2019;2861;2617
DE717;2020;2741;2815
DE717;2021;3021;2863
DE717;2022;2724;3076
DE717;2023;2570;2995
DE718;2000;2187;2170
DE718;2001;2073;2206
DE718;2002;2082;2205
DE718;2003;2055;2300
DE718;2004;2072;2200
DE718;2005;1940;2190
DE718;2006;1904;2157
DE718;2007;1940;2190
DE718;2008;1838;2131
DE718;2009;1847;2140
DE718;2010;2011;2200
DE718;2011;1822;2191
DE718;2012;1813;2298
DE718;2013;1959;2318
DE718;2014;1877;2378
DE718;2015;2040;2444
DE718;2016;2063;2351
DE718;2017;2073;2449
DE718;2018;1970;2458
DE718;2019;2080;2557
DE718;2020;1889;2714
DE718;2021;1964;2713
DE718;2022;1785;2864
DE718;2023;1650;2734
DE719;2000;3917;3932
DE719;2001;3723;3917
DE719;2002;3513;4008
DE719;2003;3565;4000
DE719;2004;3462;3722
DE719;2005;3310;3840
DE719;2006;3261;3823
DE719;2007;3287;3869
DE719;2008;3259;3924
DE719;2009;3187;4065
DE719;2010;3139;4031
DE719;2011;3118;4091
DE719;2012;3094;4135
DE719;2013;3355;4247
DE719;2014;3476;4209
DE719;2015;3597;4443
DE719;2016;3911;4364
DE719;2017;3834;4365
DE719;2018;3969;4522
DE719;2019;3887;4570
DE719;2020;3844;4788
DE719;2021;4190;5009
DE719;2022;3915;5175
DE719;2023;3751;5213
DE71A;2000;2235;1754
DE71A;2001;2141;1821
DE71A;2002;2309;1894
DE71A;2003;2147;1934
DE71A;2004;2145;1800
DE71A;2005;2160;1810
DE71A;2006;2064;1910
DE71A;2007;2133;1906
DE71A;2008;2048;1965
DE71A;2009;2037;1992
DE71A;2010;1989;2000
DE71A;2011;1993;2023
DE71A;2012;2035;2066
DE71A;2013;2046;2185
DE71A;2014;2034;2124
DE71A;2015;2161;2333
DE71A;2016;2352;2164
DE71A;2017;2226;2222
DE71A;2018;2297;2357
DE71A;2019;2223;2270
DE71A;2020;2253;2442
DE71A;2021;2373;2534
DE71A;2022;2176;2710
DE71A;2023;1993;2523
DE71B;2000;956;1109
DE71B;2001;881;1024
DE71B;2002;836;1030
DE71B;2003;855;1100
DE71B;2004;800;1100
DE71B;2005;780;1030
DE71B;2006;757;996
DE71B;2007;737;1092
DE71B;2008;723;1080
DE71B;2009;740;1113
DE71B;2010;717;1095
DE71B;2011;670;1129
DE71B;2012;730;1148
DE71B;2013;688;1193
DE71B;2014;697;1045
DE71B;2015;767;1191
DE71B;2016;810;1164
DE71B;2017;775;1258
DE71B;2018;815;1233
DE71B;2019;815;1192
DE71B;2020;846;1342
DE71B;2021;855;1291
DE71B;2022;794;1343
DE71B;2023;728;1302
DE71C;2000;3353;2804
DE71C;2001;3087;2749
DE71C;2002;3185;2797
DE71C;2003;3078;2900
DE71C;2004;3100;2752
DE71C;2005;3060;2760
DE71C;2006;2916;2851
DE71C;2007;2958;2906
DE71C;2008;2939;2869
DE71C;2009;2804;2990
DE71C;2010;2870;2995
DE71C;2011;2984;3048
DE71C;2012;2933;3039
DE71C;2013;2907;3230
DE71C;2014;3056;3085
DE71C;2015;3347;3556
DE71C;2016;3556;3317
DE71C;2017;3614;3568
DE71C;2018;3497;3438
DE71C;2019;3502;3535
DE71C;2020;3458;3886
DE71C;2021;3636;3898
DE71C;2022;3311;4173
DE71C;2023;3153;3895
DE71D;2000;1763;1744
DE71D;2001;1730;1726
DE71D;2002;1659;1682
DE71D;2003;1522;1700
DE71D;2004;1467;1700
DE71D;2005;1540;1700
DE71D;2006;1349;1693
DE71D;2007;1471;1697
DE71D;2008;1374;1791
DE71D;2009;1370;1742
DE71D;2010;1292;1735
DE71D;2011;1275;1788
DE71D;2012;1329;1881
DE71D;2013;1291;1894
DE71D;2014;1417;1975
DE71D;2015;1392;1976
DE71D;2016;1563;1967
DE71D;2017;1520;1954
DE71D;2018;1579;2050
DE71D;2019;1498;2061
DE71D;2020;1449;2124
DE71D;2021;1559;2069
DE71D;2022;1494;2351
DE71D;2023;1342;2343
DE71E;2000;2942;2886
DE71E;2001;2783;2883
DE71E;2002;2686;2965
DE71E;2003;2666;2933
DE71E;2004;2476;2725
DE71E;2005;2600;2850
DE71E;2006;2402;2811
DE71E;2007;2410;2956
DE71E;2008;2410;3081
DE71E;2009;2367;2997
DE71E;2010;2309;2936
DE71E;2011;2315;2989
DE71E;2012;2338;3095
DE71E;2013;2332;3235
DE71E;2014;2447;3059
DE71E;2015;2514;3308
DE71E;2016;2615;3337
DE71E;2017;2775;3401
DE71E;2018;2730;3442
DE71E;2019;2799;3371
DE71E;2020;2786;3601
DE71E;2021;2849;3610
DE71E;2022;2748;3810
DE71E;2023;2592;3783
DE721;2000;2519;2481
DE721;2001;2355;2435
DE721;2002;2259;2387
DE721;2003;2264;2463
DE721;2004;2267;2300
DE721;2005;2140;2360
DE721;2006;2131;2203
DE721;2007;2022;2470
DE721;2008;2128;2423
DE721;2009;2024;2399
DE721;2010;2089;2360
DE721;2011;2107;2450
DE721;2012;2136;2535
DE721;2013;2111;2524
DE721;2014;2265;2396
DE721;2015;2453;2780
DE721;2016;2631;2572
DE721;2017;2608;2738
DE721;2018;2650;2719
DE721;2019;2633;2730
DE721;2020;2670;2931
DE721;2021;2703;2952
DE721;2022;2515;2947
DE721;2023;2302;3037
DE722;2000;2516;2930
DE722;2001;2381;2819
DE722;2002;2352;2808
DE722;2003;2256;2800
DE722;2004;2176;2800
DE722;2005;2210;2840
DE722;2006;2129;2747
DE722;2007;2074;2836
DE722;2008;2004;2880
DE722;2009;2035;2851
DE722;2010;2109;2762
DE722;2011;1986;2769
DE722;2012;1914;2769
DE722;2013;1946;2892
DE722;2014;2043;2764
DE722;2015;2123;3081
DE722;2016;2297;3043
DE722;2017;2333;3126
DE722;2018;2278;3103
DE722;2019;2197;3083
DE722;2020;2311;3167
DE722;2021;2406;3358
DE722;2022;2238;3599
DE722;2023;2083;3219
DE723;2000;1783;1840
DE723;2001;1684;1864
DE723;2002;1602;1845
DE723;2003;1646;1844
DE723;2004;1500;1774
DE723;2005;1520;1780
DE723;2006;1465;1795
DE723;2007;1430;1765
DE723;2008;1521;1853
DE723;2009;1327;1897
DE723;2010;1372;1813
DE723;2011;1350;1798
DE723;2012;1310;1917
DE723;2013;1397;1908
DE723;2014;1355;1945
DE723;2015;1433;2007
DE723;2016;1453;1902
DE723;2017;1555;2054
DE723;2018;1564;2095
DE723;2019;1409;2125
DE723;2020;1511;2168
DE723;2021;1599;2314
DE723;2022;1492;2360
DE723;2023;1461;2339
DE724;2000;2375;2247
DE724;2001;2318;2313
DE724;2002;2218;2358
DE724;2003;2137;2300
DE724;2004;2165;2250
DE724;2005;2100;2360
DE724;2006;2034;2269
DE724;2007;2097;2330
DE724;2008;2085;2309
DE724;2009;1894;2380
DE724;2010;2012;2460
DE724;2011;1967;2301
DE724;2012;1977;2460
DE724;2013;1922;2509
DE724;2014;2010;2423
DE724;2015;2039;2563
DE724;2016;2209;2571
DE724;2017;2130;2694
DE724;2018;2151;2613
DE724;2019;2141;2610
DE724;2020;2052;2718
DE724;2021;2126;2711
DE724;2022;2056;2994
DE724;2023;1865;2775
DE725;2000;1029;1310
DE725;2001;944;1252
DE725;2002;905;1364
DE725;2003;900;1300
DE725;2004;900;1300
DE725;2005;860;1290
DE725;2006;808;1236
DE725;2007;778;1325
DE725;2008;742;1319
DE725;2009;751;1225
DE725;2010;718;1355
DE725;2011;779;1318
DE725;2012;713;1317
DE725;2013;691;1394
DE725;2014;676;1372
DE725;2015;778;1428
DE725;2016;811;1305
DE725;2017;777;1437
DE725;2018;810;1397
DE725;2019;835;1432
DE725;2020;817;1484
DE725;2021;839;1518
DE725;2022;845;1526
DE725;2023;824;1531
DE731;2000;1846;2243
DE731;2001;1746;2194
DE731;2002;1758;2203
DE731;2003;1637;2241
DE731;2004;1769;2162
DE731;2005;1690;2050
DE731;2006;1652;2039
DE731;2007;1725;2098
DE731;2008;1644;2124
DE731;2009;1736;2099
DE731;2010;1774;2055
DE731;2011;1779;2072
DE731;2012;1781;2098
DE731;2013;1787;2174
DE731;2014;1866;2080
DE731;2015;1917;2178
DE731;2016;2116;2165
DE731;2017;2132;2130
DE731;2018;2154;2198
DE731;2019;2120;2068
DE731;2020;2121;2113
DE731;2021;2080;2266
DE731;2022;1958;2309
DE731;2023;1828;2320
DE732;2000;2360;2074
DE732;2001;2171;2066
DE732;2002;2078;2047
DE732;2003;2100;2173
DE732;2004;2125;2049
DE732;2005;1950;2060
DE732;2006;1922;2020
DE732;2007;1877;2047
DE732;2008;1757;2148
DE732;2009;1761;2188
DE732;2010;1852;2142
DE732;2011;1809;2237
DE732;2012;1772;2262
DE732;2013;1900;2334
DE732;2014;1912;2188
DE732;2015;1968;2394
DE732;2016;2134;2320
DE732;2017;2159;2318
DE732;2018;2038;2383
DE732;2019;2055;2395
DE732;2020;2120;2506
DE732;2021;2154;2711
DE732;2022;2040;2731
DE732;2023;1963;2501
DE733;2000;1143;1493
DE733;2001;1107;1486
DE733;2002;1015;1512
DE733;2003;1000;1453
DE733;2004;1029;1438
DE733;2005;1020;1450
DE733;2006;1005;1464
DE733;2007;983;1439
DE733;2008;904;1615
DE733;2009;859;1557
DE733;2010;892;1470
DE733;2011;951;1398
DE733;2012;890;1478
DE733;2013;854;1593
DE733;2014;951;1469
DE733;2015;989;1640
DE733;2016;1130;1529
DE733;2017;1020;1551
DE733;2018;1002;1617
DE733;2019;1078;1498
DE733;2020;1051;1672
DE733;2021;1084;1676
DE733;2022;1008;1678
DE733;2023;971;1671
DE734;2000;2130;2685
DE734;2001;2052;2570
DE734;2002;1939;2532
DE734;2003;1835;2649
DE734;2004;1755;2543
DE734;2005;1780;2470
DE734;2006;1625;2498
DE734;2007;1665;2593
DE734;2008;1595;2550
DE734;2009;1604;2730
DE734;2010;1632;2603
DE734;2011;1568;2603
DE734;2012;1609;2819
DE734;2013;1580;2960
DE734;2014;1752;2867
DE734;2015;1780;2922
DE734;2016;1951;2905
DE734;2017;2051;3070
DE734;2018;1928;3097
DE734;2019;1936;3064
DE734;2020;2019;3202
DE734;2021;2079;3344
DE734;2022;1845;3455
DE734;2023;1763;3413
DE735;2000;1815;2078
DE735;2001;1616;2031
DE735;2002;1640;2110
DE735;2003;1500;2226
DE735;2004;1524;2054
DE735;2005;1460;2160
DE735;2006;1416;2042
DE735;2007;1393;2048
DE735;2008;1354;2167
DE735;2009;1264;2176
DE735;2010;1353;2150
DE735;2011;1285;2298
DE735;2012;1332;2223
DE735;2013;1327;2338
DE735;2014;1298;2171
DE735;2015;1429;2322
DE735;2016;1419;2240
DE735;2017;1525;2320
DE735;2018;1377;2441
DE735;2019;1407;2369
DE735;2020;1469;2514
DE735;2021;1486;2554
DE735;2022;1457;2591
DE735;2023;1370;2532
DE736;2000;1609;1838
DE736;2001;1541;1863
DE736;2002;1540;1901
DE736;2003;1440;2027
DE736;2004;1427;1878
DE736;2005;1320;1880
DE736;2006;1310;1832
DE736;2007;1356;1825
DE736;2008;1256;1954
DE736;2009;1232;2023
DE736;2010;1168;1946
DE736;2011;1152;1957
DE736;2012;1211;1973
DE736;2013;1177;2012
DE736;2014;1176;1824
DE736;2015;1251;2087
DE736;2016;1386;2044
DE736;2017;1357;2060
DE736;2018;1316;2174
DE736;2019;1324;2084
DE736;2020;1297;2132
DE736;2021;1315;2215
DE736;2022;1344;2348
DE736;2023;1192;2376
DE737;2000;976;1493
DE737;2001;858;1414
DE737;2002;837;1460
DE737;2003;829;1572
DE737;2004;900;1400
DE737;2005;770;1390
DE737;2006;711;1348
DE737;2007;737;1437
DE737;2008;719;1425
DE737;2009;704;1440
DE737;2010;676;1384
DE737;2011;688;1407
DE737;2012;652;1415
DE737;2013;654;1444
DE737;2014;722;1324
DE737;2015;685;1501
DE737;2016;753;1489
DE737;2017;778;1475
DE737;2018;837;1536
DE737;2019;800;1501
DE737;2020;730;1634
DE737;2021;803;1704
DE737;2022;767;1744
DE737;2023;724;1694
DE803;2000;1492;1856
DE803;2001;1448;1850
DE803;2002;1451;1820
DE803;2003;1600;2039
DE803;2004;1559;1900
DE803;2005;1570;1810
DE803;2006;1612;1837
DE803;2007;1638;1888
DE803;2008;1782;1936
DE803;2009;1828;1956
DE803;2010;1863;2089
DE803;2011;1793;2084
DE803;2012;1959;2131
DE803;2013;1842;2245
DE803;2014;2000;2138
DE803;2015;2094;2310
DE803;2016;1980;2338
DE803;2017;2054;2366
DE803;2018;2042;2568
DE803;2019;1836;2525
DE803;2020;1849;2533
DE803;2021;1876;2772
DE803;2022;1663;2971
DE803;2023;1496;2842
DE804;2000;765;1039
DE804;2001;767;1001
DE804;2002;770;998
DE804;2003;743;966
DE804;2004;800;976
DE804;2005;740;950
DE804;2006;780;1047
DE804;2007;758;995
DE804;2008;772;1051
DE804;2009;807;1113
DE804;2010;849;1119
DE804;2011;760;1084
DE804;2012;795;1112
DE804;2013;768;1166
DE804;2014;849;1132
DE804;2015;884;1201
DE804;2016;907;1271
DE804;2017;954;1236
DE804;2018;909;1329
DE804;2019;892;1312
DE804;2020;835;1367
DE804;2021;831;1467
DE804;2022;749;1558
DE804;2023;674;1483
DE80J;2000;2299;2958
DE80J;2001;2244;2899
DE80J;2002;2121;2941
DE80J;2003;2132;2932
DE80J;2004;2137;2885
DE80J;2005;2028;2889
DE80J;2006;2069;2904
DE80J;2007;2184;2980
DE80J;2008;2159;2974
DE80J;2009;2079;3045
DE80J;2010;2117;3098
DE80J;2011;2040;3139
DE80J;2012;1950;3192
DE80J;2013;2019;3349
DE80J;2014;2015;3151
DE80J;2015;1996;3498
DE80J;2016;2080;3435
DE80J;2017;1976;3624
DE80J;2018;1914;3662
DE80J;2019;1953;3725
DE80J;2020;1848;3632
DE80J;2021;1757;4198
DE80J;2022;1596;4390
DE80J;2023;1468;4131
DE80K;2000;1633;2023
DE80K;2001;1605;2132
DE80K;2002;1581;2119
DE80K;2003;1687;2159
DE80K;2004;1706;2074
DE80K;2005;1639;2250
DE80K;2006;1649;2070
DE80K;2007;1649;2222
DE80K;2008;1660;2252
DE80K;2009;1654;2238
DE80K;2010;1727;2365
DE80K;2011;1625;2262
DE80K;2012;1571;2303
DE80K;2013;1535;2414
DE80K;2014;1712;2379
DE80K;2015;1727;2642
DE80K;2016;1844;2610
DE80K;2017;1682;2696
DE80K;2018;1698;2678
DE80K;2019;1721;2726
DE80K;2020;1614;2744
DE80K;2021;1642;3050
DE80K;2022;1492;3149
DE80K;2023;1284;3041
DE80L;2000;1842;2660
DE80L;2001;1767;2579
DE80L;2002;1624;2725
DE80L;2003;1648;2587
DE80L;2004;1785;2539
DE80L;2005;1634;2640
DE80L;2006;1740;2657
DE80L;2007;1682;2600
DE80L;2008;1818;2700
DE80L;2009;1803;2837
DE80L;2010;1805;2867
DE80L;2011;1680;2763
DE80L;2012;1674;2814
DE80L;2013;1727;2949
DE80L;2014;1569;2841
DE80L;2015;1711;2918
DE80L;2016;1680;3067
DE80L;2017;1658;3076
DE80L;2018;1571;3302
DE80L;2019;1512;3134
DE80L;2020;1508;3232
DE80L;2021;1447;3512
DE80L;2022;1335;3836
DE80L;2023;1205;3558
DE80M;2000;1345;1599
DE80M;2001;1322;1529
DE80M;2002;1235;1636
DE80M;2003;1293;1748
DE80M;2004;1304;1668
DE80M;2005;1240;1659
DE80M;2006;1232;1590
DE80M;2007;1216;1633
DE80M;2008;1321;1623
DE80M;2009;1271;1702
DE80M;2010;1332;1736
DE80M;2011;1278;1739
DE80M;2012;1223;1768
DE80M;2013;1224;1853
DE80M;2014;1219;1791
DE80M;2015;1288;1819
DE80M;2016;1270;1869
DE80M;2017;1235;1866
DE80M;2018;1276;2103
DE80M;2019;1320;1903
DE80M;2020;1190;2017
DE80M;2021;1182;2095
DE80M;2022;1067;2364
DE80M;2023;945;2167
DE80N;2000;2094;2848
DE80N;2001;2045;2792
DE80N;2002;1932;2832
DE80N;2003;1943;2823
DE80N;2004;1950;2777
DE80N;2005;1850;2781
DE80N;2006;1889;2796
DE80N;2007;1995;2869
DE80N;2008;1972;2864
DE80N;2009;1901;2932
DE80N;2010;1937;2984
DE80N;2011;1867;3024
DE80N;2012;1893;3078
DE80N;2013;1834;3227
DE80N;2014;1762;3031
DE80N;2015;1932;3225
DE80N;2016;1921;3228
DE80N;2017;1869;3328
DE80N;2018;1849;3581
DE80N;2019;1736;3595
DE80N;2020;1601;3484
DE80N;2021;1595;4000
DE80N;2022;1508;4015
DE80N;2023;1273;3761
DE80O;2000;1849;2477
DE80O;2001;1770;2397
DE80O;2002;1790;2262
DE80O;2003;1754;2446
DE80O;2004;1804;2315
DE80O;2005;1659;2401
DE80O;2006;1667;2384
DE80O;2007;1664;2408
DE80O;2008;1614;2418
DE80O;2009;1671;2519
DE80O;2010;1707;2480
DE80O;2011;1595;2462
DE80O;2012;1650;2516
DE80O;2013;1611;2627
DE80O;2014;1704;2455
DE80O;2015;1666;2702
DE80O;2016;1760;2627
DE80O;2017;1653;2544
DE80O;2018;1773;2725
DE80O;2019;1660;2782
DE80O;2020;1616;2845
DE80O;2021;1515;3058
DE80O;2022;1410;3094
DE80O;2023;1326;3022
DE911;2000;2173;2791
DE911;2001;2122;3009
DE911;2002;2135;2820
DE911;2003;2000;2900
DE911;2004;2100;2767
DE911;2005;2050;2850
DE911;2006;2071;2736
DE911;2007;2192;2777
DE911;2008;2127;2806
DE911;2009;2113;2763
DE911;2010;2239;2784
DE911;2011;2218;2723
DE911;2012;2281;2781
DE911;2013;2234;2822
DE911;2014;2298;2809
DE911;2015;2408;2838
DE911;2016;2567;2865
DE911;2017;2363;2876
DE911;2018;2468;3008
DE911;2019;2431;2756
DE911;2020;2275;2893
DE911;2021;2472;3030
DE911;2022;2319;3297
DE911;2023;2066;3158
DE912;2000;1098;1303
DE912;2001;1024;1246
DE912;2002;1009;1325
DE912;2003;900;1363
DE912;2004;855;1233
DE912;2005;870;1240
DE912;2006;849;1258
DE912;2007;816;1304
DE912;2008;839;1293
DE912;2009;769;1299
DE912;2010;782;1264
DE912;2011;794;1173
DE912;2012;785;1249
DE912;2013;793;1334
DE912;2014;840;1337
DE912;2015;864;1390
DE912;2016;1101;1304
DE912;2017;1102;1448
DE912;2018;1190;1394
DE912;2019;1127;1385
DE912;2020;1137;1467
DE912;2021;1125;1392
DE912;2022;1039;1535
DE912;2023;1050;1523
DE913;2000;1021;1287
DE913;2001;992;1235
DE913;2002;974;1242
DE913;2003;935;1300
DE913;2004;1000;1200
DE913;2005;900;1340
DE913;2006;942;1324
DE913;2007;946;1241
DE913;2008;944;1258
DE913;2009;999;1286
DE913;2010;993;1260
DE913;2011;1004;1315
DE913;2012;1079;1380
DE913;2013;1102;1443
DE913;2014;1196;1314
DE913;2015;1260;1480
DE913;2016;1432;1451
DE913;2017;1279;1492
DE913;2018;1330;1497
DE913;2019;1297;1439
DE913;2020;1269;1545
DE913;2021;1293;1487
DE913;2022;1144;1613
DE913;2023;1069;1617
DE914;2000;1900;1458
DE914;2001;1753;1580
DE914;2002;1748;1494
DE914;2003;1600;1551
DE914;2004;1600;1474
DE914;2005;1550;1530
DE914;2006;1471;1513
DE914;2007;1520;1453
DE914;2008;1513;1563
DE914;2009;1395;1531
DE914;2010;1393;1600
DE914;2011;1272;1635
DE914;2012;1459;1581
DE914;2013;1417;1711
DE914;2014;1545;1613
DE914;2015;1560;1719
DE914;2016;1824;1733
DE914;2017;1649;1794
DE914;2018;1767;1787
DE914;2019;1783;1882
DE914;2020;1746;1849
DE914;2021;1823;2103
DE914;2022;1717;2151
DE914;2023;1579;2095
DE916;2000;1283;2070
DE916;2001;1220;2151
DE916;2002;1132;2058
DE916;2003;1057;2021
DE916;2004;1040;1948
DE916;2005;980;1880
DE916;2006;958;1975
DE916;2007;931;1963
DE916;2008;982;2116
DE916;2009;867;1997
DE916;2010;879;2084
DE916;2011;802;1949
DE916;2012;784;1943
DE916;2013;827;2117
DE916;2014;886;2040
DE916;2015;937;2070
DE916;2016;987;2083
DE916;2017;957;2123
DE916;2018;960;2201
DE916;2019;929;2235
DE916;2020;922;2223
DE916;2021;941;2242
DE916;2022;926;2455
DE916;2023;860;2411
DE917;2000;864;1227
DE917;2001;762;1213
DE917;2002;726;1228
DE917;2003;700;1200
DE917;2004;730;1145
DE917;2005;690;1170
DE917;2006;697;1200
DE917;2007;727;1248
DE917;2008;662;1202
DE917;2009;600;1177
DE917;2010;660;1163
DE917;2011;556;1182
DE917;2012;571;1223
DE917;2013;671;1249
DE917;2014;671;1271
DE917;2015;717;1347
DE917;2016;775;1355
DE917;2017;831;1333
DE917;2018;784;1357
DE917;2019;809;1329
DE917;2020;856;1277
DE917;2021;834;1382
DE917;2022;750;1472
DE917;2023;691;1346
DE918;2000;1408;1786
DE918;2001;1211;1809
DE918;2002;1165;1830
DE918;2003;1161;1900
DE918;2004;1100;1900
DE918;2005;1080;1800
DE918;2006;1024;1756
DE918;2007;1035;1749
DE918;2008;1046;1846
DE918;2009;924;1836
DE918;2010;966;1884
DE918;2011;908;1790
DE918;2012;904;1816
DE918;2013;955;1871
DE918;2014;996;1839
DE918;2015;983;1869
DE918;2016;1068;1904
DE918;2017;1024;1922
DE918;2018;1005;1928
DE918;2019;1031;1875
DE918;2020;1062;1924
DE918;2021;1127;2038
DE918;2022;992;2187
DE918;2023;971;2126
DE91A;2000;1398;1419
DE91A;2001;1284;1395
DE91A;2002;1187;1507
DE91A;2003;1200;1465
DE91A;2004;1200;1400
DE91A;2005;1130;1460
DE91A;2006;1090;1521
DE91A;2007;1040;1501
DE91A;2008;1077;1540
DE91A;2009;1006;1523
DE91A;2010;1006;1521
DE91A;2011;975;1466
DE91A;2012;1017;1494
DE91A;2013;965;1600
DE91A;2014;1069;1479
DE91A;2015;1044;1593
DE91A;2016;1259;1620
DE91A;2017;1228;1614
DE91A;2018;1231;1724
DE91A;2019;1247;1581
DE91A;2020;1350;1668
DE91A;2021;1414;1611
DE91A;2022;1317;1933
DE91A;2023;1108;1760
DE91B;2000;1151;1368
DE91B;2001;1159;1313
DE91B;2002;1058;1310
DE91B;2003;1000;1373
DE91B;2004;1026;1353
DE91B;2005;930;1330
DE91B;2006;913;1299
DE91B;2007;911;1303
DE91B;2008;840;1299
DE91B;2009;783;1323
DE91B;2010;848;1418
DE91B;2011;863;1363
DE91B;2012;815;1338
DE91B;2013;803;1520
DE91B;2014;876;1441
DE91B;2015;857;1492
DE91B;2016;986;1518
DE91B;2017;968;1498
DE91B;2018;998;1550
DE91B;2019;993;1475
DE91B;2020;1028;1541
DE91B;2021;1036;1553
DE91B;2022;937;1728
DE91B;2023;856;1734
DE91C;2000;3262;3657
DE91C;2001;2970;3750
DE91C;2002;3027;3868
DE91C;2003;2843;3856
DE91C;2004;2800;3655
DE91C;2005;2659;3610
DE91C;2006;2601;3619
DE91C;2007;2668;3560
DE91C;2008;2497;3619
DE91C;2009;2472;3742
DE91C;2010;2430;3695
DE91C;2011;2415;3695
DE91C;2012;2386;3780
DE91C;2013;2399;3885
DE91C;2014;2625;3708
DE91C;2015;2617;4017
DE91C;2016;3001;3994
DE91C;2017;2774;3967
DE91C;2018;2871;4085
DE91C;2019;2635;4034
DE91C;2020;2783;3970
DE91C;2021;2741;4154
DE91C;2022;2648;4293
DE91C;2023;2508;4304
DE922;2000;2031;2250
DE922;2001;1998;2079
DE922;2002;2000;2197
DE922;2003;1749;2300
DE922;2004;1866;2200
DE922;2005;1780;2170
DE922;2006;1678;2178
DE922;2007;1654;2172
DE922;2008;1698;2201
DE922;2009;1563;2259
DE922;2010;1608;2274
DE922;2011;1555;2253
DE922;2012;1529;2308
DE922;2013;1511;2362
DE922;2014;1681;2330
DE922;2015;1642;2528
DE922;2016;1966;2439
DE922;2017;1840;2473
DE922;2018;1853;2533
DE922;2019;1949;2543
DE922;2020;1933;2689
DE922;2021;2067;2715
DE922;2022;1939;2968
DE922;2023;1840;2758
DE923;2000;1443;2110
DE923;2001;1364;1985
DE923;2002;1375;2038
DE923;2003;1300;2138
DE923;2004;1227;2000
DE923;2005;1220;2030
DE923;2006;1175;1932
DE923;2007;1182;2033
DE923;2008;1195;1982
DE923;2009;1072;2053
DE923;2010;1049;2054
DE923;2011;1057;2000
DE923;2012;983;2028
DE923;2013;1069;2153
DE923;2014;1107;2042
DE923;2015;1116;2148
DE923;2016;1306;2048
DE923;2017;1220;2050
DE923;2018;1244;2247
DE923;2019;1287;2114
DE923;2020;1282;2143
DE923;2021;1358;2231
DE923;2022;1278;2474
DE923;2023;1257;2396
DE925;2000;2786;3399
DE925;2001;2524;3209
DE925;2002;2513;3393
DE925;2003;2500;3300
DE925;2004;2400;3300
DE925;2005;2340;3190
DE925;2006;2166;3308
DE925;2007;2182;3260
DE925;2008;2183;3345
DE925;2009;1982;3363
DE925;2010;2037;3409
DE925;2011;1941;3447
DE925;2012;1963;3375
DE925;2013;2051;3474
DE925;2014;2094;3438
DE925;2015;2188;3608
DE925;2016;2288;3526
DE925;2017;2186;3768
DE925;2018;2382;3659
DE925;2019;2339;3649
DE925;2020;2317;3694
DE925;2021;2453;3821
DE925;2022;2219;4029
DE925;2023;2235;3994
DE926;2000;781;1010
DE926;2001;695;992
DE926;2002;676;1055
DE926;2003;653;1000
DE926;2004;600;1000
DE926;2005;560;990
DE926;2006;537;996
DE926;2007;509;1068
DE926;2008;508;1046
DE926;2009;537;1059
DE926;2010;520;1061
DE926;2011;450;1033
DE926;2012;477;1073
DE926;2013;483;1127
DE926;2014;464;1033
DE926;2015;496;1021
DE926;2016;584;1052
DE926;2017;539;1056
DE926;2018;600;1079
DE926;2019;498;1065
DE926;2020;597;1100
DE926;2021;560;1210
DE926;2022;580;1264
DE926;2023;513;1152
DE927;2000;1296;1498
DE927;2001;1194;1411
DE927;2002;1124;1463
DE927;2003;1100;1500
DE927;2004;1125;1400
DE927;2005;1080;1440
DE927;2006;1018;1371
DE927;2007;1008;1447
DE927;2008;993;1496
DE927;2009;919;1437
DE927;2010;964;1459
DE927;2011;931;1424
DE927;2012;859;1482
DE927;2013;943;1432
DE927;2014;886;1502
DE927;2015;970;1583
DE927;2016;1103;1540
DE927;2017;1039;1591
DE927;2018;1023;1622
DE927;2019;1065;1523
DE927;2020;1110;1649
DE927;2021;1076;1766
DE927;2022;1025;1795
DE927;2023;932;1721
DE928;2000;1624;1931
DE928;2001;1504;1953
DE928;2002;1361;2014
DE928;2003;1400;2053
DE928;2004;1355;1876
DE928;2005;1220;1910
DE928;2006;1309;1906
DE928;2007;1199;1852
DE928;2008;1171;2012
DE928;2009;1106;2048
DE928;2010;1121;2013
DE928;2011;1059;1992
DE928;2012;1054;2083
DE928;2013;1097;2072
DE928;2014;1141;2098
DE928;2015;1143;2281
DE928;2016;1357;2195
DE928;2017;1237;2277
DE928;2018;1312;2241
DE928;2019;1253;2222
DE928;2020;1272;2111
DE928;2021;1328;2407
DE928;2022;1281;2491
DE928;2023;1208;2507
DE929;2000;10566;11889
DE929;2001;10075;11805
DE929;2002;9891;11733
DE929;2003;9744;11965
DE929;2004;9800;11300
DE929;2005;9490;11600
DE929;2006;9546;11241
DE929;2007;9749;11333
DE929;2008;9801;11469
DE929;2009;9524;11726
DE929;2010;9789;11740
DE929;2011;9717;11568
DE929;2012;9538;11879
DE929;2013;9958;12188
DE929;2014;10603;12021
DE929;2015;10578;12781
DE929;2016;11945;12476
DE929;2017;11345;12676
DE929;2018;11363;12969
DE929;2019;10898;12740
DE929;2020;11500;13241
DE929;2021;11526;13647
DE929;2022;10536;14646
DE929;2023;9748;14053
DE931;2000;1847;2046
DE931;2001;1746;1993
DE931;2002;1770;2085
DE931;2003;1642;2100
DE931;2004;1670;1978
DE931;2005;1640;2020
DE931;2006;1496;1945
DE931;2007;1473;1958
DE931;2008;1455;2063
DE931;2009;1431;2112
DE931;2010;1403;2081
DE931;2011;1395;2077
DE931;2012;1326;2052
DE931;2013;1380;2175
DE931;2014;1541;2114
DE931;2015;1507;2177
DE931;2016;1640;2242
DE931;2017;1599;2234
DE931;2018;1598;2365
DE931;2019;1643;2308
DE931;2020;1586;2347
DE931;2021;1658;2338
DE931;2022;1571;2708
DE931;2023;1456;2563
DE932;2000;1957;2381
DE932;2001;1760;2341
DE932;2002;1809;2325
DE932;2003;1674;2378
DE932;2004;1652;2300
DE932;2005;1480;2480
DE932;2006;1479;2412
DE932;2007;1506;2393
DE932;2008;1558;2596
DE932;2009;1471;2544
DE932;2010;1399;2453
DE932;2011;1403;2541
DE932;2012;1372;2593
DE932;2013;1478;2687
DE932;2014;1435;2558
DE932;2015;1468;2619
DE932;2016;1632;2623
DE932;2017;1660;2730
DE932;2018;1697;2837
DE932;2019;1521;2689
DE932;2020;1695;2781
DE932;2021;1736;2820
DE932;2022;1650;3216
DE932;2023;1571;3097
DE933;2000;2359;2088
DE933;2001;2244;2031
DE933;2002;2140;2164
DE933;2003;2132;2200
DE933;2004;2045;2100
DE933;2005;2040;2140
DE933;2006;1890;2225
DE933;2007;2015;2175
DE933;2008;2014;2220
DE933;2009;1867;2373
DE933;2010;1862;2303
DE933;2011;1908;2295
DE933;2012;1892;2445
DE933;2013;2011;2437
DE933;2014;2058;2485
DE933;2015;2160;2579
DE933;2016;2279;2482
DE933;2017;2292;2591
DE933;2018;2293;2752
DE933;2019;2279;2694
DE933;2020;2199;2809
DE933;2021;2499;2981
DE933;2022;2177;3104
DE933;2023;2102;3010
DE934;2000;464;714
DE934;2001;441;699
DE934;2002;435;680
DE934;2003;400;749
DE934;2004;400;657
DE934;2005;420;690
DE934;2006;361;733
DE934;2007;347;714
DE934;2008;303;691
DE934;2009;315;698
DE934;2010;325;639
DE934;2011;291;658
DE934;2012;319;652
DE934;2013;320;718
DE934;2014;348;701
DE934;2015;326;724
DE934;2016;349;773
DE934;2017;348;740
DE934;2018;355;747
DE934;2019;358;754
DE934;2020;335;751
DE934;2021;338;826
DE934;2022;346;860
DE934;2023;318;754
DE935;2000;1721;1747
DE935;2001;1684;1710
DE935;2002;1584;1675
DE935;2003;1600;1667
DE935;2004;1627;1740
DE935;2005;1490;1790
DE935;2006;1525;1672
DE935;2007;1512;1667
DE935;2008;1473;1833
DE935;2009;1496;1733
DE935;2010;1510;1854
DE935;2011;1443;1756
DE935;2012;1428;1763
DE935;2013;1576;1885
DE935;2014;1629;1827
DE935;2015;1543;1890
DE935;2016;1726;1845
DE935;2017;1647;1907
DE935;2018;1633;1952
DE935;2019;1656;1909
DE935;2020;1656;1956
DE935;2021;1640;2038
DE935;2022;1505;2227
DE935;2023;1518;2158
DE936;2000;992;1062
DE936;2001;1044;1127
DE936;2002;987;1124
DE936;2003;966;1153
DE936;2004;900;1149
DE936;2005;840;1150
DE936;2006;860;1140
DE936;2007;853;1181
DE936;2008;794;1124
DE936;2009;801;1281
DE936;2010;801;1157
DE936;2011;807;1235
DE936;2012;735;1254
DE936;2013;783;1243
DE936;2014;847;1228
DE936;2015;868;1259
DE936;2016;969;1283
DE936;2017;956;1319
DE936;2018;945;1361
DE936;2019;990;1410
DE936;2020;938;1397
DE936;2021;1058;1418
DE936;2022;906;1582
DE936;2023;891;1534
DE937;2000;1793;1567
DE937;2001;1809;1551
DE937;2002;1629;1639
DE937;2003;1600;1600
DE937;2004;1600;1564
DE937;2005;1460;1570
DE937;2006;1459;1567
DE937;2007;1456;1660
DE937;2008;1355;1566
DE937;2009;1329;1577
DE937;2010;1327;1605
DE937;2011;1201;1743
DE937;2012;1218;1613
DE937;2013;1209;1778
DE937;2014;1318;1729
DE937;2015;1315;1783
DE937;2016;1416;1879
DE937;2017;1429;1946
DE937;2018;1476;1927
DE937;2019;1475;1945
DE937;2020;1486;1879
DE937;2021;1480;2003
DE937;2022;1469;2180
DE937;2023;1354;2075
DE938;2000;1448;1490
DE938;2001;1283;1499
DE938;2002;1316;1484
DE938;2003;1300;1567
DE938;2004;1262;1500
DE938;2005;1220;1540
DE938;2006;1218;1488
DE938;2007;1143;1411
DE938;2008;1116;1558
DE938;2009;1108;1583
DE938;2010;1152;1559
DE938;2011;1035;1530
DE938;2012;1017;1634
DE938;2013;1065;1647
DE938;2014;1058;1612
DE938;2015;1153;1656
DE938;2016;1192;1682
DE938;2017;1180;1713
DE938;2018;1251;1680
DE938;2019;1286;1738
DE938;2020;1300;1789
DE938;2021;1268;1785
DE938;2022;1235;2053
DE938;2023;1148;1931
DE939;2000;2093;1752
DE939;2001;1946;1836
DE939;2002;1883;1889
DE939;2003;1864;1943
DE939;2004;1848;1800
DE939;2005;1680;1810
DE939;2006;1722;1815
DE939;2007;1653;1846
DE939;2008;1673;1901
DE939;2009;1640;1925
DE939;2010;1727;2079
DE939;2011;1598;2035
DE939;2012;1558;2097
DE939;2013;1676;2148
DE939;2014;1663;1990
DE939;2015;1762;2107
DE939;2016;1984;2139
DE939;2017;1924;2168
DE939;2018;1955;2259
DE939;2019;1934;2192
DE939;2020;2014;2415
DE939;2021;2006;2443
DE939;2022;2005;2543
DE939;2023;1731;2621
DE93A;2000;904;1268
DE93A;2001;822;1255
DE93A;2002;827;1387
DE93A;2003;761;1338
DE93A;2004;843;1200
DE93A;2005;740;1270
DE93A;2006;752;1245
DE93A;2007;705;1222
DE93A;2008;670;1281
DE93A;2009;653;1281
DE93A;2010;668;1270
DE93A;2011;619;1220
DE93A;2012;628;1258
DE93A;2013;629;1398
DE93A;2014;673;1252
DE93A;2015;644;1375
DE93A;2016;694;1409
DE93A;2017;704;1333
DE93A;2018;700;1314
DE93A;2019;728;1348
DE93A;2020;717;1330
DE93A;2021;765;1437
DE93A;2022;752;1491
DE93A;2023;692;1529
DE93B;2000;1371;1372
DE93B;2001;1280;1342
DE93B;2002;1244;1383
DE93B;2003;1226;1400
DE93B;2004;1200;1374
DE93B;2005;1160;1320
DE93B;2006;1111;1326
DE93B;2007;1148;1304
DE93B;2008;1109;1375
DE93B;2009;1065;1354
DE93B;2010;1121;1347
DE93B;2011;1022;1422
DE93B;2012;1096;1395
DE93B;2013;1109;1452
DE93B;2014;1204;1350
DE93B;2015;1227;1472
DE93B;2016;1303;1512
DE93B;2017;1376;1616
DE93B;2018;1299;1572
DE93B;2019;1269;1586
DE93B;2020;1271;1619
DE93B;2021;1319;1642
DE93B;2022;1251;1872
DE93B;2023;1256;1751
DE941;2000;758;681
DE941;2001;679;750
DE941;2002;732;749
DE941;2003;669;746
DE941;2004;700;742
DE941;2005;620;760
DE941;2006;639;788
DE941;2007;602;682
DE941;2008;608;785
DE941;2009;544;733
DE941;2010;594;772
DE941;2011;604;742
DE941;2012;605;766
DE941;2013;573;834
DE941;2014;693;781
DE941;2015;715;847
DE941;2016;853;870
DE941;2017;858;871
DE941;2018;825;934
DE941;2019;849;931
DE941;2020;738;881
DE941;2021;856;893
DE941;2022;761;1012
DE941;2023;709;979
DE942;2000;525;574
DE942;2001;440;541
DE942;2002;447;624
DE942;2003;471;600
DE942;2004;479;579
DE942;2005;400;580
DE942;2006;445;595
DE942;2007;414;578
DE942;2008;411;550
DE942;2009;436;607
DE942;2010;470;572
DE942;2011;415;590
DE942;2012;424;660
DE942;2013;422;666
DE942;2014;449;587
DE942;2015;439;633
DE942;2016;518;634
DE942;2017;481;630
DE942;2018;468;644
DE942;2019;468;597
DE942;2020;435;613
DE942;2021;417;699
DE942;2022;402;676
DE942;2023;378;685
DE943;2000;1668;1543
DE943;2001;1512;1573
DE943;2002;1471;1591
DE943;2003;1427;1600
DE943;2004;1471;1547
DE943;2005;1410;1600
DE943;2006;1415;1521
DE943;2007;1359;1502
DE943;2008;1378;1571
DE943;2009;1423;1610
DE943;2010;1402;1620
DE943;2011;1383;1633
DE943;2012;1389;1575
DE943;2013;1454;1607
DE943;2014;1530;1511
DE943;2015;1512;1661
DE943;2016;1620;1599
DE943;2017;1644;1723
DE943;2018;1632;1703
DE943;2019;1587;1669
DE943;2020;1656;1666
DE943;2021;1647;1635
DE943;2022;1567;1896
DE943;2023;1461;1854
DE944;2000;1606;1685
DE944;2001;1461;1643
DE944;2002;1434;1585
DE944;2003;1427;1630
DE944;2004;1500;1579
DE944;2005;1380;1590
DE944;2006;1354;1624
DE944;2007;1464;1576
DE944;2008;1487;1639
DE944;2009;1363;1582
DE944;2010;1389;1631
DE944;2011;1424;1585
DE944;2012;1416;1630
DE944;2013;1458;1688
DE944;2014;1476;1636
DE944;2015;1498;1616
DE944;2016;1672;1666
DE944;2017;1674;1597
DE944;2018;1660;1652
DE944;2019;1625;1633
DE944;2020;1524;1670
DE944;2021;1746;1671
DE944;2022;1449;1841
DE944;2023;1462;1780
DE945;2000;650;1116
DE945;2001;701;1108
DE945;2002;608;1072
DE945;2003;644;1100
DE945;2004;577;1000
DE945;2005;590;1100
DE945;2006;605;1048
DE945;2007;586;985
DE945;2008;583;1029
DE945;2009;549;1062
DE945;2010;615;1075
DE945;2011;558;1095
DE945;2012;570;1064
DE945;2013;545;1137
DE945;2014;562;991
DE945;2015;594;1105
DE945;2016;686;1093
DE945;2017;711;1186
DE945;2018;660;1152
DE945;2019;672;1172
DE945;2020;683;1165
DE945;2021;669;1196
DE945;2022;617;1295
DE945;2023;651;1291
DE946;2000;1106;1007
DE946;2001;1128;998
DE946;2002;1108;1010
DE946;2003;1079;1061
DE946;2004;1000;1028
DE946;2005;1000;1080
DE946;2006;965;1077
DE946;2007;892;1014
DE946;2008;923;1123
DE946;2009;850;1153
DE946;2010;930;1146
DE946;2011;911;1089
DE946;2012;922;1211
DE946;2013;877;1252
DE946;2014;982;1184
DE946;2015;1007;1329
DE946;2016;1148;1398
DE946;2017;1054;1304
DE946;2018;1096;1324
DE946;2019;1166;1391
DE946;2020;1088;1434
DE946;2021;1158;1448
DE946;2022;1134;1590
DE946;2023;1058;1574
DE947;2000;2068;1877
DE947;2001;1948;1922
DE947;2002;1850;1991
DE947;2003;1730;1924
DE947;2004;1755;1900
DE947;2005;1660;1980
DE947;2006;1559;1902
DE947;2007;1639;2022
DE947;2008;1553;2061
DE947;2009;1470;2133
DE947;2010;1486;1996
DE947;2011;1436;2161
DE947;2012;1450;2223
DE947;2013;1457;2310
DE947;2014;1475;2160
DE947;2015;1530;2397
DE947;2016;1675;2425
DE947;2017;1705;2442
DE947;2018;1636;2542
DE947;2019;1656;2351
DE947;2020;1593;2420
DE947;2021;1635;2529
DE947;2022;1498;2915
DE947;2023;1501;2680
DE948;2000;1979;1178
DE948;2001;1920;1145
DE948;2002;1902;1189
DE948;2003;1753;1300
DE948;2004;1833;1264
DE948;2005;1720;1240
DE948;2006;1683;1248
DE948;2007;1647;1255
DE948;2008;1557;1440
DE948;2009;1573;1461
DE948;2010;1551;1316
DE948;2011;1541;1351
DE948;2012;1543;1437
DE948;2013;1589;1490
DE948;2014;1697;1443
DE948;2015;1743;1505
DE948;2016;1891;1585
DE948;2017;1906;1608
DE948;2018;1903;1596
DE948;2019;1982;1584
DE948;2020;2036;1739
DE948;2021;2154;1789
DE948;2022;2002;1879
DE948;2023;1869;1805
DE949;2000;3570;2460
DE949;2001;3382;2488
DE949;2002;3289;2488
DE949;2003;3100;2700
DE949;2004;3137;2533
DE949;2005;3020;2710
DE949;2006;2850;2593
DE949;2007;2845;2619
DE949;2008;2815;2811
DE949;2009;2721;2915
DE949;2010;2627;2825
DE949;2011;2650;2903
DE949;2012;2657;2835
DE949;2013;2611;3138
DE949;2014;2915;3095
DE949;2015;2889;3260
DE949;2016;3301;3199
DE949;2017;3248;3210
DE949;2018;3212;3390
DE949;2019;3268;3330
DE949;2020;3336;3424
DE949;2021;3333;3503
DE949;2022;3368;3844
DE949;2023;3052;3743
DE94A;2000;1000;1079
DE94A;2001;878;1109
DE94A;2002;888;1013
DE94A;2003;859;1100
DE94A;2004;828;1042
DE94A;2005;700;1050
DE94A;2006;706;1027
DE94A;2007;748;1064
DE94A;2008;704;1117
DE94A;2009;700;1112
DE94A;2010;692;1123
DE94A;2011;663;1175
DE94A;2012;675;1205
DE94A;2013;652;1208
DE94A;2014;692;1177
DE94A;2015;766;1235
DE94A;2016;853;1253
DE94A;2017;792;1226
DE94A;2018;756;1342
DE94A;2019;804;1330
DE94A;2020;812;1309
DE94A;2021;831;1358
DE94A;2022;718;1442
DE94A;2023;752;1511
DE94B;2000;1408;1286
DE94B;2001;1332;1317
DE94B;2002;1333;1255
DE94B;2003;1300;1340
DE94B;2004;1260;1300
DE94B;2005;1210;1250
DE94B;2006;1222;1221
DE94B;2007;1136;1288
DE94B;2008;1221;1285
DE94B;2009;1167;1257
DE94B;2010;1183;1313
DE94B;2011;1063;1354
DE94B;2012;1083;1309
DE94B;2013;1158;1371
DE94B;2014;1226;1364
DE94B;2015;1218;1412
DE94B;2016;1229;1380
DE94B;2017;1302;1464
DE94B;2018;1309;1461
DE94B;2019;1314;1404
DE94B;2020;1333;1496
DE94B;2021;1474;1427
DE94B;2022;1337;1628
DE94B;2023;1309;1710
DE94C;2000;1820;1614
DE94C;2001;1731;1605
DE94C;2002;1681;1579
DE94C;2003;1600;1639
DE94C;2004;1540;1600
DE94C;2005;1480;1570
DE94C;2006;1373;1627
DE94C;2007;1404;1697
DE94C;2008;1350;1686
DE94C;2009;1337;1727
DE94C;2010;1362;1809
DE94C;2011;1263;1797
DE94C;2012;1359;1879
DE94C;2013;1358;1903
DE94C;2014;1373;1845
DE94C;2015;1394;1947
DE94C;2016;1623;1941
DE94C;2017;1579;1953
DE94C;2018;1647;2090
DE94C;2019;1588;2033
DE94C;2020;1640;2006
DE94C;2021;1710;2162
DE94C;2022;1589;2378
DE94C;2023;1488;2240
DE94D;2000;1280;1064
DE94D;2001;1267;1101
DE94D;2002;1230;1190
DE94D;2003;1100;1175
DE94D;2004;1100;1140
DE94D;2005;1090;1150
DE94D;2006;1002;1235
DE94D;2007;961;1204
DE94D;2008;995;1181
DE94D;2009;1007;1210
DE94D;2010;945;1299
DE94D;2011;906;1246
DE94D;2012;952;1263
DE94D;2013;949;1328
DE94D;2014;966;1338
DE94D;2015;973;1394
DE94D;2016;1213;1423
DE94D;2017;1172;1439
DE94D;2018;1160;1502
DE94D;2019;1172;1431
DE94D;2020;1150;1564
DE94D;2021;1287;1647
DE94D;2022;1229;1591
DE94D;2023;1095;1660
DE94E;2000;3824;3284
DE94E;2001;3779;3156
DE94E;2002;3564;3190
DE94E;2003;3500;3445
DE94E;2004;3465;3176
DE94E;2005;3340;3370
DE94E;2006;3132;3276
DE94E;2007;3018;3329
DE94E;2008;3201;3476
DE94E;2009;2880;3478
DE94E;2010;2967;3473
DE94E;2011;2944;3505
DE94E;2012;2929;3524
DE94E;2013;2900;3788
DE94E;2014;3119;3491
DE94E;2015;3105;3739
DE94E;2016;3373;3816
DE94E;2017;3435;3762
DE94E;2018;3400;4057
DE94E;2019;3582;3914
DE94E;2020;3522;4147
DE94E;2021;3732;4149
DE94E;2022;3320;4574
DE94E;2023;3267;4460
DE94F;2000;1583;965
DE94F;2001;1625;927
DE94F;2002;1516;965
DE94F;2003;1500;1054
DE94F;2004;1500;1000
DE94F;2005;1430;1000
DE94F;2006;1277;1026
DE94F;2007;1367;960
DE94F;2008;1354;1061
DE94F;2009;1318;1085
DE94F;2010;1299;1084
DE94F;2011;1261;999
DE94F;2012;1380;1102
DE94F;2013;1345;1115
DE94F;2014;1422;1069
DE94F;2015;1363;1130
DE94F;2016;1592;1209
DE94F;2017;1547;1131
DE94F;2018;1552;1202
DE94F;2019;1666;1189
DE94F;2020;1668;1367
DE94F;2021;1680;1336
DE94F;2022;1567;1451
DE94F;2023;1493;1364
DE94G;2000;921;983
DE94G;2001;926;1012
DE94G;2002;867;1032
DE94G;2003;837;1039
DE94G;2004;777;952
DE94G;2005;760;1040
DE94G;2006;701;1036
DE94G;2007;713;1112
DE94G;2008;699;1116
DE94G;2009;647;1062
DE94G;2010;617;1076
DE94G;2011;607;1080
DE94G;2012;614;1124
DE94G;2013;621;1134
DE94G;2014;645;1073
DE94G;2015;622;1144
DE94G;2016;798;1137
DE94G;2017;760;1173
DE94G;2018;733;1148
DE94G;2019;741;1125
DE94G;2020;775;1226
DE94G;2021;723;1240
DE94G;2022;771;1327
DE94G;2023;713;1237
DE94H;2000;636;565
DE94H;2001;620;602
DE94H;2002;548;579
DE94H;2003;538;600
DE94H;2004;521;561
DE94H;2005;490;570
DE94H;2006;481;576
DE94H;2007;451;595
DE94H;2008;452;642
DE94H;2009;436;603
DE94H;2010;422;634
DE94H;2011;412;664
DE94H;2012;437;664
DE94H;2013;396;672
DE94H;2014;432;665
DE94H;2015;462;700
DE94H;2016;437;768
DE94H;2017;456;739
DE94H;2018;420;779
DE94H;2019;436;752
DE94H;2020;494;796
DE94H;2021;448;763
DE94H;2022;446;901
DE94H;2023;376;820
DEA11;2000;5252;6469
DEA11;2001;5134;6392
DEA11;2002;5297;6442
DEA11;2003;5200;6776
DEA11;2004;5400;6360
DEA11;2005;5280;6330
DEA11;2006;5332;6089
DEA11;2007;5585;6087
DEA11;2008;5802;6056
DEA11;2009;5655;6135
DEA11;2010;5933;6014
DEA11;2011;5736;5899
DEA11;2012;5922;6073
DEA11;2013;6108;6192
DEA11;2014;6433;6012
DEA11;2015;6523;6327
DEA11;2016;6905;6055
DEA11;2017;6872;6252
DEA11;2018;6764;6335
DEA11;2019;6362;6218
DEA11;2020;6441;6266
DEA11;2021;6549;6646
DEA11;2022;6245;6871
DEA11;2023;5479;6711
DEA12;2000;4763;6149
DEA12;2001;4518;6008
DEA12;2002;4574;6142
DEA12;2003;4368;6155
DEA12;2004;4371;6047
DEA12;2005;4140;6020
DEA12;2006;4151;5923
DEA12;2007;4282;5818
DEA12;2008;4076;6031
DEA12;2009;4098;6063
DEA12;2010;4185;6161
DEA12;2011;4103;5982
DEA12;2012;4083;6026
DEA12;2013;4173;6255
DEA12;2014;4394;5984
DEA12;2015;4570;6317
DEA12;2016;5112;6240
DEA12;2017;5180;6122
DEA12;2018;5144;6310
DEA12;2019;5086;6029
DEA12;2020;4944;6527
DEA12;2021;5121;6478
DEA12;2022;4644;7033
DEA12;2023;5017;6723
DEA13;2000;5146;7617
DEA13;2001;4804;7653
DEA13;2002;4730;7525
DEA13;2003;4753;7638
DEA13;2004;4900;7300
DEA13;2005;4740;7380
DEA13;2006;4740;7306
DEA13;2007;4828;7229
DEA13;2008;4751;7319
DEA13;2009;4619;7286
DEA13;2010;4632;7359
DEA13;2011;4603;7221
DEA13;2012;4809;7180
DEA13;2013;4852;7503
DEA13;2014;5171;7070
DEA13;2015;5618;7457
DEA13;2016;5954;7480
DEA13;2017;5874;7415
DEA13;2018;5978;7576
DEA13;2019;5932;7011
DEA13;2020;5886;7544
DEA13;2021;5863;7845
DEA13;2022;5650;8115
DEA13;2023;5313;7873
DEA14;2000;2195;2598
DEA14;2001;2096;2600
DEA14;2002;1936;2531
DEA14;2003;2000;2600
DEA14;2004;2000;2471
DEA14;2005;1920;2560
DEA14;2006;1925;2451
DEA14;2007;1860;2385
DEA14;2008;1946;2562
DEA14;2009;1829;2692
DEA14;2010;1849;2664
DEA14;2011;1715;2581
DEA14;2012;1817;2664
DEA14;2013;1726;2698
DEA14;2014;1849;2545
DEA14;2015;1978;2745
DEA14;2016;2226;2783
DEA14;2017;2161;2763
DEA14;2018;2171;2987
DEA14;2019;2181;2855
DEA14;2020;2035;2887
DEA14;2021;2109;2993
DEA14;2022;1955;3291
DEA14;2023;2026;3126
DEA15;2000;2558;2944
DEA15;2001;2555;2888
DEA15;2002;2377;2939
DEA15;2003;2300;3038
DEA15;2004;2400;2827
DEA15;2005;2260;2960
DEA15;2006;2220;2811
DEA15;2007;2241;2848
DEA15;2008;2233;2939
DEA15;2009;2114;2954
DEA15;2010;2159;3015
DEA15;2011;1997;2956
DEA15;2012;2191;2946
DEA15;2013;2068;3197
DEA15;2014;2259;3006
DEA15;2015;2351;3166
DEA15;2016;2570;3176
DEA15;2017;2622;3136
DEA15;2018;2577;3322
DEA15;2019;2397;3095
DEA15;2020;2566;3361
DEA15;2021;2544;3260
DEA15;2022;2529;3669
DEA15;2023;2432;3545
DEA16;2000;1405;2281
DEA16;2001;1385;2182
DEA16;2002;1304;2180
DEA16;2003;1300;2200
DEA16;2004;1300;2038
DEA16;2005;1250;2100
DEA16;2006;1165;2076
DEA16;2007;1223;2025
DEA16;2008;1327;2153
DEA16;2009;1257;2151
DEA16;2010;1270;2081
DEA16;2011;1312;2036
DEA16;2012;1297;2141
DEA16;2013;1293;2297
DEA16;2014;1359;2112
DEA16;2015;1413;2224
DEA16;2016;1668;2139
DEA16;2017;1598;2218
DEA16;2018;1634;2233
DEA16;2019;1574;2284
DEA16;2020;1578;2282
DEA16;2021;1630;2374
DEA16;2022;1537;2494
DEA16;2023;1459;2331
DEA17;2000;1916;2547
DEA17;2001;1828;2446
DEA17;2002;1791;2590
DEA17;2003;1700;2736
DEA17;2004;1745;2455
DEA17;2005;1720;2600
DEA17;2006;1686;2594
DEA17;2007;1761;2599
DEA17;2008;1600;2671
DEA17;2009;1566;2653
DEA17;2010;1746;2611
DEA17;2011;1563;2529
DEA17;2012;1580;2637
DEA17;2013;1581;2770
DEA17;2014;1756;2625
DEA17;2015;1767;2773
DEA17;2016;1995;2649
DEA17;2017;1979;2761
DEA17;2018;1938;2817
DEA17;2019;1971;2723
DEA17;2020;1929;2803
DEA17;2021;1917;3009
DEA17;2022;1862;3208
DEA17;2023;1756;2899
DEA18;2000;1162;1414
DEA18;2001;1120;1366
DEA18;2002;1085;1307
DEA18;2003;1034;1400
DEA18;2004;1071;1332
DEA18;2005;1000;1260
DEA18;2006;958;1303
DEA18;2007;988;1247
DEA18;2008;886;1252
DEA18;2009;856;1280
DEA18;2010;940;1311
DEA18;2011;841;1281
DEA18;2012;797;1309
DEA18;2013;887;1303
DEA18;2014;943;1334
DEA18;2015;920;1453
DEA18;2016;1087;1333
DEA18;2017;998;1289
DEA18;2018;1048;1383
DEA18;2019;1069;1412
DEA18;2020;1073;1487
DEA18;2021;1046;1513
DEA18;2022;1011;1498
DEA18;2023;949;1449
DEA19;2000;1498;1876
DEA19;2001;1495;1889
DEA19;2002;1473;1906
DEA19;2003;1373;1900
DEA19;2004;1400;1800
DEA19;2005;1400;1880
DEA19;2006;1376;1809
DEA19;2007;1326;1802
DEA19;2008;1324;1890
DEA19;2009;1243;1806
DEA19;2010;1298;1977
DEA19;2011;1190;1858
DEA19;2012;1259;1868
DEA19;2013;1270;1938
DEA19;2014;1339;1829
DEA19;2015;1473;2033
DEA19;2016;1510;1965
DEA19;2017;1448;2063
DEA19;2018;1512;2079
DEA19;2019;1500;1959
DEA19;2020;1524;2158
DEA19;2021;1535;2209
DEA19;2022;1408;2259
DEA19;2023;1384;2164
DEA1A;2000;3403;4215
DEA1A;2001;3272;4089
DEA1A;2002;3142;4255
DEA1A;2003;3051;4200
DEA1A;2004;3123;4125
DEA1A;2005;3100;4030
DEA1A;2006;3062;3943
DEA1A;2007;2929;4051
DEA1A;2008;3017;4232
DEA1A;2009;2929;4160
DEA1A;2010;2932;4206
DEA1A;2011;2886;3969
DEA1A;2012;2873;4129
DEA1A;2013;2909;4162
DEA1A;2014;3085;3969
DEA1A;2015;3294;4175
DEA1A;2016;3527;4128
DEA1A;2017;3644;4353
DEA1A;2018;3613;4274
DEA1A;2019;3469;4243
DEA1A;2020;3506;4513
DEA1A;2021;3723;4556
DEA1A;2022;3456;4856
DEA1A;2023;3136;4618
DEA1B;2000;2848;3045
DEA1B;2001;2832;3062
DEA1B;2002;2748;3135
DEA1B;2003;2650;3176
DEA1B;2004;2645;3100
DEA1B;2005;2500;3090
DEA1B;2006;2576;3153
DEA1B;2007;2429;3060
DEA1B;2008;2501;3254
DEA1B;2009;2409;3174
DEA1B;2010;2329;3271
DEA1B;2011;2338;3127
DEA1B;2012;2484;3207
DEA1B;2013;2495;3353
DEA1B;2014;2438;3222
DEA1B;2015;2574;3519
DEA1B;2016;2852;3388
DEA1B;2017;2772;3604
DEA1B;2018;2802;3680
DEA1B;2019;2858;3682
DEA1B;2020;2826;3695
DEA1B;2021;2999;3863
DEA1B;2022;2791;4189
DEA1B;2023;2654;4110
DEA1C;2000;4497;5116
DEA1C;2001;4461;5000
DEA1C;2002;4287;5125
DEA1C;2003;4145;5300
DEA1C;2004;4000;5028
DEA1C;2005;4040;5080
DEA1C;2006;3929;5066
DEA1C;2007;3913;5149
DEA1C;2008;3863;5253
DEA1C;2009;3644;5255
DEA1C;2010;3664;5346
DEA1C;2011;3596;5223
DEA1C;2012;3715;5669
DEA1C;2013;3686;5831
DEA1C;2014;3975;5448
DEA1C;2015;4029;5952
DEA1C;2016;4430;5844
DEA1C;2017;4389;5843
DEA1C;2018;4318;6211
DEA1C;2019;4321;5981
DEA1C;2020;4190;6467
DEA1C;2021;4411;6616
DEA1C;2022;4084;6991
DEA1C;2023;3877;6809
DEA1D;2000;4272;3906
DEA1D;2001;4044;3969
DEA1D;2002;4077;3989
DEA1D;2003;3947;4100
DEA1D;2004;3733;3979
DEA1D;2005;3740;4190
DEA1D;2006;3612;4156
DEA1D;2007;3615;4123
DEA1D;2008;3628;4266
DEA1D;2009;3529;4400
DEA1D;2010;3552;4479
DEA1D;2011;3516;4394
DEA1D;2012;3647;4558
DEA1D;2013;3571;4698
DEA1D;2014;3863;4617
DEA1D;2015;3862;4970
DEA1D;2016;4218;4910
DEA1D;2017;4223;5066
DEA1D;2018;4250;5188
DEA1D;2019;4144;5252
DEA1D;2020;4237;5301
DEA1D;2021;4388;5312
DEA1D;2022;3947;5753
DEA1D;2023;3619;5729
DEA1E;2000;2788;3084
DEA1E;2001;2679;2960
DEA1E;2002;2644;3075
DEA1E;2003;2500;3050
DEA1E;2004;2400;3000
DEA1E;2005;2300;2970
DEA1E;2006;2287;2980
DEA1E;2007;2293;2950
DEA1E;2008;2191;3056
DEA1E;2009;2146;3154
DEA1E;2010;2206;3233
DEA1E;2011;2091;3180
DEA1E;2012;2133;3208
DEA1E;2013;2070;3326
DEA1E;2014;2245;3200
DEA1E;2015;2314;3377
DEA1E;2016;2484;3345
DEA1E;2017;2511;3326
DEA1E;2018;2575;3415
DEA1E;2019;2506;3522
DEA1E;2020;2484;3628
DEA1E;2021;2606;3692
DEA1E;2022;2327;4018
DEA1E;2023;2238;3925
DEA1F;2000;4218;4605
DEA1F;2001;4025;4575
DEA1F;2002;3900;4819
DEA1F;2003;3800;4972
DEA1F;2004;3778;4747
DEA1F;2005;3660;4870
DEA1F;2006;3526;4624
DEA1F;2007;3407;4881
DEA1F;2008;3482;4821
DEA1F;2009;3283;5039
DEA1F;2010;3315;5058
DEA1F;2011;3305;5105
DEA1F;2012;3221;5153
DEA1F;2013;3353;5415
DEA1F;2014;3468;5239
DEA1F;2015;3548;5498
DEA1F;2016;3983;5454
DEA1F;2017;3864;5551
DEA1F;2018;3917;5807
DEA1F;2019;3911;5654
DEA1F;2020;3785;6102
DEA1F;2021;4023;6084
DEA1F;2022;3771;6564
DEA1F;2023;3701;6360
DEA22;2000;3149;2828
DEA22;2001;3060;2940
DEA22;2002;3097;2947
DEA22;2003;3148;2955
DEA22;2004;3157;2835
DEA22;2005;3160;2760
DEA22;2006;3106;2839
DEA22;2007;3187;2786
DEA22;2008;3129;2865
DEA22;2009;3137;2745
DEA22;2010;3335;2843
DEA22;2011;3309;2794
DEA22;2012;3215;2904
DEA22;2013;3146;2935
DEA22;2014;3349;2705
DEA22;2015;3383;2932
DEA22;2016;3587;2984
DEA22;2017;3391;2999
DEA22;2018;3466;2995
DEA22;2019;3354;2982
DEA22;2020;3238;3008
DEA22;2021;3370;3121
DEA22;2022;3124;3441
DEA22;2023;2870;3351
DEA23;2000;10031;9586
DEA23;2001;9696;9350
DEA23;2002;9584;9500
DEA23;2003;9450;9832
DEA23;2004;9337;9200
DEA23;2005;9410;9290
DEA23;2006;9534;9217
DEA23;2007;9860;9129
DEA23;2008;9985;9289
DEA23;2009;9854;9419
DEA23;2010;10361;9447
DEA23;2011;10192;9243
DEA23;2012;10372;9536
DEA23;2013;10423;9753
DEA23;2014;11229;9565
DEA23;2015;11580;9890
DEA23;2016;12230;9569
DEA23;2017;12035;9628
DEA23;2018;11851;10319
DEA23;2019;11624;10051
DEA23;2020;11071;10238
DEA23;2021;11614;10486
DEA23;2022;10261;10667
DEA23;2023;9619;10798
DEA24;2000;1425;1662
DEA24;2001;1454;1592
DEA24;2002;1430;1706
DEA24;2003;1457;1700
DEA24;2004;1500;1700
DEA24;2005;1320;1650
DEA24;2006;1351;1563
DEA24;2007;1419;1632
DEA24;2008;1377;1681
DEA24;2009;1300;1681
DEA24;2010;1335;1682
DEA24;2011;1339;1632
DEA24;2012;1350;1691
DEA24;2013;1437;1775
DEA24;2014;1476;1726
DEA24;2015;1574;1904
DEA24;2016;1557;1777
DEA24;2017;1558;1774
DEA24;2018;1631;1846
DEA24;2019;1597;1856
DEA24;2020;1601;1813
DEA24;2021;1601;1882
DEA24;2022;1452;2023
DEA24;2023;1467;2032
DEA26;2000;2655;2638
DEA26;2001;2488;2540
DEA26;2002;2417;2701
DEA26;2003;2358;2628
DEA26;2004;2300;2632
DEA26;2005;2260;2680
DEA26;2006;2190;2575
DEA26;2007;2184;2733
DEA26;2008;2110;2620
DEA26;2009;1984;2827
DEA26;2010;2083;2756
DEA26;2011;1964;2794
DEA26;2012;2017;2790
DEA26;2013;1968;3016
DEA26;2014;2142;2901
DEA26;2015;2205;3168
DEA26;2016;2467;3066
DEA26;2017;2460;3179
DEA26;2018;2482;3304
DEA26;2019;2528;3275
DEA26;2020;2581;3397
DEA26;2021;2634;3357
DEA26;2022;2551;3657
DEA26;2023;2443;3585
DEA27;2000;4268;4222
DEA27;2001;4007;4116
DEA27;2002;4010;4240
DEA27;2003;3873;4300
DEA27;2004;3878;4300
DEA27;2005;3740;4320
DEA27;2006;3698;4351
DEA27;2007;3788;4192
DEA27;2008;3834;4506
DEA27;2009;3702;4686
DEA27;2010;3799;4656
DEA27;2011;3651;4458
DEA27;2012;3720;4805
DEA27;2013;3791;4851
DEA27;2014;4136;4823
DEA27;2015;4139;4914
DEA27;2016;4534;4961
DEA27;2017;4403;5239
DEA27;2018;4623;5345
DEA27;2019;4411;5124
DEA27;2020;4395;5436
DEA27;2021;4651;5406
DEA27;2022;4323;5891
DEA27;2023;4043;5693
DEA28;2000;1803;2003
DEA28;2001;1776;1915
DEA28;2002;1673;2035
DEA28;2003;1700;2052
DEA28;2004;1634;2000
DEA28;2005;1540;2020
DEA28;2006;1506;2036
DEA28;2007;1536;1988
DEA28;2008;1508;1906
DEA28;2009;1417;2108
DEA28;2010;1448;2128
DEA28;2011;1368;1962
DEA28;2012;1420;2100
DEA28;2013;1388;2248
DEA28;2014;1466;2149
DEA28;2015;1548;2317
DEA28;2016;1700;2253
DEA28;2017;1732;2307
DEA28;2018;1887;2318
DEA28;2019;1703;2294
DEA28;2020;1729;2514
DEA28;2021;1860;2639
DEA28;2022;1663;2486
DEA28;2023;1636;2424
DEA29;2000;2387;2293
DEA29;2001;2294;2391
DEA29;2002;2194;2487
DEA29;2003;2241;2458
DEA29;2004;2124;2448
DEA29;2005;2130;2420
DEA29;2006;2107;2405
DEA29;2007;1906;2493
DEA29;2008;1981;2619
DEA29;2009;1934;2664
DEA29;2010;2015;2683
DEA29;2011;1964;2530
DEA29;2012;1887;2763
DEA29;2013;1931;2683
DEA29;2014;2023;2677
DEA29;2015;2083;2870
DEA29;2016;2269;2801
DEA29;2017;2274;2936
DEA29;2018;2386;3027
DEA29;2019;2333;2939
DEA29;2020;2271;3005
DEA29;2021;2380;3174
DEA29;2022;2371;3355
DEA29;2023;2143;3187
DEA2A;2000;2985;2954
DEA2A;2001;2855;2959
DEA2A;2002;2722;3123
DEA2A;2003;2700;3042
DEA2A;2004;2600;2900
DEA2A;2005;2540;2920
DEA2A;2006;2389;2929
DEA2A;2007;2434;3070
DEA2A;2008;2412;3015
DEA2A;2009;2242;3132
DEA2A;2010;2349;2994
DEA2A;2011;2233;3011
DEA2A;2012;2309;3023
DEA2A;2013;2208;3243
DEA2A;2014;2293;3003
DEA2A;2015;2388;3244
DEA2A;2016;2614;3235
DEA2A;2017;2556;3231
DEA2A;2018;2627;3437
DEA2A;2019;2620;3459
DEA2A;2020;2618;3406
DEA2A;2021;2680;3709
DEA2A;2022;2560;3770
DEA2A;2023;2353;3666
DEA2B;2000;2630;2670
DEA2B;2001;2489;2726
DEA2B;2002;2506;2681
DEA2B;2003;2400;2600
DEA2B;2004;2353;2633
DEA2B;2005;2230;2760
DEA2B;2006;2182;2640
DEA2B;2007;2198;2711
DEA2B;2008;2204;2751
DEA2B;2009;2132;2840
DEA2B;2010;2149;2815
DEA2B;2011;2063;2944
DEA2B;2012;2083;2904
DEA2B;2013;2085;3194
DEA2B;2014;2176;3019
DEA2B;2015;2263;3133
DEA2B;2016;2458;3226
DEA2B;2017;2387;3263
DEA2B;2018;2378;3434
DEA2B;2019;2390;3291
DEA2B;2020;2445;3596
DEA2B;2021;2500;3527
DEA2B;2022;2379;3767
DEA2B;2023;2192;3710
DEA2C;2000;5713;5182
DEA2C;2001;5458;5025
DEA2C;2002;5361;5348
DEA2C;2003;5200;5200
DEA2C;2004;5253;4953
DEA2C;2005;5020;5140
DEA2C;2006;4861;5034
DEA2C;2007;4961;5204
DEA2C;2008;4915;5164
DEA2C;2009;4837;5332
DEA2C;2010;4782;5440
DEA2C;2011;4705;5365
DEA2C;2012;4808;5588
DEA2C;2013;4829;5784
DEA2C;2014;5048;5782
DEA2C;2015;5258;6050
DEA2C;2016;5669;5960
DEA2C;2017;5407;6324
DEA2C;2018;5652;6429
DEA2C;2019;5342;6342
DEA2C;2020;5552;6637
DEA2C;2021;5556;6774
DEA2C;2022;5299;7333
DEA2C;2023;4878;6868
DEA2D;2000;3142;5504
DEA2D;2001;2964;5336
DEA2D;2002;2810;5552
DEA2D;2003;2819;5562
DEA2D;2004;2651;5537
DEA2D;2005;2675;5580
DEA2D;2006;2464;5286
DEA2D;2007;2527;5463
DEA2D;2008;2588;5677
DEA2D;2009;4433;5561
DEA2D;2010;4441;5575
DEA2D;2011;4407;5469
DEA2D;2012;4557;5681
DEA2D;2013;4484;5786
DEA2D;2014;4821;5636
DEA2D;2015;4844;5980
DEA2D;2016;5143;5965
DEA2D;2017;5091;5909
DEA2D;2018;5126;6166
DEA2D;2019;5095;6119
DEA2D;2020;5069;6220
DEA2D;2021;5170;6389
DEA2D;2022;4832;6918
DEA2D;2023;4614;6589
DEA31;2000;1080;1366
DEA31;2001;1052;1259
DEA31;2002;990;1322
DEA31;2003;1000;1400
DEA31;2004;1000;1400
DEA31;2005;900;1380
DEA31;2006;831;1352
DEA31;2007;892;1309
DEA31;2008;874;1428
DEA31;2009;881;1447
DEA31;2010;832;1413
DEA31;2011;814;1326
DEA31;2012;818;1355
DEA31;2013;818;1434
DEA31;2014;889;1475
DEA31;2015;935;1508
DEA31;2016;1040;1575
DEA31;2017;1004;1563
DEA31;2018;999;1545
DEA31;2019;1043;1474
DEA31;2020;1060;1584
DEA31;2021;1080;1660
DEA31;2022;1040;1670
DEA31;2023;980;1527
DEA32;2000;2629;3623
DEA32;2001;2469;3543
DEA32;2002;2385;3668
DEA32;2003;2300;3600
DEA32;2004;2260;3500
DEA32;2005;2180;3460
DEA32;2006;2205;3376
DEA32;2007;2254;3420
DEA32;2008;2134;3524
DEA32;2009;2212;3468
DEA32;2010;2148;3464
DEA32;2011;1959;3429
DEA32;2012;2112;3361
DEA32;2013;2037;3439
DEA32;2014;2289;3268
DEA32;2015;2469;3448
DEA32;2016;2617;3341
DEA32;2017;2725;3465
DEA32;2018;2811;3486
DEA32;2019;2672;3476
DEA32;2020;2831;3629
DEA32;2021;2887;3630
DEA32;2022;2808;3664
DEA32;2023;2743;3590
DEA33;2000;2798;2214
DEA33;2001;2617;2257
DEA33;2002;2506;2297
DEA33;2003;2600;2329
DEA33;2004;2500;2300
DEA33;2005;2440;2320
DEA33;2006;2504;2303
DEA33;2007;2500;2281
DEA33;2008;2565;2461
DEA33;2009;2542;2420
DEA33;2010;2750;2407
DEA33;2011;2714;2462
DEA33;2012;2635;2416
DEA33;2013;2850;2484
DEA33;2014;2919;2582
DEA33;2015;3134;2642
DEA33;2016;3267;2639
DEA33;2017;3131;2668
DEA33;2018;3159;2680
DEA33;2019;3079;2674
DEA33;2020;3057;2730
DEA33;2021;3025;2838
DEA33;2022;2833;3074
DEA33;2023;2568;2889
DEA34;2000;4123;3047
DEA34;2001;4005;2939
DEA34;2002;3793;3069
DEA34;2003;3700;3200
DEA34;2004;3800;3000
DEA34;2005;3550;2960
DEA34;2006;3377;3134
DEA34;2007;3451;3216
DEA34;2008;3426;3286
DEA34;2009;3234;3259
DEA34;2010;3297;3326
DEA34;2011;3227;3403
DEA34;2012;3201;3366
DEA34;2013;3181;3435
DEA34;2014;3317;3407
DEA34;2015;3498;3681
DEA34;2016;3622;3566
DEA34;2017;3731;3714
DEA34;2018;3822;3767
DEA34;2019;3798;3776
DEA34;2020;3828;4060
DEA34;2021;4039;4039
DEA34;2022;3679;4502
DEA34;2023;3590;4335
DEA35;2000;2343;1823
DEA35;2001;2181;1766
DEA35;2002;2168;1912
DEA35;2003;2000;1900
DEA35;2004;1925;1837
DEA35;2005;1870;1890
DEA35;2006;1847;1900
DEA35;2007;1822;1978
DEA35;2008;1816;1990
DEA35;2009;1694;1962
DEA35;2010;1649;1952
DEA35;2011;1603;2042
DEA35;2012;1703;2061
DEA35;2013;1655;2176
DEA35;2014;1877;2179
DEA35;2015;1868;2187
DEA35;2016;2055;2208
DEA35;2017;1968;2282
DEA35;2018;2177;2434
DEA35;2019;2029;2339
DEA35;2020;2108;2303
DEA35;2021;2161;2474
DEA35;2022;2062;2690
DEA35;2023;1960;2656
DEA36;2000;6000;7337
DEA36;2001;5688;7061
DEA36;2002;5359;7367
DEA36;2003;5264;7367
DEA36;2004;5234;7149
DEA36;2005;4930;7210
DEA36;2006;4685;7289
DEA36;2007;4849;7358
DEA36;2008;4740;7474
DEA36;2009;4567;7581
DEA36;2010;4584;7552
DEA36;2011;4505;7555
DEA36;2012;4551;7628
DEA36;2013;4647;7806
DEA36;2014;4821;7509
DEA36;2015;4977;7816
DEA36;2016;5482;7981
DEA36;2017;5500;7886
DEA36;2018;5521;8145
DEA36;2019;5545;8109
DEA36;2020;5529;8422
DEA36;2021;5778;8721
DEA36;2022;5585;9243
DEA36;2023;5305;8633
DEA37;2000;4788;3828
DEA37;2001;4636;3754
DEA37;2002;4344;3854
DEA37;2003;4262;3953
DEA37;2004;4100;4100
DEA37;2005;3950;4060
DEA37;2006;3893;3963
DEA37;2007;3811;3866
DEA37;2008;3845;4083
DEA37;2009;3689;4107
DEA37;2010;3721;4236
DEA37;2011;3573;4084
DEA37;2012;3646;4208
DEA37;2013;3607;4262
DEA37;2014;3841;4101
DEA37;2015;3901;4509
DEA37;2016;4387;4534
DEA37;2017;4417;4628
DEA37;2018;4473;4713
DEA37;2019;4416;4620
DEA37;2020;4320;4737
DEA37;2021;4629;4950
DEA37;2022;4309;5371
DEA37;2023;4033;5152
DEA38;2000;3117;2560
DEA38;2001;2887;2366
DEA38;2002;2835;2581
DEA38;2003;2752;2562
DEA38;2004;2743;2500
DEA38;2005;2580;2540
DEA38;2006;2497;2500
DEA38;2007;2481;2516
DEA38;2008;2343;2592
DEA38;2009;2249;2636
DEA38;2010;2250;2639
DEA38;2011;2167;2657
DEA38;2012;2182;2722
DEA38;2013;2179;2862
DEA38;2014;2315;2718
DEA38;2015;2427;2745
DEA38;2016;2557;2896
DEA38;2017;2480;2997
DEA38;2018;2635;3098
DEA38;2019;2527;3022
DEA38;2020;2604;3117
DEA38;2021;2803;3275
DEA38;2022;2537;3443
DEA38;2023;2449;3413
DEA41;2000;3355;3640
DEA41;2001;3206;3320
DEA41;2002;3223;3416
DEA41;2003;3137;3500
DEA41;2004;3100;3375
DEA41;2005;3190;3430
DEA41;2006;2939;3488
DEA41;2007;3051;3370
DEA41;2008;3018;3384
DEA41;2009;2919;3519
DEA41;2010;3123;3493
DEA41;2011;3022;3320
DEA41;2012;3041;3323
DEA41;2013;3011;3558
DEA41;2014;3184;3396
DEA41;2015;3261;3571
DEA41;2016;3487;3728
DEA41;2017;3418;3623
DEA41;2018;3492;3748
DEA41;2019;3517;3547
DEA41;2020;3434;3684
DEA41;2021;3520;3785
DEA41;2022;3262;4071
DEA41;2023;3049;3858
DEA42;2000;3865;3033
DEA42;2001;3656;3081
DEA42;2002;3628;3104
DEA42;2003;3533;2953
DEA42;2004;3500;3100
DEA42;2005;3260;3060
DEA42;2006;3214;2931
DEA42;2007;3177;3113
DEA42;2008;3182;3152
DEA42;2009;3021;3228
DEA42;2010;3115;3233
DEA42;2011;3034;3062
DEA42;2012;2973;3488
DEA42;2013;3066;3463
DEA42;2014;3232;3314
DEA42;2015;3310;3488
DEA42;2016;3569;3599
DEA42;2017;3546;3713
DEA42;2018;3673;3807
DEA42;2019;3626;3635
DEA42;2020;3606;3866
DEA42;2021;3778;4045
DEA42;2022;3572;4290
DEA42;2023;3292;4123
DEA43;2000;2550;2843
DEA43;2001;2399;2807
DEA43;2002;2289;2768
DEA43;2003;2263;2852
DEA43;2004;2200;2733
DEA43;2005;2170;2670
DEA43;2006;2135;2725
DEA43;2007;2184;2761
DEA43;2008;2051;2735
DEA43;2009;2054;2800
DEA43;2010;2087;2807
DEA43;2011;1950;2724
DEA43;2012;1925;2947
DEA43;2013;1997;2908
DEA43;2014;2108;2790
DEA43;2015;2209;3004
DEA43;2016;2345;3082
DEA43;2017;2262;2995
DEA43;2018;2317;3146
DEA43;2019;2308;3055
DEA43;2020;2295;3105
DEA43;2021;2368;3192
DEA43;2022;2189;3554
DEA43;2023;1993;3370
DEA44;2000;1600;1606
DEA44;2001;1500;1585
DEA44;2002;1416;1532
DEA44;2003;1362;1653
DEA44;2004;1400;1551
DEA44;2005;1310;1530
DEA44;2006;1244;1567
DEA44;2007;1249;1532
DEA44;2008;1124;1628
DEA44;2009;1163;1678
DEA44;2010;1106;1718
DEA44;2011;1041;1601
DEA44;2012;1023;1727
DEA44;2013;1074;1782
DEA44;2014;1106;1668
DEA44;2015;1109;1710
DEA44;2016;1276;1667
DEA44;2017;1246;1749
DEA44;2018;1174;1793
DEA44;2019;1172;1795
DEA44;2020;1259;1744
DEA44;2021;1252;1801
DEA44;2022;1174;1951
DEA44;2023;1134;1922
DEA45;2000;3776;3953
DEA45;2001;3616;3926
DEA45;2002;3570;3827
DEA45;2003;3471;4041
DEA45;2004;3300;3849
DEA45;2005;3150;3790
DEA45;2006;3232;3843
DEA45;2007;3177;3948
DEA45;2008;3143;3987
DEA45;2009;2963;3989
DEA45;2010;2961;3996
DEA45;2011;2794;4054
DEA45;2012;2981;3918
DEA45;2013;2907;4139
DEA45;2014;2930;3981
DEA45;2015;3133;4330
DEA45;2016;3381;4135
DEA45;2017;3365;4295
DEA45;2018;3364;4321
DEA45;2019;3288;4324
DEA45;2020;3305;4444
DEA45;2021;3402;4665
DEA45;2022;3274;4830
DEA45;2023;3100;4709
DEA46;2000;3319;3385
DEA46;2001;3134;3566
DEA46;2002;3000;3531
DEA46;2003;3031;3452
DEA46;2004;2856;3500
DEA46;2005;2970;3440
DEA46;2006;2853;3567
DEA46;2007;2752;3499
DEA46;2008;2732;3492
DEA46;2009;2622;3599
DEA46;2010;2623;3609
DEA46;2011;2568;3652
DEA46;2012;2545;3692
DEA46;2013;2521;3674
DEA46;2014;2705;3644
DEA46;2015;2691;3651
DEA46;2016;3069;3817
DEA46;2017;2888;3758
DEA46;2018;2869;3876
DEA46;2019;2958;3755
DEA46;2020;2906;3789
DEA46;2021;3052;3936
DEA46;2022;2892;4278
DEA46;2023;2720;4078
DEA47;2000;3318;2427
DEA47;2001;3190;2494
DEA47;2002;3117;2508
DEA47;2003;3100;2442
DEA47;2004;3000;2422
DEA47;2005;2930;2460
DEA47;2006;2835;2302
DEA47;2007;2911;2469
DEA47;2008;2769;2482
DEA47;2009;2841;2473
DEA47;2010;2750;2460
DEA47;2011;2782;2520
DEA47;2012;2690;2589
DEA47;2013;2789;2666
DEA47;2014;2906;2632
DEA47;2015;3114;2814
DEA47;2016;3203;2731
DEA47;2017;3168;2774
DEA47;2018;3082;2935
DEA47;2019;3077;2853
DEA47;2020;3201;2991
DEA47;2021;3147;2959
DEA47;2022;3026;3346
DEA47;2023;2771;3205
DEA51;2000;3281;4624
DEA51;2001;3151;4594
DEA51;2002;3048;4615
DEA51;2003;2971;4570
DEA51;2004;2953;4273
DEA51;2005;2880;4430
DEA51;2006;2899;4432
DEA51;2007;2808;4275
DEA51;2008;2834;4489
DEA51;2009;2715;4392
DEA51;2010;2718;4424
DEA51;2011;2668;4396
DEA51;2012;2811;4417
DEA51;2013;2820;4563
DEA51;2014;2987;4385
DEA51;2015;3013;4641
DEA51;2016;3232;4518
DEA51;2017;3315;4526
DEA51;2018;3360;4586
DEA51;2019;3181;4430
DEA51;2020;3277;4456
DEA51;2021;3293;4676
DEA51;2022;3043;4893
DEA51;2023;3052;4913
DEA52;2000;5313;6895
DEA52;2001;5275;6826
DEA52;2002;5198;6925
DEA52;2003;5039;6937
DEA52;2004;5000;6700
DEA52;2005;4880;6760
DEA52;2006;4685;6425
DEA52;2007;4857;6675
DEA52;2008;4993;6743
DEA52;2009;4782;6751
DEA52;2010;4906;6918
DEA52;2011;4669;6752
DEA52;2012;4896;6702
DEA52;2013;4954;6953
DEA52;2014;5403;6561
DEA52;2015;5481;7204
DEA52;2016;5985;6889
DEA52;2017;5898;7040
DEA52;2018;5897;7150
DEA52;2019;5866;6886
DEA52;2020;5864;7110
DEA52;2021;6074;7356
DEA52;2022;5732;7923
DEA52;2023;5476;7603
DEA53;2000;1870;2338
DEA53;2001;1870;2298
DEA53;2002;1781;2317
DEA53;2003;1800;2375
DEA53;2004;1760;2270
DEA53;2005;1610;2390
DEA53;2006;1581;2250
DEA53;2007;1582;2325
DEA53;2008;1549;2357
DEA53;2009;1447;2325
DEA53;2010;1513;2410
DEA53;2011;1431;2397
DEA53;2012;1424;2398
DEA53;2013;1506;2478
DEA53;2014;1627;2363
DEA53;2015;1764;2549
DEA53;2016;1844;2485
DEA53;2017;1890;2511
DEA53;2018;1969;2610
DEA53;2019;1948;2608
DEA53;2020;1996;2765
DEA53;2021;2048;2644
DEA53;2022;1878;2761
DEA53;2023;1819;2643
DEA54;2000;1891;1850
DEA54;2001;1810;1797
DEA54;2002;1669;1753
DEA54;2003;1700;1800
DEA54;2004;1644;1772
DEA54;2005;1590;1980
DEA54;2006;1505;1933
DEA54;2007;1578;1959
DEA54;2008;1563;2040
DEA54;2009;1519;2012
DEA54;2010;1514;1940
DEA54;2011;1403;1982
DEA54;2012;1469;1998
DEA54;2013;1571;2029
DEA54;2014;1625;2061
DEA54;2015;1624;2129
DEA54;2016;1788;2152
DEA54;2017;1775;2036
DEA54;2018;1712;2119
DEA54;2019;1693;2175
DEA54;2020;1657;2224
DEA54;2021;1687;2277
DEA54;2022;1677;2459
DEA54;2023;1569;2323
DEA55;2000;1596;2142
DEA55;2001;1520;2093
DEA55;2002;1448;2115
DEA55;2003;1368;2164
DEA55;2004;1346;2100
DEA55;2005;1290;1960
DEA55;2006;1248;2010
DEA55;2007;1253;2035
DEA55;2008;1254;2110
DEA55;2009;1198;2079
DEA55;2010;1186;2101
DEA55;2011;1200;2063
DEA55;2012;1247;2160
DEA55;2013;1212;2136
DEA55;2014;1215;2149
DEA55;2015;1305;2126
DEA55;2016;1388;2142
DEA55;2017;1502;2169
DEA55;2018;1430;2291
DEA55;2019;1475;2178
DEA55;2020;1505;2311
DEA55;2021;1488;2365
DEA55;2022;1553;2371
DEA55;2023;1415;2311
DEA56;2000;3055;4099
DEA56;2001;2930;4057
DEA56;2002;2786;4133
DEA56;2003;2700;4259
DEA56;2004;2677;4138
DEA56;2005;2500;4150
DEA56;2006;2407;3997
DEA56;2007;2481;4108
DEA56;2008;2356;4031
DEA56;2009;2336;4061
DEA56;2010;2332;4130
DEA56;2011;2271;4075
DEA56;2012;2309;4152
DEA56;2013;2367;4310
DEA56;2014;2510;4203
DEA56;2015;2577;4405
DEA56;2016;2755;4380
DEA56;2017;2862;4235
DEA56;2018;2834;4447
DEA56;2019;2858;4347
DEA56;2020;2776;4400
DEA56;2021;2945;4459
DEA56;2022;2730;4812
DEA56;2023;2547;4680
DEA57;2000;2949;2924
DEA57;2001;2810;2916
DEA57;2002;2688;2931
DEA57;2003;2579;2971
DEA57;2004;2540;2859
DEA57;2005;2450;2920
DEA57;2006;2338;2873
DEA57;2007;2272;2940
DEA57;2008;2114;2975
DEA57;2009;2102;2967
DEA57;2010;2020;2868
DEA57;2011;1910;3010
DEA57;2012;1882;2928
DEA57;2013;1967;3081
DEA57;2014;2001;2914
DEA57;2015;2040;3319
DEA57;2016;2378;3235
DEA57;2017;2274;3304
DEA57;2018;2153;3296
DEA57;2019;2208;3200
DEA57;2020;2268;3143
DEA57;2021;2361;3363
DEA57;2022;2222;3529
DEA57;2023;2151;3429
DEA58;2000;4577;4836
DEA58;2001;4307;4727
DEA58;2002;4269;4792
DEA58;2003;3948;4900
DEA58;2004;3935;4700
DEA58;2005;3880;4800
DEA58;2006;3692;4708
DEA58;2007;3695;4586
DEA58;2008;3542;4775
DEA58;2009;3449;4809
DEA58;2010;3415;4744
DEA58;2011;3323;4578
DEA58;2012;3574;4880
DEA58;2013;3300;5011
DEA58;2014;3427;4955
DEA58;2015;3580;5062
DEA58;2016;3866;5031
DEA58;2017;3749;5166
DEA58;2018;3695;5313
DEA58;2019;3750;5300
DEA58;2020;3790;5331
DEA58;2021;3773;5629
DEA58;2022;3553;6092
DEA58;2023;3270;5587
DEA59;2000;1528;1262
DEA59;2001;1431;1295
DEA59;2002;1323;1196
DEA59;2003;1300;1300
DEA59;2004;1300;1200
DEA59;2005;1270;1330
DEA59;2006;1192;1333
DEA59;2007;1195;1290
DEA59;2008;1196;1387
DEA59;2009;1098;1331
DEA59;2010;1121;1382
DEA59;2011;1102;1424
DEA59;2012;1136;1417
DEA59;2013;1107;1500
DEA59;2014;1175;1421
DEA59;2015;1266;1497
DEA59;2016;1227;1531
DEA59;2017;1355;1470
DEA59;2018;1206;1553
DEA59;2019;1219;1483
DEA59;2020;1252;1608
DEA59;2021;1284;1615
DEA59;2022;1248;1747
DEA59;2023;1109;1715
DEA5A;2000;2732;2977
DEA5A;2001;2628;2978
DEA5A;2002;2525;2947
DEA5A;2003;2561;3077
DEA5A;2004;2400;2864
DEA5A;2005;2370;3030
DEA5A;2006;2287;2904
DEA5A;2007;2257;3019
DEA5A;2008;2282;3150
DEA5A;2009;2174;3069
DEA5A;2010;2259;3061
DEA5A;2011;2200;3087
DEA5A;2012;2127;3205
DEA5A;2013;2164;3220
DEA5A;2014;2288;3073
DEA5A;2015;2478;3262
DEA5A;2016;2589;3303
DEA5A;2017;2668;3256
DEA5A;2018;2727;3231
DEA5A;2019;2652;3262
DEA5A;2020;2592;3535
DEA5A;2021;2679;3534
DEA5A;2022;2423;3690
DEA5A;2023;2374;3529
DEA5B;2000;3218;3423
DEA5B;2001;2954;3318
DEA5B;2002;2949;3337
DEA5B;2003;2800;3337
DEA5B;2004;2800;3200
DEA5B;2005;2710;3240
DEA5B;2006;2613;3210
DEA5B;2007;2637;3246
DEA5B;2008;2508;3273
DEA5B;2009;2482;3259
DEA5B;2010;2341;3291
DEA5B;2011;2359;3262
DEA5B;2012;2408;3314
DEA5B;2013;2351;3608
DEA5B;2014;2504;3323
DEA5B;2015;2621;3604
DEA5B;2016;2742;3547
DEA5B;2017;2865;3578
DEA5B;2018;2793;3634
DEA5B;2019;2729;3437
DEA5B;2020;2680;3600
DEA5B;2021;2854;3807
DEA5B;2022;2694;4112
DEA5B;2023;2449;3907
DEA5C;2000;4065;4273
DEA5C;2001;3766;4232
DEA5C;2002;3665;4236
DEA5C;2003;3555;4243
DEA5C;2004;3476;4300
DEA5C;2005;3250;4360
DEA5C;2006;3110;4267
DEA5C;2007;3164;4205
DEA5C;2008;3214;4710
DEA5C;2009;2927;4396
DEA5C;2010;2905;4758
DEA5C;2011;2821;4484
DEA5C;2012;2880;4782
DEA5C;2013;3027;4882
DEA5C;2014;3165;4643
DEA5C;2015;3184;5062
DEA5C;2016;3376;4853
DEA5C;2017;3553;4890
DEA5C;2018;3456;5179
DEA5C;2019;3479;5067
DEA5C;2020;3464;5334
DEA5C;2021;3499;5426
DEA5C;2022;3469;5693
DEA5C;2023;3299;5659
DEB11;2000;1054;1184
DEB11;2001;962;1310
DEB11;2002;918;1245
DEB11;2003;1000;1324
DEB11;2004;900;1259
DEB11;2005;910;1190
DEB11;2006;858;1279
DEB11;2007;930;1192
DEB11;2008;990;1279
DEB11;2009;905;1279
DEB11;2010;931;1273
DEB11;2011;996;1228
DEB11;2012;948;1250
DEB11;2013;1039;1353
DEB11;2014;1027;1320
DEB11;2015;1042;1318
DEB11;2016;1153;1313
DEB11;2017;1117;1312
DEB11;2018;1155;1476
DEB11;2019;1085;1269
DEB11;2020;1105;1414
DEB11;2021;1130;1424
DEB11;2022;1037;1489
DEB11;2023;953;1436
DEB12;2000;1204;1446
DEB12;2001;1166;1442
DEB12;2002;1072;1399
DEB12;2003;1000;1556
DEB12;2004;1025;1475
DEB12;2005;970;1500
DEB12;2006;924;1561
DEB12;2007;941;1468
DEB12;2008;892;1434
DEB12;2009;873;1555
DEB12;2010;865;1559
DEB12;2011;878;1501
DEB12;2012;855;1577
DEB12;2013;916;1498
DEB12;2014;960;1534
DEB12;2015;953;1605
DEB12;2016;1064;1638
DEB12;2017;1117;1680
DEB12;2018;1142;1639
DEB12;2019;1122;1648
DEB12;2020;1152;1661
DEB12;2021;1219;1884
DEB12;2022;1082;1686
DEB12;2023;1032;1648
DEB13;2000;1204;1454
DEB13;2001;1260;1395
DEB13;2002;1178;1510
DEB13;2003;1100;1544
DEB13;2004;1100;1429
DEB13;2005;1130;1470
DEB13;2006;1100;1520
DEB13;2007;1073;1450
DEB13;2008;1073;1554
DEB13;2009;939;1535
DEB13;2010;1020;1543
DEB13;2011;960;1629
DEB13;2012;978;1596
DEB13;2013;1012;1554
DEB13;2014;1006;1536
DEB13;2015;1079;1600
DEB13;2016;1086;1536
DEB13;2017;1105;1598
DEB13;2018;1134;1624
DEB13;2019;1152;1624
DEB13;2020;1154;1597
DEB13;2021;1229;1784
DEB13;2022;1170;1891
DEB13;2023;1135;1794
DEB14;2000;1516;1770
DEB14;2001;1373;1778
DEB14;2002;1315;1801
DEB14;2003;1300;1823
DEB14;2004;1277;1674
DEB14;2005;1190;1760
DEB14;2006;1156;1762
DEB14;2007;1239;1705
DEB14;2008;1297;1774
DEB14;2009;1202;1806
DEB14;2010;1253;1750
DEB14;2011;1229;1774
DEB14;2012;1198;1852
DEB14;2013;1290;1925
DEB14;2014;1290;1773
DEB14;2015;1228;1932
DEB14;2016;1411;1901
DEB14;2017;1453;1951
DEB14;2018;1435;1960
DEB14;2019;1371;1845
DEB14;2020;1390;2095
DEB14;2021;1473;2076
DEB14;2022;1419;2300
DEB14;2023;1260;2088
DEB15;2000;792;991
DEB15;2001;768;1030
DEB15;2002;732;1043
DEB15;2003;700;1100
DEB15;2004;700;1125
DEB15;2005;640;1060
DEB15;2006;647;1079
DEB15;2007;679;1022
DEB15;2008;639;1116
DEB15;2009;637;1113
DEB15;2010;582;1077
DEB15;2011;606;1100
DEB15;2012;615;1120
DEB15;2013;536;1143
DEB15;2014;580;1100
DEB15;2015;585;1200
DEB15;2016;696;1170
DEB15;2017;606;1172
DEB15;2018;728;1248
DEB15;2019;842;1152
DEB15;2020;716;1188
DEB15;2021;699;1223
DEB15;2022;772;1311
DEB15;2023;671;1218
DEB17;2000;2000;2158
DEB17;2001;1858;2068
DEB17;2002;1849;2204
DEB17;2003;1728;2300
DEB17;2004;1800;2256
DEB17;2005;1660;2200
DEB17;2006;1636;2260
DEB17;2007;1711;2205
DEB17;2008;1702;2230
DEB17;2009;1615;2288
DEB17;2010;1609;2300
DEB17;2011;1584;2162
DEB17;2012;1619;2293
DEB17;2013;1609;2379
DEB17;2014;1730;2354
DEB17;2015;1875;2301
DEB17;2016;1995;2435
DEB17;2017;1966;2455
DEB17;2018;1944;2427
DEB17;2019;1880;2572
DEB17;2020;2002;2596
DEB17;2021;1986;2644
DEB17;2022;1907;2880
DEB17;2023;1796;2839
DEB18;2000;1785;2059
DEB18;2001;1669;1992
DEB18;2002;1568;2007
DEB18;2003;1700;2036
DEB18;2004;1578;1969
DEB18;2005;1480;1980
DEB18;2006;1482;1838
DEB18;2007;1480;2009
DEB18;2008;1393;1976
DEB18;2009;1386;2108
DEB18;2010;1390;1967
DEB18;2011;1390;2020
DEB18;2012;1348;2095
DEB18;2013;1457;2275
DEB18;2014;1391;2182
DEB18;2015;1496;2158
DEB18;2016;1660;2232
DEB18;2017;1672;2234
DEB18;2018;1673;2266
DEB18;2019;1742;2225
DEB18;2020;1709;2346
DEB18;2021;1847;2308
DEB18;2022;1736;2426
DEB18;2023;1617;2301
DEB1A;2000;1123;1549
DEB1A;2001;1123;1509
DEB1A;2002;1061;1559
DEB1A;2003;1068;1567
DEB1A;2004;1000;1400
DEB1A;2005;940;1460
DEB1A;2006;1015;1405
DEB1A;2007;934;1382
DEB1A;2008;973;1428
DEB1A;2009;895;1520
DEB1A;2010;842;1444
DEB1A;2011;870;1446
DEB1A;2012;863;1470
DEB1A;2013;845;1486
DEB1A;2014;1003;1544
DEB1A;2015;992;1550
DEB1A;2016;1097;1571
DEB1A;2017;1034;1562
DEB1A;2018;1030;1543
DEB1A;2019;1050;1454
DEB1A;2020;1016;1626
DEB1A;2021;1019;1650
DEB1A;2022;973;1748
DEB1A;2023;968;1652
DEB1B;2000;2076;2068
DEB1B;2001;1851;2068
DEB1B;2002;1895;2096
DEB1B;2003;1800;2200
DEB1B;2004;1776;2035
DEB1B;2005;1700;2100
DEB1B;2006;1732;2045
DEB1B;2007;1610;2157
DEB1B;2008;1640;2088
DEB1B;2009;1548;2179
DEB1B;2010;1620;2186
DEB1B;2011;1496;2192
DEB1B;2012;1534;2212
DEB1B;2013;1503;2263
DEB1B;2014;1593;2154
DEB1B;2015;1690;2311
DEB1B;2016;1839;2269
DEB1B;2017;1736;2347
DEB1B;2018;1794;2352
DEB1B;2019;1702;2378
DEB1B;2020;1897;2334
DEB1B;2021;1912;2516
DEB1B;2022;1797;2658
DEB1B;2023;1670;2670
DEB1C;2000;642;668
DEB1C;2001;609;728
DEB1C;2002;581;711
DEB1C;2003;520;758
DEB1C;2004;521;757
DEB1C;2005;497;711
DEB1C;2006;467;753
DEB1C;2007;492;742
DEB1C;2008;496;758
DEB1C;2009;428;823
DEB1C;2010;455;803
DEB1C;2011;422;793
DEB1C;2012;431;826
DEB1C;2013;422;820
DEB1C;2014;426;828
DEB1C;2015;488;842
DEB1C;2016;458;854
DEB1C;2017;521;855
DEB1C;2018;487;861
DEB1C;2019;485;849
DEB1C;2020;490;818
DEB1C;2021;507;881
DEB1C;2022;501;991
DEB1C;2023;466;890
DEB1D;2000;1024;1111
DEB1D;2001;934;1125
DEB1D;2002;907;1108
DEB1D;2003;903;1145
DEB1D;2004;906;1096
DEB1D;2005;865;1142
DEB1D;2006;778;1134
DEB1D;2007;764;1125
DEB1D;2008;777;1060
DEB1D;2009;800;1153
DEB1D;2010;705;1156
DEB1D;2011;702;1172
DEB1D;2012;733;1201
DEB1D;2013;735;1142
DEB1D;2014;793;1223
DEB1D;2015;846;1283
DEB1D;2016;901;1214
DEB1D;2017;897;1311
DEB1D;2018;865;1255
DEB1D;2019;924;1276
DEB1D;2020;907;1302
DEB1D;2021;945;1408
DEB1D;2022;913;1489
DEB1D;2023;870;1413
DEB21;2000;926;1035
DEB21;2001;885;1022
DEB21;2002;863;1063
DEB21;2003;900;1100
DEB21;2004;861;1100
DEB21;2005;920;1070
DEB21;2006;907;993
DEB21;2007;902;1046
DEB21;2008;924;1028
DEB21;2009;945;1041
DEB21;2010;954;1117
DEB21;2011;922;1073
DEB21;2012;937;1027
DEB21;2013;947;1052
DEB21;2014;976;1129
DEB21;2015;1028;1132
DEB21;2016;1076;1142
DEB21;2017;1050;1146
DEB21;2018;1028;1154
DEB21;2019;1035;1121
DEB21;2020;988;1104
DEB21;2021;992;1062
DEB21;2022;931;1261
DEB21;2023;881;1186
DEB22;2000;1081;1231
DEB22;2001;974;1173
DEB22;2002;958;1187
DEB22;2003;951;1272
DEB22;2004;976;1142
DEB22;2005;860;1260
DEB22;2006;867;1252
DEB22;2007;877;1240
DEB22;2008;855;1176
DEB22;2009;800;1246
DEB22;2010;889;1189
DEB22;2011;840;1182
DEB22;2012;771;1208
DEB22;2013;848;1309
DEB22;2014;925;1205
DEB22;2015;950;1350
DEB22;2016;1025;1252
DEB22;2017;1011;1360
DEB22;2018;976;1429
DEB22;2019;998;1327
DEB22;2020;1032;1425
DEB22;2021;1062;1450
DEB22;2022;950;1554
DEB22;2023;893;1547
DEB23;2000;925;976
DEB23;2001;847;1065
DEB23;2002;853;1131
DEB23;2003;800;1060
DEB23;2004;832;931
DEB23;2005;810;1110
DEB23;2006;729;1029
DEB23;2007;801;1005
DEB23;2008;743;1066
DEB23;2009;767;1044
DEB23;2010;755;1121
DEB23;2011;729;1157
DEB23;2012;740;1063
DEB23;2013;769;1102
DEB23;2014;776;1100
DEB23;2015;920;1156
DEB23;2016;935;1052
DEB23;2017;951;1116
DEB23;2018;949;1160
DEB23;2019;938;1149
DEB23;2020;881;1099
DEB23;2021;890;1204
DEB23;2022;864;1301
DEB23;2023;858;1242
DEB24;2000;605;680
DEB24;2001;551;750
DEB24;2002;522;729
DEB24;2003;539;700
DEB24;2004;500;746
DEB24;2005;510;780
DEB24;2006;453;721
DEB24;2007;504;684
DEB24;2008;428;738
DEB24;2009;455;821
DEB24;2010;440;747
DEB24;2011;392;711
DEB24;2012;438;768
DEB24;2013;463;728
DEB24;2014;462;733
DEB24;2015;439;823
DEB24;2016;486;836
DEB24;2017;481;801
DEB24;2018;455;837
DEB24;2019;461;806
DEB24;2020;449;846
DEB24;2021;471;866
DEB24;2022;517;889
DEB24;2023;458;861
DEB25;2000;1329;1372
DEB25;2001;1252;1367
DEB25;2002;1152;1324
DEB25;2003;1166;1400
DEB25;2004;1131;1334
DEB25;2005;1090;1380
DEB25;2006;1074;1359
DEB25;2007;1145;1391
DEB25;2008;1188;1436
DEB25;2009;1152;1405
DEB25;2010;1156;1394
DEB25;2011;1104;1420
DEB25;2012;1088;1410
DEB25;2013;1162;1542
DEB25;2014;1198;1476
DEB25;2015;1254;1592
DEB25;2016;1315;1554
DEB25;2017;1312;1552
DEB25;2018;1247;1597
DEB25;2019;1329;1623
DEB25;2020;1318;1712
DEB25;2021;1265;1627
DEB25;2022;1189;1818
DEB25;2023;1167;1704
DEB31;2000;461;467
DEB31;2001;383;481
DEB31;2002;393;495
DEB31;2003;366;500
DEB31;2004;400;500
DEB31;2005;360;500
DEB31;2006;327;496
DEB31;2007;380;498
DEB31;2008;364;513
DEB31;2009;343;503
DEB31;2010;410;516
DEB31;2011;379;515
DEB31;2012;371;509
DEB31;2013;419;526
DEB31;2014;459;561
DEB31;2015;450;579
DEB31;2016;544;597
DEB31;2017;501;586
DEB31;2018;523;612
DEB31;2019;495;587
DEB31;2020;491;590
DEB31;2021;503;635
DEB31;2022;463;689
DEB31;2023;424;598
DEB32;2000;863;1082
DEB32;2001;899;1123
DEB32;2002;788;1154
DEB32;2003;843;1168
DEB32;2004;800;1100
DEB32;2005;770;1030
DEB32;2006;763;1045
DEB32;2007;832;1165
DEB32;2008;810;1131
DEB32;2009;785;1142
DEB32;2010;784;1137
DEB32;2011;845;1189
DEB32;2012;821;1125
DEB32;2013;764;1132
DEB32;2014;852;1124
DEB32;2015;878;1135
DEB32;2016;972;1137
DEB32;2017;920;1181
DEB32;2018;1005;1211
DEB32;2019;1008;1255
DEB32;2020;1084;1198
DEB32;2021;1005;1272
DEB32;2022;957;1377
DEB32;2023;912;1249
DEB33;2000;413;443
DEB33;2001;384;435
DEB33;2002;346;430
DEB33;2003;358;451
DEB33;2004;400;400
DEB33;2005;380;450
DEB33;2006;339;423
DEB33;2007;368;436
DEB33;2008;374;440
DEB33;2009;371;480
DEB33;2010;376;453
DEB33;2011;362;443
DEB33;2012;378;429
DEB33;2013;347;446
DEB33;2014;352;448
DEB33;2015;402;494
DEB33;2016;466;476
DEB33;2017;458;503
DEB33;2018;398;496
DEB33;2019;410;475
DEB33;2020;412;491
DEB33;2021;426;547
DEB33;2022;392;535
DEB33;2023;440;558
DEB34;2000;1553;1671
DEB34;2001;1451;1679
DEB34;2002;1461;1662
DEB34;2003;1500;1700
DEB34;2004;1500;1600
DEB34;2005;1520;1630
DEB34;2006;1484;1612
DEB34;2007;1619;1583
DEB34;2008;1527;1670
DEB34;2009;1462;1644
DEB34;2010;1647;1603
DEB34;2011;1618;1666
DEB34;2012;1596;1685
DEB34;2013;1680;1738
DEB34;2014;1754;1620
DEB34;2015;1751;1789
DEB34;2016;1969;1753
DEB34;2017;1929;1887
DEB34;2018;1955;1887
DEB34;2019;1919;1857
DEB34;2020;1861;1872
DEB34;2021;1908;1976
DEB34;2022;1857;1964
DEB34;2023;1756;1903
DEB35;2000;1725;1695
DEB35;2001;1768;1772
DEB35;2002;1848;1758
DEB35;2003;1722;1800
DEB35;2004;1700;1700
DEB35;2005;1740;1770
DEB35;2006;1726;1628
DEB35;2007;1825;1648
DEB35;2008;1803;1744
DEB35;2009;1802;1714
DEB35;2010;1854;1752
DEB35;2011;1879;1657
DEB35;2012;1903;1825
DEB35;2013;1950;1845
DEB35;2014;2042;1742
DEB35;2015;2131;1875
DEB35;2016;2177;1785
DEB35;2017;2237;1937
DEB35;2018;2227;1946
DEB35;2019;2168;1850
DEB35;2020;2229;1937
DEB35;2021;2228;1912
DEB35;2022;2157;2158
DEB35;2023;2078;2036
DEB36;2000;513;598
DEB36;2001;444;577
DEB36;2002;464;608
DEB36;2003;456;600
DEB36;2004;457;571
DEB36;2005;450;600
DEB36;2006;417;599
DEB36;2007;413;613
DEB36;2008;413;619
DEB36;2009;359;539
DEB36;2010;464;571
DEB36;2011;394;594
DEB36;2012;398;650
DEB36;2013;450;625
DEB36;2014;470;613
DEB36;2015;441;653
DEB36;2016;543;628
DEB36;2017;528;667
DEB36;2018;489;692
DEB36;2019;448;727
DEB36;2020;499;710
DEB36;2021;499;748
DEB36;2022;506;821
DEB36;2023;413;769
DEB37;2000;373;687
DEB37;2001;352;695
DEB37;2002;366;748
DEB37;2003;351;700
DEB37;2004;324;632
DEB37;2005;290;690
DEB37;2006;319;634
DEB37;2007;338;648
DEB37;2008;323;653
DEB37;2009;322;674
DEB37;2010;294;623
DEB37;2011;309;661
DEB37;2012;321;630
DEB37;2013;293;714
DEB37;2014;299;640
DEB37;2015;347;634
DEB37;2016;349;676
DEB37;2017;330;676
DEB37;2018;365;705
DEB37;2019;353;680
DEB37;2020;359;697
DEB37;2021;327;752
DEB37;2022;361;762
DEB37;2023;341;683
DEB38;2000;499;558
DEB38;2001;469;608
DEB38;2002;470;560
DEB38;2003;458;551
DEB38;2004;400;531
DEB38;2005;450;560
DEB38;2006;414;521
DEB38;2007;407;555
DEB38;2008;436;570
DEB38;2009;427;596
DEB38;2010;427;585
DEB38;2011;449;605
DEB38;2012;441;586
DEB38;2013;478;640
DEB38;2014;397;566
DEB38;2015;451;588
DEB38;2016;480;619
DEB38;2017;496;665
DEB38;2018;465;621
DEB38;2019;457;640
DEB38;2020;457;695
DEB38;2021;478;659
DEB38;2022;477;742
DEB38;2023;454;670
DEB39;2000;795;913
DEB39;2001;747;890
DEB39;2002;739;828
DEB39;2003;759;944
DEB39;2004;722;839
DEB39;2005;770;850
DEB39;2006;741;855
DEB39;2007;755;874
DEB39;2008;798;896
DEB39;2009;645;920
DEB39;2010;712;891
DEB39;2011;719;866
DEB39;2012;750;899
DEB39;2013;755;918
DEB39;2014;780;874
DEB39;2015;836;922
DEB39;2016;909;877
DEB39;2017;875;957
DEB39;2018;916;983
DEB39;2019;848;967
DEB39;2020;837;948
DEB39;2021;838;955
DEB39;2022;818;1048
DEB39;2023;720;927
DEB3A;2000;345;439
DEB3A;2001;329;408
DEB3A;2002;288;443
DEB3A;2003;278;448
DEB3A;2004;275;379
DEB3A;2005;260;400
DEB3A;2006;270;454
DEB3A;2007;268;412
DEB3A;2008;275;389
DEB3A;2009;244;405
DEB3A;2010;235;413
DEB3A;2011;242;445
DEB3A;2012;268;426
DEB3A;2013;253;382
DEB3A;2014;273;434
DEB3A;2015;285;418
DEB3A;2016;286;426
DEB3A;2017;303;449
DEB3A;2018;283;473
DEB3A;2019;284;436
DEB3A;2020;286;423
DEB3A;2021;300;445
DEB3A;2022;287;522
DEB3A;2023;295;465
DEB3B;2000;1204;1193
DEB3B;2001;1201;1189
DEB3B;2002;1178;1141
DEB3B;2003;1100;1100
DEB3B;2004;1061;1147
DEB3B;2005;1000;1210
DEB3B;2006;1025;1175
DEB3B;2007;1030;1187
DEB3B;2008;971;1134
DEB3B;2009;980;1207
DEB3B;2010;943;1180
DEB3B;2011;950;1279
DEB3B;2012;1009;1243
DEB3B;2013;1045;1316
DEB3B;2014;1051;1228
DEB3B;2015;1117;1323
DEB3B;2016;1177;1229
DEB3B;2017;1206;1396
DEB3B;2018;1239;1325
DEB3B;2019;1150;1414
DEB3B;2020;1248;1366
DEB3B;2021;1299;1445
DEB3B;2022;1201;1471
DEB3B;2023;1156;1432
DEB3C;2000;1203;1440
DEB3C;2001;1141;1436
DEB3C;2002;1087;1511
DEB3C;2003;1079;1460
DEB3C;2004;1000;1354
DEB3C;2005;960;1450
DEB3C;2006;942;1444
DEB3C;2007;899;1488
DEB3C;2008;923;1408
DEB3C;2009;933;1536
DEB3C;2010;941;1522
DEB3C;2011;883;1587
DEB3C;2012;919;1561
DEB3C;2013;872;1627
DEB3C;2014;977;1489
DEB3C;2015;987;1649
DEB3C;2016;1112;1603
DEB3C;2017;1078;1626
DEB3C;2018;1109;1675
DEB3C;2019;1047;1703
DEB3C;2020;1060;1737
DEB3C;2021;1136;1806
DEB3C;2022;1080;1895
DEB3C;2023;1042;1805
DEB3D;2000;765;840
DEB3D;2001;707;812
DEB3D;2002;668;820
DEB3D;2003;700;843
DEB3D;2004;700;833
DEB3D;2005;660;830
DEB3D;2006;674;810
DEB3D;2007;606;791
DEB3D;2008;594;831
DEB3D;2009;590;875
DEB3D;2010;563;792
DEB3D;2011;585;811
DEB3D;2012;547;897
DEB3D;2013;559;880
DEB3D;2014;604;931
DEB3D;2015;582;965
DEB3D;2016;615;874
DEB3D;2017;681;879
DEB3D;2018;663;950
DEB3D;2019;639;908
DEB3D;2020;643;922
DEB3D;2021;652;1014
DEB3D;2022;603;1055
DEB3D;2023;553;955
DEB3E;2000;1175;1061
DEB3E;2001;1124;1062
DEB3E;2002;1136;1087
DEB3E;2003;1070;1157
DEB3E;2004;1053;1100
DEB3E;2005;1090;1100
DEB3E;2006;1037;1046
DEB3E;2007;1122;1101
DEB3E;2008;1082;1108
DEB3E;2009;1008;1150
DEB3E;2010;997;1136
DEB3E;2011;1000;1133
DEB3E;2012;1020;1183
DEB3E;2013;995;1197
DEB3E;2014;1126;1145
DEB3E;2015;1146;1263
DEB3E;2016;1194;1227
DEB3E;2017;1218;1230
DEB3E;2018;1249;1356
DEB3E;2019;1180;1365
DEB3E;2020;1207;1447
DEB3E;2021;1295;1435
DEB3E;2022;1173;1491
DEB3E;2023;1115;1423
DEB3F;2000;1028;1168
DEB3F;2001;1016;1189
DEB3F;2002;944;1174
DEB3F;2003;900;1254
DEB3F;2004;873;1200
DEB3F;2005;880;1250
DEB3F;2006;817;1141
DEB3F;2007;837;1133
DEB3F;2008;840;1207
DEB3F;2009;799;1173
DEB3F;2010;812;1192
DEB3F;2011;798;1182
DEB3F;2012;821;1164
DEB3F;2013;821;1187
DEB3F;2014;821;1107
DEB3F;2015;953;1243
DEB3F;2016;1065;1125
DEB3F;2017;1064;1213
DEB3F;2018;1191;1241
DEB3F;2019;1184;1183
DEB3F;2020;1233;1241
DEB3F;2021;1289;1254
DEB3F;2022;1248;1395
DEB3F;2023;1101;1295
DEB3G;2000;656;885
DEB3G;2001;640;904
DEB3G;2002;604;957
DEB3G;2003;600;949
DEB3G;2004;552;936
DEB3G;2005;590;900
DEB3G;2006;511;899
DEB3G;2007;508;921
DEB3G;2008;532;969
DEB3G;2009;514;903
DEB3G;2010;522;928
DEB3G;2011;461;889
DEB3G;2012;500;980
DEB3G;2013;511;985
DEB3G;2014;497;877
DEB3G;2015;542;961
DEB3G;2016;542;883
DEB3G;2017;606;907
DEB3G;2018;643;996
DEB3G;2019;623;919
DEB3G;2020;621;1025
DEB3G;2021;652;975
DEB3G;2022;650;1100
DEB3G;2023;623;994
DEB3H;2000;961;1094
DEB3H;2001;908;1030
DEB3H;2002;890;989
DEB3H;2003;800;1078
DEB3H;2004;877;1061
DEB3H;2005;790;1120
DEB3H;2006;799;1103
DEB3H;2007;802;1119
DEB3H;2008;795;1075
DEB3H;2009;770;1152
DEB3H;2010;741;1123
DEB3H;2011;788;1157
DEB3H;2012;750;1123
DEB3H;2013;841;1177
DEB3H;2014;840;1143
DEB3H;2015;901;1233
DEB3H;2016;897;1197
DEB3H;2017;952;1259
DEB3H;2018;887;1286
DEB3H;2019;866;1200
DEB3H;2020;901;1308
DEB3H;2021;982;1299
DEB3H;2022;847;1379
DEB3H;2023;791;1346
DEB3I;2000;1304;1324
DEB3I;2001;1165;1343
DEB3I;2002;1128;1398
DEB3I;2003;1069;1474
DEB3I;2004;1043;1300
DEB3I;2005;1040;1460
DEB3I;2006;996;1403
DEB3I;2007;1067;1433
DEB3I;2008;1065;1469
DEB3I;2009;1037;1554
DEB3I;2010;1061;1458
DEB3I;2011;1076;1489
DEB3I;2012;1088;1553
DEB3I;2013;1180;1541
DEB3I;2014;1275;1552
DEB3I;2015;1309;1674
DEB3I;2016;1446;1574
DEB3I;2017;1438;1685
DEB3I;2018;1424;1709
DEB3I;2019;1379;1760
DEB3I;2020;1438;1919
DEB3I;2021;1474;1893
DEB3I;2022;1420;2070
DEB3I;2023;1219;1934
DEB3J;2000;1866;1654
DEB3J;2001;1746;1715
DEB3J;2002;1787;1711
DEB3J;2003;1800;1741
DEB3J;2004;1671;1545
DEB3J;2005;1770;1670
DEB3J;2006;1660;1665
DEB3J;2007;1721;1680
DEB3J;2008;1666;1840
DEB3J;2009;1554;1779
DEB3J;2010;1706;1871
DEB3J;2011;1579;1813
DEB3J;2012;1563;1766
DEB3J;2013;1583;1929
DEB3J;2014;1782;1868
DEB3J;2015;1847;2057
DEB3J;2016;1857;1936
DEB3J;2017;1880;2011
DEB3J;2018;1884;2068
DEB3J;2019;1910;2070
DEB3J;2020;1808;2198
DEB3J;2021;1943;2252
DEB3J;2022;1768;2345
DEB3J;2023;1668;2393
DEB3K;2000;838;1124
DEB3K;2001;825;1052
DEB3K;2002;732;1078
DEB3K;2003;728;1073
DEB3K;2004;700;1055
DEB3K;2005;650;1130
DEB3K;2006;669;1030
DEB3K;2007;657;1057
DEB3K;2008;622;1125
DEB3K;2009;589;1041
DEB3K;2010;619;1093
DEB3K;2011;645;1104
DEB3K;2012;609;1202
DEB3K;2013;640;1156
DEB3K;2014;640;1154
DEB3K;2015;725;1169
DEB3K;2016;722;1273
DEB3K;2017;716;1219
DEB3K;2018;690;1239
DEB3K;2019;689;1305
DEB3K;2020;752;1282
DEB3K;2021;767;1288
DEB3K;2022;708;1425
DEB3K;2023;697;1343
DEC01;2000;2920;4146
DEC01;2001;2719;4360
DEC01;2002;2546;4305
DEC01;2003;2576;4546
DEC01;2004;2600;4100
DEC01;2005;2560;4150
DEC01;2006;2434;4171
DEC01;2007;2452;4140
DEC01;2008;2404;4307
DEC01;2009;2388;4131
DEC01;2010;2496;4134
DEC01;2011;2484;4060
DEC01;2012;2371;4031
DEC01;2013;2471;4228
DEC01;2014;2500;4155
DEC01;2015;2647;4480
DEC01;2016;2907;4123
DEC01;2017;3017;4340
DEC01;2018;2985;4442
DEC01;2019;2853;4354
DEC01;2020;2950;4532
DEC01;2021;2932;4600
DEC01;2022;2769;4989
DEC01;2023;2759;4796
DEC02;2000;975;1217
DEC02;2001;905;1118
DEC02;2002;934;1207
DEC02;2003;800;1200
DEC02;2004;800;1167
DEC02;2005;830;1270
DEC02;2006;747;1196
DEC02;2007;718;1243
DEC02;2008;764;1237
DEC02;2009;703;1269
DEC02;2010;727;1253
DEC02;2011;798;1214
DEC02;2012;699;1176
DEC02;2013;700;1284
DEC02;2014;685;1234
DEC02;2015;716;1385
DEC02;2016;831;1364
DEC02;2017;789;1341
DEC02;2018;781;1348
DEC02;2019;737;1349
DEC02;2020;801;1377
DEC02;2021;788;1485
DEC02;2022;790;1655
DEC02;2023;743;1496
DEC03;2000;1194;1807
DEC03;2001;1032;1809
DEC03;2002;1024;1687
DEC03;2003;1000;1800
DEC03;2004;1000;1664
DEC03;2005;970;1740
DEC03;2006;957;1749
DEC03;2007;947;1708
DEC03;2008;952;1835
DEC03;2009;886;1792
DEC03;2010;878;1820
DEC03;2011;922;1713
DEC03;2012;875;1771
DEC03;2013;852;1782
DEC03;2014;971;1756
DEC03;2015;937;1915
DEC03;2016;1149;1855
DEC03;2017;1100;1851
DEC03;2018;1055;2050
DEC03;2019;1072;1940
DEC03;2020;1078;1936
DEC03;2021;1148;2042
DEC03;2022;1030;2112
DEC03;2023;991;2028
DEC04;2000;1697;2323
DEC04;2001;1694;2291
DEC04;2002;1557;2384
DEC04;2003;1529;2400
DEC04;2004;1533;2300
DEC04;2005;1430;2340
DEC04;2006;1484;2395
DEC04;2007;1507;2413
DEC04;2008;1375;2392
DEC04;2009;1357;2429
DEC04;2010;1429;2359
DEC04;2011;1385;2446
DEC04;2012;1401;2411
DEC04;2013;1364;2507
DEC04;2014;1541;2482
DEC04;2015;1528;2592
DEC04;2016;1606;2558
DEC04;2017;1641;2572
DEC04;2018;1549;2769
DEC04;2019;1663;2725
DEC04;2020;1599;2628
DEC04;2021;1633;2771
DEC04;2022;1550;3003
DEC04;2023;1514;2814
DEC05;2000;1257;1728
DEC05;2001;1171;1733
DEC05;2002;1115;1720
DEC05;2003;1036;1800
DEC05;2004;1038;1744
DEC05;2005;1060;1700
DEC05;2006;1003;1751
DEC05;2007;1041;1761
DEC05;2008;1060;1721
DEC05;2009;1006;1835
DEC05;2010;965;1667
DEC05;2011;965;1761
DEC05;2012;979;1807
DEC05;2013;935;1915
DEC05;2014;1038;1791
DEC05;2015;1107;1906
DEC05;2016;1090;1868
DEC05;2017;1138;1978
DEC05;2018;1161;2042
DEC05;2019;1019;1989
DEC05;2020;1100;2008
DEC05;2021;1167;2075
DEC05;2022;1050;2252
DEC05;2023;1137;2130
DEC06;2000;740;1090
DEC06;2001;675;1005
DEC06;2002;703;1068
DEC06;2003;647;1075
DEC06;2004;676;1027
DEC06;2005;620;1110
DEC06;2006;597;1034
DEC06;2007;609;1062
DEC06;2008;603;1055
DEC06;2009;587;1132
DEC06;2010;571;1063
DEC06;2011;534;1137
DEC06;2012;553;1094
DEC06;2013;526;1109
DEC06;2014;593;1111
DEC06;2015;576;1149
DEC06;2016;632;1129
DEC06;2017;628;1193
DEC06;2018;618;1221
DEC06;2019;662;1198
DEC06;2020;627;1303
DEC06;2021;671;1303
DEC06;2022;625;1398
DEC06;2023;625;1296
DED21;2000;4250;4689
DED21;2001;4129;4665
DED21;2002;4113;4930
DED21;2003;4500;4835
DED21;2004;4600;4673
DED21;2005;4720;4800
DED21;2006;4862;4658
DED21;2007;5307;4778
DED21;2008;5507;4775
DED21;2009;5609;5033
DED21;2010;5819;4903
DED21;2011;5907;4772
DED21;2012;6007;5040
DED21;2013;6072;5273
DED21;2014;6300;4995
DED21;2015;6222;5484
DED21;2016;6467;5135
DED21;2017;6358;5359
DED21;2018;6095;5568
DED21;2019;5867;5563
DED21;2020;5697;6165
DED21;2021;5573;6439
DED21;2022;4734;6082
DED21;2023;4285;6028
DED2C;2000;2728;3815
DED2C;2001;2623;3817
DED2C;2002;2561;3792
DED2C;2003;2489;3921
DED2C;2004;2597;3534
DED2C;2005;2500;3725
DED2C;2006;2528;3603
DED2C;2007;2617;3783
DED2C;2008;2533;3718
DED2C;2009;2490;3871
DED2C;2010;2526;3933
DED2C;2011;2482;3841
DED2C;2012;2503;4007
DED2C;2013;2436;4083
DED2C;2014;2519;3978
DED2C;2015;2517;4158
DED2C;2016;2632;4204
DED2C;2017;2468;4203
DED2C;2018;2388;4401
DED2C;2019;2298;4237
DED2C;2020;2150;4909
DED2C;2021;2189;5077
DED2C;2022;1989;4623
DED2C;2023;1765;4469
DED2D;2000;2327;3684
DED2D;2001;2160;3657
DED2D;2002;2068;3654
DED2D;2003;2145;3901
DED2D;2004;2169;3646
DED2D;2005;2065;3707
DED2D;2006;2069;3696
DED2D;2007;2116;3687
DED2D;2008;2058;3699
DED2D;2009;2092;3777
DED2D;2010;2050;3947
DED2D;2011;1945;3816
DED2D;2012;1889;3924
DED2D;2013;1926;3915
DED2D;2014;1997;3849
DED2D;2015;1896;4064
DED2D;2016;2017;3935
DED2D;2017;1932;4065
DED2D;2018;1805;4091
DED2D;2019;1747;4019
DED2D;2020;1684;4806
DED2D;2021;1701;4812
DED2D;2022;1538;4273
DED2D;2023;1351;4168
DED2E;2000;2040;2966
DED2E;2001;1959;2862
DED2E;2002;1970;2916
DED2E;2003;2027;3005
DED2E;2004;2009;2977
DED2E;2005;1970;2850
DED2E;2006;1890;2937
DED2E;2007;1972;2931
DED2E;2008;1932;2863
DED2E;2009;1944;2985
DED2E;2010;2008;3012
DED2E;2011;1950;3051
DED2E;2012;1962;3092
DED2E;2013;1911;3152
DED2E;2014;1962;3003
DED2E;2015;1996;3220
DED2E;2016;2027;3160
DED2E;2017;1889;3223
DED2E;2018;1901;3361
DED2E;2019;1859;3338
DED2E;2020;1688;3916
DED2E;2021;1624;3938
DED2E;2022;1497;3685
DED2E;2023;1349;3555
DED2F;2000;2033;3008
DED2F;2001;1948;2930
DED2F;2002;1991;3064
DED2F;2003;1958;2939
DED2F;2004;2117;2853
DED2F;2005;1927;2996
DED2F;2006;1899;2867
DED2F;2007;2048;2888
DED2F;2008;1996;3022
DED2F;2009;2010;3070
DED2F;2010;2042;3128
DED2F;2011;1982;3098
DED2F;2012;2042;3081
DED2F;2013;2039;3129
DED2F;2014;2035;3146
DED2F;2015;2026;3482
DED2F;2016;2109;3386
DED2F;2017;2097;3505
DED2F;2018;2048;3370
DED2F;2019;1942;3367
DED2F;2020;1802;4127
DED2F;2021;1703;3936
DED2F;2022;1552;3618
DED2F;2023;1348;3530
DED41;2000;1873;3130
DED41;2001;1835;3012
DED41;2002;1808;3065
DED41;2003;1778;3100
DED41;2004;1800;2978
DED41;2005;1790;2920
DED41;2006;1845;3047
DED41;2007;1887;3070
DED41;2008;1955;3068
DED41;2009;1917;3175
DED41;2010;2051;3170
DED41;2011;2021;3224
DED41;2012;2080;3197
DED41;2013;2121;3364
DED41;2014;2091;3250
DED41;2015;2348;3392
DED41;2016;2321;3282
DED41;2017;2458;3452
DED41;2018;2320;3467
DED41;2019;2233;3520
DED41;2020;2185;3925
DED41;2021;2061;4028
DED41;2022;1880;3759
DED41;2023;1763;3729
DED42;2000;3004;5018
DED42;2001;2933;4969
DED42;2002;2804;4974
DED42;2003;2826;5151
DED42;2004;3003;4889
DED42;2005;2958;4761
DED42;2006;2902;4674
DED42;2007;2872;4815
DED42;2008;2927;4843
DED42;2009;2853;4833
DED42;2010;2888;4906
DED42;2011;2747;4938
DED42;2012;2723;4830
DED42;2013;2676;5162
DED42;2014;2652;4960
DED42;2015;2693;5092
DED42;2016;2779;5070
DED42;2017;2588;4993
DED42;2018;2540;5196
DED42;2019;2394;5185
DED42;2020;2314;5902
DED42;2021;2268;6129
DED42;2022;2079;5516
DED42;2023;1828;5300
DED43;2000;2591;4196
DED43;2001;2556;4024
DED43;2002;2497;4084
DED43;2003;2508;4272
DED43;2004;2417;4029
DED43;2005;2399;4184
DED43;2006;2465;3972
DED43;2007;2491;4115
DED43;2008;2540;4130
DED43;2009;2474;4187
DED43;2010;2486;4280
DED43;2011;2455;4324
DED43;2012;2482;4369
DED43;2013;2456;4385
DED43;2014;2446;4180
DED43;2015;2452;4496
DED43;2016;2580;4342
DED43;2017;2442;4606
DED43;2018;2289;4705
DED43;2019;2269;4405
DED43;2020;2187;5152
DED43;2021;2189;5301
DED43;2022;1941;4789
DED43;2023;1725;4685
DED44;2000;1954;3741
DED44;2001;1818;3597
DED44;2002;1784;3703
DED44;2003;1780;3666
DED44;2004;1794;3578
DED44;2005;1784;3560
DED44;2006;1795;3391
DED44;2007;1782;3478
DED44;2008;1721;3458
DED44;2009;1716;3587
DED44;2010;1652;3393
DED44;2011;1648;3463
DED44;2012;1691;3510
DED44;2013;1570;3504
DED44;2014;1669;3391
DED44;2015;1740;3643
DED44;2016;1814;3624
DED44;2017;1666;3706
DED44;2018;1647;3735
DED44;2019;1552;3734
DED44;2020;1493;4067
DED44;2021;1508;4552
DED44;2022;1352;4038
DED44;2023;1236;3871
DED45;2000;2726;4975
DED45;2001;2587;4726
DED45;2002;2488;4828
DED45;2003;2594;4844
DED45;2004;2669;4531
DED45;2005;2536;4519
DED45;2006;2463;4604
DED45;2007;2494;4668
DED45;2008;2533;4630
DED45;2009;2470;4713
DED45;2010;2652;4598
DED45;2011;2441;4771
DED45;2012;2374;4706
DED45;2013;2444;5028
DED45;2014;2601;4795
DED45;2015;2493;5179
DED45;2016;2548;5048
DED45;2017;2577;4963
DED45;2018;2428;5324
DED45;2019;2338;5089
DED45;2020;2182;5870
DED45;2021;2175;6013
DED45;2022;2127;5544
DED45;2023;1780;5292
DED51;2000;3802;5478
DED51;2001;3773;5382
DED51;2002;3844;5428
DED51;2003;3951;5500
DED51;2004;4274;5200
DED51;2005;4310;5530
DED51;2006;4410;5422
DED51;2007;4736;5400
DED51;2008;5094;5359
DED51;2009;5018;5500
DED51;2010;5414;5788
DED51;2011;5490;5667
DED51;2012;5629;5751
DED51;2013;5860;5933
DED51;2014;6253;5853
DED51;2015;6598;6136
DED51;2016;6983;6088
DED51;2017;6798;6313
DED51;2018;6756;6490
DED51;2019;6499;6250
DED51;2020;6476;6609
DED51;2021;6315;6930
DED51;2022;5671;7272
DED51;2023;5033;6891
DED52;2000;2098;3252
DED52;2001;1982;3253
DED52;2002;1953;3194
DED52;2003;1905;3155
DED52;2004;1947;3010
DED52;2005;2065;3126
DED52;2006;1913;2974
DED52;2007;1935;3070
DED52;2008;2025;3003
DED52;2009;1972;3116
DED52;2010;2011;3263
DED52;2011;1933;3162
DED52;2012;1865;3282
DED52;2013;1859;3359
DED52;2014;1923;3259
DED52;2015;1964;3475
DED52;2016;2059;3356
DED52;2017;2023;3517
DED52;2018;2054;3753
DED52;2019;1904;3500
DED52;2020;2003;3647
DED52;2021;1890;4136
DED52;2022;1652;3886
DED52;2023;1537;3724
DED53;2000;1713;2476
DED53;2001;1640;2350
DED53;2002;1637;2464
DED53;2003;1629;2373
DED53;2004;1651;2370
DED53;2005;1549;2223
DED53;2006;1515;2383
DED53;2007;1601;2386
DED53;2008;1590;2429
DED53;2009;1528;2518
DED53;2010;1492;2588
DED53;2011;1422;2501
DED53;2012;1439;2526
DED53;2013;1430;2649
DED53;2014;1487;2500
DED53;2015;1521;2646
DED53;2016;1605;2700
DED53;2017;1538;2784
DED53;2018;1619;2829
DED53;2019;1589;2739
DED53;2020;1522;2997
DED53;2021;1352;3082
DED53;2022;1319;2981
DED53;2023;1194;2859
DEE01;2000;662;1113
DEE01;2001;599;1218
DEE01;2002;592;1164
DEE01;2003;575;1065
DEE01;2004;576;1117
DEE01;2005;566;1102
DEE01;2006;607;1134
DEE01;2007;602;1152
DEE01;2008;588;1180
DEE01;2009;595;1156
DEE01;2010;604;1193
DEE01;2011;575;1231
DEE01;2012;587;1215
DEE01;2013;566;1248
DEE01;2014;558;1236
DEE01;2015;590;1287
DEE01;2016;630;1334
DEE01;2017;647;1382
DEE01;2018;539;1347
DEE01;2019;551;1436
DEE01;2020;514;1379
DEE01;2021;536;1578
DEE01;2022;488;1545
DEE01;2023;498;1479
DEE02;2000;2095;2766
DEE02;2001;1974;2647
DEE02;2002;1913;2684
DEE02;2003;1941;2716
DEE02;2004;2041;2611
DEE02;2005;1991;2713
DEE02;2006;1988;2644
DEE02;2007;2087;2742
DEE02;2008;2105;2772
DEE02;2009;2203;2863
DEE02;2010;2185;2926
DEE02;2011;2106;2830
DEE02;2012;2106;2813
DEE02;2013;2064;3034
DEE02;2014;2179;2873
DEE02;2015;2211;3092
DEE02;2016;2287;2908
DEE02;2017;2391;3078
DEE02;2018;2549;3090
DEE02;2019;2291;2800
DEE02;2020;2188;3137
DEE02;2021;2137;3417
DEE02;2022;1882;3387
DEE02;2023;1897;3278
DEE03;2000;1688;2673
DEE03;2001;1638;2616
DEE03;2002;1651;2671
DEE03;2003;1582;2548
DEE03;2004;1712;2595
DEE03;2005;1763;2502
DEE03;2006;1789;2437
DEE03;2007;1854;2641
DEE03;2008;2041;2590
DEE03;2009;1900;2669
DEE03;2010;2039;2722
DEE03;2011;2043;2629
DEE03;2012;2137;2657
DEE03;2013;2124;2820
DEE03;2014;2125;2824
DEE03;2015;2198;2919
DEE03;2016;2401;2981
DEE03;2017;2310;3003
DEE03;2018;2347;3236
DEE03;2019;2242;3079
DEE03;2020;2132;3191
DEE03;2021;2100;3341
DEE03;2022;1999;3649
DEE03;2023;1787;3510
DEE04;2000;764;1077
DEE04;2001;763;1069
DEE04;2002;726;1117
DEE04;2003;690;1139
DEE04;2004;715;1135
DEE04;2005;724;1082
DEE04;2006;705;1080
DEE04;2007;695;1061
DEE04;2008;693;1052
DEE04;2009;662;1115
DEE04;2010;711;1123
DEE04;2011;660;1073
DEE04;2012;621;1110
DEE04;2013;646;1129
DEE04;2014;724;1131
DEE04;2015;719;1150
DEE04;2016;706;1114
DEE04;2017;661;1192
DEE04;2018;636;1180
DEE04;2019;662;1109
DEE04;2020;564;1168
DEE04;2021;571;1287
DEE04;2022;548;1276
DEE04;2023;526;1322
DEE05;2000;1448;2516
DEE05;2001;1375;2412
DEE05;2002;1293;2390
DEE05;2003;1253;2360
DEE05;2004;1248;2265
DEE05;2005;1199;2328
DEE05;2006;1220;2333
DEE05;2007;1250;2312
DEE05;2008;1221;2464
DEE05;2009;1212;2516
DEE05;2010;1245;2460
DEE05;2011;1167;2393
DEE05;2012;1141;2415
DEE05;2013;1143;2497
DEE05;2014;1167;2452
DEE05;2015;1211;2548
DEE05;2016;1199;2440
DEE05;2017;1251;2665
DEE05;2018;1105;2567
DEE05;2019;1077;2447
DEE05;2020;1043;2568
DEE05;2021;1056;2948
DEE05;2022;994;2969
DEE05;2023;890;2681
DEE06;2000;795;1226
DEE06;2001;767;1182
DEE06;2002;764;1211
DEE06;2003;707;1225
DEE06;2004;697;1180
DEE06;2005;702;1251
DEE06;2006;671;1270
DEE06;2007;674;1227
DEE06;2008;721;1319
DEE06;2009;655;1261
DEE06;2010;675;1359
DEE06;2011;624;1234
DEE06;2012;648;1219
DEE06;2013;687;1318
DEE06;2014;666;1243
DEE06;2015;699;1306
DEE06;2016;718;1271
DEE06;2017;730;1328
DEE06;2018;701;1404
DEE06;2019;649;1371
DEE06;2020;643;1434
DEE06;2021;622;1441
DEE06;2022;556;1511
DEE06;2023;485;1419
DEE07;2000;1507;2211
DEE07;2001;1401;2198
DEE07;2002;1340;2200
DEE07;2003;1300;2187
DEE07;2004;1355;2123
DEE07;2005;1370;2079
DEE07;2006;1350;2095
DEE07;2007;1413;2143
DEE07;2008;1417;2140
DEE07;2009;1308;2207
DEE07;2010;1296;2135
DEE07;2011;1333;2126
DEE07;2012;1383;2118
DEE07;2013;1342;2132
DEE07;2014;1315;2080
DEE07;2015;1405;2291
DEE07;2016;1432;2132
DEE07;2017;1350;2235
DEE07;2018;1272;2287
DEE07;2019;1277;2293
DEE07;2020;1258;2420
DEE07;2021;1261;2548
DEE07;2022;1095;2564
DEE07;2023;1043;2566
DEE08;2000;1509;2757
DEE08;2001;1488;2702
DEE08;2002;1425;2673
DEE08;2003;1370;2809
DEE08;2004;1445;2647
DEE08;2005;1405;2665
DEE08;2006;1354;2579
DEE08;2007;1340;2603
DEE08;2008;1400;2607
DEE08;2009;1323;2764
DEE08;2010;1313;2804
DEE08;2011;1231;2758
DEE08;2012;1306;2611
DEE08;2013;1317;2741
DEE08;2014;1313;2682
DEE08;2015;1407;2815
DEE08;2016;1437;2658
DEE08;2017;1297;2919
DEE08;2018;1416;2870
DEE08;2019;1252;2836
DEE08;2020;1216;2901
DEE08;2021;1268;3443
DEE08;2022;1116;3106
DEE08;2023;973;3107
DEE09;2000;1887;2963
DEE09;2001;1819;2877
DEE09;2002;1812;3035
DEE09;2003;1677;3084
DEE09;2004;1653;2944
DEE09;2005;1750;3106
DEE09;2006;1548;3104
DEE09;2007;1682;3120
DEE09;2008;1628;3212
DEE09;2009;1617;3215
DEE09;2010;1518;3150
DEE09;2011;1513;3194
DEE09;2012;1587;3189
DEE09;2013;1526;3330
DEE09;2014;1555;3362
DEE09;2015;1574;3474
DEE09;2016;1545;3361
DEE09;2017;1594;3411
DEE09;2018;1519;3490
DEE09;2019;1472;3499
DEE09;2020;1432;3554
DEE09;2021;1434;3819
DEE09;2022;1272;4023
DEE09;2023;1142;3761
DEE0A;2000;1196;2166
DEE0A;2001;1098;2038
DEE0A;2002;1134;2196
DEE0A;2003;1065;2146
DEE0A;2004;983;2009
DEE0A;2005;1013;2056
DEE0A;2006;1067;2105
DEE0A;2007;977;2004
DEE0A;2008;1041;2072
DEE0A;2009;946;2108
DEE0A;2010;1017;2144
DEE0A;2011;943;1993
DEE0A;2012;957;2135
DEE0A;2013;954;2119
DEE0A;2014;957;2112
DEE0A;2015;942;2184
DEE0A;2016;977;2220
DEE0A;2017;891;2227
DEE0A;2018;869;2295
DEE0A;2019;848;2145
DEE0A;2020;830;2297
DEE0A;2021;831;2715
DEE0A;2022;761;2529
DEE0A;2023;714;2373
DEE0B;2000;1418;2440
DEE0B;2001;1492;2323
DEE0B;2002;1417;2377
DEE0B;2003;1428;2197
DEE0B;2004;1492;2181
DEE0B;2005;1394;2161
DEE0B;2006;1392;2240
DEE0B;2007;1483;2225
DEE0B;2008;1520;2284
DEE0B;2009;1497;2271
DEE0B;2010;1443;2336
DEE0B;2011;1423;2269
DEE0B;2012;1357;2335
DEE0B;2013;1344;2376
DEE0B;2014;1373;2414
DEE0B;2015;1373;2521
DEE0B;2016;1505;2450
DEE0B;2017;1466;2559
DEE0B;2018;1377;2650
DEE0B;2019;1320;2474
DEE0B;2020;1336;2685
DEE0B;2021;1305;2903
DEE0B;2022;1214;2865
DEE0B;2023;1140;2769
DEE0C;2000;1637;2902
DEE0C;2001;1582;2958
DEE0C;2002;1580;3142
DEE0C;2003;1454;2905
DEE0C;2004;1533;2973
DEE0C;2005;1485;2922
DEE0C;2006;1440;2911
DEE0C;2007;1491;2934
DEE0C;2008;1514;3001
DEE0C;2009;1395;2989
DEE0C;2010;1434;2959
DEE0C;2011;1388;3038
DEE0C;2012;1370;3055
DEE0C;2013;1425;3205
DEE0C;2014;1420;3020
DEE0C;2015;1388;3157
DEE0C;2016;1483;3076
DEE0C;2017;1439;3287
DEE0C;2018;1348;3332
DEE0C;2019;1275;3237
DEE0C;2020;1292;3222
DEE0C;2021;1276;3624
DEE0C;2022;1152;3563
DEE0C;2023;1057;3367
DEE0D;2000;1074;1506
DEE0D;2001;1002;1522
DEE0D;2002;1010;1565
DEE0D;2003;949;1501
DEE0D;2004;933;1469
DEE0D;2005;899;1537
DEE0D;2006;903;1517
DEE0D;2007;921;1459
DEE0D;2008;912;1475
DEE0D;2009;922;1504
DEE0D;2010;916;1641
DEE0D;2011;907;1579
DEE0D;2012;824;1643
DEE0D;2013;828;1578
DEE0D;2014;848;1545
DEE0D;2015;824;1673
DEE0D;2016;885;1655
DEE0D;2017;901;1644
DEE0D;2018;810;1727
DEE0D;2019;863;1650
DEE0D;2020;810;1717
DEE0D;2021;777;1953
DEE0D;2022;680;2023
DEE0D;2023;682;1817
DEE0E;2000;1043;1859
DEE0E;2001;1075;1859
DEE0E;2002;960;1734
DEE0E;2003;898;1750
DEE0E;2004;954;1759
DEE0E;2005;905;1773
DEE0E;2006;893;1702
DEE0E;2007;918;1769
DEE0E;2008;896;1737
DEE0E;2009;909;1842
DEE0E;2010;904;1777
DEE0E;2011;924;1836
DEE0E;2012;864;1806
DEE0E;2013;831;1858
DEE0E;2014;864;1856
DEE0E;2015;874;1952
DEE0E;2016;887;1853
DEE0E;2017;909;1865
DEE0E;2018;922;2010
DEE0E;2019;839;1923
DEE0E;2020;855;2131
DEE0E;2021;850;2272
DEE0E;2022;749;2271
DEE0E;2023;716;2128
DEF01;2000;851;981
DEF01;2001;819;987
DEF01;2002;790;955
DEF01;2003;700;1000
DEF01;2004;765;973
DEF01;2005;780;960
DEF01;2006;766;913
DEF01;2007;824;958
DEF01;2008;748;948
DEF01;2009;805;956
DEF01;2010;839;933
DEF01;2011;763;952
DEF01;2012;855;982
DEF01;2013;764;1057
DEF01;2014;743;1045
DEF01;2015;857;1064
DEF01;2016;930;1047
DEF01;2017;886;1034
DEF01;2018;916;1067
DEF01;2019;992;1059
DEF01;2020;905;1065
DEF01;2021;895;1110
DEF01;2022;814;1200
DEF01;2023;859;1165
DEF02;2000;2288;2703
DEF02;2001;2118;2579
DEF02;2002;2224;2537
DEF02;2003;2000;2347
DEF02;2004;2100;2467
DEF02;2005;2090;2410
DEF02;2006;2150;2453
DEF02;2007;2121;2330
DEF02;2008;2188;2393
DEF02;2009;2125;2443
DEF02;2010;2264;2455
DEF02;2011;2202;2318
DEF02;2012;2243;2421
DEF02;2013;2255;2483
DEF02;2014;2356;2437
DEF02;2015;2492;2443
DEF02;2016;2592;2584
DEF02;2017;2508;2481
DEF02;2018;2480;2584
DEF02;2019;2464;2577
DEF02;2020;2406;2574
DEF02;2021;2435;2712
DEF02;2022;2272;2996
DEF02;2023;2059;2758
DEF03;2000;2060;2629
DEF03;2001;1947;2632
DEF03;2002;1823;2631
DEF03;2003;1829;2729
DEF03;2004;1855;2662
DEF03;2005;1790;2570
DEF03;2006;1824;2505
DEF03;2007;1819;2596
DEF03;2008;1812;2603
DEF03;2009;1767;2623
DEF03;2010;1800;2651
DEF03;2011;1677;2697
DEF03;2012;1798;2634
DEF03;2013;1766;2796
DEF03;2014;1876;2605
DEF03;2015;1887;2860
DEF03;2016;2039;2774
DEF03;2017;1976;2752
DEF03;2018;1971;2934
DEF03;2019;1881;2842
DEF03;2020;1828;2811
DEF03;2021;1814;2909
DEF03;2022;1767;3224
DEF03;2023;1666;3166
DEF04;2000;892;1002
DEF04;2001;793;935
DEF04;2002;703;946
DEF04;2003;700;979
DEF04;2004;725;968
DEF04;2005;660;920
DEF04;2006;712;891
DEF04;2007;678;902
DEF04;2008;710;951
DEF04;2009;682;968
DEF04;2010;694;991
DEF04;2011;606;921
DEF04;2012;592;895
DEF04;2013;636;951
DEF04;2014;618;974
DEF04;2015;629;1014
DEF04;2016;702;1005
DEF04;2017;710;1141
DEF04;2018;687;1108
DEF04;2019;756;1013
DEF04;2020;680;1093
DEF04;2021;749;1080
DEF04;2022;676;1244
DEF04;2023;686;1213
DEF05;2000;1423;1502
DEF05;2001;1242;1423
DEF05;2002;1208;1547
DEF05;2003;1300;1659
DEF05;2004;1138;1529
DEF05;2005;1120;1510
DEF05;2006;1066;1603
DEF05;2007;1081;1580
DEF05;2008;1013;1656
DEF05;2009;1028;1676
DEF05;2010;1059;1638
DEF05;2011;948;1714
DEF05;2012;939;1644
DEF05;2013;948;1758
DEF05;2014;1018;1682
DEF05;2015;960;1845
DEF05;2016;1093;1717
DEF05;2017;1069;1778
DEF05;2018;1036;1920
DEF05;2019;1041;1835
DEF05;2020;1037;1766
DEF05;2021;1040;1851
DEF05;2022;1027;2061
DEF05;2023;1021;2072
DEF06;2000;1737;1904
DEF06;2001;1719;1822
DEF06;2002;1712;1996
DEF06;2003;1600;2100
DEF06;2004;1670;1936
DEF06;2005;1600;1970
DEF06;2006;1531;1939
DEF06;2007;1537;1985
DEF06;2008;1503;2006
DEF06;2009;1389;2001
DEF06;2010;1476;2106
DEF06;2011;1344;1972
DEF06;2012;1488;2052
DEF06;2013;1475;2135
DEF06;2014;1587;2110
DEF06;2015;1598;2264
DEF06;2016;1868;2213
DEF06;2017;1779;2368
DEF06;2018;1828;2335
DEF06;2019;1666;2381
DEF06;2020;1706;2352
DEF06;2021;1791;2427
DEF06;2022;1685;2701
DEF06;2023;1549;2563
DEF07;2000;1621;1718
DEF07;2001;1622;1726
DEF07;2002;1590;1740
DEF07;2003;1527;1754
DEF07;2004;1500;1700
DEF07;2005;1340;1770
DEF07;2006;1352;1714
DEF07;2007;1312;1815
DEF07;2008;1254;1755
DEF07;2009;1185;1814
DEF07;2010;1192;1893
DEF07;2011;1122;1842
DEF07;2012;1194;1817
DEF07;2013;1119;1952
DEF07;2014;1218;1871
DEF07;2015;1251;1985
DEF07;2016;1388;1970
DEF07;2017;1343;1944
DEF07;2018;1339;2118
DEF07;2019;1277;2130
DEF07;2020;1328;2062
DEF07;2021;1441;2178
DEF07;2022;1327;2392
DEF07;2023;1183;2354
DEF08;2000;1683;2252
DEF08;2001;1588;2262
DEF08;2002;1606;2291
DEF08;2003;1550;2431
DEF08;2004;1531;2300
DEF08;2005;1440;2410
DEF08;2006;1382;2417
DEF08;2007;1405;2461
DEF08;2008;1333;2424
DEF08;2009;1302;2466
DEF08;2010;1319;2450
DEF08;2011;1304;2486
DEF08;2012;1304;2599
DEF08;2013;1200;2712
DEF08;2014;1276;2479
DEF08;2015;1316;2760
DEF08;2016;1366;2675
DEF08;2017;1419;2804
DEF08;2018;1490;2987
DEF08;2019;1307;2802
DEF08;2020;1396;2934
DEF08;2021;1410;2906
DEF08;2022;1409;3402
DEF08;2023;1259;3171
DEF09;2000;2749;2945
DEF09;2001;2727;3062
DEF09;2002;2532;2826
DEF09;2003;2521;2923
DEF09;2004;2532;3000
DEF09;2005;2470;2950
DEF09;2006;2388;2990
DEF09;2007;2438;2932
DEF09;2008;2433;3049
DEF09;2009;2384;3078
DEF09;2010;2446;3139
DEF09;2011;2337;3061
DEF09;2012;2380;3242
DEF09;2013;2453;3327
DEF09;2014;2572;3131
DEF09;2015;2687;3407
DEF09;2016;2927;3482
DEF09;2017;2857;3536
DEF09;2018;2982;3670
DEF09;2019;2781;3587
DEF09;2020;2807;3629
DEF09;2021;2828;3872
DEF09;2022;2692;4067
DEF09;2023;2502;3945
DEF0A;2000;1086;1274
DEF0A;2001;1070;1330
DEF0A;2002;1046;1381
DEF0A;2003;1000;1333
DEF0A;2004;1000;1300
DEF0A;2005;950;1360
DEF0A;2006;952;1345
DEF0A;2007;964;1372
DEF0A;2008;917;1410
DEF0A;2009;882;1466
DEF0A;2010;895;1435
DEF0A;2011;815;1498
DEF0A;2012;855;1437
DEF0A;2013;818;1503
DEF0A;2014;860;1390
DEF0A;2015;935;1541
DEF0A;2016;940;1545
DEF0A;2017;958;1475
DEF0A;2018;1038;1623
DEF0A;2019;954;1532
DEF0A;2020;988;1597
DEF0A;2021;1000;1717
DEF0A;2022;949;1859
DEF0A;2023;867;1854
DEF0B;2000;2657;2795
DEF0B;2001;2560;2849
DEF0B;2002;2460;2785
DEF0B;2003;2425;2851
DEF0B;2004;2400;2843
DEF0B;2005;2210;2740
DEF0B;2006;2120;2823
DEF0B;2007;2180;2784
DEF0B;2008;2210;2931
DEF0B;2009;1971;2902
DEF0B;2010;2042;2926
DEF0B;2011;1961;2989
DEF0B;2012;1999;2914
DEF0B;2013;1966;3039
DEF0B;2014;2067;2940
DEF0B;2015;2109;3027
DEF0B;2016;2210;3132
DEF0B;2017;2252;3247
DEF0B;2018;2176;3281
DEF0B;2019;2276;3317
DEF0B;2020;2242;3266
DEF0B;2021;2345;3350
DEF0B;2022;2169;3811
DEF0B;2023;2017;3702
DEF0C;2000;1959;2012
DEF0C;2001;1759;2074
DEF0C;2002;1804;2103
DEF0C;2003;1678;2200
DEF0C;2004;1644;2124
DEF0C;2005;1580;2090
DEF0C;2006;1562;2104
DEF0C;2007;1532;2059
DEF0C;2008;1527;2251
DEF0C;2009;1565;2202
DEF0C;2010;1529;2203
DEF0C;2011;1423;2181
DEF0C;2012;1469;2162
DEF0C;2013;1483;2180
DEF0C;2014;1431;2324
DEF0C;2015;1546;2387
DEF0C;2016;1762;2432
DEF0C;2017;1713;2465
DEF0C;2018;1692;2569
DEF0C;2019;1748;2466
DEF0C;2020;1677;2452
DEF0C;2021;1839;2625
DEF0C;2022;1716;2872
DEF0C;2023;1562;3098
DEF0D;2000;2451;2324
DEF0D;2001;2452;2207
DEF0D;2002;2290;2482
DEF0D;2003;2329;2458
DEF0D;2004;2222;2322
DEF0D;2005;2140;2270
DEF0D;2006;2094;2374
DEF0D;2007;2219;2354
DEF0D;2008;2106;2481
DEF0D;2009;2056;2520
DEF0D;2010;2163;2531
DEF0D;2011;2006;2469
DEF0D;2012;2147;2587
DEF0D;2013;2099;2703
DEF0D;2014;2247;2714
DEF0D;2015;2209;2831
DEF0D;2016;2383;2937
DEF0D;2017;2422;3014
DEF0D;2018;2445;3137
DEF0D;2019;2411;2980
DEF0D;2020;2379;2994
DEF0D;2021;2532;3204
DEF0D;2022;2420;3610
DEF0D;2023;2191;3452
DEF0E;2000;1349;1520
DEF0E;2001;1240;1571
DEF0E;2002;1246;1520
DEF0E;2003;1200;1530
DEF0E;2004;1170;1500
DEF0E;2005;1100;1500
DEF0E;2006;1004;1480
DEF0E;2007;1055;1573
DEF0E;2008;1020;1581
DEF0E;2009;997;1558
DEF0E;2010;994;1488
DEF0E;2011;938;1480
DEF0E;2012;940;1488
DEF0E;2013;943;1593
DEF0E;2014;986;1472
DEF0E;2015;992;1611
DEF0E;2016;1133;1615
DEF0E;2017;1142;1632
DEF0E;2018;1023;1730
DEF0E;2019;1055;1744
DEF0E;2020;1003;1665
DEF0E;2021;1076;1742
DEF0E;2022;1040;1944
DEF0E;2023;1016;1802
DEF0F;2000;2114;2260
DEF0F;2001;2025;2208
DEF0F;2002;1881;2163
DEF0F;2003;1835;2246
DEF0F;2004;1869;2200
DEF0F;2005;1760;2240
DEF0F;2006;1783;2264
DEF0F;2007;1796;2233
DEF0F;2008;1904;2280
DEF0F;2009;1785;2341
DEF0F;2010;1866;2362
DEF0F;2011;1885;2401
DEF0F;2012;1802;2569
DEF0F;2013;1897;2540
DEF0F;2014;1938;2502
DEF0F;2015;2081;2624
DEF0F;2016;2087;2751
DEF0F;2017;2032;2784
DEF0F;2018;2133;2858
DEF0F;2019;2044;2695
DEF0F;2020;2003;2932
DEF0F;2021;2103;3109
DEF0F;2022;1990;3314
DEF0F;2023;1753;3306
DEG01;2000;1707;2050
DEG01;2001;1695;1943
DEG01;2002;1617;2037
DEG01;2003;1700;2079
DEG01;2004;1763;2000
DEG01;2005;1720;1990
DEG01;2006;1718;1997
DEG01;2007;1912;2039
DEG01;2008;1892;2076
DEG01;2009;1827;2174
DEG01;2010;2035;2081
DEG01;2011;1823;2118
DEG01;2012;2002;2202
DEG01;2013;2100;2200
DEG01;2014;2150;2233
DEG01;2015;2064;2272
DEG01;2016;2177;2370
DEG01;2017;2194;2489
DEG01;2018;2182;2535
DEG01;2019;2068;2323
DEG01;2020;1991;2450
DEG01;2021;1903;2786
DEG01;2022;1648;2721
DEG01;2023;1594;2631
DEG02;2000;751;1203
DEG02;2001;688;1178
DEG02;2002;732;1256
DEG02;2003;700;1226
DEG02;2004;700;1245
DEG02;2005;700;1090
DEG02;2006;670;1243
DEG02;2007;701;1191
DEG02;2008;688;1218
DEG02;2009;715;1237
DEG02;2010;747;1312
DEG02;2011;705;1296
DEG02;2012;713;1428
DEG02;2013;738;1349
DEG02;2014;744;1329
DEG02;2015;712;1383
DEG02;2016;795;1349
DEG02;2017;805;1435
DEG02;2018;801;1476
DEG02;2019;784;1426
DEG02;2020;714;1436
DEG02;2021;644;1696
DEG02;2022;656;1608
DEG02;2023;622;1514
DEG03;2000;730;891
DEG03;2001;831;835
DEG03;2002;848;887
DEG03;2003;848;869
DEG03;2004;930;900
DEG03;2005;880;880
DEG03;2006;947;882
DEG03;2007;963;891
DEG03;2008;1071;912
DEG03;2009;1086;917
DEG03;2010;1068;927
DEG03;2011;1111;951
DEG03;2012;1000;938
DEG03;2013;1089;977
DEG03;2014;1198;965
DEG03;2015;1112;1041
DEG03;2016;1151;958
DEG03;2017;1160;1064
DEG03;2018;1120;1069
DEG03;2019;1080;1140
DEG03;2020;1052;1104
DEG03;2021;1052;1221
DEG03;2022;855;1280
DEG03;2023;767;1142
DEG05;2000;562;673
DEG05;2001;552;619
DEG05;2002;542;641
DEG05;2003;528;645
DEG05;2004;553;632
DEG05;2005;580;660
DEG05;2006;574;657
DEG05;2007;620;699
DEG05;2008;620;669
DEG05;2009;642;689
DEG05;2010;635;680
DEG05;2011;642;655
DEG05;2012;653;650
DEG05;2013;592;709
DEG05;2014;663;706
DEG05;2015;605;837
DEG05;2016;654;784
DEG05;2017;626;798
DEG05;2018;602;811
DEG05;2019;574;797
DEG05;2020;565;774
DEG05;2021;522;888
DEG05;2022;476;941
DEG05;2023;424;897
DEG06;2000;959;1010
DEG06;2001;907;997
DEG06;2002;917;1025
DEG06;2003;924;1030
DEG06;2004;971;1000
DEG06;2005;890;1020
DEG06;2006;894;1025
DEG06;2007;925;1029
DEG06;2008;855;1080
DEG06;2009;886;1053
DEG06;2010;918;1021
DEG06;2011;977;1076
DEG06;2012;898;1067
DEG06;2013;901;1076
DEG06;2014;908;1028
DEG06;2015;940;1095
DEG06;2016;1004;1179
DEG06;2017;963;1212
DEG06;2018;930;1185
DEG06;2019;964;1194
DEG06;2020;871;1274
DEG06;2021;844;1337
DEG06;2022;740;1306
DEG06;2023;742;1333
DEG07;2000;660;1065
DEG07;2001;678;1047
DEG07;2002;696;1124
DEG07;2003;600;1128
DEG07;2004;640;1123
DEG07;2005;670;1070
DEG07;2006;648;1112
DEG07;2007;712;1077
DEG07;2008;696;1068
DEG07;2009;662;1164
DEG07;2010;669;1106
DEG07;2011;667;1108
DEG07;2012;631;1183
DEG07;2013;647;1193
DEG07;2014;699;1160
DEG07;2015;723;1170
DEG07;2016;718;1189
DEG07;2017;668;1209
DEG07;2018;662;1285
DEG07;2019;648;1283
DEG07;2020;560;1203
DEG07;2021;526;1380
DEG07;2022;504;1418
DEG07;2023;483;1417
DEG09;2000;902;1255
DEG09;2001;926;1300
DEG09;2002;880;1280
DEG09;2003;922;1368
DEG09;2004;900;1300
DEG09;2005;900;1340
DEG09;2006;831;1276
DEG09;2007;888;1273
DEG09;2008;867;1357
DEG09;2009;830;1331
DEG09;2010;881;1329
DEG09;2011;858;1300
DEG09;2012;857;1341
DEG09;2013;805;1412
DEG09;2014;875;1308
DEG09;2015;907;1461
DEG09;2016;861;1474
DEG09;2017;928;1521
DEG09;2018;872;1493
DEG09;2019;836;1416
DEG09;2020;824;1605
DEG09;2021;757;1786
DEG09;2022;711;1631
DEG09;2023;647;1552
DEG0A;2000;664;1089
DEG0A;2001;631;1052
DEG0A;2002;597;1099
DEG0A;2003;638;1000
DEG0A;2004;600;1000
DEG0A;2005;600;1070
DEG0A;2006;601;1081
DEG0A;2007;569;1057
DEG0A;2008;538;1099
DEG0A;2009;559;1161
DEG0A;2010;544;1139
DEG0A;2011;538;1145
DEG0A;2012;546;1180
DEG0A;2013;527;1186
DEG0A;2014;518;1156
DEG0A;2015;557;1189
DEG0A;2016;594;1206
DEG0A;2017;589;1242
DEG0A;2018;515;1190
DEG0A;2019;476;1168
DEG0A;2020;518;1236
DEG0A;2021;471;1476
DEG0A;2022;472;1391
DEG0A;2023;423;1307
DEG0C;2000;1125;1715
DEG0C;2001;1151;1648
DEG0C;2002;1070;1596
DEG0C;2003;1053;1700
DEG0C;2004;1100;1556
DEG0C;2005;1050;1620
DEG0C;2006;999;1555
DEG0C;2007;995;1646
DEG0C;2008;1109;1677
DEG0C;2009;1046;1715
DEG0C;2010;1129;1727
DEG0C;2011;1031;1783
DEG0C;2012;1071;1656
DEG0C;2013;1072;1728
DEG0C;2014;1094;1727
DEG0C;2015;1104;1793
DEG0C;2016;1202;1768
DEG0C;2017;1128;1877
DEG0C;2018;1092;1919
DEG0C;2019;1063;1793
DEG0C;2020;970;1881
DEG0C;2021;1015;2267
DEG0C;2022;900;1942
DEG0C;2023;842;2038
DEG0D;2000;585;812
DEG0D;2001;568;837
DEG0D;2002;573;868
DEG0D;2003;573;843
DEG0D;2004;574;800
DEG0D;2005;550;800
DEG0D;2006;552;772
DEG0D;2007;550;860
DEG0D;2008;609;831
DEG0D;2009;531;856
DEG0D;2010;561;811
DEG0D;2011;518;817
DEG0D;2012;537;887
DEG0D;2013;575;868
DEG0D;2014;531;853
DEG0D;2015;562;964
DEG0D;2016;627;933
DEG0D;2017;554;870
DEG0D;2018;529;950
DEG0D;2019;525;961
DEG0D;2020;473;971
DEG0D;2021;454;1155
DEG0D;2022;466;1058
DEG0D;2023;407;937
DEG0E;2000;503;785
DEG0E;2001;457;811
DEG0E;2002;503;762
DEG0E;2003;500;800
DEG0E;2004;532;746
DEG0E;2005;500;790
DEG0E;2006;466;756
DEG0E;2007;503;765
DEG0E;2008;511;797
DEG0E;2009;503;781
DEG0E;2010;474;816
DEG0E;2011;482;850
DEG0E;2012;564;755
DEG0E;2013;501;815
DEG0E;2014;452;810
DEG0E;2015;534;888
DEG0E;2016;508;869
DEG0E;2017;510;926
DEG0E;2018;494;858
DEG0E;2019;465;951
DEG0E;2020;454;955
DEG0E;2021;441;1199
DEG0E;2022;389;1056
DEG0E;2023;335;949
DEG0G;2000;678;880
DEG0G;2001;669;867
DEG0G;2002;656;932
DEG0G;2003;662;900
DEG0G;2004;664;900
DEG0G;2005;620;930
DEG0G;2006;633;934
DEG0G;2007;682;850
DEG0G;2008;713;894
DEG0G;2009;659;976
DEG0G;2010;704;879
DEG0G;2011;653;922
DEG0G;2012;707;950
DEG0G;2013;684;943
DEG0G;2014;665;939
DEG0G;2015;656;1018
DEG0G;2016;739;931
DEG0G;2017;667;1003
DEG0G;2018;645;1005
DEG0G;2019;673;974
DEG0G;2020;617;1031
DEG0G;2021;600;1158
DEG0G;2022;578;1102
DEG0G;2023;535;1086
DEG0J;2000;688;938
DEG0J;2001;691;913
DEG0J;2002;645;882
DEG0J;2003;600;851
DEG0J;2004;645;878
DEG0J;2005;600;830
DEG0J;2006;585;874
DEG0J;2007;630;869
DEG0J;2008;630;907
DEG0J;2009;634;918
DEG0J;2010;645;908
DEG0J;2011;644;891
DEG0J;2012;682;916
DEG0J;2013;622;926
DEG0J;2014;685;890
DEG0J;2015;693;1003
DEG0J;2016;706;976
DEG0J;2017;630;1005
DEG0J;2018;656;1007
DEG0J;2019;550;999
DEG0J;2020;562;989
DEG0J;2021;508;1189
DEG0J;2022;493;1153
DEG0J;2023;454;1112
DEG0K;2000;697;1068
DEG0K;2001;700;1099
DEG0K;2002;651;1056
DEG0K;2003;632;1163
DEG0K;2004;633;1000
DEG0K;2005;630;1110
DEG0K;2006;626;1090
DEG0K;2007;626;1126
DEG0K;2008;642;1144
DEG0K;2009;627;1169
DEG0K;2010;679;1147
DEG0K;2011;614;1155
DEG0K;2012;624;1075
DEG0K;2013;672;1146
DEG0K;2014;600;1158
DEG0K;2015;636;1152
DEG0K;2016;644;1111
DEG0K;2017;668;1211
DEG0K;2018;582;1216
DEG0K;2019;548;1188
DEG0K;2020;580;1209
DEG0K;2021;541;1440
DEG0K;2022;497;1322
DEG0K;2023;425;1237
DEG0L;2000;786;1464
DEG0L;2001;772;1441
DEG0L;2002;782;1372
DEG0L;2003;771;1461
DEG0L;2004;742;1400
DEG0L;2005;730;1430
DEG0L;2006;713;1361
DEG0L;2007;736;1426
DEG0L;2008;691;1410
DEG0L;2009;676;1546
DEG0L;2010;712;1460
DEG0L;2011;671;1382
DEG0L;2012;666;1397
DEG0L;2013;701;1461
DEG0L;2014;730;1450
DEG0L;2015;762;1510
DEG0L;2016;670;1471
DEG0L;2017;673;1441
DEG0L;2018;658;1588
DEG0L;2019;612;1549
DEG0L;2020;615;1692
DEG0L;2021;590;1741
DEG0L;2022;570;1753
DEG0L;2023;497;1612
DEG0M;2000;769;1336
DEG0M;2001;740;1302
DEG0M;2002;716;1304
DEG0M;2003;663;1300
DEG0M;2004;700;1233
DEG0M;2005;650;1300
DEG0M;2006;624;1264
DEG0M;2007;628;1246
DEG0M;2008;687;1286
DEG0M;2009;621;1241
DEG0M;2010;609;1344
DEG0M;2011;593;1316
DEG0M;2012;640;1373
DEG0M;2013;580;1373
DEG0M;2014;599;1322
DEG0M;2015;633;1367
DEG0M;2016;628;1367
DEG0M;2017;661;1380
DEG0M;2018;638;1409
DEG0M;2019;567;1377
DEG0M;2020;516;1466
DEG0M;2021;594;1634
DEG0M;2022;477;1467
DEG0M;2023;438;1446
DEG0Q;2000;967;1593
DEG0Q;2001;874;1498
DEG0Q;2002;925;1671
DEG0Q;2003;871;1597
DEG0Q;2004;979;1595
DEG0Q;2005;938;1524
DEG0Q;2006;899;1511
DEG0Q;2007;968;1564
DEG0Q;2008;913;1520
DEG0Q;2009;912;1649
DEG0Q;2010;953;1649
DEG0Q;2011;922;1640
DEG0Q;2012;965;1637
DEG0Q;2013;984;1700
DEG0Q;2014;986;1618
DEG0Q;2015;949;1848
DEG0Q;2016;952;1750
DEG0Q;2017;1001;1781
DEG0Q;2018;903;1845
DEG0Q;2019;886;1868
DEG0Q;2020;867;1859
DEG0Q;2021;853;2200
DEG0Q;2022;773;2064
DEG0Q;2023;697;1890
DEG0R;2000;1433;2053
DEG0R;2001;1332;2047
DEG0R;2002;1366;2039
DEG0R;2003;1387;2110
DEG0R;2004;1360;2064
DEG0R;2005;1267;2086
DEG0R;2006;1276;2085
DEG0R;2007;1286;2134
DEG0R;2008;1289;2054
DEG0R;2009;1283;2057
DEG0R;2010;1345;2141
DEG0R;2011;1336;2067
DEG0R;2012;1329;2217
DEG0R;2013;1362;2208
DEG0R;2014;1402;2083
DEG0R;2015;1414;2291
DEG0R;2016;1385;2225
DEG0R;2017;1386;2291
DEG0R;2018;1303;2334
DEG0R;2019;1255;2203
DEG0R;2020;1185;2245
DEG0R;2021;1086;2565
DEG0R;2022;1089;2386
DEG0R;2023;954;2315
DEG0S;2000;293;477
DEG0S;2001;296;467
DEG0S;2002;258;494
DEG0S;2003;264;476
DEG0S;2004;254;454
DEG0S;2005;240;521
DEG0S;2006;224;510
DEG0S;2007;241;441
DEG0S;2008;233;532
DEG0S;2009;196;431
DEG0S;2010;244;522
DEG0S;2011;229;518
DEG0S;2012;233;440
DEG0S;2013;272;464
DEG0S;2014;244;487
DEG0S;2015;244;525
DEG0S;2016;276;524
DEG0S;2017;226;553
DEG0S;2018;202;576
DEG0S;2019;215;582
DEG0S;2020;236;633
DEG0S;2021;233;722
DEG0S;2022;227;708
DEG0S;2023;179;605
DEG0T;2000;807;1311
DEG0T;2001;861;1273
DEG0T;2002;754;1298
DEG0T;2003;799;1341
DEG0T;2004;775;1296
DEG0T;2005;818;1273
DEG0T;2006;786;1334
DEG0T;2007;851;1398
DEG0T;2008;898;1400
DEG0T;2009;858;1416
DEG0T;2010;808;1341
DEG0T;2011;815;1355
DEG0T;2012;833;1438
DEG0T;2013;832;1396
DEG0T;2014;896;1389
DEG0T;2015;917;1457
DEG0T;2016;876;1467
DEG0T;2017;892;1459
DEG0T;2018;919;1487
DEG0T;2019;768;1396
DEG0T;2020;735;1503
DEG0T;2021;767;1846
DEG0T;2022;669;1685
DEG0T;2023;599;1482
DEG0U;2000;875;1548
DEG0U;2001;871;1493
DEG0U;2002;832;1543
DEG0U;2003;799;1450
DEG0U;2004;862;1460
DEG0U;2005;758;1504
DEG0U;2006;740;1496
DEG0U;2007;788;1483
DEG0U;2008;772;1496
DEG0U;2009;738;1499
DEG0U;2010;762;1516
DEG0U;2011;858;1576
DEG0U;2012;792;1627
DEG0U;2013;786;1602
DEG0U;2014;821;1546
DEG0U;2015;822;1659
DEG0U;2016;886;1603
DEG0U;2017;805;1715
DEG0U;2018;759;1683
DEG0U;2019;734;1650
DEG0U;2020;691;1755
DEG0U;2021;612;2073
DEG0U;2022;588;1829
DEG0U;2023;564;1689
DEG0V;2000;436;865
DEG0V;2001;461;832
DEG0V;2002;447;834
DEG0V;2003;466;863
DEG0V;2004;423;743
DEG0V;2005;419;862
DEG0V;2006;396;784
DEG0V;2007;402;748
DEG0V;2008;408;849
DEG0V;2009;363;794
DEG0V;2010;405;845
DEG0V;2011;386;799
DEG0V;2012;399;784
DEG0V;2013;384;861
DEG0V;2014;427;800
DEG0V;2015;388;907
DEG0V;2016;422;808
DEG0V;2017;398;879
DEG0V;2018;373;903
DEG0V;2019;356;958
DEG0V;2020;395;955
DEG0V;2021;364;1071
DEG0V;2022;353;974
DEG0V;2023;324;946
DK;2000;67084;57986
DK;2001;65458;58338
DK;2002;64075;58610
DK;2003;64599;57574
DK;2004;64609;55806
DK;2005;64282;54962
DK;2006;64984;55477
DK;2007;64082;55604
DK;2008;65038;54591
DK;2009;62818;54872
DK;2010;63411;54368
DK;2011;58998;52516
DK;2012;57916;52325
DK;2013;55873;52470
DK;2014;56870;51340
DK;2015;58205;52555
DK;2016;61614;52824
DK;2017;61397;53261
DK;2018;61476;55232
DK;2019;61167;53958
DK;2020;60937;54645
DK;2021;63473;57152
DK;2022;58430;59435
DK;2023;57469;58384
DK011;2000;9909;7162
DK011;2001;10096;7204
DK011;2002;9969;7236
DK011;2003;10151;7109
DK011;2004;10074;6890
DK011;2005;9811;6786
DK011;2006;10270;6850
DK011;2007;10541;6606
DK011;2008;10648;6354
DK011;2009;10987;6461
DK011;2010;11556;6099
DK011;2011;11171;5729
DK011;2012;11217;5715
DK011;2013;10899;5621
DK011;2014;11318;5295
DK011;2015;11678;5256
DK011;2016;12361;5353
DK011;2017;12271;5307
DK011;2018;12231;5196
DK011;2019;12490;4970
DK011;2020;12071;5002
DK011;2021;12438;5158
DK011;2022;10821;5142
DK011;2023;10929;5133
DK012;2000;6158;5446
DK012;2001;5930;5478
DK012;2002;5905;5503
DK012;2003;5885;5407
DK012;2004;5803;5240
DK012;2005;5900;5161
DK012;2006;5870;5210
DK012;2007;5808;5317
DK012;2008;5906;5315
DK012;2009;5769;5361
DK012;2010;5966;5441
DK012;2011;5467;5023
DK012;2012;5627;4987
DK012;2013;5454;4918
DK012;2014;5673;4866
DK012;2015;5586;5167
DK012;2016;5886;5103
DK012;2017;5874;5043
DK012;2018;5810;5181
DK012;2019;5818;5197
DK012;2020;5785;5354
DK012;2021;5957;5330
DK012;2022;5535;5389
DK012;2023;5640;5276
DK013;2000;5054;4495
DK013;2001;5004;4521
DK013;2002;4859;4541
DK013;2003;4936;4461
DK013;2004;4812;4324
DK013;2005;4906;4259
DK013;2006;4830;4300
DK013;2007;4644;4218
DK013;2008;4454;4175
DK013;2009;4161;4034
DK013;2010;4095;4226
DK013;2011;3653;4143
DK013;2012;3526;4031
DK013;2013;3373;4236
DK013;2014;3523;4123
DK013;2015;3582;4328
DK013;2016;3821;4323
DK013;2017;3823;4389
DK013;2018;3938;4629
DK013;2019;3932;4545
DK013;2020;4006;4659
DK013;2021;4266;4828
DK013;2022;4077;5189
DK013;2023;3823;5184
DK014;2000;386;575
DK014;2001;379;578
DK014;2002;362;581
DK014;2003;369;571
DK014;2004;345;553
DK014;2005;350;545
DK014;2006;330;550
DK014;2007;347;596
DK014;2008;367;545
DK014;2009;303;543
DK014;2010;307;563
DK014;2011;236;541
DK014;2012;261;566
DK014;2013;247;490
DK014;2014;251;558
DK014;2015;249;534
DK014;2016;244;541
DK014;2017;265;595
DK014;2018;265;587
DK014;2019;293;609
DK014;2020;285;576
DK014;2021;293;560
DK014;2022;269;571
DK014;2023;257;582
DK021;2000;2923;1987
DK021;2001;2726;1998
DK021;2002;2732;2007
DK021;2003;2783;1972
DK021;2004;2718;1911
DK021;2005;2779;1882
DK021;2006;2840;1900
DK021;2007;2549;2010
DK021;2008;2532;1996
DK021;2009;2319;1935
DK021;2010;2426;2018
DK021;2011;1960;1994
DK021;2012;1951;1981
DK021;2013;1933;1991
DK021;2014;1985;1985
DK021;2015;2128;2034
DK021;2016;2179;2048
DK021;2017;2251;2111
DK021;2018;2327;2206
DK021;2019;2341;2250
DK021;2020;2372;2264
DK021;2021;2575;2466
DK021;2022;2375;2389
DK021;2023;2261;2391
DK022;2000;5962;7381
DK022;2001;5880;7424
DK022;2002;5680;7457
DK022;2003;5653;7326
DK022;2004;5849;7101
DK022;2005;5996;6994
DK022;2006;6110;7060
DK022;2007;5977;7008
DK022;2008;6049;6976
DK022;2009;5560;6917
DK022;2010;5505;6941
DK022;2011;5087;6738
DK022;2012;4696;6526
DK022;2013;4530;6564
DK022;2014;4557;6409
DK022;2015;4738;6557
DK022;2016;5116;6727
DK022;2017;4921;6891
DK022;2018;4938;6992
DK022;2019;4751;6806
DK022;2020;4797;7022
DK022;2021;4917;7292
DK022;2022;4712;7565
DK022;2023;4494;7293
DK031;2000;5663;5326
DK031;2001;5385;5357
DK031;2002;5060;5381
DK031;2003;5229;5287
DK031;2004;5263;5124
DK031;2005;5224;5047
DK031;2006;5310;5090
DK031;2007;5402;5188
DK031;2008;5494;5000
DK031;2009;5160;5223
DK031;2010;5039;4996
DK031;2011;4701;4971
DK031;2012;4585;4861
DK031;2013;4438;4919
DK031;2014;4462;4851
DK031;2015;4554;4821
DK031;2016;4676;4865
DK031;2017;4674;4936
DK031;2018;4690;5200
DK031;2019;4634;5106
DK031;2020;4609;5075
DK031;2021;4935;5352
DK031;2022;4513;5694
DK031;2023;4476;5602
DK032;2000;9164;7532
DK032;2001;8721;7576
DK032;2002;8565;7610
DK032;2003;8500;7477
DK032;2004;8528;7247
DK032;2005;8190;7138
DK032;2006;7910;7200
DK032;2007;7818;7101
DK032;2008;8156;6955
DK032;2009;7723;7167
DK032;2010;7854;7026
DK032;2011;7084;6818
DK032;2012;6969;6855
DK032;2013;6865;6835
DK032;2014;6678;6765
DK032;2015;6732;6877
DK032;2016;7148;6850
DK032;2017;7185;7010
DK032;2018;7088;7288
DK032;2019;6948;7057
DK032;2020;6895;7224
DK032;2021;7105;7596
DK032;2022;6582;7939
DK032;2023;6506;7913
DK041;2000;5237;4244
DK041;2001;5133;4269
DK041;2002;4991;4288
DK041;2003;4996;4213
DK041;2004;5056;4083
DK041;2005;4922;4022
DK041;2006;5100;4060
DK041;2007;4942;4082
DK041;2008;5009;3981
DK041;2009;4806;3970
DK041;2010;4768;3981
DK041;2011;4547;3810
DK041;2012;4256;3885
DK041;2013;4051;3930
DK041;2014;4040;3924
DK041;2015;4059;3935
DK041;2016;4378;3912
DK041;2017;4376;3964
DK041;2018;4193;4133
DK041;2019;4066;4000
DK041;2020;4095;4190
DK041;2021;4168;4498
DK041;2022;3901;4600
DK041;2023;3790;4476
DK042;2000;9850;7391
DK042;2001;9650;7434
DK042;2002;9489;7468
DK042;2003;9682;7337
DK042;2004;9729;7111
DK042;2005;9608;7004
DK042;2006;10120;7070
DK042;2007;9929;7308
DK042;2008;9954;7154
DK042;2009;9915;7078
DK042;2010;9863;7014
DK042;2011;9439;6826
DK042;2012;9198;7045
DK042;2013;8862;6991
DK042;2014;9037;6863
DK042;2015;9364;7073
DK042;2016;9968;7109
DK042;2017;9916;7277
DK042;2018;10176;7612
DK042;2019;10077;7367
DK042;2020;10372;7326
DK042;2021;10880;7690
DK042;2022;10186;8102
DK042;2023;9923;8035
DK050;2000;6778;6461
DK050;2001;6554;6499
DK050;2002;6463;6528
DK050;2003;6415;6414
DK050;2004;6431;6216
DK050;2005;6596;6122
DK050;2006;6290;6180
DK050;2007;6125;6170
DK050;2008;6469;6140
DK050;2009;6115;6183
DK050;2010;6032;6063
DK050;2011;5653;5923
DK050;2012;5630;5873
DK050;2013;5221;5975
DK050;2014;5346;5701
DK050;2015;5535;5973
DK050;2016;5837;5993
DK050;2017;5841;5738
DK050;2018;5820;6208
DK050;2019;5817;6051
DK050;2020;5650;5953
DK050;2021;5939;6382
DK050;2022;5459;6855
DK050;2023;5370;6499
EE;2000;13067;18223
EE;2001;12632;18379
EE;2002;13001;18259
EE;2003;13036;18152
EE;2004;13992;17685
EE;2005;14350;17316
EE;2006;14877;17316
EE;2007;15775;17409
EE;2008;16028;16675
EE;2009;15763;16081
EE;2010;15825;15790
EE;2011;14679;15244
EE;2012;14056;15450
EE;2013;13531;15244
EE;2014;13551;15484
EE;2015;13907;15243
EE;2016;14053;15392
EE;2017;13784;15519
EE;2018;14367;15725
EE;2019;14099;15372
EE;2020;13209;15786
EE;2021;13272;18587
EE;2022;11646;17315
EE;2023;10949;16002
EE001;2000;4900;6100
EE001;2001;4749;6179
EE001;2002;4849;6200
EE001;2003;5246;6096
EE001;2004;5936;6300
EE001;2005;6220;5960
EE001;2006;6800;5980
EE001;2007;7249;6148
EE001;2008;7421;5778
EE001;2009;7238;5661
EE001;2010;7407;5459
EE001;2011;6899;5489
EE001;2012;6589;5463
EE001;2013;6534;5396
EE001;2014;6735;5607
EE001;2015;6865;5641
EE001;2016;7048;5622
EE001;2017;6941;5737
EE001;2018;7036;5843
EE001;2019;6809;5649
EE001;2020;6511;5950
EE001;2021;6628;7040
EE001;2022;5761;6532
EE001;2023;5409;5989
EE004;2000;1549;2200
EE004;2001;1500;2300
EE004;2002;1500;2259
EE004;2003;1461;2378
EE004;2004;1478;2100
EE004;2005;1520;2160
EE004;2006;1590;2210
EE004;2007;1643;2179
EE004;2008;1745;2087
EE004;2009;1703;2008
EE004;2010;1653;1939
EE004;2011;1566;1928
EE004;2012;1425;1905
EE004;2013;1353;1988
EE004;2014;1287;1988
EE004;2015;1401;1934
EE004;2016;1383;1973
EE004;2017;1381;1909
EE004;2018;1492;1946
EE004;2019;1518;1918
EE004;2020;1365;2009
EE004;2021;1319;2300
EE004;2022;1207;2241
EE004;2023;1140;2108
EE008;2000;3559;4923
EE008;2001;3435;4900
EE008;2002;3545;4900
EE008;2003;3465;4756
EE008;2004;3546;4700
EE008;2005;3590;4580
EE008;2006;3560;4650
EE008;2007;3806;4567
EE008;2008;3848;4418
EE008;2009;3921;4176
EE008;2010;3910;4215
EE008;2011;3603;3962
EE008;2012;3502;4114
EE008;2013;3213;3949
EE008;2014;3254;4081
EE008;2015;3271;3880
EE008;2016;3274;3939
EE008;2017;3219;4008
EE008;2018;3527;4045
EE008;2019;3548;4000
EE008;2020;3281;3960
EE008;2021;3338;4600
EE008;2022;2919;4282
EE008;2023;2726;3964
EE009;2000;1725;2100
EE009;2001;1662;2000
EE009;2002;1752;1900
EE009;2003;1615;1990
EE009;2004;1710;1900
EE009;2005;1703;1950
EE009;2006;1652;1930
EE009;2007;1738;1878
EE009;2008;1700;1851
EE009;2009;1636;1740
EE009;2010;1610;1720
EE009;2011;1472;1610
EE009;2012;1432;1612
EE009;2013;1371;1705
EE009;2014;1283;1591
EE009;2015;1337;1591
EE009;2016;1325;1635
EE009;2017;1266;1676
EE009;2018;1305;1692
EE009;2019;1255;1653
EE009;2020;1158;1641
EE009;2021;1156;2006
EE009;2022;1050;1871
EE009;2023;954;1790
EE00A;2000;1334;2900
EE00A;2001;1286;3000
EE00A;2002;1355;3000
EE00A;2003;1249;2923
EE00A;2004;1322;2700
EE00A;2005;1317;2660
EE00A;2006;1278;2550
EE00A;2007;1344;2636
EE00A;2008;1314;2538
EE00A;2009;1265;2496
EE00A;2010;1245;2455
EE00A;2011;1139;2255
EE00A;2012;1108;2356
EE00A;2013;1060;2206
EE00A;2014;992;2217
EE00A;2015;1033;2197
EE00A;2016;1023;2223
EE00A;2017;977;2189
EE00A;2018;1007;2199
EE00A;2019;969;2152
EE00A;2020;894;2226
EE00A;2021;831;2641
EE00A;2022;709;2389
EE00A;2023;720;2151
EL;2000;103267;105170
EL;2001;102282;102559
EL;2002;103569;103915
EL;2003;104420;105529
EL;2004;105655;104942
EL;2005;107545;105091
EL;2006;112042;105476
EL;2007;111926;109895
EL;2008;118302;107979
EL;2009;117933;108316
EL;2010;114766;109084
EL;2011;106428;111099
EL;2012;100371;116668
EL;2013;94134;111794
EL;2014;92149;113740
EL;2015;91847;121183
EL;2016;92898;118785
EL;2017;88553;124501
EL;2018;86440;120296
EL;2019;83763;124965
EL;2020;84764;131047
EL;2021;85346;143923
EL;2022;75921;139921
EL;2023;71249;127169
EL301;2000;6061;4494
EL301;2001;6056;4686
EL301;2002;6235;4581
EL301;2003;6216;4716
EL301;2004;6198;4692
EL301;2005;6317;4822
EL301;2006;6437;4596
EL301;2007;6568;4933
EL301;2008;6729;4796
EL301;2009;7015;4910
EL301;2010;6517;4923
EL301;2011;6443;5006
EL301;2012;6310;5450
EL301;2013;5794;5411
EL301;2014;6055;5576
EL301;2015;5937;5758
EL301;2016;5637;5743
EL301;2017;5410;6171
EL301;2018;5265;5812
EL301;2019;4977;5938
EL301;2020;4876;6263
EL301;2021;5201;6980
EL301;2022;4489;6800
EL301;2023;4183;6255
EL302;2000;5106;3902
EL302;2001;5126;3635
EL302;2002;5136;3812
EL302;2003;5238;3928
EL302;2004;5488;3898
EL302;2005;5469;3890
EL302;2006;5691;3939
EL302;2007;5605;4129
EL302;2008;5647;4011
EL302;2009;5549;4072
EL302;2010;5539;4275
EL302;2011;5015;4455
EL302;2012;4666;4626
EL302;2013;4431;4612
EL302;2014;4436;4655
EL302;2015;4317;4897
EL302;2016;4488;4843
EL302;2017;4187;5084
EL302;2018;4105;4878
EL302;2019;4026;5060
EL302;2020;3979;5209
EL302;2021;4027;6101
EL302;2022;3596;5825
EL302;2023;3320;5323
EL303;2000;10663;12213
EL303;2001;10423;11670
EL303;2002;10384;11491
EL303;2003;10511;11737
EL303;2004;10478;11755
EL303;2005;10389;11618
EL303;2006;10521;11423
EL303;2007;10319;11902
EL303;2008;10894;11537
EL303;2009;10831;11402
EL303;2010;10393;11432
EL303;2011;9922;11709
EL303;2012;8684;11930
EL303;2013;8161;11105
EL303;2014;7830;11504
EL303;2015;7987;12350
EL303;2016;8364;12182
EL303;2017;8074;12595
EL303;2018;8145;12426
EL303;2019;7890;12700
EL303;2020;8032;12434
EL303;2021;7837;14090
EL303;2022;6787;13185
EL303;2023;6267;11826
EL304;2000;5290;4643
EL304;2001;5214;4640
EL304;2002;5106;4734
EL304;2003;5371;4701
EL304;2004;5331;4594
EL304;2005;5312;4785
EL304;2006;5568;4639
EL304;2007;5531;4908
EL304;2008;5810;4902
EL304;2009;5680;5191
EL304;2010;5677;4832
EL304;2011;5186;5141
EL304;2012;5172;5221
EL304;2013;4751;5159
EL304;2014;4702;5147
EL304;2015;4711;5634
EL304;2016;4751;5625
EL304;2017;4444;5847
EL304;2018;4343;5651
EL304;2019;4179;5845
EL304;2020;4199;5907
EL304;2021;4328;6511
EL304;2022;3641;6511
EL304;2023;3532;6227
EL305;2000;3655;2750
EL305;2001;3933;2528
EL305;2002;4156;2812
EL305;2003;4303;2848
EL305;2004;4603;3013
EL305;2005;4934;2909
EL305;2006;5433;3051
EL305;2007;5807;3295
EL305;2008;6172;3329
EL305;2009;6372;3333
EL305;2010;6311;3542
EL305;2011;6025;3609
EL305;2012;5882;3643
EL305;2013;5256;3758
EL305;2014;5139;3932
EL305;2015;5030;4314
EL305;2016;5005;4244
EL305;2017;4615;4523
EL305;2018;4590;4234
EL305;2019;4339;4524
EL305;2020;4410;4850
EL305;2021;4648;5564
EL305;2022;4071;5421
EL305;2023;3858;5298
EL306;2000;1749;1106
EL306;2001;1778;1137
EL306;2002;1817;1119
EL306;2003;1931;1228
EL306;2004;2011;1181
EL306;2005;2026;1205
EL306;2006;2125;1246
EL306;2007;2227;1237
EL306;2008;2376;1240
EL306;2009;2303;1281
EL306;2010;2268;1237
EL306;2011;2336;1366
EL306;2012;2034;1468
EL306;2013;1959;1400
EL306;2014;1954;1391
EL306;2015;1989;1428
EL306;2016;1955;1410
EL306;2017;1965;1545
EL306;2018;1852;1449
EL306;2019;1794;1502
EL306;2020;1807;1629
EL306;2021;1857;1967
EL306;2022;1751;1826
EL306;2023;1785;1673
EL307;2000;4981;5586
EL307;2001;4896;5414
EL307;2002;4953;5437
EL307;2003;5097;5511
EL307;2004;5003;5552
EL307;2005;5114;5590
EL307;2006;5567;5573
EL307;2007;5570;6018
EL307;2008;5660;5554
EL307;2009;5575;5750
EL307;2010;5379;5960
EL307;2011;4947;5809
EL307;2012;4702;6214
EL307;2013;4531;6072
EL307;2014;4445;5857
EL307;2015;4450;6470
EL307;2016;4541;6176
EL307;2017;4389;6318
EL307;2018;4165;6346
EL307;2019;4072;6367
EL307;2020;4075;6458
EL307;2021;4210;7213
EL307;2022;3790;7211
EL307;2023;3430;6477
EL411;2000;972;1421
EL411;2001;948;1337
EL411;2002;967;1311
EL411;2003;920;1313
EL411;2004;923;1313
EL411;2005;929;1237
EL411;2006;923;1348
EL411;2007;995;1382
EL411;2008;1022;1261
EL411;2009;1050;1289
EL411;2010;1016;1282
EL411;2011;932;1225
EL411;2012;885;1388
EL411;2013;817;1304
EL411;2014;881;1263
EL411;2015;862;1339
EL411;2016;914;1231
EL411;2017;944;1273
EL411;2018;1012;1276
EL411;2019;1030;1247
EL411;2020;1216;1300
EL411;2021;920;1224
EL411;2022;689;1300
EL411;2023;744;1149
EL412;2000;360;550
EL412;2001;308;546
EL412;2002;341;520
EL412;2003;347;559
EL412;2004;309;522
EL412;2005;367;562
EL412;2006;365;494
EL412;2007;376;507
EL412;2008;388;500
EL412;2009;353;474
EL412;2010;369;413
EL412;2011;341;467
EL412;2012;368;543
EL412;2013;369;456
EL412;2014;342;532
EL412;2015;323;517
EL412;2016;373;546
EL412;2017;331;564
EL412;2018;405;529
EL412;2019;405;497
EL412;2020;527;522
EL412;2021;339;538
EL412;2022;286;591
EL412;2023;308;490
EL413;2000;465;657
EL413;2001;445;589
EL413;2002;424;641
EL413;2003;432;699
EL413;2004;457;625
EL413;2005;419;614
EL413;2006;460;598
EL413;2007;495;561
EL413;2008;561;562
EL413;2009;511;632
EL413;2010;559;654
EL413;2011;488;571
EL413;2012;508;576
EL413;2013;453;543
EL413;2014;432;562
EL413;2015;461;629
EL413;2016;463;614
EL413;2017;491;620
EL413;2018;474;567
EL413;2019;462;644
EL413;2020;571;605
EL413;2021;461;643
EL413;2022;374;696
EL413;2023;399;591
EL421;2000;2023;1295
EL421;2001;2167;1317
EL421;2002;2140;1336
EL421;2003;2239;1430
EL421;2004;2208;1360
EL421;2005;2191;1425
EL421;2006;2237;1378
EL421;2007;2235;1477
EL421;2008;2310;1453
EL421;2009;2398;1435
EL421;2010;2339;1461
EL421;2011;2079;1507
EL421;2012;2137;1589
EL421;2013;2008;1503
EL421;2014;2073;1547
EL421;2015;2018;1640
EL421;2016;2162;1602
EL421;2017;2083;1665
EL421;2018;2054;1580
EL421;2019;2144;1762
EL421;2020;2149;1714
EL421;2021;2086;1917
EL421;2022;1896;1834
EL421;2023;1745;1757
EL422;2000;1046;1073
EL422;2001;1106;1023
EL422;2002;1101;1135
EL422;2003;1142;1101
EL422;2004;1130;1014
EL422;2005;1121;1033
EL422;2006;1141;1017
EL422;2007;1249;1034
EL422;2008;1321;964
EL422;2009;1304;1070
EL422;2010;1287;1064
EL422;2011;1156;1183
EL422;2012;1201;1080
EL422;2013;1086;1055
EL422;2014;1144;1191
EL422;2015;1110;1157
EL422;2016;1249;1203
EL422;2017;1231;1183
EL422;2018;1275;1176
EL422;2019;1258;1189
EL422;2020;1268;1252
EL422;2021;1410;1343
EL422;2022;1273;1405
EL422;2023;1185;1273
EL431;2000;3262;2425
EL431;2001;3345;2419
EL431;2002;3369;2352
EL431;2003;3528;2439
EL431;2004;3581;2362
EL431;2005;3639;2365
EL431;2006;3796;2535
EL431;2007;3914;2580
EL431;2008;4155;2542
EL431;2009;4135;2513
EL431;2010;3938;2601
EL431;2011;3551;2511
EL431;2012;3532;2710
EL431;2013;3168;2496
EL431;2014;3191;2739
EL431;2015;3182;2846
EL431;2016;3326;2849
EL431;2017;3124;3038
EL431;2018;3093;2821
EL431;2019;3147;3013
EL431;2020;3047;3002
EL431;2021;3213;3421
EL431;2022;2857;3334
EL431;2023;2711;3112
EL432;2000;717;867
EL432;2001;754;831
EL432;2002;698;835
EL432;2003;707;907
EL432;2004;761;854
EL432;2005;734;873
EL432;2006;847;821
EL432;2007;788;848
EL432;2008;860;827
EL432;2009;814;853
EL432;2010;848;846
EL432;2011;691;882
EL432;2012;733;845
EL432;2013;691;834
EL432;2014;689;816
EL432;2015;663;907
EL432;2016;675;865
EL432;2017;672;902
EL432;2018;655;860
EL432;2019;640;942
EL432;2020;630;884
EL432;2021;664;954
EL432;2022;591;1022
EL432;2023;585;987
EL433;2000;908;750
EL433;2001;971;738
EL433;2002;892;813
EL433;2003;974;793
EL433;2004;994;745
EL433;2005;972;827
EL433;2006;1023;727
EL433;2007;1055;790
EL433;2008;1076;715
EL433;2009;1095;666
EL433;2010;1084;700
EL433;2011;938;724
EL433;2012;947;780
EL433;2013;878;744
EL433;2014;889;727
EL433;2015;904;781
EL433;2016;932;699
EL433;2017;844;800
EL433;2018;891;781
EL433;2019;881;796
EL433;2020;945;819
EL433;2021;995;848
EL433;2022;860;846
EL433;2023;793;866
EL434;2000;1437;1472
EL434;2001;1497;1358
EL434;2002;1513;1481
EL434;2003;1476;1470
EL434;2004;1542;1363
EL434;2005;1556;1464
EL434;2006;1733;1550
EL434;2007;1743;1528
EL434;2008;1918;1476
EL434;2009;1895;1402
EL434;2010;1823;1426
EL434;2011;1766;1575
EL434;2012;1711;1546
EL434;2013;1602;1505
EL434;2014;1590;1510
EL434;2015;1621;1627
EL434;2016;1686;1549
EL434;2017;1611;1654
EL434;2018;1602;1521
EL434;2019;1598;1668
EL434;2020;1577;1659
EL434;2021;1658;1748
EL434;2022;1464;1844
EL434;2023;1411;1708
EL511;2000;1352;1617
EL511;2001;1269;1568
EL511;2002;1296;1581
EL511;2003;1264;1689
EL511;2004;1248;1633
EL511;2005;1314;1636
EL511;2006;1298;1699
EL511;2007;1301;1694
EL511;2008;1378;1720
EL511;2009;1407;1722
EL511;2010;1376;1778
EL511;2011;1233;1777
EL511;2012;1115;1873
EL511;2013;1276;1807
EL511;2014;1161;1818
EL511;2015;1223;1964
EL511;2016;1187;1901
EL511;2017;1203;2031
EL511;2018;1061;1914
EL511;2019;1029;1931
EL511;2020;999;2008
EL511;2021;987;2200
EL511;2022;837;2084
EL511;2023;796;1960
EL512;2000;1330;938
EL512;2001;1358;868
EL512;2002;1311;785
EL512;2003;1341;887
EL512;2004;1317;874
EL512;2005;1354;936
EL512;2006;1441;886
EL512;2007;1428;962
EL512;2008;1398;895
EL512;2009;1530;925
EL512;2010;1462;1011
EL512;2011;1361;972
EL512;2012;1224;1010
EL512;2013;1114;1003
EL512;2014;1137;1002
EL512;2015;1045;1052
EL512;2016;1095;1024
EL512;2017;1098;1099
EL512;2018;1066;1071
EL512;2019;999;1102
EL512;2020;980;1317
EL512;2021;1034;1377
EL512;2022;943;1246
EL512;2023;896;1217
EL513;2000;1017;1087
EL513;2001;1057;1096
EL513;2002;1013;1146
EL513;2003;1009;1096
EL513;2004;1010;1092
EL513;2005;1087;1158
EL513;2006;1123;1156
EL513;2007;1080;1155
EL513;2008;1075;1169
EL513;2009;1005;1132
EL513;2010;1086;1198
EL513;2011;971;1165
EL513;2012;870;1268
EL513;2013;862;1283
EL513;2014;791;1283
EL513;2015;870;1224
EL513;2016;830;1276
EL513;2017;791;1425
EL513;2018;726;1296
EL513;2019;701;1346
EL513;2020;685;1453
EL513;2021;738;1449
EL513;2022;644;1439
EL513;2023;622;1353
EL514;2000;890;1080
EL514;2001;874;1172
EL514;2002;879;1101
EL514;2003;828;1139
EL514;2004;869;1099
EL514;2005;863;1105
EL514;2006;942;1101
EL514;2007;802;1186
EL514;2008;878;1144
EL514;2009;901;1207
EL514;2010;842;1254
EL514;2011;800;1209
EL514;2012;803;1330
EL514;2013;731;1231
EL514;2014;684;1242
EL514;2015;691;1400
EL514;2016;695;1267
EL514;2017;675;1433
EL514;2018;614;1310
EL514;2019;601;1421
EL514;2020;607;1806
EL514;2021;629;1502
EL514;2022;551;1426
EL514;2023;508;1297
EL515;2000;1258;1419
EL515;2001;1239;1552
EL515;2002;1297;1588
EL515;2003;1283;1484
EL515;2004;1330;1551
EL515;2005;1420;1593
EL515;2006;1404;1612
EL515;2007;1497;1654
EL515;2008;1597;1574
EL515;2009;1599;1667
EL515;2010;1501;1671
EL515;2011;1439;1649
EL515;2012;1313;1641
EL515;2013;1120;1717
EL515;2014;1081;1671
EL515;2015;1121;1777
EL515;2016;1061;1757
EL515;2017;1013;1860
EL515;2018;914;1793
EL515;2019;887;1813
EL515;2020;984;2125
EL515;2021;962;2149
EL515;2022;890;2176
EL515;2023;839;1870
EL521;2000;1450;1320
EL521;2001;1473;1369
EL521;2002;1456;1338
EL521;2003;1474;1347
EL521;2004;1469;1379
EL521;2005;1488;1377
EL521;2006;1524;1333
EL521;2007;1588;1479
EL521;2008;1617;1505
EL521;2009;1617;1349
EL521;2010;1507;1496
EL521;2011;1369;1571
EL521;2012;1284;1629
EL521;2013;1206;1548
EL521;2014;1154;1688
EL521;2015;1108;1781
EL521;2016;1055;1699
EL521;2017;996;1815
EL521;2018;996;1675
EL521;2019;1029;1822
EL521;2020;962;2057
EL521;2021;937;2170
EL521;2022;829;2082
EL521;2023;838;1821
EL522;2000;11390;8377
EL522;2001;11094;8106
EL522;2002;11631;8346
EL522;2003;11204;8650
EL522;2004;11604;8598
EL522;2005;11835;8813
EL522;2006;12530;8879
EL522;2007;12464;9434
EL522;2008;13124;9216
EL522;2009;13145;9303
EL522;2010;12702;9414
EL522;2011;11707;9394
EL522;2012;10815;10079
EL522;2013;10144;9686
EL522;2014;9676;10141
EL522;2015;9799;10748
EL522;2016;9919;10821
EL522;2017;9145;11187
EL522;2018;8965;11034
EL522;2019;8565;11340
EL522;2020;8607;12708
EL522;2021;8617;14120
EL522;2022;7900;13005
EL522;2023;7242;11523
EL523;2000;639;955
EL523;2001;717;953
EL523;2002;663;957
EL523;2003;680;877
EL523;2004;683;923
EL523;2005;737;984
EL523;2006;718;1005
EL523;2007;757;1014
EL523;2008;847;1028
EL523;2009;755;1048
EL523;2010;750;1036
EL523;2011;717;1069
EL523;2012;693;1205
EL523;2013;566;1139
EL523;2014;572;1149
EL523;2015;538;1156
EL523;2016;614;1120
EL523;2017;499;1240
EL523;2018;473;1184
EL523;2019;460;1187
EL523;2020;515;1363
EL523;2021;469;1441
EL523;2022;390;1324
EL523;2023;402;1180
EL524;2000;1411;1420
EL524;2001;1388;1376
EL524;2002;1429;1373
EL524;2003;1311;1411
EL524;2004;1351;1470
EL524;2005;1349;1449
EL524;2006;1340;1506
EL524;2007;1319;1325
EL524;2008;1378;1508
EL524;2009;1447;1567
EL524;2010;1343;1674
EL524;2011;1253;1666
EL524;2012;1236;1688
EL524;2013;1168;1660
EL524;2014;1051;1699
EL524;2015;1072;1765
EL524;2016;1100;1711
EL524;2017;1013;1877
EL524;2018;926;1838
EL524;2019;953;1933
EL524;2020;928;2313
EL524;2021;940;2381
EL524;2022;860;2252
EL524;2023;806;1855
EL525;2000;1279;1180
EL525;2001;1299;1141
EL525;2002;1262;1086
EL525;2003;1236;1222
EL525;2004;1159;1205
EL525;2005;1303;1180
EL525;2006;1300;1206
EL525;2007;1310;1284
EL525;2008;1467;1247
EL525;2009;1397;1250
EL525;2010;1401;1302
EL525;2011;1261;1281
EL525;2012;1139;1389
EL525;2013;1079;1351
EL525;2014;982;1298
EL525;2015;1010;1388
EL525;2016;1022;1559
EL525;2017;973;1547
EL525;2018;943;1542
EL525;2019;938;1616
EL525;2020;867;1934
EL525;2021;896;1940
EL525;2022;760;1856
EL525;2023;769;1541
EL526;2000;1508;2356
EL526;2001;1444;2223
EL526;2002;1402;2243
EL526;2003;1393;2307
EL526;2004;1302;2251
EL526;2005;1305;2309
EL526;2006;1242;2360
EL526;2007;1308;2504
EL526;2008;1310;2447
EL526;2009;1391;2414
EL526;2010;1241;2614
EL526;2011;1158;2461
EL526;2012;1126;2804
EL526;2013;1111;2567
EL526;2014;1027;2630
EL526;2015;1067;2882
EL526;2016;1033;2724
EL526;2017;984;2677
EL526;2018;942;2718
EL526;2019;869;2764
EL526;2020;931;3218
EL526;2021;897;3336
EL526;2022;831;3075
EL526;2023;712;2711
EL527;2000;921;932
EL527;2001;968;910
EL527;2002;988;1008
EL527;2003;990;974
EL527;2004;981;974
EL527;2005;1021;990
EL527;2006;1127;1014
EL527;2007;1149;1048
EL527;2008;1229;1049
EL527;2009;1123;1028
EL527;2010;1024;974
EL527;2011;1035;982
EL527;2012;900;1144
EL527;2013;864;1113
EL527;2014;837;1111
EL527;2015;805;1153
EL527;2016;852;1134
EL527;2017;813;1180
EL527;2018;778;1153
EL527;2019;763;1233
EL527;2020;747;1386
EL527;2021;780;1420
EL527;2022;728;1387
EL527;2023;705;1248
EL531;2000;1852;1747
EL531;2001;1697;1758
EL531;2002;1709;1885
EL531;2003;1668;1888
EL531;2004;1659;1858
EL531;2005;1660;1868
EL531;2006;1671;1899
EL531;2007;1711;1921
EL531;2008;1756;1920
EL531;2009;1763;1966
EL531;2010;1714;1923
EL531;2011;1538;1964
EL531;2012;1538;2156
EL531;2013;1384;2019
EL531;2014;1397;2012
EL531;2015;1326;2111
EL531;2016;1279;2056
EL531;2017;1281;2125
EL531;2018;1210;2102
EL531;2019;1125;2207
EL531;2020;1182;2451
EL531;2021;1099;2520
EL531;2022;938;2453
EL531;2023;945;2211
EL532;2000;453;479
EL532;2001;402;508
EL532;2002;414;449
EL532;2003;450;516
EL532;2004;425;496
EL532;2005;458;485
EL532;2006;477;500
EL532;2007;399;499
EL532;2008;431;557
EL532;2009;429;503
EL532;2010;432;546
EL532;2011;392;548
EL532;2012;386;511
EL532;2013;387;570
EL532;2014;342;529
EL532;2015;358;598
EL532;2016;312;543
EL532;2017;334;625
EL532;2018;300;535
EL532;2019;302;581
EL532;2020;289;671
EL532;2021;281;742
EL532;2022;235;721
EL532;2023;229;677
EL533;2000;552;613
EL533;2001;529;552
EL533;2002;526;512
EL533;2003;542;550
EL533;2004;476;583
EL533;2005;450;563
EL533;2006;488;525
EL533;2007;512;562
EL533;2008;509;600
EL533;2009;513;565
EL533;2010;516;635
EL533;2011;427;612
EL533;2012;397;632
EL533;2013;380;607
EL533;2014;400;603
EL533;2015;393;655
EL533;2016;404;617
EL533;2017;371;636
EL533;2018;310;612
EL533;2019;335;682
EL533;2020;337;686
EL533;2021;292;737
EL533;2022;254;685
EL533;2023;254;619
EL541;2000;974;1483
EL541;2001;931;1469
EL541;2002;916;1556
EL541;2003;926;1466
EL541;2004;970;1540
EL541;2005;1042;1502
EL541;2006;1059;1535
EL541;2007;1038;1553
EL541;2008;1103;1548
EL541;2009;1048;1531
EL541;2010;1127;1455
EL541;2011;1052;1625
EL541;2012;947;1654
EL541;2013;945;1637
EL541;2014;830;1510
EL541;2015;892;1735
EL541;2016;852;1576
EL541;2017;813;1740
EL541;2018;761;1705
EL541;2019;770;1782
EL541;2020;767;1784
EL541;2021;796;1899
EL541;2022;696;1950
EL541;2023;603;1847
EL542;2000;354;485
EL542;2001;325;427
EL542;2002;344;428
EL542;2003;319;469
EL542;2004;334;407
EL542;2005;346;462
EL542;2006;371;489
EL542;2007;376;436
EL542;2008;412;499
EL542;2009;465;486
EL542;2010;399;473
EL542;2011;377;515
EL542;2012;335;490
EL542;2013;352;494
EL542;2014;356;435
EL542;2015;308;541
EL542;2016;293;518
EL542;2017;296;515
EL542;2018;251;522
EL542;2019;281;556
EL542;2020;265;596
EL542;2021;279;630
EL542;2022;220;616
EL542;2023;225;561
EL543;2000;1248;1655
EL543;2001;1291;1577
EL543;2002;1318;1631
EL543;2003;1248;1656
EL543;2004;1441;1620
EL543;2005;1431;1615
EL543;2006;1575;1579
EL543;2007;1491;1675
EL543;2008;1637;1744
EL543;2009;1703;1624
EL543;2010;1689;1587
EL543;2011;1539;1621
EL543;2012;1436;1750
EL543;2013;1347;1712
EL543;2014;1328;1762
EL543;2015;1289;1793
EL543;2016;1321;1810
EL543;2017;1228;1821
EL543;2018;1210;1750
EL543;2019;1168;1817
EL543;2020;1170;1829
EL543;2021;1157;1985
EL543;2022;1050;1987
EL543;2023;987;1733
EL611;2000;2084;3050
EL611;2001;1954;3126
EL611;2002;1967;3136
EL611;2003;2000;3114
EL611;2004;1988;3163
EL611;2005;1991;2943
EL611;2006;2129;2992
EL611;2007;2060;3186
EL611;2008;2240;3127
EL611;2009;2171;3214
EL611;2010;2111;3254
EL611;2011;1836;3275
EL611;2012;1606;3438
EL611;2013;1684;3172
EL611;2014;1711;2848
EL611;2015;1720;3314
EL611;2016;1662;3412
EL611;2017;1545;3493
EL611;2018;1591;3227
EL611;2019;1502;3385
EL611;2020;1522;3674
EL611;2021;1524;4054
EL611;2022;1325;3797
EL611;2023;1355;3652
EL612;2000;2808;2619
EL612;2001;2692;2572
EL612;2002;2878;2607
EL612;2003;2825;2485
EL612;2004;2913;2663
EL612;2005;3104;2511
EL612;2006;3265;2575
EL612;2007;3172;2767
EL612;2008;3380;2720
EL612;2009;3388;2684
EL612;2010;3291;2699
EL612;2011;3258;2808
EL612;2012;3160;2903
EL612;2013;2737;2727
EL612;2014;2476;3254
EL612;2015;2499;2960
EL612;2016;2468;3016
EL612;2017;2390;3024
EL612;2018;2279;3004
EL612;2019;2212;3253
EL612;2020;2217;3387
EL612;2021;2225;3806
EL612;2022;1957;3654
EL612;2023;1850;3329
EL613;2000;1794;2073
EL613;2001;1772;2017
EL613;2002;1938;2232
EL613;2003;1931;2043
EL613;2004;1882;2188
EL613;2005;2000;2088
EL613;2006;2054;2006
EL613;2007;1993;2227
EL613;2008;2147;2159
EL613;2009;2124;2231
EL613;2010;2134;2037
EL613;2011;1926;2209
EL613;2012;1673;2257
EL613;2013;1603;2228
EL613;2014;1621;2222
EL613;2015;1599;2242
EL613;2016;1561;2219
EL613;2017;1563;2391
EL613;2018;1459;2295
EL613;2019;1380;2350
EL613;2020;1411;2667
EL613;2021;1416;3043
EL613;2022;1375;2682
EL613;2023;1255;2496
EL621;2000;375;435
EL621;2001;422;379
EL621;2002;424;418
EL621;2003;403;434
EL621;2004;460;422
EL621;2005;467;381
EL621;2006;507;407
EL621;2007;476;407
EL621;2008;537;408
EL621;2009;447;383
EL621;2010;476;445
EL621;2011;360;377
EL621;2012;389;440
EL621;2013;391;404
EL621;2014;393;384
EL621;2015;402;480
EL621;2016;419;450
EL621;2017;408;458
EL621;2018;454;463
EL621;2019;412;477
EL621;2020;443;471
EL621;2021;463;477
EL621;2022;407;541
EL621;2023;344;481
EL622;2000;970;1235
EL622;2001;888;1110
EL622;2002;897;1346
EL622;2003;944;1240
EL622;2004;970;1226
EL622;2005;992;1181
EL622;2006;993;1279
EL622;2007;960;1241
EL622;2008;1138;1337
EL622;2009;1057;1282
EL622;2010;972;1069
EL622;2011;1010;1151
EL622;2012;903;1291
EL622;2013;950;1279
EL622;2014;897;1300
EL622;2015;875;1392
EL622;2016;884;1336
EL622;2017;827;1423
EL622;2018;852;1395
EL622;2019;835;1379
EL622;2020;779;1370
EL622;2021;839;1480
EL622;2022;741;1552
EL622;2023;665;1311
EL623;2000;331;465
EL623;2001;345;441
EL623;2002;299;431
EL623;2003;346;463
EL623;2004;337;434
EL623;2005;371;430
EL623;2006;366;435
EL623;2007;383;433
EL623;2008;419;440
EL623;2009;403;410
EL623;2010;426;417
EL623;2011;353;464
EL623;2012;343;436
EL623;2013;340;413
EL623;2014;324;419
EL623;2015;329;504
EL623;2016;293;440
EL623;2017;312;498
EL623;2018;318;428
EL623;2019;279;473
EL623;2020;296;464
EL623;2021;290;492
EL623;2022;263;486
EL623;2023;230;459
EL624;2000;178;328
EL624;2001;182;286
EL624;2002;170;287
EL624;2003;185;315
EL624;2004;204;290
EL624;2005;184;293
EL624;2006;210;289
EL624;2007;190;266
EL624;2008;247;321
EL624;2009;227;318
EL624;2010;231;312
EL624;2011;232;274
EL624;2012;190;331
EL624;2013;191;283
EL624;2014;206;323
EL624;2015;187;324
EL624;2016;211;340
EL624;2017;200;321
EL624;2018;194;325
EL624;2019;190;329
EL624;2020;203;346
EL624;2021;218;344
EL624;2022;206;361
EL624;2023;157;289
EL631;2000;2153;2421
EL631;2001;2000;2251
EL631;2002;2124;2154
EL631;2003;1974;2392
EL631;2004;1940;2294
EL631;2005;2032;2288
EL631;2006;1969;2319
EL631;2007;1893;2350
EL631;2008;2120;2380
EL631;2009;2044;2318
EL631;2010;2004;2353
EL631;2011;1864;2470
EL631;2012;1735;2494
EL631;2013;1583;2359
EL631;2014;1557;2368
EL631;2015;1618;2523
EL631;2016;1589;2532
EL631;2017;1481;2610
EL631;2018;1493;2456
EL631;2019;1509;2650
EL631;2020;1491;2667
EL631;2021;1458;3031
EL631;2022;1459;2992
EL631;2023;1254;2635
EL632;2000;3117;2867
EL632;2001;2951;2825
EL632;2002;3155;2849
EL632;2003;3320;2931
EL632;2004;3296;2928
EL632;2005;3315;3021
EL632;2006;3307;3018
EL632;2007;3246;3107
EL632;2008;3562;3016
EL632;2009;3636;3053
EL632;2010;3535;3107
EL632;2011;3292;3013
EL632;2012;3026;3221
EL632;2013;2947;3023
EL632;2014;2866;3097
EL632;2015;2813;3256
EL632;2016;2811;3183
EL632;2017;2694;3293
EL632;2018;2533;3257
EL632;2019;2454;3376
EL632;2020;2573;3377
EL632;2021;2586;3874
EL632;2022;2341;3968
EL632;2023;2238;3367
EL633;2000;1309;1966
EL633;2001;1289;2039
EL633;2002;1187;1822
EL633;2003;1129;1917
EL633;2004;1209;1950
EL633;2005;1208;2006
EL633;2006;1318;1929
EL633;2007;1295;1954
EL633;2008;1515;1924
EL633;2009;1453;2002
EL633;2010;1380;1881
EL633;2011;1365;1903
EL633;2012;1136;1991
EL633;2013;1134;1984
EL633;2014;1049;1846
EL633;2015;1058;2046
EL633;2016;1071;1865
EL633;2017;1049;1950
EL633;2018;976;1852
EL633;2019;1033;1979
EL633;2020;975;2024
EL633;2021;980;2194
EL633;2022;945;2311
EL633;2023;855;1979
EL641;2000;1036;1297
EL641;2001;1011;1222
EL641;2002;1038;1286
EL641;2003;1174;1259
EL641;2004;1106;1232
EL641;2005;1108;1237
EL641;2006;1158;1222
EL641;2007;1197;1401
EL641;2008;1244;1257
EL641;2009;1135;1292
EL641;2010;1255;1348
EL641;2011;1057;1290
EL641;2012;1073;1392
EL641;2013;978;1279
EL641;2014;984;1233
EL641;2015;941;1294
EL641;2016;976;1313
EL641;2017;916;1424
EL641;2018;922;1333
EL641;2019;810;1388
EL641;2020;867;1391
EL641;2021;820;1636
EL641;2022;765;1595
EL641;2023;692;1386
EL642;2000;1820;2137
EL642;2001;1853;2231
EL642;2002;1854;2191
EL642;2003;1999;2296
EL642;2004;1990;2362
EL642;2005;1934;2161
EL642;2006;2084;2220
EL642;2007;1936;2317
EL642;2008;2191;2234
EL642;2009;2149;2052
EL642;2010;2091;2010
EL642;2011;1857;2365
EL642;2012;1834;2486
EL642;2013;1721;2185
EL642;2014;1689;2450
EL642;2015;1649;2555
EL642;2016;1712;2479
EL642;2017;1734;2648
EL642;2018;1579;2585
EL642;2019;1447;2749
EL642;2020;1684;2600
EL642;2021;1599;2966
EL642;2022;1396;3034
EL642;2023;1276;2745
EL643;2000;104;257
EL643;2001;99;235
EL643;2002;117;272
EL643;2003;118;238
EL643;2004;114;201
EL643;2005;127;274
EL643;2006;127;239
EL643;2007;114;249
EL643;2008;122;233
EL643;2009;128;214
EL643;2010;130;199
EL643;2011;121;233
EL643;2012;130;241
EL643;2013;103;218
EL643;2014;101;219
EL643;2015;93;214
EL643;2016;99;232
EL643;2017;95;233
EL643;2018;87;228
EL643;2019;100;230
EL643;2020;77;236
EL643;2021;74;244
EL643;2022;71;244
EL643;2023;69;222
EL644;2000;1330;1891
EL644;2001;1333;1837
EL644;2002;1383;1914
EL644;2003;1293;1864
EL644;2004;1394;1871
EL644;2005;1378;1853
EL644;2006;1441;1871
EL644;2007;1388;1846
EL644;2008;1488;1855
EL644;2009;1537;1827
EL644;2010;1407;1832
EL644;2011;1224;1926
EL644;2012;1118;1972
EL644;2013;1123;1838
EL644;2014;1051;1888
EL644;2015;1058;2047
EL644;2016;1085;1977
EL644;2017;972;2017
EL644;2018;1032;2036
EL644;2019;911;2077
EL644;2020;915;2097
EL644;2021;954;2431
EL644;2022;883;2265
EL644;2023;775;2230
EL645;2000;257;490
EL645;2001;294;498
EL645;2002;267;539
EL645;2003;236;524
EL645;2004;228;502
EL645;2005;262;451
EL645;2006;261;478
EL645;2007;285;503
EL645;2008;293;533
EL645;2009;261;474
EL645;2010;257;471
EL645;2011;229;491
EL645;2012;198;503
EL645;2013;225;448
EL645;2014;219;440
EL645;2015;207;467
EL645;2016;227;438
EL645;2017;187;469
EL645;2018;183;435
EL645;2019;146;499
EL645;2020;175;493
EL645;2021;196;495
EL645;2022;155;502
EL645;2023;141;475
EL651;2000;1622;2381
EL651;2001;1537;2342
EL651;2002;1509;2271
EL651;2003;1564;2272
EL651;2004;1626;2279
EL651;2005;1634;2233
EL651;2006;1742;2240
EL651;2007;1674;2355
EL651;2008;1705;2367
EL651;2009;1822;2301
EL651;2010;1805;2299
EL651;2011;1577;2175
EL651;2012;1586;2447
EL651;2013;1382;2266
EL651;2014;1418;2228
EL651;2015;1403;2265
EL651;2016;1378;2295
EL651;2017;1361;2336
EL651;2018;1284;2285
EL651;2019;1248;2398
EL651;2020;1246;2507
EL651;2021;1249;2665
EL651;2022;1127;2709
EL651;2023;1051;2488
EL652;2000;1265;1427
EL652;2001;1283;1435
EL652;2002;1262;1446
EL652;2003;1276;1491
EL652;2004;1278;1514
EL652;2005;1378;1459
EL652;2006;1439;1566
EL652;2007;1468;1618
EL652;2008;1615;1504
EL652;2009;1575;1535
EL652;2010;1524;1639
EL652;2011;1357;1680
EL652;2012;1277;1679
EL652;2013;1258;1605
EL652;2014;1227;1599
EL652;2015;1247;1842
EL652;2016;1199;1627
EL652;2017;1156;1817
EL652;2018;1187;1869
EL652;2019;1075;1845
EL652;2020;1100;1868
EL652;2021;1098;2160
EL652;2022;974;2206
EL652;2023;952;1955
EL653;2000;2148;3484
EL653;2001;2055;3220
EL653;2002;2014;3291
EL653;2003;2105;3243
EL653;2004;2075;3027
EL653;2005;2108;3037
EL653;2006;2175;3172
EL653;2007;2189;3154
EL653;2008;2294;3125
EL653;2009;2258;3166
EL653;2010;2278;3023
EL653;2011;2065;3174
EL653;2012;1965;3284
EL653;2013;1793;2982
EL653;2014;1762;3090
EL653;2015;1669;3441
EL653;2016;1808;3137
EL653;2017;1722;3481
EL653;2018;1645;3162
EL653;2019;1603;3301
EL653;2020;1660;3196
EL653;2021;1713;3471
EL653;2022;1560;3607
EL653;2023;1456;3434
ES;2000;396636;357788
ES;2001;405355;357472
ES;2002;417726;366046
ES;2003;440496;382455
ES;2004;453147;369564
ES;2005;464811;385056
ES;2006;481295;369391
ES;2007;491138;383249
ES;2008;518503;384198
ES;2009;493717;383209
ES;2010;485252;380234
ES;2011;470553;386017
ES;2012;453348;401122
ES;2013;424440;388600
ES;2014;426076;393734
ES;2015;418432;420408
ES;2016;408734;408231
ES;2017;391265;422037
ES;2018;370827;425153
ES;2019;358747;416102
ES;2020;340635;492447
ES;2021;336823;449149
ES;2022;328704;461954
ES;2023;319830;433420
ES111;2000;7943;11028
ES111;2001;7956;10926
ES111;2002;7866;10818
ES111;2003;8326;11665
ES111;2004;8546;11300
ES111;2005;8820;11460
ES111;2006;8985;11403
ES111;2007;9026;11862
ES111;2008;9825;11618
ES111;2009;9562;12050
ES111;2010;9372;11708
ES111;2011;9258;11708
ES111;2012;8992;11992
ES111;2013;8450;12147
ES111;2014;8228;12036
ES111;2015;8386;12601
ES111;2016;8339;12575
ES111;2017;7745;12657
ES111;2018;7132;13098
ES111;2019;6614;12382
ES111;2020;6458;12873
ES111;2021;6318;13283
ES111;2022;6159;13980
ES111;2023;6004;13005
ES112;2000;2100;5025
ES112;2001;1900;4953
ES112;2002;1900;4917
ES112;2003;2046;5066
ES112;2004;2000;4763
ES112;2005;2070;4830
ES112;2006;2043;4873
ES112;2007;2179;4898
ES112;2008;2208;4867
ES112;2009;2252;4975
ES112;2010;2211;4785
ES112;2011;2186;4819
ES112;2012;2243;5058
ES112;2013;2083;4941
ES112;2014;2150;4884
ES112;2015;2174;5126
ES112;2016;2101;5194
ES112;2017;2082;5174
ES112;2018;1959;5086
ES112;2019;1705;4804
ES112;2020;1679;5093
ES112;2021;1622;5019
ES112;2022;1734;5406
ES112;2023;1705;5082
ES113;2000;1837;4545
ES113;2001;1800;4444
ES113;2002;1826;4447
ES113;2003;2041;4699
ES113;2004;1900;4400
ES113;2005;1910;4680
ES113;2006;2039;4671
ES113;2007;2073;4764
ES113;2008;2156;4706
ES113;2009;2058;4514
ES113;2010;2054;4619
ES113;2011;1973;4636
ES113;2012;1933;4731
ES113;2013;1863;4541
ES113;2014;1855;4400
ES113;2015;1835;4672
ES113;2016;1781;4666
ES113;2017;1709;4693
ES113;2018;1486;4736
ES113;2019;1469;4715
ES113;2020;1460;5108
ES113;2021;1399;4695
ES113;2022;1341;5005
ES113;2023;1339;4759
ES114;2000;7557;8260
ES114;2001;7700;7977
ES114;2002;7700;8171
ES114;2003;8000;8375
ES114;2004;8171;8100
ES114;2005;8300;8410
ES114;2006;8325;8442
ES114;2007;8474;8635
ES114;2008;8986;8438
ES114;2009;8665;8641
ES114;2010;8410;8637
ES114;2011;8177;8716
ES114;2012;7921;9090
ES114;2013;7331;8804
ES114;2014;7397;8609
ES114;2015;7032;9289
ES114;2016;6841;9322
ES114;2017;6909;9438
ES114;2018;5983;9499
ES114;2019;5930;9367
ES114;2020;5650;9771
ES114;2021;5448;9856
ES114;2022;5261;10605
ES114;2023;4956;9936
ES120;2000;6731;12393
ES120;2001;6849;11926
ES120;2002;6729;12424
ES120;2003;7107;12752
ES120;2004;7200;12550
ES120;2005;7480;12700
ES120;2006;7596;12342
ES120;2007;7833;12667
ES120;2008;8221;12741
ES120;2009;8210;12759
ES120;2010;7763;12725
ES120;2011;7782;12678
ES120;2012;7622;13151
ES120;2013;6671;12722
ES120;2014;6600;12812
ES120;2015;6455;13550
ES120;2016;6347;13204
ES120;2017;6012;13152
ES120;2018;5733;13238
ES120;2019;5152;12893
ES120;2020;4771;14550
ES120;2021;4785;13367
ES120;2022;4744;13936
ES120;2023;4545;13012
ES130;2000;4341;5335
ES130;2001;4300;5077
ES130;2002;4560;5278
ES130;2003;4873;5399
ES130;2004;5060;5200
ES130;2005;5270;5370
ES130;2006;5229;5449
ES130;2007;5379;5615
ES130;2008;5886;5522
ES130;2009;5619;5513
ES130;2010;5575;5466
ES130;2011;5344;5606
ES130;2012;5064;5812
ES130;2013;4831;5603
ES130;2014;4565;5899
ES130;2015;4375;6041
ES130;2016;4244;5936
ES130;2017;4118;5958
ES130;2018;3805;6096
ES130;2019;3547;6013
ES130;2020;3407;6467
ES130;2021;3285;6052
ES130;2022;3224;6767
ES130;2023;2976;6032
ES211;2000;2500;2200
ES211;2001;2435;2200
ES211;2002;2500;2168
ES211;2003;2700;2357
ES211;2004;2800;2275
ES211;2005;2790;2500
ES211;2006;2917;2247
ES211;2007;3033;2414
ES211;2008;3210;2412
ES211;2009;3222;2490
ES211;2010;3348;2430
ES211;2011;3427;2519
ES211;2012;3293;2521
ES211;2013;3099;2583
ES211;2014;3277;2476
ES211;2015;3158;2766
ES211;2016;3074;2688
ES211;2017;2962;2812
ES211;2018;2683;2765
ES211;2019;2568;2738
ES211;2020;2398;3267
ES211;2021;2369;2972
ES211;2022;2273;3172
ES211;2023;2217;2916
ES212;2000;6000;5837
ES212;2001;6174;5860
ES212;2002;6269;6025
ES212;2003;6767;6265
ES212;2004;6778;6000
ES212;2005;6790;6110
ES212;2006;7033;5899
ES212;2007;7153;6200
ES212;2008;7239;6269
ES212;2009;7145;6265
ES212;2010;7221;6130
ES212;2011;7048;6300
ES212;2012;6899;6514
ES212;2013;6287;6394
ES212;2014;6362;6531
ES212;2015;6361;6933
ES212;2016;6017;6777
ES212;2017;5593;7009
ES212;2018;5472;7035
ES212;2019;5140;6861
ES212;2020;5026;7740
ES212;2021;4935;7621
ES212;2022;4512;7872
ES212;2023;4568;7519
ES213;2000;8819;10200
ES213;2001;9040;10000
ES213;2002;9374;10434
ES213;2003;9810;10684
ES213;2004;10000;10400
ES213;2005;10120;10810
ES213;2006;10076;10361
ES213;2007;10408;10637
ES213;2008;10861;10752
ES213;2009;10538;10859
ES213;2010;10601;10803
ES213;2011;10680;11013
ES213;2012;10341;11246
ES213;2013;9730;10743
ES213;2014;9740;11159
ES213;2015;9330;11812
ES213;2016;9156;11759
ES213;2017;8522;11813
ES213;2018;7945;11963
ES213;2019;7741;11967
ES213;2020;7319;13245
ES213;2021;6972;12493
ES213;2022;6878;13159
ES213;2023;6677;11893
ES220;2000;5262;4935
ES220;2001;5700;4800
ES220;2002;5800;5000
ES220;2003;6200;5247
ES220;2004;6300;5000
ES220;2005;6150;5200
ES220;2006;6551;4952
ES220;2007;6595;5163
ES220;2008;7029;5292
ES220;2009;6844;5147
ES220;2010;6778;4981
ES220;2011;6747;5158
ES220;2012;6731;5376
ES220;2013;6075;5323
ES220;2014;6183;5511
ES220;2015;6007;5680
ES220;2016;5894;5727
ES220;2017;5746;5844
ES220;2018;5398;5819
ES220;2019;5371;5568
ES220;2020;5036;6662
ES220;2021;5113;5771
ES220;2022;4759;6317
ES220;2023;4496;5847
ES230;2000;2346;2544
ES230;2001;2400;2526
ES230;2002;2576;2634
ES230;2003;2870;2728
ES230;2004;2939;2666
ES230;2005;3040;2860
ES230;2006;3070;2653
ES230;2007;3272;2846
ES230;2008;3518;2860
ES230;2009;3330;2745
ES230;2010;3374;2855
ES230;2011;3172;2885
ES230;2012;3188;3023
ES230;2013;2903;2871
ES230;2014;2834;2886
ES230;2015;2732;3093
ES230;2016;2662;2967
ES230;2017;2566;3052
ES230;2018;2330;3205
ES230;2019;2408;3147
ES230;2020;2318;3700
ES230;2021;2192;3411
ES230;2022;2191;3464
ES230;2023;1999;3236
ES241;2000;1573;2349
ES241;2001;1648;2400
ES241;2002;1623;2493
ES241;2003;1652;2539
ES241;2004;1840;2443
ES241;2005;1800;2580
ES241;2006;1898;2435
ES241;2007;1944;2390
ES241;2008;2141;2474
ES241;2009;2072;2478
ES241;2010;1995;2495
ES241;2011;1929;2477
ES241;2012;1899;2559
ES241;2013;1921;2439
ES241;2014;1733;2513
ES241;2015;1870;2726
ES241;2016;1721;2524
ES241;2017;1723;2590
ES241;2018;1651;2578
ES241;2019;1580;2391
ES241;2020;1486;2888
ES241;2021;1573;2523
ES241;2022;1509;2734
ES241;2023;1400;2423
ES242;2000;1070;1679
ES242;2001;1000;1632
ES242;2002;900;1682
ES242;2003;1000;1768
ES242;2004;1079;1635
ES242;2005;1110;1740
ES242;2006;1136;1671
ES242;2007;1232;1690
ES242;2008;1242;1653
ES242;2009;1245;1715
ES242;2010;1182;1680
ES242;2011;1197;1716
ES242;2012;1136;1713
ES242;2013;1124;1682
ES242;2014;1111;1673
ES242;2015;986;1780
ES242;2016;1059;1634
ES242;2017;946;1713
ES242;2018;947;1766
ES242;2019;980;1686
ES242;2020;921;2016
ES242;2021;917;1696
ES242;2022;956;1878
ES242;2023;860;1665
ES243;2000;7278;8548
ES243;2001;7700;8700
ES243;2002;7831;8810
ES243;2003;8352;9387
ES243;2004;8539;9100
ES243;2005;8710;9360
ES243;2006;9246;8883
ES243;2007;9683;9200
ES243;2008;10292;9271
ES243;2009;9745;9075
ES243;2010;9763;9019
ES243;2011;9484;9360
ES243;2012;8945;9452
ES243;2013;8617;9232
ES243;2014;8758;9556
ES243;2015;8496;9833
ES243;2016;8149;9323
ES243;2017;7862;9905
ES243;2018;7379;9756
ES243;2019;7084;9543
ES243;2020;6688;11807
ES243;2021;6973;10297
ES243;2022;6520;10764
ES243;2023;6409;9769
ES300;2000;56623;37838
ES300;2001;59724;38558
ES300;2002;63156;39281
ES300;2003;67046;41429
ES300;2004;69027;40300
ES300;2005;69370;40840
ES300;2006;71912;39882
ES300;2007;74837;41393
ES300;2008;78792;41270
ES300;2009;75957;41268
ES300;2010;73878;40828
ES300;2011;72023;41614
ES300;2012;69374;42799
ES300;2013;65343;42393
ES300;2014;65505;43064
ES300;2015;64879;46859
ES300;2016;63112;45066
ES300;2017;60555;47069
ES300;2018;57554;46599
ES300;2019;55741;47165
ES300;2020;52357;66648
ES300;2021;51366;49857
ES300;2022;50961;51154
ES300;2023;50299;48646
ES411;2000;1160;1937
ES411;2001;1128;2000
ES411;2002;1123;2023
ES411;2003;1159;1977
ES411;2004;1200;2026
ES411;2005;1320;2060
ES411;2006;1358;2057
ES411;2007;1339;2118
ES411;2008;1526;2014
ES411;2009;1457;1994
ES411;2010;1408;2062
ES411;2011;1344;2044
ES411;2012;1255;2102
ES411;2013;1157;2064
ES411;2014;1243;2040
ES411;2015;1107;2146
ES411;2016;1133;1992
ES411;2017;1072;2162
ES411;2018;979;2039
ES411;2019;952;2026
ES411;2020;885;2537
ES411;2021;875;2065
ES411;2022;906;2212
ES411;2023;832;1975
ES412;2000;2779;3403
ES412;2001;2671;3333
ES412;2002;2800;3462
ES412;2003;2818;3612
ES412;2004;2968;3400
ES412;2005;3060;3860
ES412;2006;3123;3382
ES412;2007;3250;3664
ES412;2008;3525;3779
ES412;2009;3311;3764
ES412;2010;3360;3552
ES412;2011;3304;3784
ES412;2012;3123;3942
ES412;2013;2999;3754
ES412;2014;2821;3838
ES412;2015;2760;3865
ES412;2016;2658;3838
ES412;2017;2453;4016
ES412;2018;2351;4008
ES412;2019;2412;3891
ES412;2020;2165;4777
ES412;2021;2096;3968
ES412;2022;2134;4258
ES412;2023;1999;4066
ES413;2000;3200;5255
ES413;2001;3200;5260
ES413;2002;3200;5469
ES413;2003;3237;5687
ES413;2004;3300;5556
ES413;2005;3310;5730
ES413;2006;3294;5520
ES413;2007;3515;5970
ES413;2008;3511;5793
ES413;2009;3485;5643
ES413;2010;3438;5793
ES413;2011;3333;5650
ES413;2012;3200;5988
ES413;2013;3044;5855
ES413;2014;3038;5905
ES413;2015;3026;6218
ES413;2016;2869;6092
ES413;2017;2634;6110
ES413;2018;2633;6309
ES413;2019;2370;6152
ES413;2020;2276;7637
ES413;2021;2301;6220
ES413;2022;2159;6651
ES413;2023;2103;5878
ES414;2000;1155;1993
ES414;2001;1165;1900
ES414;2002;1193;1901
ES414;2003;1200;2019
ES414;2004;1161;1940
ES414;2005;1230;2050
ES414;2006;1248;1913
ES414;2007;1208;2062
ES414;2008;1278;1944
ES414;2009;1231;2060
ES414;2010;1187;2012
ES414;2011;1227;1973
ES414;2012;1162;2092
ES414;2013;1148;2025
ES414;2014;1180;2162
ES414;2015;1162;2156
ES414;2016;1047;2097
ES414;2017;1076;2137
ES414;2018;983;2170
ES414;2019;927;2129
ES414;2020;939;2585
ES414;2021;840;2267
ES414;2022;858;2248
ES414;2023;788;1990
ES415;2000;2553;3697
ES415;2001;2472;3700
ES415;2002;2521;3796
ES415;2003;2605;3938
ES415;2004;2700;3651
ES415;2005;2630;3760
ES415;2006;2629;3657
ES415;2007;2770;3708
ES415;2008;2899;3810
ES415;2009;2661;3793
ES415;2010;2618;3713
ES415;2011;2651;3693
ES415;2012;2508;3914
ES415;2013;2263;3792
ES415;2014;2337;3709
ES415;2015;2342;3973
ES415;2016;2238;3863
ES415;2017;2028;4027
ES415;2018;2075;4012
ES415;2019;1933;4045
ES415;2020;1805;5231
ES415;2021;1754;3995
ES415;2022;1745;4402
ES415;2023;1683;3770
ES416;2000;1200;1511
ES416;2001;1240;1527
ES416;2002;1256;1607
ES416;2003;1300;1622
ES416;2004;1300;1629
ES416;2005;1410;1630
ES416;2006;1421;1567
ES416;2007;1422;1605
ES416;2008;1530;1633
ES416;2009;1458;1641
ES416;2010;1446;1669
ES416;2011;1419;1715
ES416;2012;1319;1675
ES416;2013;1185;1681
ES416;2014;1280;1724
ES416;2015;1197;1814
ES416;2016;1141;1684
ES416;2017;1076;1747
ES416;2018;1058;1776
ES416;2019;1025;1693
ES416;2020;949;2428
ES416;2021;967;1679
ES416;2022;930;1742
ES416;2023;919;1660
ES417;2000;723;1129
ES417;2001;672;953
ES417;2002;653;1078
ES417;2003;738;1049
ES417;2004;700;1179
ES417;2005;730;1190
ES417;2006;720;1165
ES417;2007;693;1127
ES417;2008;772;1157
ES417;2009;739;1102
ES417;2010;748;1128
ES417;2011;707;1105
ES417;2012;707;1098
ES417;2013;666;1065
ES417;2014;643;1144
ES417;2015;634;1189
ES417;2016;626;1215
ES417;2017;591;1088
ES417;2018;606;1155
ES417;2019;579;1145
ES417;2020;591;1531
ES417;2021;533;1184
ES417;2022;540;1235
ES417;2023;501;1088
ES418;2000;3878;4264
ES418;2001;3924;4200
ES418;2002;4151;4403
ES418;2003;4318;4485
ES418;2004;4400;4500
ES418;2005;4580;4580
ES418;2006;4792;4448
ES418;2007;4736;4511
ES418;2008;5054;4642
ES418;2009;4923;4566
ES418;2010;5099;4663
ES418;2011;4757;4592
ES418;2012;4655;4766
ES418;2013;4316;4585
ES418;2014;4312;4621
ES418;2015;4192;5194
ES418;2016;4030;4834
ES418;2017;3675;4995
ES418;2018;3463;5079
ES418;2019;3288;4933
ES418;2020;3250;6234
ES418;2021;3020;5330
ES418;2022;3152;5450
ES418;2023;2977;5130
ES419;2000;1232;2487
ES419;2001;1100;2433
ES419;2002;1224;2610
ES419;2003;1200;2615
ES419;2004;1150;2466
ES419;2005;1160;2600
ES419;2006;1190;2441
ES419;2007;1144;2588
ES419;2008;1216;2620
ES419;2009;1151;2585
ES419;2010;1182;2505
ES419;2011;1120;2519
ES419;2012;1117;2682
ES419;2013;1049;2686
ES419;2014;1032;2644
ES419;2015;969;2747
ES419;2016;933;2821
ES419;2017;904;2697
ES419;2018;896;2749
ES419;2019;837;2705
ES419;2020;792;3237
ES419;2021;709;2591
ES419;2022;711;2819
ES419;2023;694;2545
ES421;2000;3664;3141
ES421;2001;3637;3063
ES421;2002;3700;3152
ES421;2003;3800;3336
ES421;2004;3650;3248
ES421;2005;3750;3340
ES421;2006;4009;3253
ES421;2007;3682;3364
ES421;2008;4092;3413
ES421;2009;4151;3424
ES421;2010;4051;3303
ES421;2011;3952;3454
ES421;2012;3698;3663
ES421;2013;3598;3508
ES421;2014;3576;3720
ES421;2015;3476;3700
ES421;2016;3359;3670
ES421;2017;3219;3736
ES421;2018;3040;3727
ES421;2019;2872;3731
ES421;2020;2773;4868
ES421;2021;2790;3781
ES421;2022;2698;3976
ES421;2023;2563;3719
ES422;2000;4480;4746
ES422;2001;4460;4800
ES422;2002;4400;5062
ES422;2003;4523;5060
ES422;2004;4734;4900
ES422;2005;4900;5220
ES422;2006;5141;4852
ES422;2007;5101;5025
ES422;2008;5647;5101
ES422;2009;5290;5000
ES422;2010;5183;4730
ES422;2011;5048;5005
ES422;2012;4889;5305
ES422;2013;4588;5020
ES422;2014;4245;5039
ES422;2015;4325;5602
ES422;2016;4258;5117
ES422;2017;4013;5419
ES422;2018;3676;5131
ES422;2019;3578;5223
ES422;2020;3412;6927
ES422;2021;3494;5427
ES422;2022;3339;5415
ES422;2023;3223;5211
ES423;2000;1622;2181
ES423;2001;1629;2300
ES423;2002;1673;2357
ES423;2003;1672;2276
ES423;2004;1644;2252
ES423;2005;1580;2260
ES423;2006;1710;2263
ES423;2007;1657;2273
ES423;2008;1867;2384
ES423;2009;1804;2177
ES423;2010;1791;2252
ES423;2011;1740;2287
ES423;2012;1600;2471
ES423;2013;1530;2395
ES423;2014;1549;2293
ES423;2015;1522;2507
ES423;2016;1507;2405
ES423;2017;1407;2500
ES423;2018;1303;2436
ES423;2019;1389;2443
ES423;2020;1193;3177
ES423;2021;1300;2439
ES423;2022;1304;2576
ES423;2023;1242;2359
ES424;2000;1773;1576
ES424;2001;1740;1649
ES424;2002;1898;1700
ES424;2003;2135;1663
ES424;2004;2200;1700
ES424;2005;2330;1680
ES424;2006;2710;1681
ES424;2007;2847;1816
ES424;2008;3152;1753
ES424;2009;3123;1707
ES424;2010;3095;1765
ES424;2011;2968;1835
ES424;2012;2843;1944
ES424;2013;2581;1806
ES424;2014;2444;1826
ES424;2015;2455;2145
ES424;2016;2363;2024
ES424;2017;2192;2083
ES424;2018;2114;2025
ES424;2019;2084;1994
ES424;2020;1945;2797
ES424;2021;1881;2122
ES424;2022;1920;2334
ES424;2023;1850;2105
ES425;2000;5184;5108
ES425;2001;5330;5437
ES425;2002;5466;5307
ES425;2003;5910;5497
ES425;2004;6259;5334
ES425;2005;6440;5520
ES425;2006;6819;5227
ES425;2007;7588;5668
ES425;2008;8280;5516
ES425;2009;7954;5463
ES425;2010;7878;5407
ES425;2011;7656;5472
ES425;2012;7352;5668
ES425;2013;6771;5499
ES425;2014;6578;5501
ES425;2015;6436;5969
ES425;2016;6305;5928
ES425;2017;6033;6470
ES425;2018;5712;6255
ES425;2019;5393;6076
ES425;2020;5415;8066
ES425;2021;5069;6648
ES425;2022;5250;6240
ES425;2023;5197;6053
ES431;2000;6484;6301
ES431;2001;6459;6200
ES431;2002;6382;6536
ES431;2003;6550;6750
ES431;2004;6400;6300
ES431;2005;6500;6850
ES431;2006;6695;6362
ES431;2007;6562;6517
ES431;2008;7185;6358
ES431;2009;6929;6573
ES431;2010;6800;6642
ES431;2011;6623;6408
ES431;2012;6476;6814
ES431;2013;5948;6608
ES431;2014;6163;6560
ES431;2015;5929;6898
ES431;2016;5878;6755
ES431;2017;5721;6896
ES431;2018;5210;6913
ES431;2019;5158;6783
ES431;2020;4938;7470
ES431;2021;4844;7429
ES431;2022;4556;7347
ES431;2023;4583;6707
ES432;2000;3649;4060
ES432;2001;3444;4133
ES432;2002;3400;4013
ES432;2003;3400;4477
ES432;2004;3500;4100
ES432;2005;3500;4320
ES432;2006;3423;3997
ES432;2007;3419;4242
ES432;2008;3550;4083
ES432;2009;3385;4175
ES432;2010;3328;4174
ES432;2011;3315;4176
ES432;2012;2947;4533
ES432;2013;2932;4435
ES432;2014;3004;4239
ES432;2015;2966;4621
ES432;2016;2905;4482
ES432;2017;2774;4689
ES432;2018;2611;4538
ES432;2019;2492;4478
ES432;2020;2442;5629
ES432;2021;2403;4889
ES432;2022;2258;5040
ES432;2023;2227;4654
ES511;2000;48493;41468
ES511;2001;49471;41955
ES511;2002;52171;42555
ES511;2003;55313;44815
ES511;2004;58000;42245
ES511;2005;59610;45230
ES511;2006;60867;42286
ES511;2007;61722;43997
ES511;2008;64694;43827
ES511;2009;61715;43933
ES511;2010;61204;43421
ES511;2011;59319;43818
ES511;2012;56639;45939
ES511;2013;52287;44407
ES511;2014;52371;44685
ES511;2015;51359;47051
ES511;2016;50670;46277
ES511;2017;49040;48414
ES511;2018;46687;48413
ES511;2019;45040;46836
ES511;2020;42531;59652
ES511;2021;42213;50332
ES511;2022;41166;51241
ES511;2023;39360;49050
ES512;2000;5849;5034
ES512;2001;5964;5100
ES512;2002;6231;5266
ES512;2003;7020;5566
ES512;2004;7452;5400
ES512;2005;7660;5720
ES512;2006;8443;5442
ES512;2007;8430;5619
ES512;2008;9334;5740
ES512;2009;9016;5777
ES512;2010;8936;5771
ES512;2011;8514;5706
ES512;2012;8037;6139
ES512;2013;7509;5803
ES512;2014;7405;6014
ES512;2015;7540;6401
ES512;2016;7175;6114
ES512;2017;7022;6407
ES512;2018;6745;6574
ES512;2019;6437;6482
ES512;2020;6334;7210
ES512;2021;6077;6879
ES512;2022;5926;6999
ES512;2023;5836;6747
ES513;2000;3300;3848
ES513;2001;3378;3837
ES513;2002;3400;4123
ES513;2003;3800;4200
ES513;2004;4000;4000
ES513;2005;4280;4370
ES513;2006;4378;4042
ES513;2007;4557;4138
ES513;2008;5191;4165
ES513;2009;4977;4126
ES513;2010;4859;4135
ES513;2011;4633;4184
ES513;2012;4399;4190
ES513;2013;4124;4075
ES513;2014;4157;4141
ES513;2015;3985;4404
ES513;2016;3840;4042
ES513;2017;3735;4318
ES513;2018;3497;4349
ES513;2019;3485;4188
ES513;2020;3399;4859
ES513;2021;3216;4552
ES513;2022;3230;4547
ES513;2023;3109;4222
ES514;2000;6164;5578
ES514;2001;6268;5529
ES514;2002;6725;5900
ES514;2003;7090;6122
ES514;2004;7533;6054
ES514;2005;8220;6460
ES514;2006;8612;6093
ES514;2007;9328;6251
ES514;2008;10030;6378
ES514;2009;9496;6425
ES514;2010;9369;6373
ES514;2011;8781;6480
ES514;2012;8363;6709
ES514;2013;7671;6522
ES514;2014;7656;6479
ES514;2015;7566;7010
ES514;2016;7223;6856
ES514;2017;7006;7026
ES514;2018;6637;7226
ES514;2019;6586;7041
ES514;2020;6200;8063
ES514;2021;6128;7579
ES514;2022;6022;7919
ES514;2023;5869;7643
ES521;2000;14509;11963
ES521;2001;15177;12466
ES521;2002;15855;12552
ES521;2003;17067;13380
ES521;2004;17655;13000
ES521;2005;18130;13530
ES521;2006;18852;13175
ES521;2007;19083;13739
ES521;2008;20202;13866
ES521;2009;18341;13682
ES521;2010;18187;13993
ES521;2011;17246;14248
ES521;2012;16677;15206
ES521;2013;15832;14541
ES521;2014;15980;14877
ES521;2015;15904;15853
ES521;2016;15259;15155
ES521;2017;15039;15974
ES521;2018;14161;16270
ES521;2019;14046;15908
ES521;2020;13334;17555
ES521;2021;13371;18391
ES521;2022;13262;18027
ES521;2023;13078;17000
ES522;2000;4642;4633
ES522;2001;4967;4775
ES522;2002;5400;4794
ES522;2003;5600;5057
ES522;2004;5700;4757
ES522;2005;6010;5030
ES522;2006;6686;4832
ES522;2007;6687;4837
ES522;2008;7206;4957
ES522;2009;6571;5030
ES522;2010;6320;4837
ES522;2011;6115;4965
ES522;2012;5818;4984
ES522;2013;5470;4971
ES522;2014;5367;5036
ES522;2015;5098;5382
ES522;2016;5103;5139
ES522;2017;4785;5293
ES522;2018;4580;5595
ES522;2019;4444;5268
ES522;2020;4164;5685
ES522;2021;4063;5934
ES522;2022;4178;5854
ES522;2023;4206;5560
ES523;2000;21624;19967
ES523;2001;22146;20000
ES523;2002;22938;20677
ES523;2003;24655;21684
ES523;2004;25600;20600
ES523;2005;26490;21680
ES523;2006;27218;20562
ES523;2007;28708;21395
ES523;2008;29675;21236
ES523;2009;27477;21373
ES523;2010;27177;21299
ES523;2011;26085;21575
ES523;2012;25079;22113
ES523;2013;22883;21007
ES523;2014;22996;21637
ES523;2015;22448;23116
ES523;2016;21635;22403
ES523;2017;20494;23537
ES523;2018;19277;23465
ES523;2019;18834;22840
ES523;2020;18263;25309
ES523;2021;18243;25323
ES523;2022;18164;25955
ES523;2023;18094;24123
ES531;2000;1107;660
ES531;2001;1134;603
ES531;2002;1199;626
ES531;2003;1272;664
ES531;2004;1262;652
ES531;2005;1328;682
ES531;2006;1402;686
ES531;2007;1530;692
ES531;2008;1487;713
ES531;2009;1439;683
ES531;2010;1393;744
ES531;2011;1414;773
ES531;2012;1507;858
ES531;2013;1492;839
ES531;2014;1543;792
ES531;2015;1485;869
ES531;2016;1658;794
ES531;2017;1478;885
ES531;2018;1537;844
ES531;2019;1467;870
ES531;2020;1347;937
ES531;2021;1356;1064
ES531;2022;1303;1091
ES531;2023;1333;1031
ES532;2000;7480;6009
ES532;2001;7876;5892
ES532;2002;8291;5922
ES532;2003;8445;6021
ES532;2004;8583;5765
ES532;2005;8587;6066
ES532;2006;9321;5957
ES532;2007;9356;5977
ES532;2008;10180;6149
ES532;2009;9670;6477
ES532;2010;9629;6327
ES532;2011;8978;6296
ES532;2012;8663;6565
ES532;2013;8285;6193
ES532;2014;8392;6444
ES532;2015;8376;6807
ES532;2016;8203;6525
ES532;2017;8096;6885
ES532;2018;8018;6717
ES532;2019;7573;6553
ES532;2020;7435;7005
ES532;2021;7523;7008
ES532;2022;7132;7480
ES532;2023;6785;6913
ES533;2000;915;641
ES533;2001;848;525
ES533;2002;930;566
ES533;2003;937;670
ES533;2004;947;633
ES533;2005;1010;613
ES533;2006;952;607
ES533;2007;1031;564
ES533;2008;1046;626
ES533;2009;935;634
ES533;2010;945;612
ES533;2011;873;599
ES533;2012;832;645
ES533;2013;755;628
ES533;2014;738;611
ES533;2015;736;646
ES533;2016;755;620
ES533;2017;714;583
ES533;2018;730;645
ES533;2019;641;572
ES533;2020;673;617
ES533;2021;641;730
ES533;2022;644;749
ES533;2023;620;695
ES611;2000;6074;3960
ES611;2001;6500;4100
ES611;2002;6484;4300
ES611;2003;6974;4390
ES611;2004;7500;4350
ES611;2005;7830;4570
ES611;2006;8425;4358
ES611;2007;8475;4663
ES611;2008;9135;4609
ES611;2009;8472;4598
ES611;2010;8512;4579
ES611;2011;8299;4759
ES611;2012;7975;4948
ES611;2013;7770;4737
ES611;2014;7859;4764
ES611;2015;7937;5307
ES611;2016;7816;4969
ES611;2017;7562;5206
ES611;2018;7417;5543
ES611;2019;7287;5270
ES611;2020;6874;5698
ES611;2021;6888;6203
ES611;2022;6815;6077
ES611;2023;6601;5718
ES612;2000;12744;8423
ES612;2001;12865;8244
ES612;2002;12956;8398
ES612;2003;13534;9043
ES612;2004;14040;8900
ES612;2005;14490;9230
ES612;2006;14741;8371
ES612;2007;14497;8378
ES612;2008;14510;8910
ES612;2009;14097;8993
ES612;2010;13858;9017
ES612;2011;13232;9162
ES612;2012;12902;9764
ES612;2013;11862;9438
ES612;2014;12038;9278
ES612;2015;11814;10121
ES612;2016;11814;9902
ES612;2017;10778;10007
ES612;2018;10246;10485
ES612;2019;9745;10044
ES612;2020;9116;11224
ES612;2021;8904;11693
ES612;2022;8614;11310
ES612;2023;8402;10850
ES613;2000;8000;6749
ES613;2001;7858;6800
ES613;2002;7900;7100
ES613;2003;8174;7178
ES613;2004;8100;7100
ES613;2005;8280;7340
ES613;2006;8566;6948
ES613;2007;8312;7206
ES613;2008;8679;7211
ES613;2009;8309;6988
ES613;2010;7907;7006
ES613;2011;7919;7215
ES613;2012;7519;7548
ES613;2013;7167;7160
ES613;2014;7178;7158
ES613;2015;7050;7873
ES613;2016;6901;7499
ES613;2017;6497;7873
ES613;2018;6209;7822
ES613;2019;5998;7749
ES613;2020;5649;8299
ES613;2021;5799;8356
ES613;2022;5578;8616
ES613;2023;5512;8015
ES614;2000;8812;7134
ES614;2001;8865;6938
ES614;2002;8556;7357
ES614;2003;9085;7462
ES614;2004;9500;7378
ES614;2005;9710;7660
ES614;2006;10021;7272
ES614;2007;10412;7822
ES614;2008;10546;7609
ES614;2009;9704;7615
ES614;2010;9400;7618
ES614;2011;9260;7668
ES614;2012;9079;7957
ES614;2013;8340;7507
ES614;2014;8505;7678
ES614;2015;8606;8454
ES614;2016;8635;8014
ES614;2017;7968;8184
ES614;2018;7441;8427
ES614;2019;7636;7997
ES614;2020;7050;9599
ES614;2021;7083;8767
ES614;2022;7057;8520
ES614;2023;6754;8297
ES615;2000;4829;4227
ES615;2001;4927;4200
ES615;2002;5000;4116
ES615;2003;5200;4333
ES615;2004;5237;4126
ES615;2005;5500;4400
ES615;2006;5634;4155
ES615;2007;5820;4474
ES615;2008;6147;4307
ES615;2009;5832;4219
ES615;2010;5764;4152
ES615;2011;5503;4230
ES615;2012;5215;4591
ES615;2013;5261;4380
ES615;2014;5180;4286
ES615;2015;5003;4369
ES615;2016;4735;4480
ES615;2017;4673;4424
ES615;2018;4256;4538
ES615;2019;4519;4354
ES615;2020;4230;4696
ES615;2021;4227;4959
ES615;2022;3899;4868
ES615;2023;3658;4705
ES616;2000;6770;5846
ES616;2001;6446;5775
ES616;2002;6527;5923
ES616;2003;6700;6149
ES616;2004;6756;6130
ES616;2005;6600;6290
ES616;2006;6876;5946
ES616;2007;6741;6447
ES616;2008;7068;6193
ES616;2009;6608;6287
ES616;2010;6309;6030
ES616;2011;6187;6299
ES616;2012;5936;6429
ES616;2013;5523;6199
ES616;2014;5587;6137
ES616;2015;5425;6742
ES616;2016;5348;6479
ES616;2017;4900;6605
ES616;2018;4886;6876
ES616;2019;4736;6520
ES616;2020;4527;7356
ES616;2021;4499;6934
ES616;2022;4252;7311
ES616;2023;4240;6668
ES617;2000;13849;10229
ES617;2001;14255;10162
ES617;2002;14664;10407
ES617;2003;15862;11213
ES617;2004;16600;10852
ES617;2005;17230;11540
ES617;2006;17999;11186
ES617;2007;18323;11492
ES617;2008;19015;11821
ES617;2009;17794;11456
ES617;2010;17447;11455
ES617;2011;17078;11622
ES617;2012;16604;12025
ES617;2013;15505;11633
ES617;2014;15671;12227
ES617;2015;15286;12996
ES617;2016;14979;12547
ES617;2017;14422;12708
ES617;2018;13480;13323
ES617;2019;13243;12759
ES617;2020;12517;14174
ES617;2021;12595;14724
ES617;2022;12148;14745
ES617;2023;11758;13958
ES618;2000;19500;13798
ES618;2001;19400;13744
ES618;2002;19800;14136
ES618;2003;20599;15075
ES618;2004;21300;14229
ES618;2005;22170;14870
ES618;2006;23042;14192
ES618;2007;23482;14742
ES618;2008;25193;14923
ES618;2009;23800;14574
ES618;2010;23004;14614
ES618;2011;22074;14747
ES618;2012;21145;15099
ES618;2013;20042;14636
ES618;2014;20177;14794
ES618;2015;19512;16139
ES618;2016;19035;15341
ES618;2017;17884;16227
ES618;2018;17094;15792
ES618;2019;16233;15812
ES618;2020;15559;17415
ES618;2021;15655;17703
ES618;2022;14604;17515
ES618;2023;14472;16485
ES620;2000;14200;9204
ES620;2001;15000;9145
ES620;2002;15500;9441
ES620;2003;16444;9704
ES620;2004;16677;9600
ES620;2005;17330;9940
ES620;2006;18091;9708
ES620;2007;18602;10072
ES620;2008;19386;10399
ES620;2009;18571;10331
ES620;2010;18039;9976
ES620;2011;17408;10197
ES620;2012;16682;10680
ES620;2013;16105;10115
ES620;2014;16308;10397
ES620;2015;15976;11233
ES620;2016;15528;10867
ES620;2017;15088;11522
ES620;2018;14675;11327
ES620;2019;14264;11568
ES620;2020;13706;12392
ES620;2021;13815;12683
ES620;2022;13387;13161
ES620;2023;12860;12200
ES630;2000;1000;451
ES630;2001;1000;457
ES630;2002;1023;500
ES630;2003;1015;500
ES630;2004;1061;500
ES630;2005;1060;500
ES630;2006;1041;479
ES630;2007;1136;537
ES630;2008;1165;497
ES630;2009;1152;550
ES630;2010;1192;536
ES630;2011;1166;515
ES630;2012;1128;487
ES630;2013;1086;531
ES630;2014;1202;509
ES630;2015;1096;504
ES630;2016;1060;508
ES630;2017;1045;560
ES630;2018;972;535
ES630;2019;841;537
ES630;2020;843;648
ES630;2021;719;674
ES630;2022;728;615
ES630;2023;683;560
ES640;2000;1103;425
ES640;2001;1133;400
ES640;2002;1049;446
ES640;2003;1107;454
ES640;2004;1000;455
ES640;2005;1010;410
ES640;2006;1122;454
ES640;2007;1112;433
ES640;2008;1252;455
ES640;2009;1273;401
ES640;2010;1359;407
ES640;2011;1455;477
ES640;2012;1516;471
ES640;2013;1509;461
ES640;2014;1625;485
ES640;2015;1510;516
ES640;2016;1456;486
ES640;2017;1342;494
ES640;2018;1340;516
ES640;2019;1236;491
ES640;2020;962;602
ES640;2021;933;565
ES640;2022;894;484
ES640;2023;771;500
ES703;2000;88;84
ES703;2001;81;67
ES703;2002;78;78
ES703;2003;63;91
ES703;2004;84;99
ES703;2005;73;77
ES703;2006;68;85
ES703;2007;80;87
ES703;2008;96;85
ES703;2009;76;85
ES703;2010;82;72
ES703;2011;67;83
ES703;2012;79;86
ES703;2013;62;83
ES703;2014;69;110
ES703;2015;72;99
ES703;2016;69;90
ES703;2017;63;99
ES703;2018;53;83
ES703;2019;58;100
ES703;2020;48;100
ES703;2021;71;121
ES703;2022;73;100
ES703;2023;53;119
ES704;2000;846;225
ES704;2001;938;284
ES704;2002;953;291
ES704;2003;1073;339
ES704;2004;672;184
ES704;2005;1022;216
ES704;2006;1138;303
ES704;2007;540;123
ES704;2008;1362;305
ES704;2009;1178;320
ES704;2010;1167;321
ES704;2011;1004;318
ES704;2012;1039;316
ES704;2013;989;360
ES704;2014;956;374
ES704;2015;967;428
ES704;2016;1055;406
ES704;2017;1072;455
ES704;2018;1018;472
ES704;2019;976;471
ES704;2020;1008;457
ES704;2021;883;550
ES704;2022;886;547
ES704;2023;861;566
ES705;2000;8444;5258
ES705;2001;8488;5149
ES705;2002;8358;5160
ES705;2003;8548;5201
ES705;2004;8650;5386
ES705;2005;8196;5452
ES705;2006;8327;5278
ES705;2007;7899;5569
ES705;2008;7729;5808
ES705;2009;7243;5213
ES705;2010;7136;5360
ES705;2011;6746;5647
ES705;2012;6553;5989
ES705;2013;6248;5832
ES705;2014;6410;6040
ES705;2015;6068;6253
ES705;2016;6213;6304
ES705;2017;5856;6313
ES705;2018;5427;6827
ES705;2019;5325;6591
ES705;2020;4854;7039
ES705;2021;4892;7235
ES705;2022;4695;7899
ES705;2023;4553;7609
ES706;2000;200;148
ES706;2001;153;136
ES706;2002;170;147
ES706;2003;151;153
ES706;2004;170;170
ES706;2005;170;179
ES706;2006;166;172
ES706;2007;141;158
ES706;2008;163;174
ES706;2009;152;179
ES706;2010;122;174
ES706;2011;119;174
ES706;2012;120;173
ES706;2013;106;146
ES706;2014;120;174
ES706;2015;113;197
ES706;2016;128;196
ES706;2017;122;189
ES706;2018;111;246
ES706;2019;124;195
ES706;2020;97;196
ES706;2021;115;204
ES706;2022;107;222
ES706;2023;99;213
ES707;2000;664;673
ES707;2001;711;673
ES707;2002;684;678
ES707;2003;669;668
ES707;2004;681;705
ES707;2005;651;685
ES707;2006;688;766
ES707;2007;678;735
ES707;2008;669;732
ES707;2009;672;738
ES707;2010;582;688
ES707;2011;621;767
ES707;2012;613;721
ES707;2013;480;732
ES707;2014;500;731
ES707;2015;529;740
ES707;2016;505;741
ES707;2017;549;797
ES707;2018;491;856
ES707;2019;455;793
ES707;2020;440;771
ES707;2021;410;921
ES707;2022;414;889
ES707;2023;415;838
ES708;2000;1316;526
ES708;2001;1416;526
ES708;2002;1516;512
ES708;2003;1459;538
ES708;2004;1505;507
ES708;2005;1579;578
ES708;2006;1625;600
ES708;2007;1689;555
ES708;2008;1680;580
ES708;2009;1477;621
ES708;2010;1437;546
ES708;2011;1379;542
ES708;2012;1345;566
ES708;2013;1303;573
ES708;2014;1317;638
ES708;2015;1388;659
ES708;2016;1320;714
ES708;2017;1316;735
ES708;2018;1297;757
ES708;2019;1285;785
ES708;2020;1197;790
ES708;2021;1098;807
ES708;2022;1071;867
ES708;2023;1127;897
ES709;2000;7423;5116
ES709;2001;7475;5093
ES709;2002;7702;4997
ES709;2003;7303;5351
ES709;2004;7445;5466
ES709;2005;8436;5612
ES709;2006;8656;5488
ES709;2007;8713;5912
ES709;2008;8973;5778
ES709;2009;8154;5740
ES709;2010;7779;5640
ES709;2011;7487;6034
ES709;2012;7452;6230
ES709;2013;6671;5895
ES709;2014;7026;6264
ES709;2015;7009;6734
ES709;2016;6869;6584
ES709;2017;6801;6666
ES709;2018;6378;7069
ES709;2019;5914;6821
ES709;2020;5534;7133
ES709;2021;5263;7311
ES709;2022;4973;8188
ES709;2023;4890;7588
FI;2000;56742;49339
FI;2001;56189;48550
FI;2002;55555;49418
FI;2003;56630;48996
FI;2004;57758;47600
FI;2005;57745;47928
FI;2006;58840;48065
FI;2007;58729;49077
FI;2008;59530;49094
FI;2009;60430;49883
FI;2010;60980;50887
FI;2011;59961;50585
FI;2012;59493;51707
FI;2013;58134;51472
FI;2014;57232;52186
FI;2015;55472;52492
FI;2016;52814;53923
FI;2017;50323;53722
FI;2018;47577;54527
FI;2019;45613;53949
FI;2020;46463;55488
FI;2021;49594;57659
FI;2022;44951;63219
FI;2023;43383;61339
FI196;2000;2223;2450
FI196;2001;2185;2419
FI196;2002;2168;2464
FI196;2003;2148;2409
FI196;2004;2248;2317
FI196;2005;2208;2433
FI196;2006;2330;2351
FI196;2007;2145;2478
FI196;2008;2076;2452
FI196;2009;2229;2534
FI196;2010;2227;2617
FI196;2011;2216;2623
FI196;2012;2130;2659
FI196;2013;2149;2690
FI196;2014;2106;2687
FI196;2015;2013;2636
FI196;2016;1894;2800
FI196;2017;1816;2801
FI196;2018;1621;2759
FI196;2019;1528;2781
FI196;2020;1515;2781
FI196;2021;1638;2853
FI196;2022;1480;3188
FI196;2023;1385;3096
FI198;2000;2757;2559
FI198;2001;2763;2630
FI198;2002;2741;2595
FI198;2003;2874;2605
FI198;2004;2866;2487
FI198;2005;2901;2346
FI198;2006;3108;2519
FI198;2007;3044;2555
FI198;2008;3008;2625
FI198;2009;3170;2597
FI198;2010;3116;2633
FI198;2011;3080;2787
FI198;2012;3018;2749
FI198;2013;2922;2582
FI198;2014;2915;2858
FI198;2015;2757;2727
FI198;2016;2588;2873
FI198;2017;2364;2801
FI198;2018;2250;2929
FI198;2019;2144;2789
FI198;2020;2160;2850
FI198;2021;2243;2905
FI198;2022;2031;3311
FI198;2023;1954;3151
FI199;2000;2115;2116
FI199;2001;2134;2067
FI199;2002;2082;2108
FI199;2003;2095;2147
FI199;2004;2137;2073
FI199;2005;2085;2106
FI199;2006;2101;2112
FI199;2007;2102;2049
FI199;2008;2213;2135
FI199;2009;2216;2098
FI199;2010;2224;2221
FI199;2011;2230;2185
FI199;2012;2267;2085
FI199;2013;2099;2142
FI199;2014;2084;2235
FI199;2015;2051;2206
FI199;2016;1952;2257
FI199;2017;1833;2189
FI199;2018;1624;2219
FI199;2019;1627;2220
FI199;2020;1501;2263
FI199;2021;1619;2253
FI199;2022;1463;2644
FI199;2023;1409;2581
FI19A;2000;1859;1695
FI19A;2001;1801;1654
FI19A;2002;1878;1672
FI19A;2003;1854;1633
FI19A;2004;1826;1612
FI19A;2005;1893;1633
FI19A;2006;1941;1612
FI19A;2007;1987;1596
FI19A;2008;2039;1648
FI19A;2009;2103;1635
FI19A;2010;2132;1556
FI19A;2011;2009;1634
FI19A;2012;2079;1696
FI19A;2013;1982;1709
FI19A;2014;2041;1646
FI19A;2015;1941;1659
FI19A;2016;1906;1695
FI19A;2017;1806;1786
FI19A;2018;1723;1726
FI19A;2019;1686;1663
FI19A;2020;1682;1748
FI19A;2021;1741;1822
FI19A;2022;1572;1973
FI19A;2023;1586;1972
FI19B;2000;4832;4476
FI19B;2001;4925;4369
FI19B;2002;4780;4641
FI19B;2003;5004;4357
FI19B;2004;5288;4178
FI19B;2005;5319;4231
FI19B;2006;5482;4348
FI19B;2007;5508;4445
FI19B;2008;5699;4360
FI19B;2009;5761;4530
FI19B;2010;5713;4635
FI19B;2011;5683;4604
FI19B;2012;5916;4639
FI19B;2013;5527;4549
FI19B;2014;5398;4749
FI19B;2015;5304;4799
FI19B;2016;4987;4826
FI19B;2017;4704;4850
FI19B;2018;4466;4830
FI19B;2019;4323;4822
FI19B;2020;4339;4885
FI19B;2021;4763;5164
FI19B;2022;4301;5740
FI19B;2023;4196;5702
FI1B1;2000;17044;10797
FI1B1;2001;16839;10706
FI1B1;2002;16999;10811
FI1B1;2003;17520;10844
FI1B1;2004;17660;10574
FI1B1;2005;17528;10679
FI1B1;2006;18119;10601
FI1B1;2007;17954;10780
FI1B1;2008;18363;10587
FI1B1;2009;18497;10983
FI1B1;2010;18792;11412
FI1B1;2011;18431;11193
FI1B1;2012;18117;11461
FI1B1;2013;18075;11314
FI1B1;2014;17937;11549
FI1B1;2015;17722;11835
FI1B1;2016;17187;12070
FI1B1;2017;16562;12042
FI1B1;2018;16131;12225
FI1B1;2019;15739;12367
FI1B1;2020;16259;13104
FI1B1;2021;17773;13516
FI1B1;2022;15972;14783
FI1B1;2023;15752;14424
FI1C1;2000;4814;4591
FI1C1;2001;4632;4463
FI1C1;2002;4564;4504
FI1C1;2003;4577;4368
FI1C1;2004;4761;4302
FI1C1;2005;4649;4400
FI1C1;2006;4708;4354
FI1C1;2007;4775;4462
FI1C1;2008;4859;4490
FI1C1;2009;4904;4484
FI1C1;2010;5092;4581
FI1C1;2011;4877;4503
FI1C1;2012;4801;4661
FI1C1;2013;4735;4666
FI1C1;2014;4717;4616
FI1C1;2015;4592;4632
FI1C1;2016;4276;4915
FI1C1;2017;4179;4926
FI1C1;2018;3903;4918
FI1C1;2019;3762;4922
FI1C1;2020;3851;4785
FI1C1;2021;4219;5145
FI1C1;2022;3816;5668
FI1C1;2023;3584;5321
FI1C2;2000;1718;1754
FI1C2;2001;1646;1830
FI1C2;2002;1659;1725
FI1C2;2003;1730;1760
FI1C2;2004;1728;1729
FI1C2;2005;1650;1833
FI1C2;2006;1801;1695
FI1C2;2007;1795;1773
FI1C2;2008;1831;1714
FI1C2;2009;1885;1784
FI1C2;2010;1769;1863
FI1C2;2011;1789;1716
FI1C2;2012;1729;1824
FI1C2;2013;1723;1982
FI1C2;2014;1682;1831
FI1C2;2015;1549;1859
FI1C2;2016;1443;1919
FI1C2;2017;1438;1826
FI1C2;2018;1279;1937
FI1C2;2019;1229;1857
FI1C2;2020;1191;1950
FI1C2;2021;1255;1993
FI1C2;2022;1192;2117
FI1C2;2023;1081;2211
FI1C5;2000;1209;1495
FI1C5;2001;1259;1499
FI1C5;2002;1161;1429
FI1C5;2003;1145;1577
FI1C5;2004;1155;1553
FI1C5;2005;1218;1516
FI1C5;2006;1208;1481
FI1C5;2007;1205;1577
FI1C5;2008;1177;1497
FI1C5;2009;1108;1609
FI1C5;2010;1253;1557
FI1C5;2011;1220;1593
FI1C5;2012;1123;1526
FI1C5;2013;1107;1613
FI1C5;2014;1105;1647
FI1C5;2015;1098;1667
FI1C5;2016;985;1673
FI1C5;2017;964;1642
FI1C5;2018;850;1655
FI1C5;2019;794;1717
FI1C5;2020;781;1729
FI1C5;2021;771;1745
FI1C5;2022;776;1807
FI1C5;2023;696;1830
FI1C6;2000;2064;2024
FI1C6;2001;2014;1981
FI1C6;2002;1976;2070
FI1C6;2003;1939;2099
FI1C6;2004;2038;2007
FI1C6;2005;2068;2066
FI1C6;2006;2010;1963
FI1C6;2007;1992;2147
FI1C6;2008;2059;2146
FI1C6;2009;2003;2298
FI1C6;2010;2052;2290
FI1C6;2011;1955;2242
FI1C6;2012;2054;2315
FI1C6;2013;1904;2250
FI1C6;2014;1858;2339
FI1C6;2015;1840;2240
FI1C6;2016;1679;2353
FI1C6;2017;1660;2337
FI1C6;2018;1573;2404
FI1C6;2019;1418;2328
FI1C6;2020;1497;2429
FI1C6;2021;1575;2659
FI1C6;2022;1432;2773
FI1C6;2023;1309;2773
FI1C7;2000;1652;2188
FI1C7;2001;1657;2070
FI1C7;2002;1570;2164
FI1C7;2003;1569;2030
FI1C7;2004;1677;1966
FI1C7;2005;1590;2028
FI1C7;2006;1486;2050
FI1C7;2007;1589;2115
FI1C7;2008;1517;2024
FI1C7;2009;1556;2117
FI1C7;2010;1632;2104
FI1C7;2011;1490;2041
FI1C7;2012;1544;2164
FI1C7;2013;1510;2107
FI1C7;2014;1424;2055
FI1C7;2015;1423;2157
FI1C7;2016;1350;2126
FI1C7;2017;1167;2169
FI1C7;2018;1090;2280
FI1C7;2019;1036;2192
FI1C7;2020;1001;2269
FI1C7;2021;1060;2311
FI1C7;2022;916;2532
FI1C7;2023;810;2382
FI1D5;2000;774;576
FI1D5;2001;800;582
FI1D5;2002;769;615
FI1D5;2003;831;592
FI1D5;2004;769;583
FI1D5;2005;829;554
FI1D5;2006;809;570
FI1D5;2007;874;593
FI1D5;2008;843;645
FI1D5;2009;906;609
FI1D5;2010;902;642
FI1D5;2011;906;653
FI1D5;2012;866;641
FI1D5;2013;879;678
FI1D5;2014;890;662
FI1D5;2015;771;633
FI1D5;2016;814;643
FI1D5;2017;749;664
FI1D5;2018;720;670
FI1D5;2019;651;650
FI1D5;2020;673;705
FI1D5;2021;652;686
FI1D5;2022;608;731
FI1D5;2023;595;803
FI1D7;2000;1999;1793
FI1D7;2001;1800;1782
FI1D7;2002;1756;1840
FI1D7;2003;1774;1806
FI1D7;2004;1800;1752
FI1D7;2005;1791;1729
FI1D7;2006;1776;1842
FI1D7;2007;1814;1815
FI1D7;2008;1872;1920
FI1D7;2009;1917;1884
FI1D7;2010;1905;1861
FI1D7;2011;1941;1920
FI1D7;2012;1803;1999
FI1D7;2013;1838;1985
FI1D7;2014;1665;1930
FI1D7;2015;1621;2002
FI1D7;2016;1537;2099
FI1D7;2017;1477;2100
FI1D7;2018;1365;2136
FI1D7;2019;1355;2091
FI1D7;2020;1369;2073
FI1D7;2021;1413;2155
FI1D7;2022;1296;2490
FI1D7;2023;1281;2306
FI1D8;2000;792;932
FI1D8;2001;729;863
FI1D8;2002;734;938
FI1D8;2003;742;950
FI1D8;2004;711;868
FI1D8;2005;778;835
FI1D8;2006;729;986
FI1D8;2007;755;907
FI1D8;2008;728;912
FI1D8;2009;791;965
FI1D8;2010;745;904
FI1D8;2011;706;986
FI1D8;2012;698;953
FI1D8;2013;715;954
FI1D8;2014;700;939
FI1D8;2015;591;975
FI1D8;2016;620;969
FI1D8;2017;545;1002
FI1D8;2018;490;963
FI1D8;2019;459;924
FI1D8;2020;460;1065
FI1D8;2021;521;1083
FI1D8;2022;429;1186
FI1D8;2023;408;1159
FI1D9;2000;5035;3066
FI1D9;2001;5034;2964
FI1D9;2002;5196;3016
FI1D9;2003;5284;3080
FI1D9;2004;5414;2996
FI1D9;2005;5623;2892
FI1D9;2006;5611;2957
FI1D9;2007;5687;3003
FI1D9;2008;5723;3079
FI1D9;2009;5832;3046
FI1D9;2010;5850;3059
FI1D9;2011;5710;3134
FI1D9;2012;5839;3143
FI1D9;2013;5520;3255
FI1D9;2014;5368;3224
FI1D9;2015;5062;3167
FI1D9;2016;4693;3340
FI1D9;2017;4487;3323
FI1D9;2018;4131;3481
FI1D9;2019;3902;3385
FI1D9;2020;4164;3492
FI1D9;2021;4134;3839
FI1D9;2022;3859;4029
FI1D9;2023;3673;3937
FI1DA;2000;1347;1858
FI1DA;2001;1368;1810
FI1DA;2002;1291;1808
FI1DA;2003;1282;1841
FI1DA;2004;1269;1822
FI1DA;2005;1229;1855
FI1DA;2006;1238;1852
FI1DA;2007;1221;1825
FI1DA;2008;1202;1907
FI1DA;2009;1183;1929
FI1DA;2010;1156;1922
FI1DA;2011;1229;1883
FI1DA;2012;1073;1939
FI1DA;2013;1154;1911
FI1DA;2014;1120;1966
FI1DA;2015;1029;2017
FI1DA;2016;1008;2024
FI1DA;2017;962;1983
FI1DA;2018;848;2034
FI1DA;2019;788;1954
FI1DA;2020;763;1972
FI1DA;2021;809;2057
FI1DA;2022;714;2286
FI1DA;2023;720;2016
FI1DB;2000;2599;2791
FI1DB;2001;2667;2689
FI1DB;2002;2379;2752
FI1DB;2003;2452;2735
FI1DB;2004;2594;2655
FI1DB;2005;2518;2659
FI1DB;2006;2495;2693
FI1DB;2007;2401;2833
FI1DB;2008;2479;2749
FI1DB;2009;2523;2742
FI1DB;2010;2540;2799
FI1DB;2011;2500;2785
FI1DB;2012;2516;3011
FI1DB;2013;2431;2867
FI1DB;2014;2353;2970
FI1DB;2015;2331;2983
FI1DB;2016;2167;2924
FI1DB;2017;2050;2955
FI1DB;2018;2005;2950
FI1DB;2019;1811;2926
FI1DB;2020;1850;2958
FI1DB;2021;1942;3121
FI1DB;2022;1803;3386
FI1DB;2023;1683;3184
FI1DC;2000;1651;1931
FI1DC;2001;1653;1944
FI1DC;2002;1583;2030
FI1DC;2003;1548;1895
FI1DC;2004;1536;1864
FI1DC;2005;1600;1874
FI1DC;2006;1593;1822
FI1DC;2007;1595;1875
FI1DC;2008;1548;1954
FI1DC;2009;1579;1792
FI1DC;2010;1594;1998
FI1DC;2011;1704;1826
FI1DC;2012;1628;1919
FI1DC;2013;1577;1949
FI1DC;2014;1587;2032
FI1DC;2015;1502;2013
FI1DC;2016;1435;2120
FI1DC;2017;1281;2091
FI1DC;2018;1228;2139
FI1DC;2019;1094;2095
FI1DC;2020;1146;2139
FI1DC;2021;1173;2089
FI1DC;2022;1046;2274
FI1DC;2023;1002;2221
FI200;2000;258;247
FI200;2001;283;228
FI200;2002;269;236
FI200;2003;262;268
FI200;2004;281;262
FI200;2005;268;259
FI200;2006;295;257
FI200;2007;286;249
FI200;2008;294;250
FI200;2009;267;247
FI200;2010;286;233
FI200;2011;285;277
FI200;2012;292;323
FI200;2013;287;269
FI200;2014;282;251
FI200;2015;275;285
FI200;2016;293;297
FI200;2017;279;235
FI200;2018;280;272
FI200;2019;267;266
FI200;2020;261;291
FI200;2021;293;263
FI200;2022;245;301
FI200;2023;259;270
FR;2000;812885;538813
FR;2001;808236;539093
FR;2002;798233;543571
FR;2003;798304;560863
FR;2004;804155;517939
FR;2005;811762;536640
FR;2006;834768;525611
FR;2007;824620;529741
FR;2008;834682;541254
FR;2009;831056;547213
FR;2010;839326;549650
FR;2011;829760;543830
FR;2012;827588;568446
FR;2013;818236;567810
FR;2014;818457;557369
FR;2015;797498;591431
FR;2016;782256;591697
FR;2017;767893;604082
FR;2018;757216;607519
FR;2019;752162;611027
FR;2020;734366;667261
FR;2021;741355;659883
FR;2022;725261;673050
FR;2023;677119;637240
FR101;2000;31940;16022
FR101;2001;31977;16144
FR101;2002;32237;15659
FR101;2003;31493;16685
FR101;2004;31820;14300
FR101;2005;31378;14666
FR101;2006;31750;14080
FR101;2007;30820;14010
FR101;2008;30623;14112
FR101;2009;31063;13889
FR101;2010;31440;14193
FR101;2011;30094;13771
FR101;2012;29291;14114
FR101;2013;28945;13940
FR101;2014;29134;13487
FR101;2015;28267;13997
FR101;2016;28384;14056
FR101;2017;27419;14226
FR101;2018;27367;13888
FR101;2019;27373;13805
FR101;2020;26157;16352
FR101;2021;25810;14628
FR101;2022;23785;14753
FR101;2023;21775;13888
FR102;2000;17851;8192
FR102;2001;17551;8248
FR102;2002;17728;8251
FR102;2003;17501;8448
FR102;2004;17730;7920
FR102;2005;18317;8099
FR102;2006;18990;7900
FR102;2007;18978;8264
FR102;2008;19240;8114
FR102;2009;19331;8214
FR102;2010;19704;8323
FR102;2011;19824;8257
FR102;2012;19678;8667
FR102;2013;19331;8570
FR102;2014;19708;8490
FR102;2015;19197;9088
FR102;2016;18868;9134
FR102;2017;18729;9174
FR102;2018;18418;9315
FR102;2019;18585;9244
FR102;2020;18212;10853
FR102;2021;18431;10204
FR102;2022;18239;10367
FR102;2023;17400;9846
FR103;2000;20300;8326
FR103;2001;19827;8247
FR103;2002;19655;8200
FR103;2003;19937;8846
FR103;2004;19430;8010
FR103;2005;19766;8119
FR103;2006;20440;8070
FR103;2007;19899;7931
FR103;2008;19895;8428
FR103;2009;19868;8471
FR103;2010;20307;8472
FR103;2011;19886;8430
FR103;2012;19827;8655
FR103;2013;19886;8555
FR103;2014;19525;8433
FR103;2015;19208;8935
FR103;2016;18918;9062
FR103;2017;18537;9102
FR103;2018;18548;9201
FR103;2019;18550;9374
FR103;2020;18141;11082
FR103;2021;18401;10013
FR103;2022;18111;10222
FR103;2023;17291;9729
FR104;2000;17162;6979
FR104;2001;17149;7060
FR104;2002;16927;7141
FR104;2003;17122;7554
FR104;2004;17610;6600
FR104;2005;17753;6920
FR104;2006;18280;6840
FR104;2007;17932;6890
FR104;2008;18134;6937
FR104;2009;18040;7288
FR104;2010;18506;7269
FR104;2011;18493;7292
FR104;2012;18506;7439
FR104;2013;18510;7486
FR104;2014;18903;7384
FR104;2015;19104;7843
FR104;2016;18603;7962
FR104;2017;18693;8060
FR104;2018;18618;7991
FR104;2019;18520;8078
FR104;2020;18370;9731
FR104;2021;18430;9042
FR104;2022;18309;9176
FR104;2023;17227;8649
FR105;2000;24700;10010
FR105;2001;24577;10252
FR105;2002;24515;10042
FR105;2003;24607;10714
FR105;2004;24650;9200
FR105;2005;24588;9647
FR105;2006;25430;9250
FR105;2007;24937;9283
FR105;2008;25217;9669
FR105;2009;25192;9529
FR105;2010;25183;9633
FR105;2011;25084;9769
FR105;2012;24790;9855
FR105;2013;24614;9842
FR105;2014;24675;9547
FR105;2015;23966;10008
FR105;2016;23830;9982
FR105;2017;23122;10172
FR105;2018;22878;9908
FR105;2019;22251;10022
FR105;2020;21439;11820
FR105;2021;21290;10712
FR105;2022;20475;10747
FR105;2023;19609;10260
FR106;2000;25100;8734
FR106;2001;25300;8440
FR106;2002;25702;8600
FR106;2003;25868;9363
FR106;2004;26310;8150
FR106;2005;26760;8333
FR106;2006;27920;8450
FR106;2007;27743;8093
FR106;2008;28062;8327
FR106;2009;28313;8306
FR106;2010;28505;8428
FR106;2011;28362;8334
FR106;2012;28675;8474
FR106;2013;28687;8535
FR106;2014;29471;8272
FR106;2015;29325;8911
FR106;2016;29065;8656
FR106;2017;28951;8839
FR106;2018;28735;8959
FR106;2019;28457;8946
FR106;2020;27583;11104
FR106;2021;26152;10324
FR106;2022;26247;9845
FR106;2023;25215;9179
FR107;2000;19759;8543
FR107;2001;19351;8672
FR107;2002;19608;8575
FR107;2003;19637;9327
FR107;2004;19870;7850
FR107;2005;19947;8099
FR107;2006;20950;7960
FR107;2007;20331;7978
FR107;2008;20736;8094
FR107;2009;21022;8063
FR107;2010;21384;8060
FR107;2011;20991;8311
FR107;2012;20967;8327
FR107;2013;20748;8100
FR107;2014;21566;7953
FR107;2015;21055;8565
FR107;2016;20639;8398
FR107;2017;20704;8487
FR107;2018;20368;8846
FR107;2019;20399;8726
FR107;2020;19553;10396
FR107;2021;19280;9311
FR107;2022;18697;9086
FR107;2023;17682;8566
FR108;2000;17377;6762
FR108;2001;17300;6626
FR108;2002;17152;6771
FR108;2003;17346;6981
FR108;2004;17860;6430
FR108;2005;18012;6618
FR108;2006;19020;6530
FR108;2007;18624;6633
FR108;2008;18761;6659
FR108;2009;18728;6742
FR108;2010;19496;6880
FR108;2011;19551;6709
FR108;2012;19495;6998
FR108;2013;19550;7085
FR108;2014;19737;6940
FR108;2015;19640;7192
FR108;2016;19676;7371
FR108;2017;19644;7502
FR108;2018;19507;7463
FR108;2019;19758;7593
FR108;2020;19012;9229
FR108;2021;19272;8250
FR108;2022;19089;8211
FR108;2023;17929;7926
FRB01;2000;3438;3724
FRB01;2001;3476;3600
FRB01;2002;3267;3742
FRB01;2003;3301;3967
FRB01;2004;3270;3500
FRB01;2005;3313;3649
FRB01;2006;3230;3500
FRB01;2007;3341;3563
FRB01;2008;3303;3618
FRB01;2009;3229;3539
FRB01;2010;3339;3597
FRB01;2011;3159;3481
FRB01;2012;3120;3672
FRB01;2013;3128;3597
FRB01;2014;3097;3526
FRB01;2015;2825;3721
FRB01;2016;2875;3815
FRB01;2017;2788;3725
FRB01;2018;2662;3881
FRB01;2019;2771;3912
FRB01;2020;2601;4179
FRB01;2021;2665;4153
FRB01;2022;2669;4070
FRB01;2023;2348;4144
FRB02;2000;5367;3677
FRB02;2001;5300;3759
FRB02;2002;5251;3629
FRB02;2003;5370;3884
FRB02;2004;5360;3500
FRB02;2005;5585;3724
FRB02;2006;5630;3630
FRB02;2007;5440;3572
FRB02;2008;5677;3779
FRB02;2009;5573;3752
FRB02;2010;5714;3812
FRB02;2011;5540;3673
FRB02;2012;5548;3944
FRB02;2013;5312;3865
FRB02;2014;5295;3646
FRB02;2015;5063;3969
FRB02;2016;5208;4235
FRB02;2017;4781;4052
FRB02;2018;4730;4171
FRB02;2019;4583;4267
FRB02;2020;4439;4491
FRB02;2021;4498;4562
FRB02;2022;4602;4589
FRB02;2023;4190;4362
FRB03;2000;2527;3100
FRB03;2001;2400;3068
FRB03;2002;2375;2964
FRB03;2003;2312;3148
FRB03;2004;2310;2820
FRB03;2005;2394;2925
FRB03;2006;2280;2870
FRB03;2007;2341;2916
FRB03;2008;2371;2965
FRB03;2009;2178;2984
FRB03;2010;2220;3052
FRB03;2011;2137;2777
FRB03;2012;2136;2924
FRB03;2013;2006;3051
FRB03;2014;2030;2936
FRB03;2015;1876;3117
FRB03;2016;1760;3021
FRB03;2017;1719;3121
FRB03;2018;1766;3128
FRB03;2019;1773;3098
FRB03;2020;1727;3328
FRB03;2021;1816;3225
FRB03;2022;1671;3369
FRB03;2023;1599;3187
FRB04;2000;6832;4892
FRB04;2001;6736;5157
FRB04;2002;6753;5105
FRB04;2003;6620;5399
FRB04;2004;6590;4790
FRB04;2005;6644;4930
FRB04;2006;6810;4890
FRB04;2007;6434;4932
FRB04;2008;6811;4976
FRB04;2009;6828;5184
FRB04;2010;6885;5148
FRB04;2011;6696;5096
FRB04;2012;6796;5247
FRB04;2013;6594;5415
FRB04;2014;6718;5227
FRB04;2015;6458;5575
FRB04;2016;6400;5475
FRB04;2017;6206;5783
FRB04;2018;6104;5697
FRB04;2019;5970;5771
FRB04;2020;6021;6090
FRB04;2021;6142;6222
FRB04;2022;5848;6203
FRB04;2023;5619;5893
FRB05;2000;3700;3522
FRB05;2001;3600;3560
FRB05;2002;3556;3529
FRB05;2003;3617;3733
FRB05;2004;3680;3410
FRB05;2005;3724;3396
FRB05;2006;3820;3400
FRB05;2007;3752;3422
FRB05;2008;3847;3542
FRB05;2009;3786;3623
FRB05;2010;3776;3550
FRB05;2011;3667;3365
FRB05;2012;3704;3597
FRB05;2013;3581;3652
FRB05;2014;3517;3532
FRB05;2015;3335;3772
FRB05;2016;3200;3711
FRB05;2017;3105;3899
FRB05;2018;3016;3828
FRB05;2019;2936;3823
FRB05;2020;2935;4176
FRB05;2021;2969;4007
FRB05;2022;3006;4317
FRB05;2023;2786;3975
FRB06;2000;8228;5323
FRB06;2001;8170;5500
FRB06;2002;8206;5459
FRB06;2003;8265;5801
FRB06;2004;8420;5210
FRB06;2005;8200;5248
FRB06;2006;8640;5250
FRB06;2007;8644;5286
FRB06;2008;8524;5480
FRB06;2009;8499;5659
FRB06;2010;8750;5583
FRB06;2011;8686;5514
FRB06;2012;8689;5648
FRB06;2013;8526;5790
FRB06;2014;8355;5840
FRB06;2015;8137;6205
FRB06;2016;7860;5980
FRB06;2017;7781;6246
FRB06;2018;7815;6156
FRB06;2019;7819;6229
FRB06;2020;7615;6348
FRB06;2021;7517;6744
FRB06;2022;7588;6776
FRB06;2023;6974;6531
FRC11;2000;6200;4400
FRC11;2001;6047;4500
FRC11;2002;5942;4470
FRC11;2003;6079;4571
FRC11;2004;6050;4170
FRC11;2005;5844;4427
FRC11;2006;5990;4240
FRC11;2007;6015;4357
FRC11;2008;5960;4362
FRC11;2009;5852;4481
FRC11;2010;5963;4403
FRC11;2011;5906;4500
FRC11;2012;5905;4701
FRC11;2013;5769;4688
FRC11;2014;5779;4422
FRC11;2015;5484;4808
FRC11;2016;5378;4819
FRC11;2017;5394;5070
FRC11;2018;5191;4975
FRC11;2019;5062;4920
FRC11;2020;5165;5594
FRC11;2021;4977;5091
FRC11;2022;4878;5402
FRC11;2023;4514;5279
FRC12;2000;2200;3021
FRC12;2001;2229;3000
FRC12;2002;2157;3045
FRC12;2003;2123;3038
FRC12;2004;2180;2890
FRC12;2005;2115;2960
FRC12;2006;2140;2840
FRC12;2007;2151;2746
FRC12;2008;2049;2873
FRC12;2009;1986;2971
FRC12;2010;1981;2910
FRC12;2011;1999;2995
FRC12;2012;1942;3003
FRC12;2013;1850;2936
FRC12;2014;1801;2907
FRC12;2015;1777;2965
FRC12;2016;1675;2995
FRC12;2017;1628;3145
FRC12;2018;1657;3053
FRC12;2019;1522;2993
FRC12;2020;1482;3182
FRC12;2021;1547;3232
FRC12;2022;1507;3164
FRC12;2023;1412;3107
FRC13;2000;6000;6123
FRC13;2001;6000;5900
FRC13;2002;5653;6032
FRC13;2003;5717;6377
FRC13;2004;5710;5500
FRC13;2005;5789;5869
FRC13;2006;5880;5950
FRC13;2007;5736;5850
FRC13;2008;5860;5940
FRC13;2009;5838;5923
FRC13;2010;5865;5971
FRC13;2011;5811;6116
FRC13;2012;5752;6071
FRC13;2013;5514;6275
FRC13;2014;5552;6037
FRC13;2015;5384;6569
FRC13;2016;5097;6487
FRC13;2017;4949;6555
FRC13;2018;4854;6451
FRC13;2019;4742;6638
FRC13;2020;4655;7402
FRC13;2021;4790;6879
FRC13;2022;4586;7086
FRC13;2023;4337;6730
FRC14;2000;4027;4045
FRC14;2001;3900;4100
FRC14;2002;3848;3929
FRC14;2003;3710;4181
FRC14;2004;3840;3770
FRC14;2005;3821;3863
FRC14;2006;3930;3840
FRC14;2007;3917;3849
FRC14;2008;4045;4038
FRC14;2009;3991;4013
FRC14;2010;3828;3925
FRC14;2011;3699;3900
FRC14;2012;3729;4075
FRC14;2013;3780;3850
FRC14;2014;3621;3892
FRC14;2015;3672;4188
FRC14;2016;3403;4169
FRC14;2017;3162;4183
FRC14;2018;3216;4209
FRC14;2019;3172;4285
FRC14;2020;3104;4452
FRC14;2021;2979;4394
FRC14;2022;2990;4715
FRC14;2023;2761;4294
FRC21;2000;6700;4000
FRC21;2001;6431;3926
FRC21;2002;6367;3887
FRC21;2003;6529;4083
FRC21;2004;6800;3840
FRC21;2005;6782;4008
FRC21;2006;6990;4010
FRC21;2007;6804;3888
FRC21;2008;7097;4028
FRC21;2009;6914;4077
FRC21;2010;7102;4050
FRC21;2011;6826;4146
FRC21;2012;6778;4305
FRC21;2013;6732;4182
FRC21;2014;6659;4296
FRC21;2015;6521;4442
FRC21;2016;6344;4466
FRC21;2017;6123;4629
FRC21;2018;5992;4827
FRC21;2019;5757;4721
FRC21;2020;5671;5425
FRC21;2021;5589;4933
FRC21;2022;5394;5220
FRC21;2023;5116;5116
FRC22;2000;3074;2421
FRC22;2001;3029;2390
FRC22;2002;3082;2677
FRC22;2003;2964;2536
FRC22;2004;3020;2410
FRC22;2005;2924;2503
FRC22;2006;3020;2430
FRC22;2007;3037;2499
FRC22;2008;3045;2462
FRC22;2009;2897;2539
FRC22;2010;2862;2595
FRC22;2011;2758;2593
FRC22;2012;2741;2590
FRC22;2013;2675;2722
FRC22;2014;2637;2561
FRC22;2015;2528;2693
FRC22;2016;2540;2744
FRC22;2017;2403;2781
FRC22;2018;2294;2806
FRC22;2019;2364;2790
FRC22;2020;2244;3152
FRC22;2021;2232;3020
FRC22;2022;2192;2915
FRC22;2023;2083;2858
FRC23;2000;2900;2244
FRC23;2001;2800;2300
FRC23;2002;2749;2267
FRC23;2003;2675;2321
FRC23;2004;2770;2270
FRC23;2005;2827;2316
FRC23;2006;2980;2250
FRC23;2007;2888;2240
FRC23;2008;2755;2245
FRC23;2009;2785;2377
FRC23;2010;2761;2335
FRC23;2011;2643;2338
FRC23;2012;2609;2317
FRC23;2013;2510;2336
FRC23;2014;2458;2331
FRC23;2015;2385;2438
FRC23;2016;2271;2557
FRC23;2017;2200;2573
FRC23;2018;2112;2468
FRC23;2019;2044;2478
FRC23;2020;1954;2866
FRC23;2021;1995;2673
FRC23;2022;1913;2653
FRC23;2023;1781;2654
FRC24;2000;1900;1200
FRC24;2001;1777;1174
FRC24;2002;1803;1208
FRC24;2003;1896;1212
FRC24;2004;1770;1170
FRC24;2005;1837;1229
FRC24;2006;1890;1170
FRC24;2007;1880;1149
FRC24;2008;1818;1195
FRC24;2009;1822;1206
FRC24;2010;1802;1159
FRC24;2011;1794;1224
FRC24;2012;1763;1330
FRC24;2013;1675;1214
FRC24;2014;1707;1252
FRC24;2015;1598;1378
FRC24;2016;1593;1262
FRC24;2017;1550;1259
FRC24;2018;1524;1303
FRC24;2019;1451;1365
FRC24;2020;1385;1587
FRC24;2021;1320;1438
FRC24;2022;1349;1482
FRC24;2023;1222;1393
FRD11;2000;8500;5700
FRD11;2001;8300;5524
FRD11;2002;8227;5653
FRD11;2003;8231;5706
FRD11;2004;8260;5580
FRD11;2005;8251;5845
FRD11;2006;8530;5630
FRD11;2007;8310;5800
FRD11;2008;8183;5800
FRD11;2009;8304;5986
FRD11;2010;8104;5963
FRD11;2011;8041;5996
FRD11;2012;7833;6395
FRD11;2013;7644;6394
FRD11;2014;7466;6194
FRD11;2015;7199;6706
FRD11;2016;6927;6725
FRD11;2017;6680;6923
FRD11;2018;6680;6973
FRD11;2019;6621;7063
FRD11;2020;6552;7363
FRD11;2021;6760;7570
FRD11;2022;6378;7967
FRD11;2023;6097;7326
FRD12;2000;5800;4929
FRD12;2001;5755;4900
FRD12;2002;5603;4762
FRD12;2003;5490;5033
FRD12;2004;5490;4890
FRD12;2005;5538;4961
FRD12;2006;5450;4800
FRD12;2007;5356;5099
FRD12;2008;5384;5001
FRD12;2009;5231;5177
FRD12;2010;5236;5363
FRD12;2011;5193;5141
FRD12;2012;5282;5403
FRD12;2013;4998;5423
FRD12;2014;4911;5298
FRD12;2015;4860;5639
FRD12;2016;4555;5769
FRD12;2017;4437;5711
FRD12;2018;4306;5853
FRD12;2019;4403;5879
FRD12;2020;4257;5954
FRD12;2021;4419;6323
FRD12;2022;4365;6730
FRD12;2023;3938;6221
FRD13;2000;3600;2942
FRD13;2001;3500;3000
FRD13;2002;3357;2966
FRD13;2003;3323;3134
FRD13;2004;3240;2900
FRD13;2005;3117;3042
FRD13;2006;3280;2970
FRD13;2007;3316;3037
FRD13;2008;3185;3180
FRD13;2009;3248;3120
FRD13;2010;3189;3104
FRD13;2011;3105;3123
FRD13;2012;2933;3359
FRD13;2013;2834;3316
FRD13;2014;2810;3298
FRD13;2015;2675;3285
FRD13;2016;2643;3359
FRD13;2017;2495;3309
FRD13;2018;2444;3491
FRD13;2019;2349;3577
FRD13;2020;2324;3716
FRD13;2021;2281;3803
FRD13;2022;2391;3761
FRD13;2023;2270;3670
FRD21;2000;7358;4744
FRD21;2001;7249;4864
FRD21;2002;7201;4960
FRD21;2003;7213;5034
FRD21;2004;7220;4710
FRD21;2005;7386;4851
FRD21;2006;7400;4700
FRD21;2007;7471;4835
FRD21;2008;7717;4912
FRD21;2009;7714;5060
FRD21;2010;7712;4992
FRD21;2011;7738;4893
FRD21;2012;7676;5218
FRD21;2013;7352;5236
FRD21;2014;7242;5201
FRD21;2015;6930;5271
FRD21;2016;6974;5321
FRD21;2017;6594;5490
FRD21;2018;6434;5584
FRD21;2019;6175;5714
FRD21;2020;6181;6233
FRD21;2021;6211;5979
FRD21;2022;6237;6125
FRD21;2023;5689;5758
FRD22;2000;16700;10943
FRD22;2001;16500;11000
FRD22;2002;15547;10951
FRD22;2003;15862;11265
FRD22;2004;15650;10460
FRD22;2005;15691;10839
FRD22;2006;16000;10890
FRD22;2007;16066;10737
FRD22;2008;16041;11078
FRD22;2009;15947;11254
FRD22;2010;16327;11217
FRD22;2011;16146;11197
FRD22;2012;16014;11375
FRD22;2013;15574;11515
FRD22;2014;15199;11298
FRD22;2015;15077;12043
FRD22;2016;14645;11900
FRD22;2017;14326;11998
FRD22;2018;14183;12301
FRD22;2019;14044;12300
FRD22;2020;13446;13160
FRD22;2021;13600;12957
FRD22;2022;13639;13656
FRD22;2023;12297;12677
FRE11;2000;37464;22300
FRE11;2001;37121;21700
FRE11;2002;36844;22486
FRE11;2003;36099;22459
FRE11;2004;36260;21170
FRE11;2005;35960;21895
FRE11;2006;36860;21790
FRE11;2007;36531;21656
FRE11;2008;36572;21991
FRE11;2009;36508;21779
FRE11;2010;36687;21870
FRE11;2011;36678;21697
FRE11;2012;36513;22492
FRE11;2013;36354;22414
FRE11;2014;35923;21589
FRE11;2015;34678;22740
FRE11;2016;33501;22381
FRE11;2017;32304;22628
FRE11;2018;31396;22923
FRE11;2019;31096;22594
FRE11;2020;30145;25137
FRE11;2021;30010;24765
FRE11;2022;28956;24713
FRE11;2023;27488;23391
FRE12;2000;20074;13970
FRE12;2001;20042;13922
FRE12;2002;19460;14263
FRE12;2003;18888;14399
FRE12;2004;19300;13420
FRE12;2005;19407;13944
FRE12;2006;19780;13700
FRE12;2007;19668;13938
FRE12;2008;19902;14166
FRE12;2009;19661;14209
FRE12;2010;19780;14113
FRE12;2011;19720;13919
FRE12;2012;19017;14535
FRE12;2013;19054;14671
FRE12;2014;18809;13826
FRE12;2015;17729;14616
FRE12;2016;17063;14663
FRE12;2017;16604;14874
FRE12;2018;15600;15257
FRE12;2019;15590;14597
FRE12;2020;15261;15947
FRE12;2021;15419;16027
FRE12;2022;15030;16088
FRE12;2023;14130;15242
FRE21;2000;7300;5357
FRE21;2001;7000;5368
FRE21;2002;6906;5607
FRE21;2003;6841;5621
FRE21;2004;6760;5050
FRE21;2005;6889;5195
FRE21;2006;7040;5220
FRE21;2007;6847;5271
FRE21;2008;7012;5527
FRE21;2009;6941;5368
FRE21;2010;7047;5335
FRE21;2011;6939;5341
FRE21;2012;6755;5599
FRE21;2013;6559;5618
FRE21;2014;6468;5462
FRE21;2015;6269;5730
FRE21;2016;5825;5666
FRE21;2017;5890;5687
FRE21;2018;5571;5814
FRE21;2019;5394;5831
FRE21;2020;5338;6382
FRE21;2021;5348;6262
FRE21;2022;5354;6191
FRE21;2023;5082;5822
FRE22;2000;10967;5958
FRE22;2001;11067;6100
FRE22;2002;10859;5960
FRE22;2003;10696;6121
FRE22;2004;10630;5610
FRE22;2005;10753;5740
FRE22;2006;11140;5760
FRE22;2007;11097;6000
FRE22;2008;11162;6185
FRE22;2009;11013;6114
FRE22;2010;10959;6109
FRE22;2011;11032;6217
FRE22;2012;10941;6337
FRE22;2013;10814;6353
FRE22;2014;10802;6181
FRE22;2015;10614;6580
FRE22;2016;10159;6658
FRE22;2017;9974;6782
FRE22;2018;9565;6697
FRE22;2019;9509;6687
FRE22;2020;9319;7711
FRE22;2021;9331;7415
FRE22;2022;9202;7294
FRE22;2023;8509;7136
FRE23;2000;7435;5317
FRE23;2001;7400;5400
FRE23;2002;7028;5498
FRE23;2003;7134;5687
FRE23;2004;7040;5290
FRE23;2005;7024;5440
FRE23;2006;7020;5280
FRE23;2007;6939;5299
FRE23;2008;7094;5470
FRE23;2009;6838;5545
FRE23;2010;7099;5438
FRE23;2011;6989;5415
FRE23;2012;6843;5613
FRE23;2013;6743;5566
FRE23;2014;6506;5409
FRE23;2015;6289;5721
FRE23;2016;6126;5822
FRE23;2017;5949;5683
FRE23;2018;5781;5774
FRE23;2019;5591;5935
FRE23;2020;5433;6391
FRE23;2021;5420;6097
FRE23;2022;5579;6247
FRE23;2023;5129;5881
FRF11;2000;13700;8200
FRF11;2001;13353;8200
FRF11;2002;12939;8094
FRF11;2003;13024;8427
FRF11;2004;12830;7780
FRF11;2005;13195;8080
FRF11;2006;13390;8160
FRF11;2007;13152;7915
FRF11;2008;13231;8207
FRF11;2009;13218;8513
FRF11;2010;13344;8439
FRF11;2011;13030;8258
FRF11;2012;12895;8601
FRF11;2013;13043;8820
FRF11;2014;13262;8660
FRF11;2015;12570;9215
FRF11;2016;12516;9081
FRF11;2017;12299;9341
FRF11;2018;12176;9672
FRF11;2019;12019;9519
FRF11;2020;11797;10785
FRF11;2021;11660;10215
FRF11;2022;11298;10808
FRF11;2023;10699;10211
FRF12;2000;9200;6005
FRF12;2001;9165;5940
FRF12;2002;8930;5995
FRF12;2003;9045;5876
FRF12;2004;8940;5610
FRF12;2005;8912;5678
FRF12;2006;9320;5630
FRF12;2007;8941;5576
FRF12;2008;8909;5679
FRF12;2009;8938;6037
FRF12;2010;9177;5989
FRF12;2011;8927;5988
FRF12;2012;8818;6284
FRF12;2013;8713;6466
FRF12;2014;8826;6266
FRF12;2015;8636;6697
FRF12;2016;8285;6632
FRF12;2017;8159;6808
FRF12;2018;8054;6986
FRF12;2019;7705;6881
FRF12;2020;7536;8451
FRF12;2021;7360;7207
FRF12;2022;7236;7664
FRF12;2023;6740;7329
FRF21;2000;3800;2830
FRF21;2001;3748;2800
FRF21;2002;3587;2883
FRF21;2003;3532;2836
FRF21;2004;3420;2780
FRF21;2005;3420;2788
FRF21;2006;3340;2600
FRF21;2007;3552;2588
FRF21;2008;3522;2784
FRF21;2009;3312;2755
FRF21;2010;3253;2705
FRF21;2011;3137;2746
FRF21;2012;3258;2939
FRF21;2013;3021;2789
FRF21;2014;2966;2735
FRF21;2015;2799;2855
FRF21;2016;2747;2897
FRF21;2017;2521;2946
FRF21;2018;2464;2935
FRF21;2019;2566;2953
FRF21;2020;2458;3195
FRF21;2021;2416;3195
FRF21;2022;2394;3081
FRF21;2023;2175;2920
FRF22;2000;3600;2847
FRF22;2001;3500;2800
FRF22;2002;3387;2934
FRF22;2003;3428;2996
FRF22;2004;3550;2660
FRF22;2005;3692;2893
FRF22;2006;3680;2860
FRF22;2007;3619;2807
FRF22;2008;3721;2925
FRF22;2009;3745;2914
FRF22;2010;3722;2902
FRF22;2011;3635;2877
FRF22;2012;3587;3005
FRF22;2013;3436;3066
FRF22;2014;3377;2973
FRF22;2015;3454;3140
FRF22;2016;3341;3195
FRF22;2017;3129;3176
FRF22;2018;3154;3218
FRF22;2019;3107;3275
FRF22;2020;3088;3492
FRF22;2021;3005;3452
FRF22;2022;3049;3397
FRF22;2023;2853;3381
FRF23;2000;7563;4766
FRF23;2001;7446;4872
FRF23;2002;7064;4767
FRF23;2003;6916;5028
FRF23;2004;6980;4650
FRF23;2005;7108;4695
FRF23;2006;7120;4630
FRF23;2007;6932;4801
FRF23;2008;7065;4798
FRF23;2009;7061;4874
FRF23;2010;7178;4868
FRF23;2011;7070;4831
FRF23;2012;6761;4969
FRF23;2013;7000;5001
FRF23;2014;6887;4829
FRF23;2015;6617;5333
FRF23;2016;6410;5202
FRF23;2017;6091;5334
FRF23;2018;6069;5270
FRF23;2019;6113;5120
FRF23;2020;5843;5693
FRF23;2021;6041;5579
FRF23;2022;5790;5766
FRF23;2023;5174;5400
FRF24;2000;2400;2100
FRF24;2001;2179;2000
FRF24;2002;2186;1991
FRF24;2003;2100;2031
FRF24;2004;2100;1910
FRF24;2005;2029;1992
FRF24;2006;2100;1990
FRF24;2007;2062;2001
FRF24;2008;2037;2100
FRF24;2009;1944;2089
FRF24;2010;1888;1962
FRF24;2011;1916;1872
FRF24;2012;1847;1995
FRF24;2013;1923;2119
FRF24;2014;1881;2008
FRF24;2015;1725;2145
FRF24;2016;1611;2057
FRF24;2017;1550;2185
FRF24;2018;1507;2148
FRF24;2019;1424;2137
FRF24;2020;1381;2378
FRF24;2021;1445;2323
FRF24;2022;1361;2251
FRF24;2023;1375;2158
FRF31;2000;8800;6273
FRF31;2001;8800;6142
FRF31;2002;8548;6329
FRF31;2003;8398;6536
FRF31;2004;8670;5860
FRF31;2005;8542;6258
FRF31;2006;8740;6120
FRF31;2007;8421;6059
FRF31;2008;8559;6170
FRF31;2009;8487;6226
FRF31;2010;8535;6427
FRF31;2011;8499;6206
FRF31;2012;8387;6474
FRF31;2013;8197;6430
FRF31;2014;8135;6232
FRF31;2015;7785;6618
FRF31;2016;7795;6648
FRF31;2017;7507;6700
FRF31;2018;7139;6681
FRF31;2019;7003;6701
FRF31;2020;6819;7625
FRF31;2021;6785;7388
FRF31;2022;6560;7416
FRF31;2023;5913;7119
FRF32;2000;2432;1977
FRF32;2001;2365;1959
FRF32;2002;2247;2130
FRF32;2003;2218;2056
FRF32;2004;2290;1920
FRF32;2005;2158;1991
FRF32;2006;2290;2020
FRF32;2007;2296;1919
FRF32;2008;2220;1956
FRF32;2009;2122;1901
FRF32;2010;2220;1904
FRF32;2011;2119;1940
FRF32;2012;2107;2002
FRF32;2013;2070;1999
FRF32;2014;1928;1923
FRF32;2015;1872;2099
FRF32;2016;1751;2113
FRF32;2017;1729;2011
FRF32;2018;1626;2077
FRF32;2019;1551;2148
FRF32;2020;1512;2461
FRF32;2021;1581;2234
FRF32;2022;1473;2297
FRF32;2023;1388;2189
FRF33;2000;12200;8819
FRF33;2001;12200;8634
FRF33;2002;11974;8860
FRF33;2003;11710;9194
FRF33;2004;11970;8560
FRF33;2005;12048;8766
FRF33;2006;12110;8680
FRF33;2007;11853;8856
FRF33;2008;12012;8784
FRF33;2009;11831;9042
FRF33;2010;11856;8874
FRF33;2011;11474;8978
FRF33;2012;11579;9304
FRF33;2013;11421;9466
FRF33;2014;11385;9271
FRF33;2015;10946;9837
FRF33;2016;10707;9713
FRF33;2017;10547;10058
FRF33;2018;10189;10303
FRF33;2019;10232;10282
FRF33;2020;9697;11580
FRF33;2021;9744;11144
FRF33;2022;9346;11172
FRF33;2023;8660;10518
FRF34;2000;4575;4000
FRF34;2001;4458;3938
FRF34;2002;4333;3997
FRF34;2003;4291;3971
FRF34;2004;4260;3830
FRF34;2005;4310;4025
FRF34;2006;4420;3820
FRF34;2007;4274;3765
FRF34;2008;4215;3889
FRF34;2009;4252;3793
FRF34;2010;4056;3946
FRF34;2011;3883;3941
FRF34;2012;3715;4095
FRF34;2013;3796;4061
FRF34;2014;3679;4068
FRF34;2015;3491;4267
FRF34;2016;3314;4328
FRF34;2017;3234;4295
FRF34;2018;3202;4355
FRF34;2019;3123;4307
FRF34;2020;2998;5013
FRF34;2021;3076;4660
FRF34;2022;2907;4666
FRF34;2023;2656;4293
FRG01;2000;15860;9339
FRG01;2001;15641;9483
FRG01;2002;15829;9535
FRG01;2003;15795;9996
FRG01;2004;15990;9310
FRG01;2005;16301;9487
FRG01;2006;16530;9430
FRG01;2007;16664;9550
FRG01;2008;16763;9745
FRG01;2009;16766;10013
FRG01;2010;17154;9965
FRG01;2011;16747;9888
FRG01;2012;16821;10491
FRG01;2013;16822;10668
FRG01;2014;16700;10387
FRG01;2015;16352;11281
FRG01;2016;16190;11153
FRG01;2017;16309;11517
FRG01;2018;16198;11587
FRG01;2019;16221;11961
FRG01;2020;16159;12418
FRG01;2021;16746;12642
FRG01;2022;16119;12940
FRG01;2023;14973;12336
FRG02;2000;10400;6296
FRG02;2001;10100;6249
FRG02;2002;9803;6380
FRG02;2003;10018;6688
FRG02;2004;10090;6040
FRG02;2005;10148;6214
FRG02;2006;10550;5860
FRG02;2007;10227;6139
FRG02;2008;10270;6230
FRG02;2009;10165;6225
FRG02;2010;10308;6341
FRG02;2011;10320;6227
FRG02;2012;10061;6455
FRG02;2013;10016;6635
FRG02;2014;9781;6324
FRG02;2015;9421;6998
FRG02;2016;9104;6985
FRG02;2017;8984;7185
FRG02;2018;8776;7212
FRG02;2019;8483;7146
FRG02;2020;8384;7534
FRG02;2021;8742;7466
FRG02;2022;8480;7999
FRG02;2023;7945;7492
FRG03;2000;4200;2637
FRG03;2001;3900;2552
FRG03;2002;3932;2593
FRG03;2003;3846;2822
FRG03;2004;3930;2540
FRG03;2005;3981;2522
FRG03;2006;4120;2570
FRG03;2007;3835;2589
FRG03;2008;3912;2663
FRG03;2009;3897;2707
FRG03;2010;3962;2739
FRG03;2011;3733;2734
FRG03;2012;3750;2870
FRG03;2013;3656;2730
FRG03;2014;3456;2759
FRG03;2015;3341;3048
FRG03;2016;3225;3100
FRG03;2017;3012;3045
FRG03;2018;3024;3006
FRG03;2019;3003;3132
FRG03;2020;2968;3370
FRG03;2021;2986;3217
FRG03;2022;3040;3413
FRG03;2023;2873;3330
FRG04;2000;6878;5000
FRG04;2001;6900;4965
FRG04;2002;6686;5038
FRG04;2003;6871;5335
FRG04;2004;6940;4860
FRG04;2005;6770;5023
FRG04;2006;7130;4830
FRG04;2007;6808;5022
FRG04;2008;6909;5264
FRG04;2009;6957;5104
FRG04;2010;6938;5022
FRG04;2011;6810;5187
FRG04;2012;6703;5493
FRG04;2013;6645;5444
FRG04;2014;6664;5277
FRG04;2015;6213;5664
FRG04;2016;6054;5445
FRG04;2017;5815;5812
FRG04;2018;5635;5704
FRG04;2019;5749;5699
FRG04;2020;5547;6002
FRG04;2021;5710;6254
FRG04;2022;5647;6359
FRG04;2023;5271;5854
FRG05;2000;6700;5500
FRG05;2001;6660;5463
FRG05;2002;6749;5498
FRG05;2003;6874;5850
FRG05;2004;7060;5360
FRG05;2005;7299;5395
FRG05;2006;7590;5670
FRG05;2007;7647;5802
FRG05;2008;7629;5741
FRG05;2009;7718;5863
FRG05;2010;7600;6048
FRG05;2011;7442;5823
FRG05;2012;7436;6356
FRG05;2013;7164;6381
FRG05;2014;7070;6373
FRG05;2015;6722;6876
FRG05;2016;6314;6992
FRG05;2017;6143;7224
FRG05;2018;6106;7291
FRG05;2019;5973;7436
FRG05;2020;5916;7483
FRG05;2021;6043;7915
FRG05;2022;5896;8511
FRG05;2023;5439;8059
FRH01;2000;6375;6524
FRH01;2001;6252;6422
FRH01;2002;6337;6430
FRH01;2003;6413;6461
FRH01;2004;6320;6370
FRH01;2005;6287;6485
FRH01;2006;6740;6290
FRH01;2007;6473;6640
FRH01;2008;6494;6672
FRH01;2009;6559;6607
FRH01;2010;6437;6598
FRH01;2011;6221;6835
FRH01;2012;6184;6917
FRH01;2013;5927;7138
FRH01;2014;5790;6860
FRH01;2015;5606;7262
FRH01;2016;5409;7282
FRH01;2017;5332;7415
FRH01;2018;5313;7588
FRH01;2019;5132;7723
FRH01;2020;5082;7711
FRH01;2021;5398;7935
FRH01;2022;4991;8590
FRH01;2023;4609;8078
FRH02;2000;10400;9437
FRH02;2001;10200;9600
FRH02;2002;9782;9598
FRH02;2003;9900;9621
FRH02;2004;9960;9150
FRH02;2005;9851;9399
FRH02;2006;10180;9390
FRH02;2007;9962;9410
FRH02;2008;10040;9457
FRH02;2009;9733;9633
FRH02;2010;9815;9818
FRH02;2011;9615;9562
FRH02;2012;9597;10145
FRH02;2013;9277;9844
FRH02;2014;9088;9545
FRH02;2015;8790;10154
FRH02;2016;8419;10464
FRH02;2017;8370;10462
FRH02;2018;8095;10662
FRH02;2019;7975;10229
FRH02;2020;7885;10529
FRH02;2021;8154;10770
FRH02;2022;7964;11480
FRH02;2023;7273;10980
FRH03;2000;12069;6970
FRH03;2001;12126;7107
FRH03;2002;11880;7115
FRH03;2003;12134;7395
FRH03;2004;12070;7020
FRH03;2005;12405;7133
FRH03;2006;12690;7070
FRH03;2007;12606;7149
FRH03;2008;12837;7281
FRH03;2009;12917;7496
FRH03;2010;12868;7421
FRH03;2011;13033;7256
FRH03;2012;12892;7965
FRH03;2013;12729;7799
FRH03;2014;12555;7847
FRH03;2015;12018;8227
FRH03;2016;11925;8428
FRH03;2017;11680;8499
FRH03;2018;11656;8765
FRH03;2019;11639;8633
FRH03;2020;11548;8736
FRH03;2021;11758;9258
FRH03;2022;11349;9502
FRH03;2023;10862;9082
FRH04;2000;7868;6900
FRH04;2001;7838;6800
FRH04;2002;7838;6893
FRH04;2003;7817;7010
FRH04;2004;8040;6760
FRH04;2005;7802;7071
FRH04;2006;8220;6990
FRH04;2007;7968;7059
FRH04;2008;8288;7137
FRH04;2009;7942;7270
FRH04;2010;8023;7424
FRH04;2011;7895;7436
FRH04;2012;7909;7763
FRH04;2013;7645;7906
FRH04;2014;7554;7637
FRH04;2015;7108;8178
FRH04;2016;6974;8315
FRH04;2017;6754;8363
FRH04;2018;6637;8518
FRH04;2019;6661;8701
FRH04;2020;6478;8759
FRH04;2021;6755;9134
FRH04;2022;6766;9540
FRH04;2023;6186;9115
FRI11;2000;3776;4933
FRI11;2001;3645;4960
FRI11;2002;3578;5113
FRI11;2003;3607;5274
FRI11;2004;3690;4900
FRI11;2005;3662;4912
FRI11;2006;3760;4910
FRI11;2007;3760;4951
FRI11;2008;3832;4918
FRI11;2009;3672;5109
FRI11;2010;3665;5238
FRI11;2011;3645;4865
FRI11;2012;3547;5273
FRI11;2013;3486;5266
FRI11;2014;3479;5241
FRI11;2015;3255;5492
FRI11;2016;3228;5592
FRI11;2017;3175;5651
FRI11;2018;2942;5598
FRI11;2019;2972;5578
FRI11;2020;3012;5597
FRI11;2021;3073;6231
FRI11;2022;3073;6292
FRI11;2023;2746;5745
FRI12;2000;15839;11739
FRI12;2001;16000;12000
FRI12;2002;15704;11828
FRI12;2003;15610;12150
FRI12;2004;15820;11250
FRI12;2005;15722;11758
FRI12;2006;16540;11440
FRI12;2007;16514;11442
FRI12;2008;16636;11774
FRI12;2009;17072;11938
FRI12;2010;17267;12062
FRI12;2011;17098;11817
FRI12;2012;17097;12736
FRI12;2013;17265;12408
FRI12;2014;17303;12464
FRI12;2015;17103;13113
FRI12;2016;17052;12802
FRI12;2017;17004;13527
FRI12;2018;17115;13645
FRI12;2019;16955;13859
FRI12;2020;16971;13920
FRI12;2021;17494;14930
FRI12;2022;16997;15542
FRI12;2023;15762;14564
FRI13;2000;3623;3635
FRI13;2001;3477;3744
FRI13;2002;3436;3707
FRI13;2003;3477;3798
FRI13;2004;3620;3520
FRI13;2005;3574;3728
FRI13;2006;3760;3600
FRI13;2007;3953;3732
FRI13;2008;3862;3885
FRI13;2009;3914;3933
FRI13;2010;3990;3975
FRI13;2011;3853;3859
FRI13;2012;3880;4068
FRI13;2013;3864;4138
FRI13;2014;3696;4159
FRI13;2015;3682;4360
FRI13;2016;3498;4359
FRI13;2017;3390;4601
FRI13;2018;3356;4534
FRI13;2019;3483;4537
FRI13;2020;3405;4780
FRI13;2021;3494;4856
FRI13;2022;3602;5183
FRI13;2023;3151;4999
FRI14;2000;3232;3469
FRI14;2001;3158;3500
FRI14;2002;3172;3468
FRI14;2003;3173;3502
FRI14;2004;3240;3220
FRI14;2005;3341;3502
FRI14;2006;3430;3440
FRI14;2007;3399;3401
FRI14;2008;3378;3461
FRI14;2009;3445;3575
FRI14;2010;3358;3469
FRI14;2011;3397;3518
FRI14;2012;3332;3702
FRI14;2013;3361;3784
FRI14;2014;3347;3770
FRI14;2015;3094;3935
FRI14;2016;3084;3804
FRI14;2017;2953;4115
FRI14;2018;2960;3968
FRI14;2019;2984;4057
FRI14;2020;2892;4316
FRI14;2021;2875;4252
FRI14;2022;2884;4453
FRI14;2023;2756;4076
FRI15;2000;6628;6300
FRI15;2001;6435;6512
FRI15;2002;6335;6484
FRI15;2003;6436;6576
FRI15;2004;6340;6370
FRI15;2005;6395;6390
FRI15;2006;6680;6320
FRI15;2007;6288;6296
FRI15;2008;6455;6369
FRI15;2009;6652;6399
FRI15;2010;6557;6469
FRI15;2011;6459;6321
FRI15;2012;6490;6840
FRI15;2013;6269;6781
FRI15;2014;6497;6718
FRI15;2015;6247;7063
FRI15;2016;6144;7008
FRI15;2017;5965;7329
FRI15;2018;5839;7338
FRI15;2019;5893;7243
FRI15;2020;5950;7549
FRI15;2021;5979;7513
FRI15;2022;5893;8044
FRI15;2023;5477;7697
FRI21;2000;2278;3065
FRI21;2001;2300;2900
FRI21;2002;2243;3096
FRI21;2003;2133;3031
FRI21;2004;2250;2840
FRI21;2005;2319;3025
FRI21;2006;2330;2810
FRI21;2007;2245;2919
FRI21;2008;2263;3048
FRI21;2009;2231;3040
FRI21;2010;2247;3159
FRI21;2011;2196;3104
FRI21;2012;2163;3099
FRI21;2013;2055;3161
FRI21;2014;2094;3046
FRI21;2015;1946;3155
FRI21;2016;1986;3191
FRI21;2017;1919;3135
FRI21;2018;1907;3179
FRI21;2019;1831;3243
FRI21;2020;1864;3183
FRI21;2021;1863;3353
FRI21;2022;1880;3388
FRI21;2023;1690;3279
FRI22;2000;1100;2000
FRI22;2001;1058;1959
FRI22;2002;994;1936
FRI22;2003;1011;2046
FRI22;2004;960;1910
FRI22;2005;1054;1862
FRI22;2006;1040;1880
FRI22;2007;1013;1934
FRI22;2008;1029;1860
FRI22;2009;1044;1996
FRI22;2010;919;1882
FRI22;2011;967;1949
FRI22;2012;998;1929
FRI22;2013;897;1881
FRI22;2014;879;1866
FRI22;2015;885;1984
FRI22;2016;822;1976
FRI22;2017;834;1985
FRI22;2018;802;1939
FRI22;2019;772;1956
FRI22;2020;758;2013
FRI22;2021;788;2006
FRI22;2022;760;2122
FRI22;2023;770;1915
FRI23;2000;3655;4000
FRI23;2001;3665;4100
FRI23;2002;3594;4200
FRI23;2003;3449;4083
FRI23;2004;3660;3750
FRI23;2005;3834;3926
FRI23;2006;3750;3900
FRI23;2007;3829;3815
FRI23;2008;3891;4114
FRI23;2009;3985;4030
FRI23;2010;3843;3923
FRI23;2011;3907;3937
FRI23;2012;3825;3992
FRI23;2013;3723;4038
FRI23;2014;3724;3865
FRI23;2015;3639;4352
FRI23;2016;3420;4110
FRI23;2017;3368;4131
FRI23;2018;3318;4165
FRI23;2019;3406;4254
FRI23;2020;3288;4301
FRI23;2021;3146;4283
FRI23;2022;3316;4514
FRI23;2023;3115;4303
FRI31;2000;3728;3673
FRI31;2001;3700;3857
FRI31;2002;3423;3790
FRI31;2003;3401;3857
FRI31;2004;3510;3600
FRI31;2005;3570;3693
FRI31;2006;3650;3660
FRI31;2007;3618;3495
FRI31;2008;3666;3692
FRI31;2009;3408;3927
FRI31;2010;3561;3765
FRI31;2011;3459;3799
FRI31;2012;3490;3963
FRI31;2013;3472;3959
FRI31;2014;3378;3735
FRI31;2015;3272;4157
FRI31;2016;3183;4103
FRI31;2017;3034;4191
FRI31;2018;2955;4233
FRI31;2019;2987;4324
FRI31;2020;2931;4284
FRI31;2021;2984;4485
FRI31;2022;3016;4667
FRI31;2023;2833;4424
FRI32;2000;6100;6374
FRI32;2001;6100;6400
FRI32;2002;5796;6465
FRI32;2003;5935;6575
FRI32;2004;5900;6300
FRI32;2005;6069;6527
FRI32;2006;6090;6370
FRI32;2007;5903;6576
FRI32;2008;6136;6667
FRI32;2009;6209;6794
FRI32;2010;6185;6861
FRI32;2011;6065;6743
FRI32;2012;5916;7144
FRI32;2013;5778;7472
FRI32;2014;5846;7124
FRI32;2015;5425;7612
FRI32;2016;5474;7673
FRI32;2017;5151;7944
FRI32;2018;5061;7923
FRI32;2019;5150;7972
FRI32;2020;4941;8204
FRI32;2021;5207;8689
FRI32;2022;5086;9177
FRI32;2023;4628;8477
FRI33;2000;4100;3500
FRI33;2001;3960;3443
FRI33;2002;3929;3500
FRI33;2003;3994;3820
FRI33;2004;4100;3500
FRI33;2005;4191;3541
FRI33;2006;4060;3480
FRI33;2007;4037;3455
FRI33;2008;4331;3599
FRI33;2009;4157;3552
FRI33;2010;4060;3568
FRI33;2011;4006;3722
FRI33;2012;4029;3801
FRI33;2013;3986;3990
FRI33;2014;3718;3666
FRI33;2015;3568;3872
FRI33;2016;3646;3978
FRI33;2017;3389;4130
FRI33;2018;3381;4116
FRI33;2019;3347;4022
FRI33;2020;3146;4200
FRI33;2021;3267;4552
FRI33;2022;3107;4499
FRI33;2023;2995;4248
FRI34;2000;4470;3941
FRI34;2001;4700;3926
FRI34;2002;4573;3845
FRI34;2003;4594;4217
FRI34;2004;4570;3690
FRI34;2005;4725;3874
FRI34;2006;4850;3830
FRI34;2007;4753;3818
FRI34;2008;4909;3866
FRI34;2009;4953;4083
FRI34;2010;5006;4032
FRI34;2011;4885;4079
FRI34;2012;4880;4260
FRI34;2013;4708;4155
FRI34;2014;4686;3909
FRI34;2015;4461;4185
FRI34;2016;4281;4192
FRI34;2017;4175;4191
FRI34;2018;4044;4418
FRI34;2019;4084;4481
FRI34;2020;4039;4570
FRI34;2021;4025;4675
FRI34;2022;3999;4938
FRI34;2023;3608;4621
FRJ11;2000;3253;3645
FRJ11;2001;3322;3760
FRJ11;2002;3266;3775
FRJ11;2003;3421;3760
FRJ11;2004;3320;3550
FRJ11;2005;3502;3748
FRJ11;2006;3660;3680
FRJ11;2007;3723;3755
FRJ11;2008;3778;3727
FRJ11;2009;3797;3818
FRJ11;2010;3761;3887
FRJ11;2011;3789;3866
FRJ11;2012;3669;4173
FRJ11;2013;3618;4017
FRJ11;2014;3516;4016
FRJ11;2015;3531;4184
FRJ11;2016;3385;4401
FRJ11;2017;3313;4381
FRJ11;2018;3228;4546
FRJ11;2019;3205;4331
FRJ11;2020;3237;4655
FRJ11;2021;3246;4883
FRJ11;2022;3187;4947
FRJ11;2023;3033;4815
FRJ12;2000;7468;6300
FRJ12;2001;7679;6207
FRJ12;2002;7554;6231
FRJ12;2003;7446;6438
FRJ12;2004;7780;6190
FRJ12;2005;7901;6390
FRJ12;2006;8380;6140
FRJ12;2007;8190;6268
FRJ12;2008;8449;6369
FRJ12;2009;8354;6556
FRJ12;2010;8489;6613
FRJ12;2011;8467;6567
FRJ12;2012;8196;6892
FRJ12;2013;8427;6798
FRJ12;2014;8216;6818
FRJ12;2015;8006;7347
FRJ12;2016;8005;7379
FRJ12;2017;7708;7234
FRJ12;2018;7585;7576
FRJ12;2019;7484;7480
FRJ12;2020;7377;8097
FRJ12;2021;7481;8260
FRJ12;2022;7422;8493
FRJ12;2023;6709;8094
FRJ13;2000;10626;8770
FRJ13;2001;11550;8678
FRJ13;2002;11486;8638
FRJ13;2003;11380;9019
FRJ13;2004;11560;8400
FRJ13;2005;11636;8742
FRJ13;2006;12190;8540
FRJ13;2007;12252;8686
FRJ13;2008;12564;8954
FRJ13;2009;12531;9323
FRJ13;2010;12652;9335
FRJ13;2011;13000;9326
FRJ13;2012;12902;9673
FRJ13;2013;12899;9674
FRJ13;2014;13008;9752
FRJ13;2015;12919;10188
FRJ13;2016;12761;10371
FRJ13;2017;12507;10676
FRJ13;2018;12577;10775
FRJ13;2019;12488;10876
FRJ13;2020;12411;11489
FRJ13;2021;12581;12012
FRJ13;2022;12436;12415
FRJ13;2023;11167;11675
FRJ14;2000;800;900
FRJ14;2001;732;855
FRJ14;2002;741;938
FRJ14;2003;768;964
FRJ14;2004;770;930
FRJ14;2005;760;913
FRJ14;2006;780;890
FRJ14;2007;781;935
FRJ14;2008;779;908
FRJ14;2009;798;898
FRJ14;2010;734;948
FRJ14;2011;695;941
FRJ14;2012;711;954
FRJ14;2013;663;956
FRJ14;2014;651;913
FRJ14;2015;694;998
FRJ14;2016;661;1002
FRJ14;2017;595;1023
FRJ14;2018;580;961
FRJ14;2019;578;989
FRJ14;2020;525;1012
FRJ14;2021;604;1071
FRJ14;2022;583;1011
FRJ14;2023;562;961
FRJ15;2000;3925;4725
FRJ15;2001;4500;4695
FRJ15;2002;4457;4732
FRJ15;2003;4456;4999
FRJ15;2004;4320;4650
FRJ15;2005;4563;4762
FRJ15;2006;4780;4790
FRJ15;2007;4638;4606
FRJ15;2008;4756;4889
FRJ15;2009;4837;4911
FRJ15;2010;4868;5062
FRJ15;2011;4843;4966
FRJ15;2012;4943;5248
FRJ15;2013;4914;5131
FRJ15;2014;4800;5111
FRJ15;2015;4718;5514
FRJ15;2016;4439;5455
FRJ15;2017;4429;5699
FRJ15;2018;4342;5890
FRJ15;2019;4319;5746
FRJ15;2020;4329;6007
FRJ15;2021;4512;6342
FRJ15;2022;4318;6742
FRJ15;2023;4146;6198
FRJ21;2000;1377;1830
FRJ21;2001;1300;1729
FRJ21;2002;1315;1748
FRJ21;2003;1350;1848
FRJ21;2004;1410;1750
FRJ21;2005;1389;1784
FRJ21;2006;1500;1670
FRJ21;2007;1570;1711
FRJ21;2008;1493;1667
FRJ21;2009;1452;1753
FRJ21;2010;1473;1754
FRJ21;2011;1404;1672
FRJ21;2012;1425;1884
FRJ21;2013;1413;1776
FRJ21;2014;1364;1776
FRJ21;2015;1377;1790
FRJ21;2016;1317;1833
FRJ21;2017;1257;1946
FRJ21;2018;1234;1857
FRJ21;2019;1205;1950
FRJ21;2020;1196;1937
FRJ21;2021;1205;2011
FRJ21;2022;1201;2168
FRJ21;2023;1092;2034
FRJ22;2000;2654;3200
FRJ22;2001;2668;3235
FRJ22;2002;2622;3305
FRJ22;2003;2558;3463
FRJ22;2004;2610;3010
FRJ22;2005;2701;3335
FRJ22;2006;2830;3160
FRJ22;2007;2769;3107
FRJ22;2008;2748;3270
FRJ22;2009;2640;3193
FRJ22;2010;2693;3339
FRJ22;2011;2683;3264
FRJ22;2012;2615;3455
FRJ22;2013;2475;3443
FRJ22;2014;2555;3267
FRJ22;2015;2361;3515
FRJ22;2016;2390;3528
FRJ22;2017;2316;3612
FRJ22;2018;2247;3410
FRJ22;2019;2175;3452
FRJ22;2020;2178;3626
FRJ22;2021;2272;3666
FRJ22;2022;2109;3840
FRJ22;2023;1926;3683
FRJ23;2000;13844;8062
FRJ23;2001;13937;8288
FRJ23;2002;13743;8513
FRJ23;2003;13989;8450
FRJ23;2004;13900;8070
FRJ23;2005;14233;8235
FRJ23;2006;14960;8070
FRJ23;2007;14968;8049
FRJ23;2008;15415;8286
FRJ23;2009;15317;8348
FRJ23;2010;15763;8395
FRJ23;2011;16031;8297
FRJ23;2012;16347;8728
FRJ23;2013;16290;8881
FRJ23;2014;16641;8812
FRJ23;2015;16363;9194
FRJ23;2016;16049;9242
FRJ23;2017;16024;9673
FRJ23;2018;15966;9661
FRJ23;2019;15870;9986
FRJ23;2020;15825;10319
FRJ23;2021;15968;10685
FRJ23;2022;15523;10923
FRJ23;2023;14331;10645
FRJ24;2000;1642;2159
FRJ24;2001;1700;2122
FRJ24;2002;1548;2244
FRJ24;2003;1635;2168
FRJ24;2004;1620;2040
FRJ24;2005;1666;2119
FRJ24;2006;1580;2060
FRJ24;2007;1669;2057
FRJ24;2008;1689;2080
FRJ24;2009;1718;2193
FRJ24;2010;1671;2245
FRJ24;2011;1587;2166
FRJ24;2012;1668;2278
FRJ24;2013;1648;2275
FRJ24;2014;1643;2239
FRJ24;2015;1576;2400
FRJ24;2016;1497;2417
FRJ24;2017;1383;2521
FRJ24;2018;1434;2499
FRJ24;2019;1388;2445
FRJ24;2020;1409;2465
FRJ24;2021;1515;2515
FRJ24;2022;1471;2648
FRJ24;2023;1246;2583
FRJ25;2000;1600;1974
FRJ25;2001;1562;1952
FRJ25;2002;1498;1928
FRJ25;2003;1537;2037
FRJ25;2004;1430;1940
FRJ25;2005;1477;2066
FRJ25;2006;1560;1920
FRJ25;2007;1511;1961
FRJ25;2008;1555;2053
FRJ25;2009;1435;2036
FRJ25;2010;1506;2065
FRJ25;2011;1423;2118
FRJ25;2012;1487;2096
FRJ25;2013;1345;2032
FRJ25;2014;1416;2161
FRJ25;2015;1248;2294
FRJ25;2016;1277;2300
FRJ25;2017;1260;2299
FRJ25;2018;1304;2274
FRJ25;2019;1230;2428
FRJ25;2020;1229;2401
FRJ25;2021;1269;2386
FRJ25;2022;1186;2527
FRJ25;2023;1089;2478
FRJ26;2000;2260;2751
FRJ26;2001;2246;2700
FRJ26;2002;2170;2643
FRJ26;2003;2144;2671
FRJ26;2004;2190;2500
FRJ26;2005;2095;2670
FRJ26;2006;2280;2510
FRJ26;2007;2266;2605
FRJ26;2008;2095;2709
FRJ26;2009;2161;2557
FRJ26;2010;2147;2550
FRJ26;2011;2110;2657
FRJ26;2012;2201;2828
FRJ26;2013;2057;2712
FRJ26;2014;2111;2678
FRJ26;2015;1992;2842
FRJ26;2016;1913;2827
FRJ26;2017;1907;2810
FRJ26;2018;1802;2953
FRJ26;2019;1824;2864
FRJ26;2020;1897;3093
FRJ26;2021;1810;3098
FRJ26;2022;1862;3329
FRJ26;2023;1785;2985
FRJ27;2000;3746;3900
FRJ27;2001;3539;3679
FRJ27;2002;3596;3954
FRJ27;2003;3579;3965
FRJ27;2004;3610;3670
FRJ27;2005;3837;3914
FRJ27;2006;3930;3750
FRJ27;2007;3869;3785
FRJ27;2008;4056;3877
FRJ27;2009;4030;4036
FRJ27;2010;3923;4043
FRJ27;2011;4006;3916
FRJ27;2012;3939;4095
FRJ27;2013;3829;4058
FRJ27;2014;3831;4015
FRJ27;2015;3681;4245
FRJ27;2016;3611;4175
FRJ27;2017;3421;4494
FRJ27;2018;3257;4562
FRJ27;2019;3345;4441
FRJ27;2020;3213;4537
FRJ27;2021;3352;4826
FRJ27;2022;3383;4992
FRJ27;2023;3044;4541
FRJ28;2000;2361;2300
FRJ28;2001;2470;2173
FRJ28;2002;2413;2216
FRJ28;2003;2398;2304
FRJ28;2004;2590;2150
FRJ28;2005;2590;2355
FRJ28;2006;2820;2220
FRJ28;2007;2858;2262
FRJ28;2008;2932;2328
FRJ28;2009;2935;2202
FRJ28;2010;2924;2439
FRJ28;2011;2978;2206
FRJ28;2012;2940;2461
FRJ28;2013;2827;2498
FRJ28;2014;2829;2440
FRJ28;2015;2824;2633
FRJ28;2016;2674;2589
FRJ28;2017;2678;2772
FRJ28;2018;2550;2667
FRJ28;2019;2555;2718
FRJ28;2020;2449;2844
FRJ28;2021;2660;2859
FRJ28;2022;2601;3066
FRJ28;2023;2312;2795
FRK11;2000;3569;4400
FRK11;2001;3536;4441
FRK11;2002;3310;4393
FRK11;2003;3391;4595
FRK11;2004;3340;4080
FRK11;2005;3363;4346
FRK11;2006;3500;4110
FRK11;2007;3277;4101
FRK11;2008;3289;4307
FRK11;2009;3308;4301
FRK11;2010;3402;4301
FRK11;2011;3196;4221
FRK11;2012;3288;4346
FRK11;2013;3198;4312
FRK11;2014;3152;4125
FRK11;2015;2992;4436
FRK11;2016;3008;4482
FRK11;2017;2877;4375
FRK11;2018;2742;4362
FRK11;2019;2777;4463
FRK11;2020;2594;4818
FRK11;2021;2772;4628
FRK11;2022;2618;4684
FRK11;2023;2489;4545
FRK12;2000;1400;1868
FRK12;2001;1400;2000
FRK12;2002;1465;1859
FRK12;2003;1344;1855
FRK12;2004;1400;1850
FRK12;2005;1391;1871
FRK12;2006;1400;1820
FRK12;2007;1357;1871
FRK12;2008;1300;1881
FRK12;2009;1377;1885
FRK12;2010;1273;1941
FRK12;2011;1237;1919
FRK12;2012;1230;2059
FRK12;2013;1290;1968
FRK12;2014;1214;1973
FRK12;2015;1128;2049
FRK12;2016;1068;2035
FRK12;2017;1067;2217
FRK12;2018;1110;2062
FRK12;2019;1016;2058
FRK12;2020;1029;2138
FRK12;2021;1039;2211
FRK12;2022;1033;2186
FRK12;2023;916;2113
FRK13;2000;2477;2500
FRK13;2001;2343;2326
FRK13;2002;2320;2476
FRK13;2003;2458;2419
FRK13;2004;2420;2320
FRK13;2005;2485;2327
FRK13;2006;2430;2250
FRK13;2007;2301;2333
FRK13;2008;2398;2364
FRK13;2009;2390;2461
FRK13;2010;2348;2444
FRK13;2011;2300;2337
FRK13;2012;2244;2567
FRK13;2013;2247;2493
FRK13;2014;2157;2373
FRK13;2015;2186;2676
FRK13;2016;2025;2556
FRK13;2017;2000;2659
FRK13;2018;2060;2599
FRK13;2019;1957;2594
FRK13;2020;1893;3018
FRK13;2021;1977;2737
FRK13;2022;1828;2833
FRK13;2023;1746;2721
FRK14;2000;6600;5890
FRK14;2001;6630;5872
FRK14;2002;6387;5890
FRK14;2003;6576;6024
FRK14;2004;6630;5760
FRK14;2005;6701;5981
FRK14;2006;6900;5760
FRK14;2007;6896;5805
FRK14;2008;6865;5994
FRK14;2009;6774;6065
FRK14;2010;7126;6080
FRK14;2011;6828;5888
FRK14;2012;6933;6256
FRK14;2013;6699;6114
FRK14;2014;6908;5996
FRK14;2015;6618;6304
FRK14;2016;6532;6320
FRK14;2017;6528;6575
FRK14;2018;6555;6439
FRK14;2019;6424;6611
FRK14;2020;6175;7055
FRK14;2021;6346;6951
FRK14;2022;6055;7091
FRK14;2023;5510;6773
FRK21;2000;6653;4200
FRK21;2001;6575;4036
FRK21;2002;6691;4224
FRK21;2003;6866;4201
FRK21;2004;6710;3900
FRK21;2005;6976;4259
FRK21;2006;7230;4070
FRK21;2007;6949;4202
FRK21;2008;7323;4273
FRK21;2009;7157;4337
FRK21;2010;7281;4449
FRK21;2011;7265;4305
FRK21;2012;7242;4577
FRK21;2013;7296;4565
FRK21;2014;7354;4542
FRK21;2015;6996;4832
FRK21;2016;7099;4815
FRK21;2017;6949;5050
FRK21;2018;7101;5025
FRK21;2019;6907;5005
FRK21;2020;6806;5864
FRK21;2021;7022;5312
FRK21;2022;6881;5452
FRK21;2023;6328;5283
FRK22;2000;3300;3200
FRK22;2001;3300;3200
FRK22;2002;3272;3074
FRK22;2003;3367;3195
FRK22;2004;3180;3020
FRK22;2005;3414;3188
FRK22;2006;3480;3040
FRK22;2007;3484;3044
FRK22;2008;3447;3187
FRK22;2009;3307;3219
FRK22;2010;3379;3382
FRK22;2011;3360;3307
FRK22;2012;3405;3465
FRK22;2013;3179;3402
FRK22;2014;3254;3400
FRK22;2015;3249;3658
FRK22;2016;2875;3628
FRK22;2017;2995;3787
FRK22;2018;2891;3828
FRK22;2019;2982;3819
FRK22;2020;2754;4277
FRK22;2021;2890;3895
FRK22;2022;2773;4119
FRK22;2023;2551;3889
FRK23;2000;5648;4000
FRK23;2001;5631;4166
FRK23;2002;5542;4042
FRK23;2003;5525;4190
FRK23;2004;5700;3890
FRK23;2005;5579;3936
FRK23;2006;5940;3820
FRK23;2007;5833;3982
FRK23;2008;5927;4089
FRK23;2009;5846;4212
FRK23;2010;5914;4103
FRK23;2011;5978;4234
FRK23;2012;5912;4358
FRK23;2013;6026;4419
FRK23;2014;5965;4388
FRK23;2015;5769;4523
FRK23;2016;5548;4623
FRK23;2017;5571;4809
FRK23;2018;5411;4888
FRK23;2019;5476;4963
FRK23;2020;5187;5291
FRK23;2021;5308;5223
FRK23;2022;5276;5401
FRK23;2023;4816;5168
FRK24;2000;14843;7952
FRK24;2001;15236;8079
FRK24;2002;14983;8237
FRK24;2003;14885;8288
FRK24;2004;15360;7640
FRK24;2005;15447;8010
FRK24;2006;15830;7870
FRK24;2007;15646;7922
FRK24;2008;15999;8245
FRK24;2009;15916;8231
FRK24;2010;16136;8349
FRK24;2011;15739;8116
FRK24;2012;15948;8744
FRK24;2013;15724;8881
FRK24;2014;15664;8546
FRK24;2015;14981;9229
FRK24;2016;14943;9154
FRK24;2017;14634;9460
FRK24;2018;14062;9516
FRK24;2019;13925;9808
FRK24;2020;13791;11537
FRK24;2021;13742;10521
FRK24;2022;13514;10848
FRK24;2023;12486;10146
FRK25;2000;9000;7100
FRK25;2001;8900;7132
FRK25;2002;8770;7247
FRK25;2003;8804;7278
FRK25;2004;8910;6800
FRK25;2005;8975;7089
FRK25;2006;9180;6710
FRK25;2007;9222;6790
FRK25;2008;9357;7014
FRK25;2009;9174;7125
FRK25;2010;9403;7126
FRK25;2011;9357;7002
FRK25;2012;9473;7537
FRK25;2013;9086;7226
FRK25;2014;9183;7201
FRK25;2015;9021;7605
FRK25;2016;8575;7551
FRK25;2017;8391;7615
FRK25;2018;8438;7530
FRK25;2019;8404;7794
FRK25;2020;8050;9155
FRK25;2021;7963;8104
FRK25;2022;7969;8229
FRK25;2023;7326;7800
FRK26;2000;23052;11670
FRK26;2001;23043;11674
FRK26;2002;23297;12099
FRK26;2003;23376;12518
FRK26;2004;23800;11360
FRK26;2005;24270;11663
FRK26;2006;24810;11420
FRK26;2007;24465;11522
FRK26;2008;25120;11857
FRK26;2009;25528;11893
FRK26;2010;25970;11649
FRK26;2011;25928;11654
FRK26;2012;26294;12313
FRK26;2013;25914;12227
FRK26;2014;26712;11934
FRK26;2015;26581;12912
FRK26;2016;26121;12796
FRK26;2017;25644;13142
FRK26;2018;25513;12967
FRK26;2019;25152;13252
FRK26;2020;24241;15604
FRK26;2021;24009;14157
FRK26;2022;22986;14175
FRK26;2023;21529;13259
FRK27;2000;4761;3222
FRK27;2001;4800;3250
FRK27;2002;4660;3140
FRK27;2003;4687;3338
FRK27;2004;4740;3080
FRK27;2005;4795;3178
FRK27;2006;4900;3100
FRK27;2007;5000;3076
FRK27;2008;4971;3232
FRK27;2009;4863;3352
FRK27;2010;5074;3422
FRK27;2011;4917;3272
FRK27;2012;4786;3438
FRK27;2013;4762;3428
FRK27;2014;4798;3334
FRK27;2015;4671;3736
FRK27;2016;4536;3630
FRK27;2017;4476;3783
FRK27;2018;4509;3857
FRK27;2019;4383;3894
FRK27;2020;4273;4718
FRK27;2021;4384;4001
FRK27;2022;4272;4193
FRK27;2023;3793;4154
FRK28;2000;8866;4425
FRK28;2001;8523;4434
FRK28;2002;8680;4567
FRK28;2003;8839;4656
FRK28;2004;8750;4390
FRK28;2005;8967;4658
FRK28;2006;9120;4400
FRK28;2007;8939;4476
FRK28;2008;9333;4586
FRK28;2009;9271;4850
FRK28;2010;9517;4864
FRK28;2011;9476;4750
FRK28;2012;9829;5093
FRK28;2013;9893;5057
FRK28;2014;9982;5166
FRK28;2015;10053;5476
FRK28;2016;9708;5520
FRK28;2017;9603;5549
FRK28;2018;9905;5474
FRK28;2019;9823;5709
FRK28;2020;9680;6889
FRK28;2021;9860;6191
FRK28;2022;9595;6339
FRK28;2023;8969;6193
FRL01;2000;1559;1473
FRL01;2001;1529;1500
FRL01;2002;1554;1557
FRL01;2003;1460;1641
FRL01;2004;1520;1500
FRL01;2005;1514;1614
FRL01;2006;1540;1570
FRL01;2007;1569;1599
FRL01;2008;1569;1574
FRL01;2009;1513;1644
FRL01;2010;1547;1652
FRL01;2011;1578;1657
FRL01;2012;1561;1674
FRL01;2013;1629;1723
FRL01;2014;1538;1812
FRL01;2015;1501;1832
FRL01;2016;1499;1892
FRL01;2017;1447;1893
FRL01;2018;1395;1958
FRL01;2019;1369;1961
FRL01;2020;1329;2068
FRL01;2021;1447;2196
FRL01;2022;1373;2091
FRL01;2023;1282;1982
FRL02;2000;1400;1128
FRL02;2001;1500;1200
FRL02;2002;1445;1155
FRL02;2003;1408;1226
FRL02;2004;1400;1200
FRL02;2005;1395;1241
FRL02;2006;1460;1180
FRL02;2007;1448;1253
FRL02;2008;1441;1227
FRL02;2009;1513;1258
FRL02;2010;1470;1307
FRL02;2011;1399;1232
FRL02;2012;1441;1308
FRL02;2013;1406;1270
FRL02;2014;1383;1322
FRL02;2015;1347;1410
FRL02;2016;1298;1455
FRL02;2017;1215;1388
FRL02;2018;1235;1419
FRL02;2019;1221;1466
FRL02;2020;1157;1670
FRL02;2021;1282;1572
FRL02;2022;1234;1542
FRL02;2023;1097;1519
FRL03;2000;11350;11340
FRL03;2001;11300;11456
FRL03;2002;11300;11422
FRL03;2003;11144;11828
FRL03;2004;11510;10790
FRL03;2005;11631;11231
FRL03;2006;11750;10770
FRL03;2007;11633;10822
FRL03;2008;12275;11126
FRL03;2009;11949;11050
FRL03;2010;12257;10871
FRL03;2011;11999;10670
FRL03;2012;12087;11374
FRL03;2013;12149;11143
FRL03;2014;12170;11203
FRL03;2015;12068;11858
FRL03;2016;11956;11643
FRL03;2017;11888;12099
FRL03;2018;11631;11765
FRL03;2019;11580;11817
FRL03;2020;11216;12452
FRL03;2021;11407;13495
FRL03;2022;11227;13251
FRL03;2023;10380;12567
FRL04;2000;23800;16736
FRL04;2001;24248;16271
FRL04;2002;24083;16692
FRL04;2003;23908;17335
FRL04;2004;24060;15830
FRL04;2005;24411;16472
FRL04;2006;25370;15910
FRL04;2007;25126;16337
FRL04;2008;25412;16481
FRL04;2009;25547;16558
FRL04;2010;26354;16455
FRL04;2011;25910;16491
FRL04;2012;26328;17240
FRL04;2013;26762;17069
FRL04;2014;26384;16767
FRL04;2015;26249;17897
FRL04;2016;25834;17686
FRL04;2017;25790;18311
FRL04;2018;25586;18166
FRL04;2019;25288;18394
FRL04;2020;24670;20785
FRL04;2021;24766;20892
FRL04;2022;24420;20309
FRL04;2023;22876;18850
FRL05;2000;10379;9385
FRL05;2001;10649;9852
FRL05;2002;10442;9952
FRL05;2003;10388;10303
FRL05;2004;10620;9590
FRL05;2005;10646;10112
FRL05;2006;10890;9790
FRL05;2007;10938;10129
FRL05;2008;11131;10136
FRL05;2009;10955;10423
FRL05;2010;11138;10602
FRL05;2011;11146;10441
FRL05;2012;11240;10948
FRL05;2013;10917;10783
FRL05;2014;11123;10735
FRL05;2015;10751;11401
FRL05;2016;10656;11590
FRL05;2017;10504;11906
FRL05;2018;10267;11946
FRL05;2019;10516;12214
FRL05;2020;10282;12648
FRL05;2021;10561;13905
FRL05;2022;10677;13734
FRL05;2023;9791;13022
FRL06;2000;6300;4668
FRL06;2001;6332;4819
FRL06;2002;6334;4669
FRL06;2003;6547;4905
FRL06;2004;6630;4490
FRL06;2005;6608;4732
FRL06;2006;6800;4580
FRL06;2007;6694;4800
FRL06;2008;7000;4904
FRL06;2009;7014;4844
FRL06;2010;6958;5040
FRL06;2011;7008;4783
FRL06;2012;7107;5094
FRL06;2013;7171;5054
FRL06;2014;7058;4963
FRL06;2015;6859;5498
FRL06;2016;6603;5465
FRL06;2017;6442;5475
FRL06;2018;6392;5505
FRL06;2019;6315;5630
FRL06;2020;6231;5990
FRL06;2021;6201;6103
FRL06;2022;6054;6117
FRL06;2023;5483;5772
FRM01;2000;1400;1254
FRM01;2001;1300;1259
FRM01;2002;1312;1390
FRM01;2003;1232;1274
FRM01;2004;1230;1310
FRM01;2005;1348;1273
FRM01;2006;1340;1280
FRM01;2007;1284;1264
FRM01;2008;1370;1335
FRM01;2009;1422;1384
FRM01;2010;1408;1318
FRM01;2011;1422;1444
FRM01;2012;1398;1363
FRM01;2013;1317;1421
FRM01;2014;1371;1469
FRM01;2015;1336;1471
FRM01;2016;1372;1464
FRM01;2017;1328;1456
FRM01;2018;1374;1502
FRM01;2019;1348;1514
FRM01;2020;1286;1664
FRM01;2021;1307;1689
FRM01;2022;1333;1795
FRM01;2023;1193;1669
FRM02;2000;1500;1443
FRM02;2001;1400;1415
FRM02;2002;1436;1381
FRM02;2003;1455;1509
FRM02;2004;1440;1370
FRM02;2005;1525;1533
FRM02;2006;1470;1450
FRM02;2007;1564;1479
FRM02;2008;1569;1469
FRM02;2009;1580;1479
FRM02;2010;1591;1648
FRM02;2011;1662;1527
FRM02;2012;1612;1558
FRM02;2013;1599;1617
FRM02;2014;1616;1578
FRM02;2015;1530;1635
FRM02;2016;1541;1628
FRM02;2017;1590;1709
FRM02;2018;1480;1637
FRM02;2019;1503;1702
FRM02;2020;1401;1734
FRM02;2021;1421;1928
FRM02;2022;1416;1949
FRM02;2023;1307;1894
FRY10;2000;7871;2505
FRY10;2001;7709;2461
FRY10;2002;7438;2639
FRY10;2003;7248;2522
FRY10;2004;7082;2550
FRY10;2005;7028;2769
FRY10;2006;6742;2763
FRY10;2007;6521;2649
FRY10;2008;6264;2785
FRY10;2009;6038;2850
FRY10;2010;5969;2963
FRY10;2011;5941;2835
FRY10;2012;5984;2873
FRY10;2013;5813;2951
FRY10;2014;5683;3290
FRY10;2015;5368;2906
FRY10;2016;5276;3227
FRY10;2017;4626;3121
FRY10;2018;4802;3258
FRY10;2019;5164;3469
FRY10;2020;5183;3742
FRY10;2021;4838;4589
FRY10;2022;4701;4041
FRY10;2023;4537;4037
FRY20;2000;5900;2639
FRY20;2001;5774;2700
FRY20;2002;5391;2649
FRY20;2003;5430;2727
FRY20;2004;5260;2650
FRY20;2005;5032;2610
FRY20;2006;5370;2660
FRY20;2007;5317;2830
FRY20;2008;5333;2793
FRY20;2009;5174;2771
FRY20;2010;4889;2843
FRY20;2011;4475;2741
FRY20;2012;4458;2818
FRY20;2013;4128;2902
FRY20;2014;4367;3319
FRY20;2015;3972;3058
FRY20;2016;3782;3284
FRY20;2017;3640;3217
FRY20;2018;3670;3292
FRY20;2019;3749;3559
FRY20;2020;3531;3586
FRY20;2021;3627;4642
FRY20;2022;3493;4189
FRY20;2023;3335;3820
FRY30;2000;5149;635
FRY30;2001;5140;660
FRY30;2002;5276;669
FRY30;2003;5553;721
FRY30;2004;5310;720
FRY30;2005;5998;705
FRY30;2006;6280;710
FRY30;2007;6386;690
FRY30;2008;6247;762
FRY30;2009;6171;699
FRY30;2010;6082;773
FRY30;2011;6259;714
FRY30;2012;6609;789
FRY30;2013;6475;767
FRY30;2014;6591;786
FRY30;2015;6806;834
FRY30;2016;7270;901
FRY30;2017;8057;964
FRY30;2018;7995;899
FRY30;2019;8104;1020
FRY30;2020;7992;990
FRY30;2021;8127;1365
FRY30;2022;7718;1210
FRY30;2023;7689;1228
FRY40;2000;14842;3700
FRY40;2001;14541;3695
FRY40;2002;14261;4001
FRY40;2003;14427;4041
FRY40;2004;14540;3880
FRY40;2005;14799;4357
FRY40;2006;14500;4320
FRY40;2007;14808;3974
FRY40;2008;14927;4115
FRY40;2009;14299;4109
FRY40;2010;14146;4221
FRY40;2011;14124;4002
FRY40;2012;14288;4167
FRY40;2013;14002;4258
FRY40;2014;14095;4355
FRY40;2015;14011;4531
FRY40;2016;13742;4689
FRY40;2017;13708;4673
FRY40;2018;13364;5011
FRY40;2019;13171;5064
FRY40;2020;13142;5154
FRY40;2021;13470;5750
FRY40;2022;13205;6390
FRY40;2023;12876;5509
FRY50;2000;5812;482
FRY50;2001;5812;482
FRY50;2002;5802;502
FRY50;2003;5709;502
FRY50;2004;5543;489
FRY50;2005;6064;519
FRY50;2006;6558;518
FRY50;2007;7050;500
FRY50;2008;7403;513
FRY50;2009;7519;509
FRY50;2010;7585;525
FRY50;2011;7610;498
FRY50;2012;7646;513
FRY50;2013;7935;522
FRY50;2014;8442;590
FRY50;2015;8997;636
FRY50;2016;9496;705
FRY50;2017;9762;735
FRY50;2018;9590;758
FRY50;2019;9768;777
FRY50;2020;9184;967
FRY50;2021;10613;1144
FRY50;2022;10773;970
FRY50;2023;10278;958
HR;2000;43746;50246
HR;2001;40993;49552
HR;2002;40094;50569
HR;2003;39668;52575
HR;2004;40307;49756
HR;2005;42492;51790
HR;2006;41446;50378
HR;2007;41910;52367
HR;2008;43753;52151
HR;2009;44577;52414
HR;2010;43361;52096
HR;2011;41197;51019
HR;2012;41771;51710
HR;2013;39939;50386
HR;2014;39566;50839
HR;2015;37503;54205
HR;2016;37537;51542
HR;2017;36556;53477
HR;2018;36945;52706
HR;2019;36135;51794
HR;2020;35845;57023
HR;2021;36508;62712
HR;2022;33883;56979
HR;2023;32170;51275
HR021;2000;1274;1862
HR021;2001;1197;1828
HR021;2002;1170;1870
HR021;2003;1130;1960
HR021;2004;1130;1840
HR021;2005;1250;1870
HR021;2006;1180;1800
HR021;2007;1174;1866
HR021;2008;1199;1821
HR021;2009;1211;1892
HR021;2010;1250;1814
HR021;2011;1073;1729
HR021;2012;1132;1772
HR021;2013;1092;1725
HR021;2014;1040;1648
HR021;2015;975;1817
HR021;2016;958;1657
HR021;2017;930;1708
HR021;2018;992;1647
HR021;2019;998;1604
HR021;2020;959;1801
HR021;2021;959;1964
HR021;2022;969;1695
HR021;2023;878;1465
HR022;2000;948;1234
HR022;2001;890;1212
HR022;2002;870;1240
HR022;2003;840;1270
HR022;2004;850;1220
HR022;2005;910;1270
HR022;2006;820;1200
HR022;2007;848;1264
HR022;2008;860;1273
HR022;2009;867;1244
HR022;2010;860;1245
HR022;2011;816;1246
HR022;2012;794;1184
HR022;2013;790;1172
HR022;2014;737;1145
HR022;2015;693;1133
HR022;2016;686;1109
HR022;2017;646;1164
HR022;2018;690;1079
HR022;2019;632;1144
HR022;2020;654;1177
HR022;2021;675;1315
HR022;2022;541;1206
HR022;2023;574;1036
HR023;2000;915;986
HR023;2001;859;968
HR023;2002;840;990
HR023;2003;820;1010
HR023;2004;800;1020
HR023;2005;830;990
HR023;2006;810;1060
HR023;2007;815;1089
HR023;2008;876;1057
HR023;2009;830;1105
HR023;2010;786;1087
HR023;2011;691;1046
HR023;2012;736;1014
HR023;2013;703;1008
HR023;2014;692;986
HR023;2015;636;1076
HR023;2016;617;987
HR023;2017;611;1005
HR023;2018;600;1016
HR023;2019;603;1045
HR023;2020;608;1073
HR023;2021;572;1222
HR023;2022;564;1071
HR023;2023;489;1002
HR024;2000;1884;2082
HR024;2001;1770;2044
HR024;2002;1730;2090
HR024;2003;1680;2060
HR024;2004;1610;1990
HR024;2005;1770;2000
HR024;2006;1700;1960
HR024;2007;1689;2047
HR024;2008;1729;2067
HR024;2009;1800;2022
HR024;2010;1551;2039
HR024;2011;1615;1958
HR024;2012;1563;2035
HR024;2013;1512;1917
HR024;2014;1412;1957
HR024;2015;1314;2125
HR024;2016;1301;2031
HR024;2017;1276;2006
HR024;2018;1196;2011
HR024;2019;1199;1997
HR024;2020;1166;2150
HR024;2021;1185;2275
HR024;2022;1130;2064
HR024;2023;1116;1865
HR025;2000;3268;3764
HR025;2001;3069;3696
HR025;2002;3000;3780
HR025;2003;2790;4030
HR025;2004;2800;3720
HR025;2005;3060;3980
HR025;2006;2930;3920
HR025;2007;2869;4134
HR025;2008;2991;3970
HR025;2009;3116;3997
HR025;2010;2856;4063
HR025;2011;2835;3914
HR025;2012;2919;4096
HR025;2013;2786;3825
HR025;2014;2685;3945
HR025;2015;2551;4108
HR025;2016;2399;3817
HR025;2017;2378;3897
HR025;2018;2339;3886
HR025;2019;2217;3839
HR025;2020;2317;4425
HR025;2021;2352;4619
HR025;2022;2153;4069
HR025;2023;2099;3598
HR026;2000;2124;2241
HR026;2001;1995;2200
HR026;2002;1950;2250
HR026;2003;1900;2250
HR026;2004;1970;2180
HR026;2005;2050;2330
HR026;2006;1950;2240
HR026;2007;1942;2293
HR026;2008;1994;2340
HR026;2009;1948;2350
HR026;2010;1813;2334
HR026;2011;1698;2269
HR026;2012;1772;2325
HR026;2013;1593;2261
HR026;2014;1651;2270
HR026;2015;1438;2400
HR026;2016;1436;2307
HR026;2017;1302;2362
HR026;2018;1279;2283
HR026;2019;1293;2193
HR026;2020;1227;2447
HR026;2021;1266;2533
HR026;2022;1206;2390
HR026;2023;1182;2110
HR027;2000;1122;1992
HR027;2001;1054;1956
HR027;2002;1030;2000
HR027;2003;1080;2140
HR027;2004;1020;2090
HR027;2005;1130;2150
HR027;2006;1120;1980
HR027;2007;1159;2065
HR027;2008;1162;2041
HR027;2009;1118;2060
HR027;2010;1131;1992
HR027;2011;1019;2016
HR027;2012;1051;1956
HR027;2013;1048;1849
HR027;2014;1011;2001
HR027;2015;952;2027
HR027;2016;985;1787
HR027;2017;947;1871
HR027;2018;962;1933
HR027;2019;933;1833
HR027;2020;904;2076
HR027;2021;860;2316
HR027;2022;792;1990
HR027;2023;845;1814
HR028;2000;1634;2529
HR028;2001;1535;2483
HR028;2002;1500;2540
HR028;2003;1520;2620
HR028;2004;1580;2590
HR028;2005;1630;2650
HR028;2006;1520;2550
HR028;2007;1506;2702
HR028;2008;1611;2629
HR028;2009;1646;2615
HR028;2010;1546;2601
HR028;2011;1486;2567
HR028;2012;1543;2385
HR028;2013;1337;2453
HR028;2014;1403;2475
HR028;2015;1271;2619
HR028;2016;1343;2368
HR028;2017;1229;2440
HR028;2018;1215;2518
HR028;2019;1222;2440
HR028;2020;1201;2608
HR028;2021;1176;2685
HR028;2022;1084;2583
HR028;2023;1083;2253
HR031;2000;2460;3377
HR031;2001;2294;3366
HR031;2002;2250;3420
HR031;2003;2360;3580
HR031;2004;2360;3240
HR031;2005;2370;3430
HR031;2006;2350;3340
HR031;2007;2384;3509
HR031;2008;2529;3446
HR031;2009;2659;3475
HR031;2010;2524;3537
HR031;2011;2499;3513
HR031;2012;2504;3632
HR031;2013;2422;3440
HR031;2014;2370;3530
HR031;2015;2344;3784
HR031;2016;2293;3622
HR031;2017;2157;3951
HR031;2018;2126;3772
HR031;2019;2057;3746
HR031;2020;2064;3981
HR031;2021;2154;4588
HR031;2022;1891;4077
HR031;2023;1718;3810
HR032;2000;459;830
HR032;2001;428;827
HR032;2002;420;840
HR032;2003;430;860
HR032;2004;400;790
HR032;2005;460;860
HR032;2006;390;850
HR032;2007;380;869
HR032;2008;417;919
HR032;2009;435;824
HR032;2010;405;823
HR032;2011;361;808
HR032;2012;400;893
HR032;2013;396;842
HR032;2014;377;899
HR032;2015;386;919
HR032;2016;370;839
HR032;2017;377;855
HR032;2018;361;846
HR032;2019;368;867
HR032;2020;368;894
HR032;2021;395;1030
HR032;2022;357;881
HR032;2023;348;812
HR033;2000;1696;1590
HR033;2001;1581;1585
HR033;2002;1550;1610
HR033;2003;1510;1700
HR033;2004;1540;1590
HR033;2005;1790;1710
HR033;2006;1670;1640
HR033;2007;1676;1794
HR033;2008;1784;1784
HR033;2009;1828;1867
HR033;2010;1776;1751
HR033;2011;1676;1704
HR033;2012;1766;1889
HR033;2013;1688;1787
HR033;2014;1635;1933
HR033;2015;1568;2072
HR033;2016;1571;1950
HR033;2017;1532;2159
HR033;2018;1535;1982
HR033;2019;1543;1938
HR033;2020;1523;2148
HR033;2021;1591;2437
HR033;2022;1497;2288
HR033;2023;1448;2034
HR034;2000;1050;1372
HR034;2001;979;1368
HR034;2002;960;1390
HR034;2003;940;1480
HR034;2004;890;1420
HR034;2005;950;1500
HR034;2006;900;1480
HR034;2007;914;1445
HR034;2008;997;1467
HR034;2009;1008;1491
HR034;2010;998;1534
HR034;2011;895;1399
HR034;2012;918;1448
HR034;2013;890;1452
HR034;2014;916;1466
HR034;2015;819;1594
HR034;2016;834;1592
HR034;2017;766;1532
HR034;2018;795;1471
HR034;2019;805;1457
HR034;2020;793;1582
HR034;2021;789;1825
HR034;2022;835;1704
HR034;2023;706;1447
HR035;2000;5185;4137
HR035;2001;4834;4124
HR035;2002;4740;4190
HR035;2003;4590;4570
HR035;2004;4960;4220
HR035;2005;4970;4540
HR035;2006;4910;4320
HR035;2007;4883;4488
HR035;2008;4910;4720
HR035;2009;4941;4690
HR035;2010;4957;4589
HR035;2011;4614;4691
HR035;2012;4726;4651
HR035;2013;4313;4590
HR035;2014;4312;4646
HR035;2015;4110;5152
HR035;2016;4144;4931
HR035;2017;4087;5227
HR035;2018;4274;5104
HR035;2019;4112;4968
HR035;2020;4009;5439
HR035;2021;4211;6005
HR035;2022;3799;5645
HR035;2023;3627;4950
HR036;2000;1750;2093
HR036;2001;1632;2087
HR036;2002;1600;2120
HR036;2003;1550;2230
HR036;2004;1690;2110
HR036;2005;1770;2210
HR036;2006;1790;2150
HR036;2007;1918;2241
HR036;2008;1960;2109
HR036;2009;2012;2303
HR036;2010;1906;2332
HR036;2011;1827;2222
HR036;2012;1832;2302
HR036;2013;1801;2167
HR036;2014;1813;2226
HR036;2015;1701;2414
HR036;2016;1669;2354
HR036;2017;1690;2475
HR036;2018;1670;2372
HR036;2019;1589;2411
HR036;2020;1670;2540
HR036;2021;1657;2784
HR036;2022;1527;2917
HR036;2023;1381;2544
HR037;2000;1301;1215
HR037;2001;1213;1211
HR037;2002;1190;1230
HR037;2003;1120;1280
HR037;2004;1260;1210
HR037;2005;1250;1260
HR037;2006;1340;1220
HR037;2007;1308;1238
HR037;2008;1462;1323
HR037;2009;1381;1239
HR037;2010;1433;1294
HR037;2011;1272;1284
HR037;2012;1324;1371
HR037;2013;1252;1314
HR037;2014;1285;1238
HR037;2015;1283;1342
HR037;2016;1271;1359
HR037;2017;1208;1379
HR037;2018;1192;1321
HR037;2019;1179;1271
HR037;2020;1215;1363
HR037;2021;1199;1628
HR037;2022;1051;1486
HR037;2023;1049;1360
HR050;2000;7646;8127
HR050;2001;7182;7979
HR050;2002;7020;8160
HR050;2003;7130;8380
HR050;2004;7160;7890
HR050;2005;7580;8440
HR050;2006;7560;8210
HR050;2007;7900;8631
HR050;2008;8345;8319
HR050;2009;8792;8471
HR050;2010;8792;8465
HR050;2011;8411;8396
HR050;2012;8394;8329
HR050;2013;8254;8360
HR050;2014;8452;8359
HR050;2015;8039;8821
HR050;2016;8120;8528
HR050;2017;8076;8826
HR050;2018;8235;9036
HR050;2019;8062;8865
HR050;2020;7865;9938
HR050;2021;8030;10962
HR050;2022;7456;9636
HR050;2023;6995;9025
HR061;2000;1350;1305
HR061;2001;1268;1281
HR061;2002;1240;1310
HR061;2003;1250;1270
HR061;2004;1180;1210
HR061;2005;1240;1250
HR061;2006;1220;1300
HR061;2007;1214;1229
HR061;2008;1286;1272
HR061;2009;1326;1281
HR061;2010;1286;1235
HR061;2011;1253;1254
HR061;2012;1205;1189
HR061;2013;1201;1227
HR061;2014;1174;1168
HR061;2015;1209;1274
HR061;2016;1216;1201
HR061;2017;1182;1309
HR061;2018;1187;1216
HR061;2019;1133;1232
HR061;2020;1168;1404
HR061;2021;1129;1460
HR061;2022;1060;1485
HR061;2023;1017;1213
HR062;2000;1841;2320
HR062;2001;1729;2278
HR062;2002;1690;2330
HR062;2003;1680;2490
HR062;2004;1720;2240
HR062;2005;1830;2200
HR062;2006;1760;2120
HR062;2007;1721;2316
HR062;2008;1727;2354
HR062;2009;1780;2280
HR062;2010;1733;2294
HR062;2011;1594;2187
HR062;2012;1643;2251
HR062;2013;1519;2154
HR062;2014;1459;2094
HR062;2015;1455;2366
HR062;2016;1502;2183
HR062;2017;1400;2254
HR062;2018;1435;2179
HR062;2019;1439;2230
HR062;2020;1339;2454
HR062;2021;1425;2764
HR062;2022;1295;2327
HR062;2023;1184;2112
HR063;2000;1275;1713
HR063;2001;1197;1682
HR063;2002;1170;1720
HR063;2003;1100;1710
HR063;2004;1100;1740
HR063;2005;1240;1690
HR063;2006;1130;1700
HR063;2007;1157;1709
HR063;2008;1232;1751
HR063;2009;1190;1721
HR063;2010;1173;1673
HR063;2011;1108;1607
HR063;2012;1092;1575
HR063;2013;1113;1456
HR063;2014;1059;1573
HR063;2015;1010;1626
HR063;2016;1012;1664
HR063;2017;977;1624
HR063;2018;998;1538
HR063;2019;976;1514
HR063;2020;952;1654
HR063;2021;973;1857
HR063;2022;884;1746
HR063;2023;869;1489
HR064;2000;1416;2031
HR064;2001;1330;1994
HR064;2002;1300;2040
HR064;2003;1220;2130
HR064;2004;1220;1970
HR064;2005;1230;1900
HR064;2006;1200;1920
HR064;2007;1206;1929
HR064;2008;1285;2004
HR064;2009;1282;1987
HR064;2010;1265;1916
HR064;2011;1179;1867
HR064;2012;1190;1898
HR064;2013;1152;1882
HR064;2014;1153;1868
HR064;2015;1037;1844
HR064;2016;1051;1834
HR064;2017;1068;1845
HR064;2018;1110;1906
HR064;2019;1035;1725
HR064;2020;1049;1979
HR064;2021;1080;2015
HR064;2022;1066;1883
HR064;2023;950;1734
HR065;2000;3148;3446
HR065;2001;2957;3383
HR065;2002;2890;3460
HR065;2003;3010;3550
HR065;2004;3060;3470
HR065;2005;3170;3570
HR065;2006;3190;3420
HR065;2007;3247;3509
HR065;2008;3397;3485
HR065;2009;3407;3500
HR065;2010;3320;3478
HR065;2011;3275;3342
HR065;2012;3267;3515
HR065;2013;3077;3505
HR065;2014;2930;3412
HR065;2015;2712;3692
HR065;2016;2759;3422
HR065;2017;2717;3588
HR065;2018;2754;3590
HR065;2019;2740;3475
HR065;2020;2794;3890
HR065;2021;2830;4428
HR065;2022;2726;3836
HR065;2023;2612;3602
HU;2000;96810;134823
HU;2001;96138;131530
HU;2002;96001;132240
HU;2003;93745;135192
HU;2004;94314;131836
HU;2005;96645;135025
HU;2006;99012;130889
HU;2007;96942;132307
HU;2008;98352;129358
HU;2009;95431;129811
HU;2010;89392;129874
HU;2011;87047;128219
HU;2012;89263;128889
HU;2013;89524;126547
HU;2014;93281;126127
HU;2015;92114;131409
HU;2016;95331;126945
HU;2017;94601;131733
HU;2018;93467;131080
HU;2019;93100;129833
HU;2020;93807;141266
HU;2021;93954;155942
HU;2022;89607;136557
HU;2023;87527;128408
HU110;2000;14737;25030
HU110;2001;14656;24676
HU110;2002;14909;23822
HU110;2003;14590;23857
HU110;2004;15051;23121
HU110;2005;15911;23442
HU110;2006;16830;22823
HU110;2007;16957;22795
HU110;2008;17270;21884
HU110;2009;17100;21995
HU110;2010;16458;21961
HU110;2011;16029;21934
HU110;2012;16507;21741
HU110;2013;16431;21382
HU110;2014;16601;20836
HU110;2015;16282;21898
HU110;2016;16703;21231
HU110;2017;16049;21731
HU110;2018;15875;21652
HU110;2019;15499;21206
HU110;2020;14861;22873
HU110;2021;15335;24540
HU110;2022;14549;22226
HU110;2023;14355;20661
HU120;2000;11043;12990
HU120;2001;11127;12303
HU120;2002;11276;12953
HU120;2003;11698;13301
HU120;2004;11728;13085
HU120;2005;12238;13686
HU120;2006;12882;13488
HU120;2007;12520;13653
HU120;2008;13282;13486
HU120;2009;12937;13581
HU120;2010;12427;13646
HU120;2011;11828;13648
HU120;2012;11915;14078
HU120;2013;11718;13833
HU120;2014;12034;13598
HU120;2015;12044;14675
HU120;2016;12423;14074
HU120;2017;12558;14952
HU120;2018;12713;14892
HU120;2019;12970;14740
HU120;2020;13454;16081
HU120;2021;13337;17809
HU120;2022;12745;15789
HU120;2023;12662;15107
HU211;2000;3953;4805
HU211;2001;4034;4894
HU211;2002;4001;4909
HU211;2003;3933;5127
HU211;2004;4024;5031
HU211;2005;4055;5126
HU211;2006;4178;5315
HU211;2007;4078;5229
HU211;2008;4109;5222
HU211;2009;3937;5342
HU211;2010;3762;5348
HU211;2011;3631;5262
HU211;2012;3741;5249
HU211;2013;3793;5244
HU211;2014;3809;5059
HU211;2015;3790;5407
HU211;2016;4047;5218
HU211;2017;3912;5616
HU211;2018;3818;5778
HU211;2019;3849;5642
HU211;2020;4071;5968
HU211;2021;4183;6797
HU211;2022;3993;5942
HU211;2023;3773;5516
HU212;2000;2960;3985
HU212;2001;2956;3867
HU212;2002;2987;4149
HU212;2003;2800;4125
HU212;2004;2979;4164
HU212;2005;2974;4112
HU212;2006;2957;4144
HU212;2007;3014;4016
HU212;2008;3032;4137
HU212;2009;3004;4180
HU212;2010;2801;3959
HU212;2011;2655;3903
HU212;2012;2848;3992
HU212;2013;2731;4031
HU212;2014;2970;4018
HU212;2015;2822;4372
HU212;2016;2970;3986
HU212;2017;2937;4099
HU212;2018;2828;4086
HU212;2019;2873;4118
HU212;2020;2807;4536
HU212;2021;2824;5008
HU212;2022;2709;4357
HU212;2023;2567;4142
HU213;2000;3224;4561
HU213;2001;3157;4516
HU213;2002;3381;4558
HU213;2003;3215;4649
HU213;2004;3193;4571
HU213;2005;3285;4598
HU213;2006;3327;4546
HU213;2007;3230;4599
HU213;2008;3331;4363
HU213;2009;3220;4557
HU213;2010;2945;4469
HU213;2011;2881;4559
HU213;2012;2999;4418
HU213;2013;2946;4309
HU213;2014;3032;4411
HU213;2015;3177;4696
HU213;2016;3109;4660
HU213;2017;3107;4829
HU213;2018;2955;4597
HU213;2019;3006;4582
HU213;2020;2937;5175
HU213;2021;3011;5550
HU213;2022;2829;4909
HU213;2023;2699;4671
HU221;2000;3831;5170
HU221;2001;3949;4984
HU221;2002;3990;5199
HU221;2003;3944;5432
HU221;2004;4047;5316
HU221;2005;4356;5443
HU221;2006;4346;5265
HU221;2007;4186;5421
HU221;2008;4260;5419
HU221;2009;4227;5411
HU221;2010;3986;5440
HU221;2011;3881;5340
HU221;2012;4002;5447
HU221;2013;3960;5456
HU221;2014;4203;5335
HU221;2015;4152;5322
HU221;2016;4243;5208
HU221;2017;4437;5500
HU221;2018;4476;5544
HU221;2019;4593;5320
HU221;2020;4650;6121
HU221;2021;4766;6637
HU221;2022;4666;5887
HU221;2023;4515;5548
HU222;2000;2248;3663
HU222;2001;2305;3514
HU222;2002;2325;3562
HU222;2003;2225;3570
HU222;2004;2212;3499
HU222;2005;2228;3645
HU222;2006;2263;3403
HU222;2007;2226;3579
HU222;2008;2214;3432
HU222;2009;2117;3444
HU222;2010;2018;3588
HU222;2011;1826;3503
HU222;2012;1976;3601
HU222;2013;2034;3492
HU222;2014;2052;3477
HU222;2015;2083;3428
HU222;2016;2213;3436
HU222;2017;2215;3554
HU222;2018;2201;3375
HU222;2019;2198;3399
HU222;2020;2250;3774
HU222;2021;2194;4092
HU222;2022;2167;3541
HU222;2023;2048;3353
HU223;2000;2413;4029
HU223;2001;2465;3924
HU223;2002;2342;3944
HU223;2003;2337;4024
HU223;2004;2309;3987
HU223;2005;2437;3991
HU223;2006;2536;3772
HU223;2007;2397;3851
HU223;2008;2520;3792
HU223;2009;2334;3979
HU223;2010;2154;3969
HU223;2011;2144;3982
HU223;2012;2128;3921
HU223;2013;2133;3784
HU223;2014;2257;3839
HU223;2015;2157;3926
HU223;2016;2253;3845
HU223;2017;2176;3920
HU223;2018;2173;3972
HU223;2019;2029;3862
HU223;2020;1955;4340
HU223;2021;2110;4474
HU223;2022;1908;4087
HU223;2023;1923;3899
HU231;2000;3775;5349
HU231;2001;3705;5209
HU231;2002;3715;5219
HU231;2003;3614;5594
HU231;2004;3579;5083
HU231;2005;3672;5332
HU231;2006;3812;5220
HU231;2007;3704;5327
HU231;2008;3661;5163
HU231;2009;3589;5152
HU231;2010;3367;5291
HU231;2011;3240;5093
HU231;2012;3145;5235
HU231;2013;3184;5122
HU231;2014;3318;4978
HU231;2015;3202;5222
HU231;2016;3144;5020
HU231;2017;3276;5236
HU231;2018;3215;5056
HU231;2019;3205;5089
HU231;2020;3172;5432
HU231;2021;3116;6185
HU231;2022;2922;5382
HU231;2023;2946;5188
HU232;2000;3237;4827
HU232;2001;3172;4600
HU232;2002;3033;4619
HU232;2003;2984;4710
HU232;2004;3038;4778
HU232;2005;3049;4805
HU232;2006;3023;4573
HU232;2007;2852;4659
HU232;2008;2787;4513
HU232;2009;2743;4741
HU232;2010;2559;4665
HU232;2011;2513;4455
HU232;2012;2567;4531
HU232;2013;2582;4513
HU232;2014;2827;4405
HU232;2015;2669;4681
HU232;2016;2808;4423
HU232;2017;2747;4588
HU232;2018;2708;4611
HU232;2019;2665;4525
HU232;2020;2681;4729
HU232;2021;2613;5536
HU232;2022;2497;4708
HU232;2023;2331;4486
HU233;2000;2280;3413
HU233;2001;2213;3306
HU233;2002;2237;3282
HU233;2003;2136;3396
HU233;2004;2162;3377
HU233;2005;2120;3269
HU233;2006;2091;3256
HU233;2007;2109;3248
HU233;2008;2118;3145
HU233;2009;2039;3127
HU233;2010;1857;3232
HU233;2011;1807;3119
HU233;2012;1945;3056
HU233;2013;1971;3030
HU233;2014;2028;3110
HU233;2015;2008;3193
HU233;2016;2083;3056
HU233;2017;1992;3232
HU233;2018;1997;3215
HU233;2019;1958;3227
HU233;2020;2022;3472
HU233;2021;1984;3920
HU233;2022;1792;3358
HU233;2023;1748;3044
HU311;2000;8209;10015
HU311;2001;7949;9790
HU311;2002;7773;9907
HU311;2003;7513;10243
HU311;2004;7378;10267
HU311;2005;7442;10367
HU311;2006;7772;9939
HU311;2007;7317;10049
HU311;2008;7425;9699
HU311;2009;7142;9682
HU311;2010;6686;9877
HU311;2011;6551;9518
HU311;2012;6699;9625
HU311;2013;6738;9647
HU311;2014;7279;9625
HU311;2015;7116;9624
HU311;2016;7433;9359
HU311;2017;7419;9661
HU311;2018;7490;9521
HU311;2019;7324;9469
HU311;2020;7298;10353
HU311;2021;7013;11261
HU311;2022;6941;9661
HU311;2023;6735;9012
HU312;2000;3041;4509
HU312;2001;3140;4619
HU312;2002;3018;4651
HU312;2003;2865;4680
HU312;2004;2933;4458
HU312;2005;3027;4802
HU312;2006;2991;4498
HU312;2007;2967;4504
HU312;2008;2987;4529
HU312;2009;2791;4600
HU312;2010;2658;4578
HU312;2011;2643;4450
HU312;2012;2668;4444
HU312;2013;2653;4123
HU312;2014;2833;4172
HU312;2015;2768;4462
HU312;2016;2851;4335
HU312;2017;2953;4433
HU312;2018;2814;4545
HU312;2019;2730;4426
HU312;2020;2839;4830
HU312;2021;2807;5375
HU312;2022;2665;4674
HU312;2023;2587;4195
HU313;2000;2146;3345
HU313;2001;2065;3224
HU313;2002;2104;3148
HU313;2003;2035;3159
HU313;2004;2010;3280
HU313;2005;1914;3230
HU313;2006;1961;3107
HU313;2007;1863;3122
HU313;2008;1814;3004
HU313;2009;1779;3090
HU313;2010;1668;3016
HU313;2011;1590;3104
HU313;2012;1630;2905
HU313;2013;1728;2858
HU313;2014;1715;3005
HU313;2015;1680;2931
HU313;2016;1803;2924
HU313;2017;1811;3049
HU313;2018;1777;3063
HU313;2019;1783;3088
HU313;2020;1873;3245
HU313;2021;1822;3861
HU313;2022;1707;3142
HU313;2023;1700;2878
HU321;2000;6023;6770
HU321;2001;5891;6641
HU321;2002;5805;6676
HU321;2003;5700;6788
HU321;2004;5609;6605
HU321;2005;5685;6857
HU321;2006;5551;6606
HU321;2007;5581;6721
HU321;2008;5550;6652
HU321;2009;5260;6387
HU321;2010;4942;6383
HU321;2011;4886;6252
HU321;2012;4891;6270
HU321;2013;5040;6199
HU321;2014;5502;6319
HU321;2015;5423;6523
HU321;2016;5676;6189
HU321;2017;5587;6483
HU321;2018;5625;6800
HU321;2019;5613;6752
HU321;2020;5718;7054
HU321;2021;5829;8172
HU321;2022;5444;6931
HU321;2023;5325;6479
HU322;2000;4159;5824
HU322;2001;4159;5762
HU322;2002;4005;5789
HU322;2003;3887;5965
HU322;2004;3944;5661
HU322;2005;3792;5864
HU322;2006;3938;5628
HU322;2007;3822;5739
HU322;2008;3831;5676
HU322;2009;3774;5615
HU322;2010;3319;5515
HU322;2011;3230;5432
HU322;2012;3459;5483
HU322;2013;3491;5385
HU322;2014;3725;5475
HU322;2015;3595;5660
HU322;2016;3793;5544
HU322;2017;3699;5537
HU322;2018;3605;5507
HU322;2019;3598;5723
HU322;2020;3615;6085
HU322;2021;3438;6533
HU322;2022;3442;5722
HU322;2023;3262;5423
HU323;2000;6836;7131
HU323;2001;6753;7064
HU323;2002;6643;7078
HU323;2003;6285;7272
HU323;2004;6262;6973
HU323;2005;6347;7348
HU323;2006;6495;7013
HU323;2007;6246;7028
HU323;2008;6210;6986
HU323;2009;5944;6818
HU323;2010;5329;6813
HU323;2011;5346;6505
HU323;2012;5583;6671
HU323;2013;5630;6518
HU323;2014;5999;6608
HU323;2015;6090;6963
HU323;2016;6451;6857
HU323;2017;6144;6840
HU323;2018;5886;7019
HU323;2019;6026;6733
HU323;2020;6308;7788
HU323;2021;6181;8485
HU323;2022;5991;7419
HU323;2023;5850;6864
HU331;2000;5263;7468
HU331;2001;4998;7265
HU331;2002;5111;7297
HU331;2003;4762;7709
HU331;2004;4939;7121
HU331;2005;4895;7459
HU331;2006;5141;7150
HU331;2007;4951;7202
HU331;2008;5041;7124
HU331;2009;4905;7025
HU331;2010;4480;7211
HU331;2011;4318;7061
HU331;2012;4453;7102
HU331;2013;4596;7001
HU331;2014;4733;7102
HU331;2015;4762;7177
HU331;2016;4879;6946
HU331;2017;4971;7229
HU331;2018;5027;7010
HU331;2019;4819;7006
HU331;2020;5003;7622
HU331;2021;4801;8691
HU331;2022;4619;7550
HU331;2023;4606;7044
HU332;2000;3591;5820
HU332;2001;3564;5656
HU332;2002;3522;5618
HU332;2003;3368;5797
HU332;2004;3178;5681
HU332;2005;3287;5806
HU332;2006;3115;5639
HU332;2007;3039;5783
HU332;2008;3066;5705
HU332;2009;2978;5559
HU332;2010;2582;5536
HU332;2011;2692;5515
HU332;2012;2724;5593
HU332;2013;2759;5320
HU332;2014;2879;5445
HU332;2015;2875;5573
HU332;2016;2916;5412
HU332;2017;2875;5653
HU332;2018;2844;5338
HU332;2019;2815;5455
HU332;2020;2824;6025
HU332;2021;2894;6408
HU332;2022;2550;5689
HU332;2023;2543;5396
HU333;2000;3841;6119
HU333;2001;3880;5716
HU333;2002;3824;5860
HU333;2003;3854;5794
HU333;2004;3739;5778
HU333;2005;3931;5843
HU333;2006;3803;5504
HU333;2007;3883;5782
HU333;2008;3844;5427
HU333;2009;3611;5526
HU333;2010;3394;5377
HU333;2011;3356;5584
HU333;2012;3383;5527
HU333;2013;3389;5300
HU333;2014;3465;5310
HU333;2015;3419;5676
HU333;2016;3533;5222
HU333;2017;3736;5591
HU333;2018;3422;5499
HU333;2019;3544;5471
HU333;2020;3460;5763
HU333;2021;3696;6608
HU333;2022;3471;5583
HU333;2023;3352;5502
IE;2000;54789;31391
IE;2001;57854;30212
IE;2002;60503;29683
IE;2003;61529;29074
IE;2004;61972;28665
IE;2005;61372;28260
IE;2006;65425;27479
IE;2007;71389;28117
IE;2008;75173;28274
IE;2009;75554;28380
IE;2010;75174;27961
IE;2011;74033;28456
IE;2012;71674;29186
IE;2013;68954;29504
IE;2014;67295;29252
IE;2015;65536;30127
IE;2016;63841;30667
IE;2017;61824;30418
IE;2018;61022;31140
IE;2019;59289;30959
IE;2020;55959;32387
IE;2021;60553;34292
IE;2022;54411;35000
IE;2023;54472;34990
IE041;2000;4142;2944
IE041;2001;4345;2833
IE041;2002;4495;2783
IE041;2003;4561;2726
IE041;2004;4575;2688
IE041;2005;4682;2650
IE041;2006;5004;2577
IE041;2007;5458;2637
IE041;2008;5876;2652
IE041;2009;5897;2662
IE041;2010;5737;2623
IE041;2011;5710;2669
IE041;2012;5484;2737
IE041;2013;5273;2767
IE041;2014;4928;2775
IE041;2015;4984;2850
IE041;2016;4965;2890
IE041;2017;4796;2872
IE041;2018;4964;2905
IE041;2019;4706;2921
IE041;2020;4592;3104
IE041;2021;4778;3176
IE041;2022;4389;3247
IE041;2023;4507;3195
IE042;2000;4718;3341
IE042;2001;5048;3216
IE042;2002;5320;3160
IE042;2003;5442;3095
IE042;2004;5590;3051
IE042;2005;5655;3008
IE042;2006;5882;2925
IE042;2007;6451;2993
IE042;2008;6946;3009
IE042;2009;6731;3020
IE042;2010;6773;2975
IE042;2011;6644;3028
IE042;2012;6514;3106
IE042;2013;6272;3139
IE042;2014;6063;3093
IE042;2015;5832;3110
IE042;2016;5825;3167
IE042;2017;5598;3085
IE042;2018;5444;3203
IE042;2019;5532;3245
IE042;2020;5041;3177
IE042;2021;5521;3467
IE042;2022;5005;3714
IE042;2023;5010;3627
IE051;2000;5771;3643
IE051;2001;5898;3506
IE051;2002;6234;3445
IE051;2003;6327;3374
IE051;2004;6249;3327
IE051;2005;6349;3280
IE051;2006;6619;3189
IE051;2007;7172;3263
IE051;2008;7487;3281
IE051;2009;7680;3293
IE051;2010;7257;3244
IE051;2011;7209;3301
IE051;2012;6809;3386
IE051;2013;6517;3423
IE051;2014;6285;3456
IE051;2015;6421;3496
IE051;2016;6146;3679
IE051;2017;6002;3401
IE051;2018;6004;3591
IE051;2019;5561;3482
IE051;2020;5464;3453
IE051;2021;5811;3879
IE051;2022;5225;3999
IE051;2023;5240;3943
IE052;2000;4792;3013
IE052;2001;5199;2900
IE052;2002;5483;2849
IE052;2003;5609;2791
IE052;2004;5556;2752
IE052;2005;5543;2713
IE052;2006;5973;2638
IE052;2007;6334;2699
IE052;2008;6979;2714
IE052;2009;6710;2724
IE052;2010;6603;2684
IE052;2011;6516;2732
IE052;2012;6199;2802
IE052;2013;5990;2833
IE052;2014;5956;2765
IE052;2015;5585;2804
IE052;2016;5312;2936
IE052;2017;5248;2841
IE052;2018;5191;2990
IE052;2019;4989;2939
IE052;2020;4785;2969
IE052;2021;5133;3258
IE052;2022;4840;3517
IE052;2023;4745;3468
IE053;2000;7658;4961
IE053;2001;7933;4775
IE053;2002;8454;4691
IE053;2003;8383;4595
IE053;2004;8555;4530
IE053;2005;8621;4466
IE053;2006;9214;4343
IE053;2007;9923;4444
IE053;2008;10474;4469
IE053;2009;10735;4486
IE053;2010;10423;4420
IE053;2011;10289;4498
IE053;2012;9999;4613
IE053;2013;9565;4663
IE053;2014;9263;4544
IE053;2015;9215;4673
IE053;2016;8755;4968
IE053;2017;8477;4824
IE053;2018;8501;4857
IE053;2019;8071;4851
IE053;2020;7818;5051
IE053;2021;8463;5396
IE053;2022;7375;5394
IE053;2023;7270;5547
IE061;2000;16392;8059
IE061;2001;17051;7756
IE061;2002;17599;7620
IE061;2003;18093;7463
IE061;2004;17893;7358
IE061;2005;17388;7254
IE061;2006;18171;7053
IE061;2007;19977;7217
IE061;2008;20501;7257
IE061;2009;21040;7284
IE061;2010;21415;7177
IE061;2011;21531;7304
IE061;2012;21187;7492
IE061;2013;20463;7574
IE061;2014;20271;7557
IE061;2015;19489;7928
IE061;2016;19101;7712
IE061;2017;18203;8006
IE061;2018;18023;8155
IE061;2019;17535;8035
IE061;2020;16157;8787
IE061;2021;17562;8946
IE061;2022;15641;8915
IE061;2023;15526;8984
IE062;2000;8161;3504
IE062;2001;8925;3372
IE062;2002;9212;3313
IE062;2003;9405;3245
IE062;2004;9758;3199
IE062;2005;9458;3154
IE062;2006;10468;3067
IE062;2007;11614;3138
IE062;2008;12074;3156
IE062;2009;11890;3168
IE062;2010;12118;3121
IE062;2011;11520;3176
IE062;2012;10959;3257
IE062;2013;10626;3293
IE062;2014;10272;3306
IE062;2015;9997;3470
IE062;2016;9738;3460
IE062;2017;9467;3593
IE062;2018;9109;3665
IE062;2019;9136;3708
IE062;2020;8594;4012
IE062;2021;9464;4119
IE062;2022;8560;4103
IE062;2023;8743;4187
IE063;2000;3155;1926
IE063;2001;3455;1854
IE063;2002;3706;1822
IE063;2003;3709;1785
IE063;2004;3796;1760
IE063;2005;3676;1735
IE063;2006;4094;1687
IE063;2007;4460;1726
IE063;2008;4836;1736
IE063;2009;4871;1743
IE063;2010;4848;1717
IE063;2011;4614;1748
IE063;2012;4523;1793
IE063;2013;4248;1812
IE063;2014;4257;1756
IE063;2015;4013;1796
IE063;2016;3999;1855
IE063;2017;4033;1796
IE063;2018;3786;1774
IE063;2019;3759;1778
IE063;2020;3508;1834
IE063;2021;3821;2051
IE063;2022;3376;2111
IE063;2023;3431;2039
IS;2000;4315;1828
IS;2001;4091;1725
IS;2002;4049;1821
IS;2003;4143;1827
IS;2004;4234;1824
IS;2005;4280;1838
IS;2006;4415;1903
IS;2007;4560;1943
IS;2008;4835;1987
IS;2009;5026;2002
IS;2010;4907;2020
IS;2011;4492;1986
IS;2012;4533;1955
IS;2013;4326;2154
IS;2014;4375;2049
IS;2015;4129;2178
IS;2016;4034;2309
IS;2017;4071;2238
IS;2018;4228;2254
IS;2019;4452;2275
IS;2020;4512;2304
IS;2021;4879;2333
IS;2022;4391;2693
IS;2023;4315;2571
IS001;2000;2800;1100
IS001;2001;2630;1040
IS001;2002;2590;1120
IS001;2003;2680;1100
IS001;2004;2800;1110
IS001;2005;2840;1120
IS001;2006;2880;1210
IS001;2007;2975;1223
IS001;2008;3191;1253
IS001;2009;3378;1235
IS001;2010;3229;1265
IS001;2011;2973;1229
IS001;2012;2976;1225
IS001;2013;2905;1337
IS001;2014;2864;1274
IS001;2015;2704;1334
IS001;2016;2669;1407
IS001;2017;2644;1372
IS001;2018;2814;1374
IS001;2019;2971;1397
IS001;2020;2994;1399
IS001;2021;3224;1453
IS001;2022;2857;1637
IS001;2023;2855;1572
IS002;2000;1520;730
IS002;2001;1460;680
IS002;2002;1460;710
IS002;2003;1470;730
IS002;2004;1430;710
IS002;2005;1440;720
IS002;2006;1540;690
IS002;2007;1585;720
IS002;2008;1644;734
IS002;2009;1648;767
IS002;2010;1678;755
IS002;2011;1519;757
IS002;2012;1557;730
IS002;2013;1421;817
IS002;2014;1511;775
IS002;2015;1425;844
IS002;2016;1365;902
IS002;2017;1427;866
IS002;2018;1414;880
IS002;2019;1481;878
IS002;2020;1518;905
IS002;2021;1655;880
IS002;2022;1534;1056
IS002;2023;1460;999
IT;2000;543039;555537
IT;2001;535282;548254
IT;2002;538198;557393
IT;2003;544063;586468
IT;2004;562599;546658
IT;2005;554022;567304
IT;2006;560010;557892
IT;2007;563933;570801
IT;2008;576659;585126
IT;2009;568857;591663
IT;2010;561944;587488
IT;2011;546585;593427
IT;2012;534186;612883
IT;2013;514308;600744
IT;2014;502596;598364
IT;2015;485780;647571
IT;2016;473438;615261
IT;2017;458151;649061
IT;2018;439747;633133
IT;2019;420084;634417
IT;2020;404892;740317
IT;2021;400249;701346
IT;2022;393333;715077
IT;2023;379890;671065
ITC11;2000;19074;21914
ITC11;2001;18383;21102
ITC11;2002;18985;21938
ITC11;2003;19492;23585
ITC11;2004;19970;21447
ITC11;2005;19942;22416
ITC11;2006;20051;22091
ITC11;2007;20513;22350
ITC11;2008;21163;23095
ITC11;2009;20787;23450
ITC11;2010;20512;23198
ITC11;2011;20114;23738
ITC11;2012;19584;24133
ITC11;2013;18871;24290
ITC11;2014;18302;23647
ITC11;2015;17463;26192
ITC11;2016;16565;24429
ITC11;2017;16205;26108
ITC11;2018;15240;26208
ITC11;2019;14637;25988
ITC11;2020;14303;32134
ITC11;2021;13951;28238
ITC11;2022;13555;29301
ITC11;2023;12975;27078
ITC12;2000;1400;2400
ITC12;2001;1297;2375
ITC12;2002;1345;2413
ITC12;2003;1376;2392
ITC12;2004;1389;2218
ITC12;2005;1360;2314
ITC12;2006;1372;2243
ITC12;2007;1469;2213
ITC12;2008;1373;2343
ITC12;2009;1387;2361
ITC12;2010;1365;2332
ITC12;2011;1323;2214
ITC12;2012;1392;2255
ITC12;2013;1280;2361
ITC12;2014;1271;2309
ITC12;2015;1180;2431
ITC12;2016;1160;2355
ITC12;2017;1116;2562
ITC12;2018;1074;2485
ITC12;2019;1043;2411
ITC12;2020;1005;3180
ITC12;2021;994;2534
ITC12;2022;986;2552
ITC12;2023;944;2426
ITC13;2000;1500;2500
ITC13;2001;1385;2348
ITC13;2002;1440;2472
ITC13;2003;1494;2421
ITC13;2004;1406;2315
ITC13;2005;1466;2378
ITC13;2006;1470;2374
ITC13;2007;1446;2297
ITC13;2008;1453;2347
ITC13;2009;1397;2444
ITC13;2010;1320;2254
ITC13;2011;1283;2283
ITC13;2012;1301;2361
ITC13;2013;1180;2379
ITC13;2014;1211;2293
ITC13;2015;1067;2542
ITC13;2016;1089;2470
ITC13;2017;986;2426
ITC13;2018;954;2520
ITC13;2019;923;2370
ITC13;2020;862;3110
ITC13;2021;884;2553
ITC13;2022;828;2680
ITC13;2023;843;2466
ITC14;2000;1300;1800
ITC14;2001;1269;1930
ITC14;2002;1215;1900
ITC14;2003;1327;1927
ITC14;2004;1338;1834
ITC14;2005;1245;1894
ITC14;2006;1321;1831
ITC14;2007;1236;1796
ITC14;2008;1269;1901
ITC14;2009;1310;1891
ITC14;2010;1264;1864
ITC14;2011;1223;1857
ITC14;2012;1187;1913
ITC14;2013;1095;1824
ITC14;2014;1119;1855
ITC14;2015;1037;2091
ITC14;2016;957;1831
ITC14;2017;911;2022
ITC14;2018;857;1946
ITC14;2019;811;1906
ITC14;2020;859;2302
ITC14;2021;882;2040
ITC14;2022;770;2254
ITC14;2023;763;2109
ITC15;2000;3000;3800
ITC15;2001;2856;3670
ITC15;2002;3061;3919
ITC15;2003;3065;3952
ITC15;2004;3118;3644
ITC15;2005;3152;3789
ITC15;2006;3306;3732
ITC15;2007;3373;3585
ITC15;2008;3381;3958
ITC15;2009;3346;3880
ITC15;2010;3396;3709
ITC15;2011;3342;3773
ITC15;2012;3251;3957
ITC15;2013;3172;3763
ITC15;2014;3013;3864
ITC15;2015;2850;4178
ITC15;2016;2808;4025
ITC15;2017;2729;4099
ITC15;2018;2617;4341
ITC15;2019;2535;4198
ITC15;2020;2402;5168
ITC15;2021;2355;4385
ITC15;2022;2345;4649
ITC15;2023;2229;4140
ITC16;2000;5100;6700
ITC16;2001;5099;6316
ITC16;2002;4961;6631
ITC16;2003;4961;6943
ITC16;2004;5251;6245
ITC16;2005;5153;6568
ITC16;2006;5231;6442
ITC16;2007;5372;6537
ITC16;2008;5554;6656
ITC16;2009;5612;6824
ITC16;2010;5462;6672
ITC16;2011;5374;6564
ITC16;2012;5334;6779
ITC16;2013;5286;6638
ITC16;2014;5151;6732
ITC16;2015;4914;7204
ITC16;2016;4833;6793
ITC16;2017;4712;7052
ITC16;2018;4489;7138
ITC16;2019;4347;7084
ITC16;2020;4176;8516
ITC16;2021;4242;7416
ITC16;2022;3974;7593
ITC16;2023;3947;6951
ITC17;2000;1700;2800
ITC17;2001;1619;2749
ITC17;2002;1745;2823
ITC17;2003;1699;2994
ITC17;2004;1780;2624
ITC17;2005;1826;2908
ITC17;2006;1838;2731
ITC17;2007;1859;2701
ITC17;2008;1914;2803
ITC17;2009;1941;2769
ITC17;2010;1813;2848
ITC17;2011;1813;2688
ITC17;2012;1834;2882
ITC17;2013;1772;2826
ITC17;2014;1657;2838
ITC17;2015;1581;3064
ITC17;2016;1551;2935
ITC17;2017;1529;3015
ITC17;2018;1339;2970
ITC17;2019;1334;3004
ITC17;2020;1250;3689
ITC17;2021;1243;3135
ITC17;2022;1220;3174
ITC17;2023;1173;2821
ITC18;2000;2800;6400
ITC18;2001;2949;6350
ITC18;2002;2964;6192
ITC18;2003;2956;6411
ITC18;2004;3161;5924
ITC18;2005;3107;5986
ITC18;2006;3262;5956
ITC18;2007;3297;5995
ITC18;2008;3444;6207
ITC18;2009;3343;6148
ITC18;2010;3253;5908
ITC18;2011;3287;5944
ITC18;2012;3184;6227
ITC18;2013;2998;5996
ITC18;2014;2913;5874
ITC18;2015;2816;6374
ITC18;2016;2769;6146
ITC18;2017;2642;6257
ITC18;2018;2502;6230
ITC18;2019;2342;6176
ITC18;2020;2250;7784
ITC18;2021;2149;6113
ITC18;2022;2297;6662
ITC18;2023;2203;6054
ITC20;2000;1171;1300
ITC20;2001;1112;1278
ITC20;2002;1107;1335
ITC20;2003;1151;1314
ITC20;2004;1177;1208
ITC20;2005;1161;1306
ITC20;2006;1250;1242
ITC20;2007;1241;1274
ITC20;2008;1296;1255
ITC20;2009;1308;1272
ITC20;2010;1254;1283
ITC20;2011;1221;1288
ITC20;2012;1177;1283
ITC20;2013;1059;1287
ITC20;2014;1119;1289
ITC20;2015;987;1505
ITC20;2016;962;1385
ITC20;2017;906;1454
ITC20;2018;904;1477
ITC20;2019;841;1392
ITC20;2020;776;1814
ITC20;2021;744;1503
ITC20;2022;781;1530
ITC20;2023;718;1373
ITC31;2000;1600;2800
ITC31;2001;1560;2756
ITC31;2002;1532;2757
ITC31;2003;1507;2941
ITC31;2004;1645;2558
ITC31;2005;1697;2660
ITC31;2006;1594;2813
ITC31;2007;1700;2774
ITC31;2008;1718;2947
ITC31;2009;1676;2841
ITC31;2010;1620;2814
ITC31;2011;1554;2838
ITC31;2012;1519;2707
ITC31;2013;1488;2792
ITC31;2014;1437;2808
ITC31;2015;1433;2939
ITC31;2016;1367;2781
ITC31;2017;1343;2966
ITC31;2018;1267;3051
ITC31;2019;1207;2860
ITC31;2020;1302;3369
ITC31;2021;1243;3163
ITC31;2022;1241;3401
ITC31;2023;1154;3068
ITC32;2000;2000;3800
ITC32;2001;1933;3705
ITC32;2002;2047;3586
ITC32;2003;2070;4124
ITC32;2004;2143;3656
ITC32;2005;2166;3815
ITC32;2006;2109;3711
ITC32;2007;2164;3634
ITC32;2008;2171;3761
ITC32;2009;2119;3794
ITC32;2010;2070;3606
ITC32;2011;1978;3756
ITC32;2012;2045;3933
ITC32;2013;1898;3997
ITC32;2014;1914;3683
ITC32;2015;1811;4076
ITC32;2016;1686;3784
ITC32;2017;1578;4029
ITC32;2018;1530;4057
ITC32;2019;1423;3829
ITC32;2020;1411;4465
ITC32;2021;1370;4167
ITC32;2022;1399;4316
ITC32;2023;1351;3993
ITC33;2000;6225;12099
ITC33;2001;6323;12143
ITC33;2002;6381;12149
ITC33;2003;6459;12801
ITC33;2004;6586;11422
ITC33;2005;6553;11829
ITC33;2006;6740;11724
ITC33;2007;6623;11755
ITC33;2008;6890;12057
ITC33;2009;6828;12104
ITC33;2010;6681;12015
ITC33;2011;6336;11891
ITC33;2012;6410;12123
ITC33;2013;6034;11889
ITC33;2014;5919;11285
ITC33;2015;5484;12366
ITC33;2016;5341;11471
ITC33;2017;5208;12142
ITC33;2018;4896;12075
ITC33;2019;4781;11739
ITC33;2020;4745;14477
ITC33;2021;4681;12106
ITC33;2022;4630;12932
ITC33;2023;4618;11615
ITC34;2000;1500;2900
ITC34;2001;1552;2749
ITC34;2002;1532;2952
ITC34;2003;1500;3070
ITC34;2004;1640;2837
ITC34;2005;1541;3018
ITC34;2006;1703;2844
ITC34;2007;1669;2836
ITC34;2008;1671;2906
ITC34;2009;1706;3090
ITC34;2010;1612;3039
ITC34;2011;1610;3003
ITC34;2012;1609;2973
ITC34;2013;1572;3003
ITC34;2014;1479;2879
ITC34;2015;1427;3087
ITC34;2016;1507;2817
ITC34;2017;1442;2997
ITC34;2018;1350;3055
ITC34;2019;1336;2926
ITC34;2020;1294;3422
ITC34;2021;1262;3126
ITC34;2022;1209;3265
ITC34;2023;1220;2928
ITC41;2000;7400;7600
ITC41;2001;7280;7378
ITC41;2002;7423;7578
ITC41;2003;7547;8182
ITC41;2004;7985;7392
ITC41;2005;7945;7805
ITC41;2006;8291;7689
ITC41;2007;8244;7842
ITC41;2008;8449;8179
ITC41;2009;8503;8011
ITC41;2010;8382;8135
ITC41;2011;8165;7916
ITC41;2012;7928;8486
ITC41;2013;7914;8366
ITC41;2014;7541;8189
ITC41;2015;7411;9155
ITC41;2016;6971;8603
ITC41;2017;6666;9073
ITC41;2018;6524;9230
ITC41;2019;6303;9260
ITC41;2020;5839;11656
ITC41;2021;5977;10327
ITC41;2022;5734;10393
ITC41;2023;5503;9609
ITC42;2000;5100;5000
ITC42;2001;5177;4994
ITC42;2002;5010;5015
ITC42;2003;5203;5176
ITC42;2004;5479;4855
ITC42;2005;5536;5088
ITC42;2006;5569;5003
ITC42;2007;5660;5062
ITC42;2008;5763;5394
ITC42;2009;5918;5266
ITC42;2010;5707;5337
ITC42;2011;5512;5258
ITC42;2012;5535;5474
ITC42;2013;5244;5516
ITC42;2014;5023;5378
ITC42;2015;5042;5949
ITC42;2016;4884;5704
ITC42;2017;4558;6023
ITC42;2018;4320;6082
ITC42;2019;4245;6131
ITC42;2020;4006;7835
ITC42;2021;3924;6685
ITC42;2022;3780;6824
ITC42;2023;3748;6189
ITC43;2000;3000;2800
ITC43;2001;2891;2727
ITC43;2002;2924;2706
ITC43;2003;2862;2997
ITC43;2004;3178;2823
ITC43;2005;3210;2831
ITC43;2006;3224;2818
ITC43;2007;3303;2873
ITC43;2008;3388;2857
ITC43;2009;3348;3062
ITC43;2010;3377;3028
ITC43;2011;3209;2988
ITC43;2012;3092;3059
ITC43;2013;2938;3142
ITC43;2014;2781;3064
ITC43;2015;2808;3417
ITC43;2016;2562;3179
ITC43;2017;2607;3307
ITC43;2018;2383;3341
ITC43;2019;2304;3366
ITC43;2020;2152;4559
ITC43;2021;2062;3717
ITC43;2022;2103;3845
ITC43;2023;2030;3466
ITC44;2000;1700;1700
ITC44;2001;1576;1684
ITC44;2002;1668;1759
ITC44;2003;1641;1849
ITC44;2004;1616;1709
ITC44;2005;1619;1687
ITC44;2006;1676;1667
ITC44;2007;1595;1779
ITC44;2008;1673;1818
ITC44;2009;1566;1763
ITC44;2010;1656;1775
ITC44;2011;1620;1798
ITC44;2012;1589;1824
ITC44;2013;1491;1745
ITC44;2014;1516;1875
ITC44;2015;1447;1889
ITC44;2016;1453;1890
ITC44;2017;1385;1974
ITC44;2018;1334;2017
ITC44;2019;1314;2049
ITC44;2020;1185;2535
ITC44;2021;1227;2062
ITC44;2022;1194;2163
ITC44;2023;1132;2023
ITC46;2000;10200;8500
ITC46;2001;10184;8006
ITC46;2002;10446;8172
ITC46;2003;10583;8971
ITC46;2004;11077;7949
ITC46;2005;10970;8402
ITC46;2006;11339;8514
ITC46;2007;11375;8631
ITC46;2008;11924;8935
ITC46;2009;12080;8960
ITC46;2010;11805;8992
ITC46;2011;11360;9034
ITC46;2012;10947;9515
ITC46;2013;10365;9298
ITC46;2014;10023;9246
ITC46;2015;9545;10224
ITC46;2016;9449;9623
ITC46;2017;9126;10255
ITC46;2018;8547;9977
ITC46;2019;8275;10184
ITC46;2020;7673;16215
ITC46;2021;7696;10261
ITC46;2022;7475;11642
ITC46;2023;7357;10800
ITC47;2000;11100;9600
ITC47;2001;11304;9616
ITC47;2002;11697;9750
ITC47;2003;11630;10268
ITC47;2004;12621;9455
ITC47;2005;12325;9586
ITC47;2006;13047;9700
ITC47;2007;13360;9891
ITC47;2008;13576;10222
ITC47;2009;13636;10612
ITC47;2010;13598;10598
ITC47;2011;12868;10534
ITC47;2012;12168;11104
ITC47;2013;11601;10839
ITC47;2014;11225;10756
ITC47;2015;11013;11713
ITC47;2016;10558;11051
ITC47;2017;10138;11720
ITC47;2018;9802;11901
ITC47;2019;9361;11875
ITC47;2020;9050;16478
ITC47;2021;8818;13219
ITC47;2022;8701;12938
ITC47;2023;8624;12069
ITC48;2000;3700;6400
ITC48;2001;3847;6500
ITC48;2002;3838;6575
ITC48;2003;3978;6686
ITC48;2004;4071;6031
ITC48;2005;4348;6557
ITC48;2006;4519;6041
ITC48;2007;4544;6329
ITC48;2008;4832;6632
ITC48;2009;4883;6571
ITC48;2010;4647;6560
ITC48;2011;4610;6485
ITC48;2012;4546;6625
ITC48;2013;4360;6546
ITC48;2014;4166;6379
ITC48;2015;4218;7078
ITC48;2016;3936;6670
ITC48;2017;3792;7111
ITC48;2018;3758;6913
ITC48;2019;3617;6964
ITC48;2020;3391;9246
ITC48;2021;3301;7357
ITC48;2022;3377;7654
ITC48;2023;3251;7213
ITC49;2000;1700;2100
ITC49;2001;1784;1902
ITC49;2002;1776;1959
ITC49;2003;1974;2193
ITC49;2004;2051;1932
ITC49;2005;2040;1987
ITC49;2006;2155;2113
ITC49;2007;2126;2011
ITC49;2008;2299;2097
ITC49;2009;2446;2139
ITC49;2010;2252;2144
ITC49;2011;2172;2045
ITC49;2012;2135;2205
ITC49;2013;2059;2063
ITC49;2014;2032;2098
ITC49;2015;1981;2354
ITC49;2016;1949;2157
ITC49;2017;1881;2239
ITC49;2018;1768;2334
ITC49;2019;1680;2164
ITC49;2020;1572;3361
ITC49;2021;1647;2412
ITC49;2022;1601;2528
ITC49;2023;1520;2314
ITC4A;2000;2800;3700
ITC4A;2001;2827;3711
ITC4A;2002;2819;3820
ITC4A;2003;2787;4018
ITC4A;2004;2963;3618
ITC4A;2005;3069;3724
ITC4A;2006;3069;3680
ITC4A;2007;3233;3746
ITC4A;2008;3448;3833
ITC4A;2009;3393;4025
ITC4A;2010;3328;4013
ITC4A;2011;3125;3857
ITC4A;2012;3125;4125
ITC4A;2013;2904;3908
ITC4A;2014;2922;3884
ITC4A;2015;2747;4184
ITC4A;2016;2625;4145
ITC4A;2017;2601;4060
ITC4A;2018;2506;4106
ITC4A;2019;2486;3976
ITC4A;2020;2321;6256
ITC4A;2021;2365;4201
ITC4A;2022;2225;4407
ITC4A;2023;2232;4131
ITC4B;2000;3100;4100
ITC4B;2001;3160;4085
ITC4B;2002;3267;4214
ITC4B;2003;3205;4555
ITC4B;2004;3668;4101
ITC4B;2005;3615;4200
ITC4B;2006;3744;4185
ITC4B;2007;4004;4115
ITC4B;2008;4052;4426
ITC4B;2009;4139;4455
ITC4B;2010;4152;4349
ITC4B;2011;3962;4417
ITC4B;2012;3680;4517
ITC4B;2013;3647;4352
ITC4B;2014;3496;4336
ITC4B;2015;3265;4664
ITC4B;2016;3165;4369
ITC4B;2017;3016;4549
ITC4B;2018;2975;4646
ITC4B;2019;2899;4716
ITC4B;2020;2728;5787
ITC4B;2021;2661;5106
ITC4B;2022;2607;5069
ITC4B;2023;2578;4885
ITC4C;2000;28163;26259
ITC4C;2001;27841;27608
ITC4C;2002;28295;27787
ITC4C;2003;28500;28373
ITC4C;2004;30238;26708
ITC4C;2005;29916;27409
ITC4C;2006;30230;27182
ITC4C;2007;30522;26750
ITC4C;2008;30732;28579
ITC4C;2009;30390;27959
ITC4C;2010;30422;28284
ITC4C;2011;29303;27843
ITC4C;2012;28925;29686
ITC4C;2013;28199;28472
ITC4C;2014;27916;27947
ITC4C;2015;27252;31023
ITC4C;2016;26984;29585
ITC4C;2017;26206;31187
ITC4C;2018;25164;30828
ITC4C;2019;24254;31308
ITC4C;2020;23254;41261
ITC4C;2021;23160;33642
ITC4C;2022;22674;35390
ITC4C;2023;21916;32797
ITC4D;2000;7287;5856
ITC4D;2001;7204;6157
ITC4D;2002;7470;6147
ITC4D;2003;7649;6554
ITC4D;2004;7951;6012
ITC4D;2005;7887;6309
ITC4D;2006;8293;6242
ITC4D;2007;8314;6436
ITC4D;2008;8536;6783
ITC4D;2009;8490;6744
ITC4D;2010;8489;6950
ITC4D;2011;8173;6893
ITC4D;2012;8128;7137
ITC4D;2013;7688;7017
ITC4D;2014;7598;7309
ITC4D;2015;7420;7820
ITC4D;2016;7052;7325
ITC4D;2017;6912;7837
ITC4D;2018;6612;8167
ITC4D;2019;6379;7990
ITC4D;2020;6064;10406
ITC4D;2021;6080;8831
ITC4D;2022;6011;9196
ITC4D;2023;5768;8549
ITF11;2000;2300;3300
ITF11;2001;2457;3152
ITF11;2002;2276;3412
ITF11;2003;2438;3412
ITF11;2004;2478;3304
ITF11;2005;2413;3443
ITF11;2006;2348;3265
ITF11;2007;2483;3419
ITF11;2008;2501;3455
ITF11;2009;2467;3865
ITF11;2010;2616;3570
ITF11;2011;2560;3490
ITF11;2012;2606;3550
ITF11;2013;2436;3541
ITF11;2014;2360;3515
ITF11;2015;2376;3625
ITF11;2016;2265;3559
ITF11;2017;2153;3590
ITF11;2018;2066;3470
ITF11;2019;1877;3555
ITF11;2020;1868;3736
ITF11;2021;1730;3736
ITF11;2022;1772;3920
ITF11;2023;1673;3705
ITF12;2000;2600;2800
ITF12;2001;2564;2739
ITF12;2002;2523;2797
ITF12;2003;2607;2991
ITF12;2004;2696;2809
ITF12;2005;2784;2970
ITF12;2006;2611;2744
ITF12;2007;2730;2973
ITF12;2008;2822;3043
ITF12;2009;2738;3129
ITF12;2010;2736;3161
ITF12;2011;2648;3147
ITF12;2012;2586;3169
ITF12;2013;2597;3238
ITF12;2014;2474;3160
ITF12;2015;2398;3496
ITF12;2016;2406;3213
ITF12;2017;2320;3536
ITF12;2018;2103;3183
ITF12;2019;2030;3334
ITF12;2020;1946;3707
ITF12;2021;1971;3643
ITF12;2022;1934;3858
ITF12;2023;1898;3498
ITF13;2000;2700;2900
ITF13;2001;2688;2715
ITF13;2002;2610;2980
ITF13;2003;2706;3030
ITF13;2004;2778;3006
ITF13;2005;2769;3046
ITF13;2006;2886;3058
ITF13;2007;2908;3033
ITF13;2008;3014;2974
ITF13;2009;2847;3292
ITF13;2010;2972;3216
ITF13;2011;2908;3321
ITF13;2012;2772;3410
ITF13;2013;2758;3201
ITF13;2014;2690;3369
ITF13;2015;2562;3556
ITF13;2016;2552;3275
ITF13;2017;2342;3568
ITF13;2018;2205;3470
ITF13;2019;2168;3350
ITF13;2020;2129;3857
ITF13;2021;2193;3942
ITF13;2022;2057;3968
ITF13;2023;1831;3646
ITF14;2000;3300;3734
ITF14;2001;3158;3822
ITF14;2002;3171;4086
ITF14;2003;3220;4239
ITF14;2004;3149;3956
ITF14;2005;3234;4034
ITF14;2006;3242;4156
ITF14;2007;3307;4275
ITF14;2008;3406;4248
ITF14;2009;3350;4311
ITF14;2010;3413;4285
ITF14;2011;3222;4269
ITF14;2012;3224;4393
ITF14;2013;3000;4435
ITF14;2014;3010;4338
ITF14;2015;2902;4688
ITF14;2016;2851;4499
ITF14;2017;2706;4790
ITF14;2018;2563;4557
ITF14;2019;2425;4373
ITF14;2020;2294;4727
ITF14;2021;2396;4945
ITF14;2022;2260;5034
ITF14;2023;2176;4980
ITF21;2000;700;1100
ITF21;2001;680;1023
ITF21;2002;675;979
ITF21;2003;669;1066
ITF21;2004;654;964
ITF21;2005;689;1069
ITF21;2006;642;1049
ITF21;2007;671;982
ITF21;2008;676;1094
ITF21;2009;662;1000
ITF21;2010;664;980
ITF21;2011;628;1063
ITF21;2012;654;1108
ITF21;2013;641;1039
ITF21;2014;633;1038
ITF21;2015;643;1071
ITF21;2016;588;1045
ITF21;2017;599;1108
ITF21;2018;569;1067
ITF21;2019;578;1090
ITF21;2020;462;1203
ITF21;2021;483;1205
ITF21;2022;503;1242
ITF21;2023;453;1151
ITF22;2000;1971;2359
ITF22;2001;1887;2342
ITF22;2002;1925;2423
ITF22;2003;1942;2486
ITF22;2004;1895;2492
ITF22;2005;1838;2487
ITF22;2006;1819;2550
ITF22;2007;1836;2443
ITF22;2008;1831;2461
ITF22;2009;1698;2474
ITF22;2010;1847;2489
ITF22;2011;1747;2569
ITF22;2012;1678;2519
ITF22;2013;1628;2522
ITF22;2014;1580;2523
ITF22;2015;1538;2813
ITF22;2016;1500;2534
ITF22;2017;1521;2747
ITF22;2018;1326;2636
ITF22;2019;1349;2573
ITF22;2020;1251;2846
ITF22;2021;1202;3111
ITF22;2022;1180;3042
ITF22;2023;1208;2804
ITF31;2000;10000;6800
ITF31;2001;10160;6683
ITF31;2002;9919;6827
ITF31;2003;10008;7143
ITF31;2004;10211;6397
ITF31;2005;9730;6943
ITF31;2006;9805;6680
ITF31;2007;9792;6974
ITF31;2008;9738;7149
ITF31;2009;9742;7209
ITF31;2010;9635;7436
ITF31;2011;9195;7476
ITF31;2012;8888;7683
ITF31;2013;8582;7630
ITF31;2014;8334;7519
ITF31;2015;8435;8200
ITF31;2016;8238;8039
ITF31;2017;8090;8406
ITF31;2018;7928;8146
ITF31;2019;7447;7935
ITF31;2020;7539;8918
ITF31;2021;7109;9012
ITF31;2022;7564;9174
ITF31;2023;7411;9237
ITF32;2000;2800;3100
ITF32;2001;2613;2880
ITF32;2002;2608;3026
ITF32;2003;2561;3140
ITF32;2004;2555;2809
ITF32;2005;2491;3035
ITF32;2006;2434;2947
ITF32;2007;2508;3070
ITF32;2008;2412;2982
ITF32;2009;2418;3102
ITF32;2010;2316;3075
ITF32;2011;2270;3226
ITF32;2012;2122;3237
ITF32;2013;2208;3155
ITF32;2014;2079;3214
ITF32;2015;2044;3474
ITF32;2016;2076;3219
ITF32;2017;2044;3451
ITF32;2018;1932;3227
ITF32;2019;1938;3246
ITF32;2020;1803;3390
ITF32;2021;1672;3491
ITF32;2022;1792;3509
ITF32;2023;1687;3358
ITF33;2000;39000;23684
ITF33;2001;38982;23146
ITF33;2002;38009;23587
ITF33;2003;37988;24860
ITF33;2004;37715;23324
ITF33;2005;36156;24647
ITF33;2006;35997;23989
ITF33;2007;35463;24600
ITF33;2008;34540;24895
ITF33;2009;33605;25235
ITF33;2010;32716;25349
ITF33;2011;31798;26140
ITF33;2012;30716;26361
ITF33;2013;29535;26133
ITF33;2014;28482;26162
ITF33;2015;28415;28518
ITF33;2016;28079;26527
ITF33;2017;27997;28131
ITF33;2018;26848;26793
ITF33;2019;26160;26820
ITF33;2020;25156;29988
ITF33;2021;24239;31003
ITF33;2022;24710;30994
ITF33;2023;23582;29424
ITF34;2000;4100;4400
ITF34;2001;3897;4239
ITF34;2002;3925;4105
ITF34;2003;3946;4439
ITF34;2004;4008;4185
ITF34;2005;3772;4377
ITF34;2006;3736;4269
ITF34;2007;3780;4351
ITF34;2008;3805;4326
ITF34;2009;3665;4406
ITF34;2010;3600;4410
ITF34;2011;3376;4493
ITF34;2012;3344;4598
ITF34;2013;3267;4544
ITF34;2014;3140;4609
ITF34;2015;3097;4919
ITF34;2016;3119;4561
ITF34;2017;3098;4750
ITF34;2018;2882;4542
ITF34;2019;2775;4642
ITF34;2020;2605;5171
ITF34;2021;2601;5059
ITF34;2022;2598;5197
ITF34;2023;2583;4841
ITF35;2000;11300;9400
ITF35;2001;10935;9086
ITF35;2002;10607;9160
ITF35;2003;10691;9566
ITF35;2004;10613;9286
ITF35;2005;10450;9683
ITF35;2006;10307;9292
ITF35;2007;10257;10048
ITF35;2008;10247;10209
ITF35;2009;10216;10282
ITF35;2010;9945;10197
ITF35;2011;9881;10448
ITF35;2012;9769;10430
ITF35;2013;9193;10772
ITF35;2014;9208;10373
ITF35;2015;9014;11685
ITF35;2016;8872;10698
ITF35;2017;8720;11556
ITF35;2018;8476;11032
ITF35;2019;8411;11217
ITF35;2020;7975;11467
ITF35;2021;7782;12356
ITF35;2022;7805;12585
ITF35;2023;7662;12042
ITF43;2000;5700;4600
ITF43;2001;5821;4523
ITF43;2002;4993;4288
ITF43;2003;4934;4287
ITF43;2004;5547;4228
ITF43;2005;5372;4757
ITF43;2006;5081;4418
ITF43;2007;5567;4923
ITF43;2008;5708;5005
ITF43;2009;5882;5592
ITF43;2010;5447;5152
ITF43;2011;5286;5193
ITF43;2012;5141;5354
ITF43;2013;4826;5262
ITF43;2014;4887;5353
ITF43;2015;4479;5544
ITF43;2016;4400;5562
ITF43;2017;4245;5793
ITF43;2018;3904;5679
ITF43;2019;3801;5796
ITF43;2020;3599;6167
ITF43;2021;3587;6923
ITF43;2022;3475;6522
ITF43;2023;3406;6346
ITF44;2000;4000;3300
ITF44;2001;3871;3246
ITF44;2002;3796;3321
ITF44;2003;3599;3641
ITF44;2004;3696;3153
ITF44;2005;3525;3428
ITF44;2006;3617;3502
ITF44;2007;3547;3697
ITF44;2008;3582;3622
ITF44;2009;3598;3801
ITF44;2010;3418;3576
ITF44;2011;3357;3659
ITF44;2012;3206;3979
ITF44;2013;3250;3795
ITF44;2014;3098;3898
ITF44;2015;2922;4214
ITF44;2016;2844;3915
ITF44;2017;2690;4171
ITF44;2018;2629;4090
ITF44;2019;2432;4069
ITF44;2020;2485;4392
ITF44;2021;2418;4384
ITF44;2022;2512;4674
ITF44;2023;2357;4641
ITF45;2000;7800;6600
ITF45;2001;7639;6691
ITF45;2002;7437;6662
ITF45;2003;7420;7306
ITF45;2004;7575;6641
ITF45;2005;7141;7204
ITF45;2006;7027;7013
ITF45;2007;7123;7354
ITF45;2008;7093;7192
ITF45;2009;6795;7262
ITF45;2010;6878;7489
ITF45;2011;6488;7740
ITF45;2012;6572;7933
ITF45;2013;6276;7774
ITF45;2014;5988;7882
ITF45;2015;5720;8617
ITF45;2016;5647;8091
ITF45;2017;5467;8873
ITF45;2018;5346;8299
ITF45;2019;5064;8235
ITF45;2020;4832;8874
ITF45;2021;4852;9505
ITF45;2022;4866;9848
ITF45;2023;4623;9429
ITF46;2000;7251;5412
ITF46;2001;7066;5278
ITF46;2002;6852;5199
ITF46;2003;6840;5652
ITF46;2004;6797;5135
ITF46;2005;6511;5469
ITF46;2006;6220;5312
ITF46;2007;6181;5541
ITF46;2008;6235;5366
ITF46;2009;6270;5558
ITF46;2010;6021;5595
ITF46;2011;5767;5904
ITF46;2012;5607;5922
ITF46;2013;5490;5729
ITF46;2014;5388;5736
ITF46;2015;5288;6302
ITF46;2016;5078;5916
ITF46;2017;4789;6403
ITF46;2018;4639;6142
ITF46;2019;4483;6182
ITF46;2020;4366;7495
ITF46;2021;4176;7309
ITF46;2022;4178;6896
ITF46;2023;4236;6555
ITF47;2000;13261;9572
ITF47;2001;12923;9335
ITF47;2002;12503;9497
ITF47;2003;12506;9747
ITF47;2004;12528;8938
ITF47;2005;11978;9452
ITF47;2006;11653;9511
ITF47;2007;11639;9976
ITF47;2008;11697;9998
ITF47;2009;11493;10185
ITF47;2010;11540;10049
ITF47;2011;11437;10392
ITF47;2012;10871;10322
ITF47;2013;10521;10380
ITF47;2014;10386;10889
ITF47;2015;10041;11508
ITF47;2016;9916;10915
ITF47;2017;9728;11668
ITF47;2018;9398;11305
ITF47;2019;8919;11469
ITF47;2020;8408;13063
ITF47;2021;8506;14241
ITF47;2022;8566;13061
ITF47;2023;8322;12799
ITF48;2000;4635;2936
ITF48;2001;4517;2864
ITF48;2002;4564;2876
ITF48;2003;4445;2982
ITF48;2004;4426;2971
ITF48;2005;4188;2922
ITF48;2006;4166;2982
ITF48;2007;4167;3097
ITF48;2008;3969;2997
ITF48;2009;3957;3044
ITF48;2010;3864;2924
ITF48;2011;3672;2967
ITF48;2012;3455;3037
ITF48;2013;3316;2993
ITF48;2014;3444;3121
ITF48;2015;3127;3340
ITF48;2016;3247;3147
ITF48;2017;3114;3443
ITF48;2018;3005;3315
ITF48;2019;2887;3389
ITF48;2020;2765;4011
ITF48;2021;2842;3924
ITF48;2022;2704;3675
ITF48;2023;2647;3650
ITF51;2000;3664;3720
ITF51;2001;3520;3692
ITF51;2002;3507;3825
ITF51;2003;3301;3830
ITF51;2004;3349;3839
ITF51;2005;3141;3922
ITF51;2006;3187;3856
ITF51;2007;3115;3938
ITF51;2008;3127;3851
ITF51;2009;3075;3892
ITF51;2010;2939;3953
ITF51;2011;2838;3974
ITF51;2012;2899;4066
ITF51;2013;2578;4056
ITF51;2014;2612;3996
ITF51;2015;2660;4325
ITF51;2016;2521;4177
ITF51;2017;2585;4401
ITF51;2018;2334;4222
ITF51;2019;2337;4429
ITF51;2020;2258;4507
ITF51;2021;2064;4604
ITF51;2022;2070;4800
ITF51;2023;1986;4464
ITF52;2000;1998;1780
ITF52;2001;1919;1767
ITF52;2002;1965;1698
ITF52;2003;1964;1819
ITF52;2004;1948;1673
ITF52;2005;1767;1788
ITF52;2006;1771;1811
ITF52;2007;1758;1782
ITF52;2008;1796;1734
ITF52;2009;1654;1779
ITF52;2010;1673;1703
ITF52;2011;1645;1852
ITF52;2012;1581;1935
ITF52;2013;1523;1906
ITF52;2014;1511;1968
ITF52;2015;1462;2089
ITF52;2016;1496;2026
ITF52;2017;1422;2094
ITF52;2018;1383;2029
ITF52;2019;1335;2079
ITF52;2020;1265;2204
ITF52;2021;1266;2234
ITF52;2022;1151;2326
ITF52;2023;1137;2195
ITF61;2000;6640;6401
ITF61;2001;6368;6162
ITF61;2002;6429;6073
ITF61;2003;6443;6597
ITF61;2004;6362;6079
ITF61;2005;6183;6434
ITF61;2006;6288;6310
ITF61;2007;6124;6553
ITF61;2008;6121;6632
ITF61;2009;6314;6808
ITF61;2010;5911;6635
ITF61;2011;6020;6749
ITF61;2012;5763;7020
ITF61;2013;5818;6992
ITF61;2014;5671;7067
ITF61;2015;5724;7471
ITF61;2016;5622;7178
ITF61;2017;5431;7809
ITF61;2018;5260;7241
ITF61;2019;5029;7590
ITF61;2020;4825;7876
ITF61;2021;4608;8449
ITF61;2022;4645;8382
ITF61;2023;4564;8226
ITF62;2000;1900;1300
ITF62;2001;1805;1264
ITF62;2002;1744;1274
ITF62;2003;1868;1331
ITF62;2004;1920;1359
ITF62;2005;1823;1319
ITF62;2006;1791;1254
ITF62;2007;1697;1361
ITF62;2008;1775;1321
ITF62;2009;1757;1367
ITF62;2010;1811;1358
ITF62;2011;1629;1498
ITF62;2012;1673;1540
ITF62;2013;1615;1428
ITF62;2014;1541;1494
ITF62;2015;1556;1602
ITF62;2016;1530;1478
ITF62;2017;1492;1681
ITF62;2018;1474;1526
ITF62;2019;1413;1616
ITF62;2020;1343;1777
ITF62;2021;1272;1894
ITF62;2022;1352;1948
ITF62;2023;1247;1800
ITF63;2000;3600;3200
ITF63;2001;3499;3130
ITF63;2002;3313;3095
ITF63;2003;3357;3331
ITF63;2004;3315;3147
ITF63;2005;3150;3315
ITF63;2006;3236;3203
ITF63;2007;3207;3302
ITF63;2008;3163;3420
ITF63;2009;3115;3403
ITF63;2010;3154;3291
ITF63;2011;3115;3425
ITF63;2012;3172;3511
ITF63;2013;2984;3389
ITF63;2014;3038;3496
ITF63;2015;2972;3690
ITF63;2016;3041;3534
ITF63;2017;2852;3816
ITF63;2018;2683;3806
ITF63;2019;2584;3657
ITF63;2020;2504;3737
ITF63;2021;2432;3993
ITF63;2022;2399;4161
ITF63;2023;2322;3959
ITF64;2000;1700;1500
ITF64;2001;1749;1542
ITF64;2002;1622;1497
ITF64;2003;1669;1528
ITF64;2004;1617;1506
ITF64;2005;1654;1589
ITF64;2006;1594;1484
ITF64;2007;1590;1629
ITF64;2008;1586;1534
ITF64;2009;1485;1568
ITF64;2010;1546;1526
ITF64;2011;1395;1588
ITF64;2012;1458;1668
ITF64;2013;1307;1582
ITF64;2014;1363;1582
ITF64;2015;1288;1664
ITF64;2016;1260;1580
ITF64;2017;1236;1651
ITF64;2018;1227;1636
ITF64;2019;1167;1631
ITF64;2020;1167;1712
ITF64;2021;1082;1840
ITF64;2022;1106;1893
ITF64;2023;1106;1800
ITF65;2000;5581;5345
ITF65;2001;5353;5145
ITF65;2002;5343;5198
ITF65;2003;5472;5502
ITF65;2004;5498;5090
ITF65;2005;5418;5483
ITF65;2006;5419;5163
ITF65;2007;5489;5249
ITF65;2008;5350;5476
ITF65;2009;5342;5660
ITF65;2010;5379;5333
ITF65;2011;5060;5380
ITF65;2012;4964;5555
ITF65;2013;4972;5375
ITF65;2014;4877;5637
ITF65;2015;4836;5884
ITF65;2016;4583;5497
ITF65;2017;4668;5846
ITF65;2018;4533;5547
ITF65;2019;4298;5668
ITF65;2020;4127;5922
ITF65;2021;3825;6456
ITF65;2022;3949;6555
ITF65;2023;4043;6193
ITG11;2000;4400;4200
ITG11;2001;4293;4049
ITG11;2002;4287;4087
ITG11;2003;4245;4420
ITG11;2004;4289;4070
ITG11;2005;4086;4222
ITG11;2006;3992;4092
ITG11;2007;3917;4394
ITG11;2008;3887;4359
ITG11;2009;3895;4532
ITG11;2010;3722;4347
ITG11;2011;3623;4551
ITG11;2012;3575;4646
ITG11;2013;3444;4633
ITG11;2014;3438;4511
ITG11;2015;3361;4924
ITG11;2016;3355;4523
ITG11;2017;3284;4962
ITG11;2018;3280;4653
ITG11;2019;3142;4766
ITG11;2020;3091;4929
ITG11;2021;3051;5336
ITG11;2022;3028;5613
ITG11;2023;2973;5202
ITG12;2000;13752;10304
ITG12;2001;13535;10666
ITG12;2002;13354;10880
ITG12;2003;13554;11552
ITG12;2004;13558;10695
ITG12;2005;13513;10964
ITG12;2006;13071;10988
ITG12;2007;12924;11427
ITG12;2008;13140;11464
ITG12;2009;13141;12031
ITG12;2010;12751;11513
ITG12;2011;12283;11849
ITG12;2012;12295;12240
ITG12;2013;11831;12010
ITG12;2014;11860;11839
ITG12;2015;11558;12676
ITG12;2016;10888;12145
ITG12;2017;10900;13081
ITG12;2018;10724;12636
ITG12;2019;10396;12554
ITG12;2020;9972;13794
ITG12;2021;9692;14169
ITG12;2022;9697;14061
ITG12;2023;9354;13932
ITG13;2000;5900;6700
ITG13;2001;5678;6510
ITG13;2002;5645;6845
ITG13;2003;5757;7289
ITG13;2004;5583;6400
ITG13;2005;5426;7118
ITG13;2006;5656;6611
ITG13;2007;5672;7057
ITG13;2008;5689;6879
ITG13;2009;5527;7240
ITG13;2010;5604;6938
ITG13;2011;5349;7253
ITG13;2012;5323;7322
ITG13;2013;5090;7043
ITG13;2014;5108;7232
ITG13;2015;4802;7715
ITG13;2016;4616;6982
ITG13;2017;4711;7712
ITG13;2018;4544;7176
ITG13;2019;4241;7311
ITG13;2020;4121;7535
ITG13;2021;4137;8158
ITG13;2022;3933;8473
ITG13;2023;3843;7751
ITG14;2000;4900;4400
ITG14;2001;4803;4270
ITG14;2002;4703;4351
ITG14;2003;4584;4531
ITG14;2004;4683;4163
ITG14;2005;4531;4331
ITG14;2006;4365;4301
ITG14;2007;4326;4466
ITG14;2008;4230;4499
ITG14;2009;4193;4647
ITG14;2010;4112;4529
ITG14;2011;4003;4682
ITG14;2012;3878;4734
ITG14;2013;3592;4523
ITG14;2014;3666;4444
ITG14;2015;3434;4885
ITG14;2016;3356;4528
ITG14;2017;3381;5117
ITG14;2018;3260;4747
ITG14;2019;3060;4922
ITG14;2020;3032;4984
ITG14;2021;2978;5402
ITG14;2022;3099;5346
ITG14;2023;2964;5303
ITG15;2000;3100;2700
ITG15;2001;3129;2490
ITG15;2002;2982;2682
ITG15;2003;3058;2801
ITG15;2004;3128;2548
ITG15;2005;3072;2714
ITG15;2006;2912;2685
ITG15;2007;2667;2678
ITG15;2008;2768;2636
ITG15;2009;2650;2654
ITG15;2010;2600;2730
ITG15;2011;2440;2872
ITG15;2012;2569;2796
ITG15;2013;2286;2659
ITG15;2014;2339;2810
ITG15;2015;2282;2867
ITG15;2016;2207;2802
ITG15;2017;2018;3004
ITG15;2018;2013;2880
ITG15;2019;1818;2969
ITG15;2020;1823;2930
ITG15;2021;1801;3286
ITG15;2022;1761;3195
ITG15;2023;1749;2983
ITG16;2000;1900;1900
ITG16;2001;1814;1714
ITG16;2002;1746;1806
ITG16;2003;1648;1850
ITG16;2004;1606;1742
ITG16;2005;1662;1791
ITG16;2006;1627;1641
ITG16;2007;1573;1795
ITG16;2008;1594;1786
ITG16;2009;1555;1802
ITG16;2010;1493;1862
ITG16;2011;1478;1861
ITG16;2012;1333;1882
ITG16;2013;1259;1804
ITG16;2014;1267;1952
ITG16;2015;1284;1971
ITG16;2016;1206;1909
ITG16;2017;1215;2039
ITG16;2018;1159;1885
ITG16;2019;1072;1862
ITG16;2020;1011;2077
ITG16;2021;1042;2110
ITG16;2022;1020;2236
ITG16;2023;1023;2052
ITG17;2000;12100;9200
ITG17;2001;11653;9188
ITG17;2002;11547;9077
ITG17;2003;11840;9458
ITG17;2004;11815;8846
ITG17;2005;11610;9259
ITG17;2006;11357;9161
ITG17;2007;11275;9754
ITG17;2008;11525;9591
ITG17;2009;11157;9838
ITG17;2010;10916;9443
ITG17;2011;11193;10089
ITG17;2012;10679;10412
ITG17;2013;10615;10181
ITG17;2014;10829;9976
ITG17;2015;10477;10731
ITG17;2016;9955;10129
ITG17;2017;9955;11000
ITG17;2018;9810;10583
ITG17;2019;9281;10614
ITG17;2020;8993;11414
ITG17;2021;8918;12019
ITG17;2022;8838;12139
ITG17;2023;8454;11694
ITG18;2000;3200;2800
ITG18;2001;3139;2658
ITG18;2002;3088;2771
ITG18;2003;3174;2944
ITG18;2004;3089;2695
ITG18;2005;3058;2842
ITG18;2006;3115;2822
ITG18;2007;3116;2908
ITG18;2008;3135;2859
ITG18;2009;3253;2992
ITG18;2010;3083;2895
ITG18;2011;3043;2906
ITG18;2012;3042;3125
ITG18;2013;2863;2960
ITG18;2014;2853;3000
ITG18;2015;2780;3163
ITG18;2016;2782;2958
ITG18;2017;2864;3214
ITG18;2018;2725;3215
ITG18;2019;2618;3161
ITG18;2020;2587;3389
ITG18;2021;2681;3421
ITG18;2022;2633;3486
ITG18;2023;2511;3384
ITG19;2000;3900;3600
ITG19;2001;3846;3498
ITG19;2002;3882;3569
ITG19;2003;4039;3709
ITG19;2004;3977;3559
ITG19;2005;3833;3663
ITG19;2006;3845;3678
ITG19;2007;3716;3807
ITG19;2008;3869;3689
ITG19;2009;3846;3793
ITG19;2010;3802;3718
ITG19;2011;3718;3956
ITG19;2012;3620;4086
ITG19;2013;3514;3828
ITG19;2014;3516;3901
ITG19;2015;3329;4185
ITG19;2016;3276;4013
ITG19;2017;3151;4229
ITG19;2018;3134;4208
ITG19;2019;2988;4246
ITG19;2020;2890;4531
ITG19;2021;2935;4923
ITG19;2022;2801;4917
ITG19;2023;2618;4485
ITG2D;2000;4221;4090
ITG2D;2001;4089;4084
ITG2D;2002;4005;4098
ITG2D;2003;4153;4344
ITG2D;2004;3997;3983
ITG2D;2005;4054;4192
ITG2D;2006;4001;4124
ITG2D;2007;4212;4243
ITG2D;2008;4247;4303
ITG2D;2009;4177;4458
ITG2D;2010;4316;4320
ITG2D;2011;4072;4484
ITG2D;2012;3911;4645
ITG2D;2013;3648;4523
ITG2D;2014;3586;4591
ITG2D;2015;3454;4913
ITG2D;2016;3319;4798
ITG2D;2017;3258;4985
ITG2D;2018;3023;4837
ITG2D;2019;2853;5053
ITG2D;2020;2582;5590
ITG2D;2021;2594;5321
ITG2D;2022;2502;5978
ITG2D;2023;2317;5377
ITG2E;2000;1897;1868
ITG2E;2001;1838;1865
ITG2E;2002;1800;1871
ITG2E;2003;1892;1983
ITG2E;2004;1821;1818
ITG2E;2005;1908;1914
ITG2E;2006;1847;1883
ITG2E;2007;1821;1937
ITG2E;2008;1844;1965
ITG2E;2009;1800;2036
ITG2E;2010;1785;1973
ITG2E;2011;1800;2048
ITG2E;2012;1643;2122
ITG2E;2013;1591;2066
ITG2E;2014;1512;2097
ITG2E;2015;1421;2244
ITG2E;2016;1362;2192
ITG2E;2017;1373;2278
ITG2E;2018;1285;2211
ITG2E;2019;1203;2310
ITG2E;2020;1095;2555
ITG2E;2021;1108;2612
ITG2E;2022;1003;2786
ITG2E;2023;973;2445
ITG2F;2000;3587;3086
ITG2F;2001;3475;3082
ITG2F;2002;3403;3092
ITG2F;2003;3702;3277
ITG2F;2004;3471;3005
ITG2F;2005;3495;3163
ITG2F;2006;3613;3112
ITG2F;2007;3539;3201
ITG2F;2008;3610;3246
ITG2F;2009;3722;3363
ITG2F;2010;3633;3259
ITG2F;2011;3411;3383
ITG2F;2012;3466;3504
ITG2F;2013;3101;3412
ITG2F;2014;3107;3463
ITG2F;2015;3031;3706
ITG2F;2016;2849;3620
ITG2F;2017;2642;3761
ITG2F;2018;2389;3650
ITG2F;2019;2329;3813
ITG2F;2020;2151;4218
ITG2F;2021;2140;4086
ITG2F;2022;2051;4827
ITG2F;2023;1873;4426
ITG2G;2000;1297;1560
ITG2G;2001;1256;1558
ITG2G;2002;1230;1563
ITG2G;2003;1254;1657
ITG2G;2004;1190;1519
ITG2G;2005;1183;1599
ITG2G;2006;1166;1573
ITG2G;2007;1171;1618
ITG2G;2008;1160;1641
ITG2G;2009;1135;1700
ITG2G;2010;1176;1648
ITG2G;2011;1108;1710
ITG2G;2012;969;1771
ITG2G;2013;1043;1725
ITG2G;2014;978;1751
ITG2G;2015;937;1874
ITG2G;2016;920;1830
ITG2G;2017;930;1901
ITG2G;2018;819;1845
ITG2G;2019;758;1927
ITG2G;2020;709;2132
ITG2G;2021;746;2096
ITG2G;2022;668;2259
ITG2G;2023;683;2061
ITG2H;2000;2863;3157
ITG2H;2001;2774;3152
ITG2H;2002;2717;3162
ITG2H;2003;2570;3351
ITG2H;2004;2645;3072
ITG2H;2005;2586;3234
ITG2H;2006;2629;3181
ITG2H;2007;2640;3273
ITG2H;2008;2609;3319
ITG2H;2009;2674;3439
ITG2H;2010;2628;3333
ITG2H;2011;2641;3460
ITG2H;2012;2455;3584
ITG2H;2013;2489;3490
ITG2H;2014;2290;3543
ITG2H;2015;2239;3791
ITG2H;2016;2077;3703
ITG2H;2017;1939;3848
ITG2H;2018;1922;3734
ITG2H;2019;1715;3900
ITG2H;2020;1725;4314
ITG2H;2021;1644;4478
ITG2H;2022;1479;4703
ITG2H;2023;1396;4457
ITH10;2000;5426;3700
ITH10;2001;5469;3604
ITH10;2002;5208;3657
ITH10;2003;5388;3939
ITH10;2004;5450;3761
ITH10;2005;5525;3799
ITH10;2006;5409;3707
ITH10;2007;5502;3705
ITH10;2008;5462;3863
ITH10;2009;5232;3799
ITH10;2010;5381;3873
ITH10;2011;5270;3898
ITH10;2012;5414;4178
ITH10;2013;5281;4050
ITH10;2014;5517;4121
ITH10;2015;5337;4357
ITH10;2016;5447;4249
ITH10;2017;5351;4395
ITH10;2018;5284;4397
ITH10;2019;5234;4454
ITH10;2020;5191;5447
ITH10;2021;5173;4980
ITH10;2022;4912;5221
ITH10;2023;4695;4563
ITH20;2000;5136;4500
ITH20;2001;4955;4317
ITH20;2002;5067;4295
ITH20;2003;4957;4640
ITH20;2004;5452;4478
ITH20;2005;5194;4462
ITH20;2006;5193;4565
ITH20;2007;5178;4595
ITH20;2008;5423;4675
ITH20;2009;5356;4622
ITH20;2010;5454;4751
ITH20;2011;5295;4590
ITH20;2012;5153;4666
ITH20;2013;5113;4842
ITH20;2014;4862;4753
ITH20;2015;4836;5051
ITH20;2016;4642;4959
ITH20;2017;4495;5062
ITH20;2018;4353;5014
ITH20;2019;4239;5074
ITH20;2020;4048;6526
ITH20;2021;4190;5397
ITH20;2022;4011;5434
ITH20;2023;3789;5159
ITH31;2000;8200;7600
ITH31;2001;8090;7435
ITH31;2002;8239;7726
ITH31;2003;8013;8156
ITH31;2004;9224;7521
ITH31;2005;8876;7717
ITH31;2006;9035;7563
ITH31;2007;9203;7754
ITH31;2008;9529;7926
ITH31;2009;9389;8117
ITH31;2010;9244;8235
ITH31;2011;8894;8110
ITH31;2012;8604;8619
ITH31;2013;8201;8361
ITH31;2014;8184;8224
ITH31;2015;7984;9117
ITH31;2016;7773;8755
ITH31;2017;7561;9096
ITH31;2018;7363;8801
ITH31;2019;7135;8939
ITH31;2020;6820;11163
ITH31;2021;6701;9589
ITH31;2022;6498;9979
ITH31;2023;6240;9406
ITH32;2000;8511;6770
ITH32;2001;8360;6605
ITH32;2002;8592;7020
ITH32;2003;8414;7138
ITH32;2004;9231;6899
ITH32;2005;8970;6972
ITH32;2006;8972;6807
ITH32;2007;9015;7141
ITH32;2008;9116;7246
ITH32;2009;8817;7373
ITH32;2010;8641;7195
ITH32;2011;8278;7423
ITH32;2012;8159;7683
ITH32;2013;7654;7597
ITH32;2014;7544;7623
ITH32;2015;7112;8231
ITH32;2016;6768;7782
ITH32;2017;6534;8211
ITH32;2018;6452;8238
ITH32;2019;6084;8039
ITH32;2020;6048;9681
ITH32;2021;6163;8751
ITH32;2022;5935;9219
ITH32;2023;5656;8415
ITH33;2000;1900;2500
ITH33;2001;1662;2402
ITH33;2002;1817;2480
ITH33;2003;1729;2582
ITH33;2004;1785;2466
ITH33;2005;1720;2478
ITH33;2006;1752;2472
ITH33;2007;1675;2468
ITH33;2008;1797;2558
ITH33;2009;1726;2449
ITH33;2010;1751;2529
ITH33;2011;1646;2435
ITH33;2012;1575;2560
ITH33;2013;1460;2568
ITH33;2014;1407;2486
ITH33;2015;1394;2626
ITH33;2016;1318;2476
ITH33;2017;1273;2591
ITH33;2018;1280;2498
ITH33;2019;1180;2469
ITH33;2020;1201;2823
ITH33;2021;1176;2542
ITH33;2022;1127;2824
ITH33;2023;1063;2501
ITH34;2000;8200;7000
ITH34;2001;7917;7022
ITH34;2002;8340;7026
ITH34;2003;8627;7242
ITH34;2004;9039;6806
ITH34;2005;9154;7263
ITH34;2006;9232;6895
ITH34;2007;9425;7229
ITH34;2008;9365;7460
ITH34;2009;9082;7359
ITH34;2010;9018;7595
ITH34;2011;8608;7620
ITH34;2012;8507;7701
ITH34;2013;8035;7561
ITH34;2014;7744;7500
ITH34;2015;7266;8279
ITH34;2016;7242;7976
ITH34;2017;6953;8188
ITH34;2018;6601;8192
ITH34;2019;6237;8279
ITH34;2020;6174;9487
ITH34;2021;6101;9011
ITH34;2022;5987;9251
ITH34;2023;5735;8723
ITH35;2000;6900;7900
ITH35;2001;6832;7604
ITH35;2002;6882;7813
ITH35;2003;7231;8115
ITH35;2004;7378;7868
ITH35;2005;7219;7871
ITH35;2006;7419;7909
ITH35;2007;7593;8064
ITH35;2008;7675;8451
ITH35;2009;7537;8252
ITH35;2010;7420;8435
ITH35;2011;7419;8405
ITH35;2012;7077;8810
ITH35;2013;6666;8921
ITH35;2014;6283;8718
ITH35;2015;6166;9148
ITH35;2016;6031;8860
ITH35;2017;5866;9207
ITH35;2018;5643;9240
ITH35;2019;5366;9283
ITH35;2020;5244;10725
ITH35;2021;5261;10226
ITH35;2022;5042;10542
ITH35;2023;4917;9526
ITH36;2000;7889;7488
ITH36;2001;7749;7305
ITH36;2002;7900;7532
ITH36;2003;8202;7737
ITH36;2004;8608;7470
ITH36;2005;8480;7809
ITH36;2006;8848;7636
ITH36;2007;8834;7971
ITH36;2008;9127;8257
ITH36;2009;9107;7906
ITH36;2010;8841;8157
ITH36;2011;8692;8338
ITH36;2012;8582;8598
ITH36;2013;8219;8423
ITH36;2014;7855;8433
ITH36;2015;7445;9043
ITH36;2016;7250;9020
ITH36;2017;6902;9057
ITH36;2018;6714;9060
ITH36;2019;6342;8964
ITH36;2020;6012;10082
ITH36;2021;6221;10108
ITH36;2022;5993;10225
ITH36;2023;5651;9563
ITH37;2000;1700;2700
ITH37;2001;1594;2599
ITH37;2002;1650;2737
ITH37;2003;1682;2817
ITH37;2004;1819;2727
ITH37;2005;1835;2821
ITH37;2006;1789;2836
ITH37;2007;1876;2874
ITH37;2008;1992;2880
ITH37;2009;2017;2926
ITH37;2010;2000;2798
ITH37;2011;1844;2897
ITH37;2012;1883;3069
ITH37;2013;1728;2906
ITH37;2014;1602;2971
ITH37;2015;1585;3117
ITH37;2016;1469;2987
ITH37;2017;1498;3097
ITH37;2018;1340;3107
ITH37;2019;1212;2927
ITH37;2020;1173;3376
ITH37;2021;1176;3288
ITH37;2022;1172;3432
ITH37;2023;1176;2937
ITH41;2000;2500;2800
ITH41;2001;2610;2747
ITH41;2002;2613;2924
ITH41;2003;2709;3080
ITH41;2004;2900;2845
ITH41;2005;2837;2921
ITH41;2006;3004;2872
ITH41;2007;3142;2872
ITH41;2008;3106;3072
ITH41;2009;3160;3093
ITH41;2010;3016;3021
ITH41;2011;3003;2960
ITH41;2012;2822;3065
ITH41;2013;2787;3001
ITH41;2014;2703;2879
ITH41;2015;2474;3148
ITH41;2016;2452;3025
ITH41;2017;2321;3175
ITH41;2018;2251;3243
ITH41;2019;2192;3097
ITH41;2020;2081;3707
ITH41;2021;2121;3662
ITH41;2022;2028;3581
ITH41;2023;1982;3340
ITH42;2000;4276;5845
ITH42;2001;4134;5770
ITH42;2002;4217;5872
ITH42;2003;4328;6209
ITH42;2004;4275;5979
ITH42;2005;4473;5981
ITH42;2006;4425;5777
ITH42;2007;4494;5754
ITH42;2008;4453;6025
ITH42;2009;4486;6000
ITH42;2010;4423;5985
ITH42;2011;4214;6043
ITH42;2012;4250;6141
ITH42;2013;4083;6157
ITH42;2014;3951;6018
ITH42;2015;3639;6402
ITH42;2016;3592;6023
ITH42;2017;3378;6286
ITH42;2018;3247;6202
ITH42;2019;3104;6238
ITH42;2020;3097;7077
ITH42;2021;2976;7288
ITH42;2022;2950;6858
ITH42;2023;2802;6207
ITH43;2000;1100;1700
ITH43;2001;1121;1763
ITH43;2002;1110;1745
ITH43;2003;1113;1719
ITH43;2004;1123;1594
ITH43;2005;1111;1609
ITH43;2006;1142;1655
ITH43;2007;1152;1618
ITH43;2008;1171;1742
ITH43;2009;1077;1658
ITH43;2010;1104;1675
ITH43;2011;1031;1682
ITH43;2012;1039;1749
ITH43;2013;966;1742
ITH43;2014;940;1695
ITH43;2015;1001;1821
ITH43;2016;955;1814
ITH43;2017;952;1758
ITH43;2018;894;1817
ITH43;2019;845;1771
ITH43;2020;892;1957
ITH43;2021;813;1958
ITH43;2022;925;1948
ITH43;2023;918;1783
ITH44;2000;1700;3700
ITH44;2001;1680;3610
ITH44;2002;1646;3721
ITH44;2003;1714;3791
ITH44;2004;1816;3503
ITH44;2005;1672;3369
ITH44;2006;1792;3372
ITH44;2007;1781;3339
ITH44;2008;1785;3531
ITH44;2009;1752;3455
ITH44;2010;1804;3402
ITH44;2011;1705;3381
ITH44;2012;1729;3471
ITH44;2013;1582;3322
ITH44;2014;1593;3172
ITH44;2015;1470;3436
ITH44;2016;1493;3229
ITH44;2017;1481;3287
ITH44;2018;1437;3214
ITH44;2019;1354;3212
ITH44;2020;1364;3665
ITH44;2021;1359;3649
ITH44;2022;1374;3489
ITH44;2023;1280;3279
ITH51;2000;2100;3400
ITH51;2001;1993;3368
ITH51;2002;2140;3439
ITH51;2003;2156;3740
ITH51;2004;2271;3430
ITH51;2005;2289;3495
ITH51;2006;2372;3476
ITH51;2007;2429;3496
ITH51;2008;2481;3523
ITH51;2009;2626;3554
ITH51;2010;2463;3526
ITH51;2011;2389;3357
ITH51;2012;2370;3590
ITH51;2013;2367;3491
ITH51;2014;2315;3434
ITH51;2015;2262;3708
ITH51;2016;2176;3511
ITH51;2017;2052;3671
ITH51;2018;2142;3666
ITH51;2019;2058;3479
ITH51;2020;1897;4974
ITH51;2021;1815;3637
ITH51;2022;1963;3725
ITH51;2023;2013;3649
ITH52;2000;3200;4800
ITH52;2001;3348;5023
ITH52;2002;3336;4980
ITH52;2003;3366;5277
ITH52;2004;3702;4864
ITH52;2005;3744;4859
ITH52;2006;3806;4850
ITH52;2007;4005;4846
ITH52;2008;4136;5113
ITH52;2009;4197;5047
ITH52;2010;4241;5012
ITH52;2011;3982;4897
ITH52;2012;3882;4891
ITH52;2013;3847;4754
ITH52;2014;3782;4986
ITH52;2015;3741;5096
ITH52;2016;3697;4949
ITH52;2017;3512;5117
ITH52;2018;3434;4920
ITH52;2019;3417;5052
ITH52;2020;3305;6617
ITH52;2021;3301;5320
ITH52;2022;3224;5420
ITH52;2023;3177;4993
ITH53;2000;4500;4900
ITH53;2001;4587;4986
ITH53;2002;4792;4949
ITH53;2003;4950;5226
ITH53;2004;5289;4686
ITH53;2005;5358;5141
ITH53;2006;5396;4926
ITH53;2007;5728;5211
ITH53;2008;5834;5162
ITH53;2009;5801;5251
ITH53;2010;5842;5128
ITH53;2011;5546;4910
ITH53;2012;5347;5380
ITH53;2013;5112;5288
ITH53;2014;4791;5173
ITH53;2015;4783;5570
ITH53;2016;4503;5508
ITH53;2017;4266;5408
ITH53;2018;3943;5434
ITH53;2019;3937;5455
ITH53;2020;3810;6308
ITH53;2021;3770;5837
ITH53;2022;3652;5923
ITH53;2023;3571;5474
ITH54;2000;5900;6400
ITH54;2001;6009;6333
ITH54;2002;6199;6484
ITH54;2003;6126;6713
ITH54;2004;6553;6589
ITH54;2005;6770;6599
ITH54;2006;6703;6466
ITH54;2007;6857;6696
ITH54;2008;7201;6770
ITH54;2009;7151;6764
ITH54;2010;7116;6824
ITH54;2011;6949;6947
ITH54;2012;6703;7169
ITH54;2013;6311;7064
ITH54;2014;6040;6809
ITH54;2015;5937;7273
ITH54;2016;5862;7349
ITH54;2017;5570;7384
ITH54;2018;5497;7181
ITH54;2019;5084;7357
ITH54;2020;4964;8454
ITH54;2021;5118;7990
ITH54;2022;5117;8114
ITH54;2023;4729;7776
ITH55;2000;7800;11000
ITH55;2001;7756;10553
ITH55;2002;8039;10651
ITH55;2003;7955;11400
ITH55;2004;8492;10624
ITH55;2005;8429;11049
ITH55;2006;8770;10850
ITH55;2007;8820;10922
ITH55;2008;8855;11161
ITH55;2009;9159;11273
ITH55;2010;8739;11046
ITH55;2011;8711;11260
ITH55;2012;8464;11435
ITH55;2013;8472;11095
ITH55;2014;8267;11098
ITH55;2015;8081;12291
ITH55;2016;7830;11337
ITH55;2017;7506;11877
ITH55;2018;7556;11678
ITH55;2019;7143;11611
ITH55;2020;6956;13266
ITH55;2021;6958;12857
ITH55;2022;6829;12645
ITH55;2023;6523;11873
ITH56;2000;2100;4400
ITH56;2001;2152;4370
ITH56;2002;2283;4464
ITH56;2003;2334;4567
ITH56;2004;2492;4532
ITH56;2005;2503;4383
ITH56;2006;2607;4439
ITH56;2007;2664;4507
ITH56;2008;2838;4622
ITH56;2009;2813;4673
ITH56;2010;2826;4710
ITH56;2011;2702;4554
ITH56;2012;2632;4797
ITH56;2013;2414;4385
ITH56;2014;2307;4579
ITH56;2015;2160;5056
ITH56;2016;2077;4758
ITH56;2017;2034;5017
ITH56;2018;1988;4768
ITH56;2019;1958;4644
ITH56;2020;1799;5243
ITH56;2021;1876;5342
ITH56;2022;1849;5248
ITH56;2023;1795;4693
ITH57;2000;2700;4300
ITH57;2001;2807;4171
ITH57;2002;2925;4152
ITH57;2003;3006;4455
ITH57;2004;3101;4004
ITH57;2005;3168;4110
ITH57;2006;3395;4050
ITH57;2007;3481;4194
ITH57;2008;3692;4333
ITH57;2009;3661;4387
ITH57;2010;3527;4121
ITH57;2011;3442;4514
ITH57;2012;3345;4493
ITH57;2013;3148;4388
ITH57;2014;3072;4369
ITH57;2015;2936;4770
ITH57;2016;2817;4525
ITH57;2017;2725;4678
ITH57;2018;2670;4560
ITH57;2019;2503;4875
ITH57;2020;2428;5260
ITH57;2021;2442;5257
ITH57;2022;2308;5161
ITH57;2023;2282;4812
ITH58;2000;3000;3800
ITH58;2001;3022;3779
ITH58;2002;3149;3861
ITH58;2003;3230;4098
ITH58;2004;3483;3650
ITH58;2005;3409;3876
ITH58;2006;3590;3820
ITH58;2007;3589;3874
ITH58;2008;3720;4112
ITH58;2009;3722;4092
ITH58;2010;3768;4053
ITH58;2011;3703;4087
ITH58;2012;3572;4275
ITH58;2013;3457;4158
ITH58;2014;3273;4162
ITH58;2015;3144;4389
ITH58;2016;3051;4232
ITH58;2017;2873;4443
ITH58;2018;2829;4277
ITH58;2019;2593;4399
ITH58;2020;2539;4885
ITH58;2021;2521;5119
ITH58;2022;2617;4881
ITH58;2023;2519;4487
ITH59;2000;3103;2791
ITH59;2001;2754;2598
ITH59;2002;2811;2732
ITH59;2003;2803;2966
ITH59;2004;2839;2791
ITH59;2005;2983;2815
ITH59;2006;2956;2834
ITH59;2007;3107;2913
ITH59;2008;3308;3082
ITH59;2009;3141;2974
ITH59;2010;3295;3002
ITH59;2011;3024;3127
ITH59;2012;3022;3187
ITH59;2013;2929;3140
ITH59;2014;2821;3118
ITH59;2015;2769;3428
ITH59;2016;2565;3208
ITH59;2017;2473;3469
ITH59;2018;2341;3327
ITH59;2019;2229;3402
ITH59;2020;2163;4204
ITH59;2021;2035;3901
ITH59;2022;2056;3882
ITH59;2023;1959;3509
ITI11;2000;1400;2500
ITI11;2001;1416;2434
ITI11;2002;1507;2353
ITI11;2003;1423;2495
ITI11;2004;1504;2354
ITI11;2005;1512;2399
ITI11;2006;1565;2366
ITI11;2007;1587;2334
ITI11;2008;1690;2436
ITI11;2009;1479;2488
ITI11;2010;1525;2410
ITI11;2011;1531;2477
ITI11;2012;1507;2566
ITI11;2013;1347;2681
ITI11;2014;1333;2439
ITI11;2015;1216;2720
ITI11;2016;1187;2457
ITI11;2017;1223;2583
ITI11;2018;1107;2563
ITI11;2019;969;2514
ITI11;2020;953;2994
ITI11;2021;983;2660
ITI11;2022;972;2884
ITI11;2023;904;2664
ITI12;2000;2900;4500
ITI12;2001;2997;4505
ITI12;2002;3012;4436
ITI12;2003;2989;4542
ITI12;2004;3130;4276
ITI12;2005;3190;4587
ITI12;2006;3256;4416
ITI12;2007;3320;4455
ITI12;2008;3512;4660
ITI12;2009;3170;4691
ITI12;2010;3252;4457
ITI12;2011;3119;4588
ITI12;2012;3191;4784
ITI12;2013;2946;4674
ITI12;2014;2858;4579
ITI12;2015;2690;4955
ITI12;2016;2635;4618
ITI12;2017;2540;4933
ITI12;2018;2420;4828
ITI12;2019;2366;4734
ITI12;2020;2151;5115
ITI12;2021;2244;5182
ITI12;2022;2048;5115
ITI12;2023;2012;4842
ITI13;2000;2300;3200
ITI13;2001;2199;3045
ITI13;2002;2302;2990
ITI13;2003;2247;3158
ITI13;2004;2449;2897
ITI13;2005;2474;3081
ITI13;2006;2507;2874
ITI13;2007;2515;3086
ITI13;2008;2717;3217
ITI13;2009;2555;3034
ITI13;2010;2508;3064
ITI13;2011;2575;3155
ITI13;2012;2403;3277
ITI13;2013;2229;3129
ITI13;2014;2279;3136
ITI13;2015;2223;3332
ITI13;2016;2045;3229
ITI13;2017;2054;3500
ITI13;2018;2041;3299
ITI13;2019;1831;3285
ITI13;2020;1746;3617
ITI13;2021;1754;3898
ITI13;2022;1715;3664
ITI13;2023;1666;3519
ITI14;2000;8200;10345
ITI14;2001;8013;10146
ITI14;2002;8429;11093
ITI14;2003;8121;11328
ITI14;2004;9120;10214
ITI14;2005;8767;10463
ITI14;2006;8416;10398
ITI14;2007;8493;10663
ITI14;2008;9186;11058
ITI14;2009;8774;11192
ITI14;2010;9041;11040
ITI14;2011;8478;10782
ITI14;2012;8532;11203
ITI14;2013;8235;10782
ITI14;2014;8099;10834
ITI14;2015;7513;11935
ITI14;2016;7571;11083
ITI14;2017;7208;11659
ITI14;2018;7022;11171
ITI14;2019;6610;11346
ITI14;2020;6333;12666
ITI14;2021;6395;12072
ITI14;2022;6228;12902
ITI14;2023;5880;11308
ITI15;2000;2200;2100
ITI15;2001;2162;2086
ITI15;2002;2279;2114
ITI15;2003;2219;2233
ITI15;2004;2545;2080
ITI15;2005;2564;2148
ITI15;2006;2683;2118
ITI15;2007;2605;2249
ITI15;2008;2634;2277
ITI15;2009;2456;2408
ITI15;2010;2541;2314
ITI15;2011;2419;2346
ITI15;2012;2394;2421
ITI15;2013;2339;2377
ITI15;2014;2207;2329
ITI15;2015;2135;2543
ITI15;2016;2108;2447
ITI15;2017;2118;2505
ITI15;2018;1838;2588
ITI15;2019;1752;2430
ITI15;2020;1685;2800
ITI15;2021;1611;3051
ITI15;2022;1487;2862
ITI15;2023;1504;2524
ITI16;2000;2400;3900
ITI16;2001;2478;4034
ITI16;2002;2502;3845
ITI16;2003;2515;4194
ITI16;2004;2691;3789
ITI16;2005;2633;3844
ITI16;2006;2758;3843
ITI16;2007;2840;4093
ITI16;2008;2787;4206
ITI16;2009;2814;4028
ITI16;2010;2790;4070
ITI16;2011;2676;4001
ITI16;2012;2657;4261
ITI16;2013;2432;4075
ITI16;2014;2433;4070
ITI16;2015;2365;4384
ITI16;2016;2205;4110
ITI16;2017;2187;4231
ITI16;2018;2137;4225
ITI16;2019;1949;4209
ITI16;2020;1825;4529
ITI16;2021;1850;4484
ITI16;2022;1821;4862
ITI16;2023;1711;4247
ITI17;2000;3100;4500
ITI17;2001;3101;4351
ITI17;2002;3122;4352
ITI17;2003;3137;4432
ITI17;2004;3428;4158
ITI17;2005;3494;4344
ITI17;2006;3554;4262
ITI17;2007;3745;4360
ITI17;2008;3842;4548
ITI17;2009;3880;4414
ITI17;2010;3829;4483
ITI17;2011;3723;4633
ITI17;2012;3675;4799
ITI17;2013;3623;4589
ITI17;2014;3566;4399
ITI17;2015;3378;4897
ITI17;2016;3276;4531
ITI17;2017;3134;4743
ITI17;2018;2916;4719
ITI17;2019;2824;4846
ITI17;2020;2743;5206
ITI17;2021;2731;5083
ITI17;2022;2587;5292
ITI17;2023;2642;4799
ITI18;2000;2500;3700
ITI18;2001;2603;3744
ITI18;2002;2681;3624
ITI18;2003;2684;3736
ITI18;2004;2951;3586
ITI18;2005;2885;3808
ITI18;2006;2944;3713
ITI18;2007;3021;3763
ITI18;2008;3073;3743
ITI18;2009;3044;3923
ITI18;2010;2975;3655
ITI18;2011;2976;3828
ITI18;2012;2895;3877
ITI18;2013;2652;3913
ITI18;2014;2717;3873
ITI18;2015;2465;4109
ITI18;2016;2489;3880
ITI18;2017;2425;4075
ITI18;2018;2225;4003
ITI18;2019;2217;4019
ITI18;2020;2155;4404
ITI18;2021;2170;4514
ITI18;2022;2003;4509
ITI18;2023;1940;4142
ITI19;2000;2000;3200
ITI19;2001;1942;3160
ITI19;2002;2022;3243
ITI19;2003;2098;3322
ITI19;2004;2227;3100
ITI19;2005;2202;3242
ITI19;2006;2215;3123
ITI19;2007;2389;3204
ITI19;2008;2316;3286
ITI19;2009;2426;3122
ITI19;2010;2423;3224
ITI19;2011;2340;3171
ITI19;2012;2279;3348
ITI19;2013;2193;3219
ITI19;2014;2153;3136
ITI19;2015;2042;3508
ITI19;2016;1984;3352
ITI19;2017;1871;3413
ITI19;2018;1800;3299
ITI19;2019;1759;3449
ITI19;2020;1584;3453
ITI19;2021;1686;3638
ITI19;2022;1574;3660
ITI19;2023;1517;3250
ITI1A;2000;1400;2700
ITI1A;2001;1474;2672
ITI1A;2002;1528;2393
ITI1A;2003;1567;2814
ITI1A;2004;1650;2627
ITI1A;2005;1669;2783
ITI1A;2006;1697;2702
ITI1A;2007;1743;2752
ITI1A;2008;1853;2791
ITI1A;2009;1782;2810
ITI1A;2010;1752;2804
ITI1A;2011;1737;2712
ITI1A;2012;1593;2920
ITI1A;2013;1483;2746
ITI1A;2014;1473;2712
ITI1A;2015;1467;2967
ITI1A;2016;1416;2770
ITI1A;2017;1332;2879
ITI1A;2018;1357;2747
ITI1A;2019;1174;2845
ITI1A;2020;1205;3037
ITI1A;2021;1168;2923
ITI1A;2022;1175;3153
ITI1A;2023;1099;2959
ITI21;2000;5100;6400
ITI21;2001;5134;6576
ITI21;2002;5428;6625
ITI21;2003;5473;6779
ITI21;2004;5767;6389
ITI21;2005;5948;7099
ITI21;2006;5999;6763
ITI21;2007;6065;6847
ITI21;2008;6348;7234
ITI21;2009;6125;7075
ITI21;2010;5967;7058
ITI21;2011;6009;7080
ITI21;2012;5805;7372
ITI21;2013;5629;7172
ITI21;2014;5358;7082
ITI21;2015;5078;7747
ITI21;2016;4901;7354
ITI21;2017;4737;7757
ITI21;2018;4440;7236
ITI21;2019;4297;7345
ITI21;2020;4017;7866
ITI21;2021;4011;8412
ITI21;2022;3788;8294
ITI21;2023;3653;7671
ITI22;2000;1700;2700
ITI22;2001;1627;2620
ITI22;2002;1671;2604
ITI22;2003;1642;2736
ITI22;2004;1850;2703
ITI22;2005;1784;2853
ITI22;2006;1823;2755
ITI22;2007;1963;2852
ITI22;2008;1923;2968
ITI22;2009;1754;2774
ITI22;2010;1966;2891
ITI22;2011;1731;2857
ITI22;2012;1791;3046
ITI22;2013;1746;2952
ITI22;2014;1657;2825
ITI22;2015;1464;3064
ITI22;2016;1452;2898
ITI22;2017;1379;3032
ITI22;2018;1352;2842
ITI22;2019;1280;2918
ITI22;2020;1251;3179
ITI22;2021;1227;3076
ITI22;2022;1138;3313
ITI22;2023;1113;3139
ITI31;2000;2864;3244
ITI31;2001;2846;3338
ITI31;2002;3025;3334
ITI31;2003;3101;3755
ITI31;2004;3136;3314
ITI31;2005;3302;3439
ITI31;2006;3321;3419
ITI31;2007;3375;3498
ITI31;2008;3523;3576
ITI31;2009;3498;3606
ITI31;2010;3396;3608
ITI31;2011;3470;3719
ITI31;2012;3172;3867
ITI31;2013;3076;3835
ITI31;2014;2931;3689
ITI31;2015;2840;4010
ITI31;2016;2717;3846
ITI31;2017;2528;3932
ITI31;2018;2378;3853
ITI31;2019;2268;3980
ITI31;2020;2161;4982
ITI31;2021;2182;4263
ITI31;2022;2122;4454
ITI31;2023;2036;3982
ITI32;2000;3600;4800
ITI32;2001;3707;4724
ITI32;2002;3971;4761
ITI32;2003;3883;5039
ITI32;2004;4175;4875
ITI32;2005;4120;4842
ITI32;2006;4229;4876
ITI32;2007;4356;5018
ITI32;2008;4697;4995
ITI32;2009;4604;5157
ITI32;2010;4428;5030
ITI32;2011;4267;5046
ITI32;2012;4154;5271
ITI32;2013;3870;5243
ITI32;2014;3824;5277
ITI32;2015;3665;5572
ITI32;2016;3472;5311
ITI32;2017;3244;5648
ITI32;2018;3110;5331
ITI32;2019;2973;5367
ITI32;2020;2893;5982
ITI32;2021;2834;6234
ITI32;2022;2643;5972
ITI32;2023;2730;5480
ITI33;2000;2500;3400
ITI33;2001;2439;3083
ITI33;2002;2561;3278
ITI33;2003;2699;3523
ITI33;2004;2732;3265
ITI33;2005;2780;3288
ITI33;2006;2811;3449
ITI33;2007;2908;3404
ITI33;2008;2927;3560
ITI33;2009;3014;3404
ITI33;2010;2981;3520
ITI33;2011;2888;3562
ITI33;2012;2759;3825
ITI33;2013;2630;3632
ITI33;2014;2631;3645
ITI33;2015;2544;3937
ITI33;2016;2477;3717
ITI33;2017;2330;4002
ITI33;2018;2211;3490
ITI33;2019;2115;3660
ITI33;2020;2061;4142
ITI33;2021;2007;4215
ITI33;2022;1852;4226
ITI33;2023;1892;3720
ITI34;2000;1585;1845
ITI34;2001;1575;1899
ITI34;2002;1639;1971
ITI34;2003;1641;2025
ITI34;2004;1749;1967
ITI34;2005;1646;1989
ITI34;2006;1769;2041
ITI34;2007;1697;2062
ITI34;2008;1844;2190
ITI34;2009;1762;2212
ITI34;2010;1762;2114
ITI34;2011;1709;2262
ITI34;2012;1659;2226
ITI34;2013;1618;2227
ITI34;2014;1652;2277
ITI34;2015;1512;2521
ITI34;2016;1504;2413
ITI34;2017;1364;2532
ITI34;2018;1310;2487
ITI34;2019;1251;2348
ITI34;2020;1239;2624
ITI34;2021;1202;2659
ITI34;2022;1191;2760
ITI34;2023;1188;2444
ITI35;2000;1411;1623
ITI35;2001;1402;1670
ITI35;2002;1414;1694
ITI35;2003;1421;1815
ITI35;2004;1457;1704
ITI35;2005;1457;1793
ITI35;2006;1467;1821
ITI35;2007;1566;1819
ITI35;2008;1496;1903
ITI35;2009;1588;1775
ITI35;2010;1518;1950
ITI35;2011;1522;1823
ITI35;2012;1452;1927
ITI35;2013;1439;1933
ITI35;2014;1325;1938
ITI35;2015;1343;2166
ITI35;2016;1312;2035
ITI35;2017;1203;2335
ITI35;2018;1162;2014
ITI35;2019;1060;2087
ITI35;2020;1078;2237
ITI35;2021;997;2359
ITI35;2022;980;2203
ITI35;2023;951;2110
ITI41;2000;2300;3100
ITI41;2001;2294;3131
ITI41;2002;2220;3191
ITI41;2003;2299;3480
ITI41;2004;2334;3099
ITI41;2005;2311;3362
ITI41;2006;2496;3358
ITI41;2007;2499;3324
ITI41;2008;2642;3527
ITI41;2009;2696;3548
ITI41;2010;2645;3567
ITI41;2011;2672;3517
ITI41;2012;2644;3745
ITI41;2013;2465;3608
ITI41;2014;2485;3668
ITI41;2015;2350;4028
ITI41;2016;2279;3615
ITI41;2017;2101;3981
ITI41;2018;2101;3836
ITI41;2019;1885;3728
ITI41;2020;1816;3960
ITI41;2021;1777;3955
ITI41;2022;1769;4261
ITI41;2023;1692;3917
ITI42;2000;1200;1700
ITI42;2001;1114;1767
ITI42;2002;1171;1764
ITI42;2003;1134;1797
ITI42;2004;1195;1705
ITI42;2005;1169;1698
ITI42;2006;1257;1809
ITI42;2007;1233;1803
ITI42;2008;1288;1837
ITI42;2009;1324;1830
ITI42;2010;1221;1876
ITI42;2011;1289;1814
ITI42;2012;1247;1914
ITI42;2013;1177;1948
ITI42;2014;1123;1866
ITI42;2015;1141;1997
ITI42;2016;1024;2014
ITI42;2017;1008;2022
ITI42;2018;924;1748
ITI42;2019;932;1890
ITI42;2020;907;2121
ITI42;2021;866;2085
ITI42;2022;846;2255
ITI42;2023;823;2105
ITI43;2000;36200;33860
ITI43;2001;35567;33548
ITI43;2002;36155;34538
ITI43;2003;37998;36693
ITI43;2004;39344;35884
ITI43;2005;38341;35676
ITI43;2006;39835;34734
ITI43;2007;39270;35729
ITI43;2008;42957;37041
ITI43;2009;40856;38352
ITI43;2010;40389;38333
ITI43;2011;40844;38691
ITI43;2012;39457;39844
ITI43;2013;39228;38628
ITI43;2014;37677;39228
ITI43;2015;36000;41555
ITI43;2016;35529;40615
ITI43;2017;33063;42898
ITI43;2018;31195;41151
ITI43;2019;28655;40648
ITI43;2020;28124;44763
ITI43;2021;27545;45775
ITI43;2022;26678;45532
ITI43;2023;25201;46310
ITI44;2000;5000;4100
ITI44;2001;4781;4072
ITI44;2002;4899;3961
ITI44;2003;4962;4315
ITI44;2004;5020;4032
ITI44;2005;4916;4201
ITI44;2006;5152;4277
ITI44;2007;5123;4146
ITI44;2008;5500;4418
ITI44;2009;5512;4512
ITI44;2010;5600;4795
ITI44;2011;5462;4630
ITI44;2012;5430;4979
ITI44;2013;5254;4726
ITI44;2014;5150;4885
ITI44;2015;4871;5306
ITI44;2016;4793;5130
ITI44;2017;4758;5340
ITI44;2018;4566;5233
ITI44;2019;4206;5107
ITI44;2020;3973;5730
ITI44;2021;4053;5906
ITI44;2022;3816;6193
ITI44;2023;3738;6019
ITI45;2000;4200;4500
ITI45;2001;4005;4596
ITI45;2002;4052;4681
ITI45;2003;4097;4862
ITI45;2004;4139;4630
ITI45;2005;4096;4678
ITI45;2006;4173;4760
ITI45;2007;4320;4957
ITI45;2008;4368;4880
ITI45;2009;4313;5100
ITI45;2010;4422;5185
ITI45;2011;4160;5326
ITI45;2012;4255;5432
ITI45;2013;4063;5404
ITI45;2014;3925;5290
ITI45;2015;3869;5502
ITI45;2016;3970;5464
ITI45;2017;3643;5710
ITI45;2018;3364;5321
ITI45;2019;3207;5423
ITI45;2020;3162;5819
ITI45;2021;2996;6218
ITI45;2022;2953;6068
ITI45;2023;2838;5884
LI;2000;420;239
LI;2001;401;220
LI;2002;395;215
LI;2003;347;217
LI;2004;372;198
LI;2005;381;215
LI;2006;361;220
LI;2007;351;227
LI;2008;350;205
LI;2009;406;229
LI;2010;329;238
LI;2011;395;248
LI;2012;357;224
LI;2013;339;246
LI;2014;372;268
LI;2015;325;252
LI;2016;378;271
LI;2017;338;249
LI;2018;378;274
LI;2019;356;263
LI;2020;353;319
LI;2021;375;271
LI;2022;364;279
LI;2023;361;270
LI000;2000;420;239
LI000;2001;401;220
LI000;2002;395;215
LI000;2003;347;217
LI000;2004;372;198
LI000;2005;381;215
LI000;2006;361;220
LI000;2007;351;227
LI000;2008;350;205
LI000;2009;406;229
LI000;2010;329;238
LI000;2011;395;248
LI000;2012;357;224
LI000;2013;339;246
LI000;2014;372;268
LI000;2015;325;252
LI000;2016;378;271
LI000;2017;338;249
LI000;2018;378;274
LI000;2019;356;263
LI000;2020;353;319
LI000;2021;375;271
LI000;2022;364;279
LI000;2023;361;270
LT;2000;34149;38919
LT;2001;31185;40399
LT;2002;29541;41072
LT;2003;29977;40990
LT;2004;29769;41340
LT;2005;29510;43799
LT;2006;29606;44813
LT;2007;30020;45624
LT;2008;31536;43832
LT;2009;32165;42032
LT;2010;30676;42120
LT;2011;30268;41037
LT;2012;29944;40938
LT;2013;28861;41511
LT;2014;29364;40252
LT;2015;30065;41776
LT;2016;29514;41106
LT;2017;27911;40142
LT;2018;26792;39574
LT;2019;24973;38281
LT;2020;23556;43547
LT;2021;23330;47746
LT;2022;22068;42884
LT;2023;20623;37005
LT011;2000;7807;8925
LT011;2001;7192;9341
LT011;2002;6995;9418
LT011;2003;7104;9514
LT011;2004;7437;9421
LT011;2005;7711;10122
LT011;2006;8040;10831
LT011;2007;8424;11071
LT011;2008;9022;10657
LT011;2009;9527;10063
LT011;2010;9420;10021
LT011;2011;9155;9725
LT011;2012;9026;9817
LT011;2013;8795;10045
LT011;2014;9190;9906
LT011;2015;9530;10059
LT011;2016;9626;9932
LT011;2017;9166;9547
LT011;2018;8993;9633
LT011;2019;8158;9404
LT011;2020;7863;10585
LT011;2021;8083;12022
LT011;2022;7716;10420
LT011;2023;6977;8991
LT021;2000;1908;2244
LT021;2001;1733;2275
LT021;2002;1550;2359
LT021;2003;1614;2311
LT021;2004;1488;2370
LT021;2005;1483;2651
LT021;2006;1464;2655
LT021;2007;1350;2614
LT021;2008;1370;2498
LT021;2009;1428;2331
LT021;2010;1326;2407
LT021;2011;1301;2288
LT021;2012;1353;2382
LT021;2013;1270;2332
LT021;2014;1254;2291
LT021;2015;1270;2292
LT021;2016;1177;2294
LT021;2017;1195;2324
LT021;2018;1031;2223
LT021;2019;964;2240
LT021;2020;889;2504
LT021;2021;838;2762
LT021;2022;749;2453
LT021;2023;724;2118
LT022;2000;6753;7847
LT022;2001;6204;7961
LT022;2002;5879;7955
LT022;2003;5926;7998
LT022;2004;5879;8174
LT022;2005;5906;8471
LT022;2006;5704;8567
LT022;2007;5920;8831
LT022;2008;6312;8540
LT022;2009;6490;8201
LT022;2010;6187;8246
LT022;2011;6019;7985
LT022;2012;5883;8012
LT022;2013;5594;8042
LT022;2014;5770;7846
LT022;2015;5873;8468
LT022;2016;5834;8215
LT022;2017;5402;8012
LT022;2018;5415;7885
LT022;2019;5092;7515
LT022;2020;4941;8738
LT022;2021;4993;9287
LT022;2022;4751;8630
LT022;2023;4381;7370
LT023;2000;3886;3680
LT023;2001;3538;4075
LT023;2002;3316;4112
LT023;2003;3398;4065
LT023;2004;3413;4137
LT023;2005;3327;4476
LT023;2006;3433;4560
LT023;2007;3597;4647
LT023;2008;3737;4490
LT023;2009;3869;4373
LT023;2010;3640;4359
LT023;2011;3590;4408
LT023;2012;3550;4212
LT023;2013;3454;4368
LT023;2014;3483;4195
LT023;2015;3625;4369
LT023;2016;3441;4415
LT023;2017;3328;4281
LT023;2018;3243;4180
LT023;2019;3093;4242
LT023;2020;2801;4811
LT023;2021;2863;5261
LT023;2022;2670;4713
LT023;2023;2539;4047
LT024;2000;2084;2293
LT024;2001;1963;2349
LT024;2002;1860;2424
LT024;2003;1876;2397
LT024;2004;1767;2471
LT024;2005;1615;2507
LT024;2006;1721;2523
LT024;2007;1580;2567
LT024;2008;1631;2348
LT024;2009;1657;2344
LT024;2010;1534;2346
LT024;2011;1586;2267
LT024;2012;1550;2300
LT024;2013;1491;2376
LT024;2014;1452;2324
LT024;2015;1447;2370
LT024;2016;1429;2239
LT024;2017;1316;2194
LT024;2018;1185;2216
LT024;2019;1172;2136
LT024;2020;973;2404
LT024;2021;942;2583
LT024;2022;899;2343
LT024;2023;857;2052
LT025;2000;2928;3618
LT025;2001;2673;3828
LT025;2002;2554;3724
LT025;2003;2508;3745
LT025;2004;2417;3741
LT025;2005;2409;3895
LT025;2006;2333;3862
LT025;2007;2206;4022
LT025;2008;2236;4053
LT025;2009;2332;3870
LT025;2010;2122;3846
LT025;2011;2076;3741
LT025;2012;2105;3697
LT025;2013;2024;3584
LT025;2014;2064;3547
LT025;2015;2090;3748
LT025;2016;1941;3719
LT025;2017;1891;3630
LT025;2018;1692;3461
LT025;2019;1581;3363
LT025;2020;1470;3849
LT025;2021;1389;4164
LT025;2022;1249;3697
LT025;2023;1298;3331
LT026;2000;3657;4281
LT026;2001;3327;4312
LT026;2002;3181;4563
LT026;2003;3198;4409
LT026;2004;3154;4486
LT026;2005;2963;4752
LT026;2006;2868;4925
LT026;2007;2951;4918
LT026;2008;3024;4635
LT026;2009;2937;4427
LT026;2010;2738;4478
LT026;2011;2789;4301
LT026;2012;2711;4393
LT026;2013;2657;4382
LT026;2014;2634;4113
LT026;2015;2638;4332
LT026;2016;2580;4193
LT026;2017;2414;4195
LT026;2018;2244;4142
LT026;2019;2132;3799
LT026;2020;1985;4462
LT026;2021;1833;4851
LT026;2022;1826;4460
LT026;2023;1736;3756
LT027;2000;1461;1541
LT027;2001;1281;1669
LT027;2002;1223;1755
LT027;2003;1290;1747
LT027;2004;1136;1834
LT027;2005;1141;1897
LT027;2006;1080;1932
LT027;2007;1128;1809
LT027;2008;1113;1730
LT027;2009;1072;1690
LT027;2010;1015;1764
LT027;2011;1035;1691
LT027;2012;1066;1606
LT027;2013;1036;1699
LT027;2014;1022;1544
LT027;2015;1063;1666
LT027;2016;1045;1655
LT027;2017;946;1542
LT027;2018;832;1501
LT027;2019;762;1374
LT027;2020;742;1645
LT027;2021;618;1753
LT027;2022;642;1574
LT027;2023;574;1405
LT028;2000;2017;1968
LT028;2001;1775;2041
LT028;2002;1678;2098
LT028;2003;1729;2125
LT028;2004;1734;2044
LT028;2005;1624;2221
LT028;2006;1657;2174
LT028;2007;1628;2227
LT028;2008;1745;2058
LT028;2009;1573;2031
LT028;2010;1506;1967
LT028;2011;1580;2026
LT028;2012;1567;1943
LT028;2013;1461;2057
LT028;2014;1384;1992
LT028;2015;1478;1951
LT028;2016;1407;1897
LT028;2017;1292;1905
LT028;2018;1233;1884
LT028;2019;1187;1762
LT028;2020;1083;1980
LT028;2021;1027;2223
LT028;2022;886;2002
LT028;2023;900;1727
LT029;2000;1648;2522
LT029;2001;1499;2548
LT029;2002;1305;2664
LT029;2003;1334;2679
LT029;2004;1344;2662
LT029;2005;1331;2807
LT029;2006;1306;2784
LT029;2007;1236;2918
LT029;2008;1346;2823
LT029;2009;1280;2702
LT029;2010;1188;2686
LT029;2011;1137;2605
LT029;2012;1133;2576
LT029;2013;1079;2626
LT029;2014;1111;2494
LT029;2015;1051;2521
LT029;2016;1034;2547
LT029;2017;961;2512
LT029;2018;924;2449
LT029;2019;832;2446
LT029;2020;809;2569
LT029;2021;744;2840
LT029;2022;680;2592
LT029;2023;637;2208
LU;2000;5723;3754
LU;2001;5459;3719
LU;2002;5345;3744
LU;2003;5303;4053
LU;2004;5452;3578
LU;2005;5371;3621
LU;2006;5514;3766
LU;2007;5477;3866
LU;2008;5596;3595
LU;2009;5638;3655
LU;2010;5874;3760
LU;2011;5639;3819
LU;2012;6026;3876
LU;2013;6115;3822
LU;2014;6070;3841
LU;2015;6115;3983
LU;2016;6050;3967
LU;2017;6174;4263
LU;2018;6274;4318
LU;2019;6230;4283
LU;2020;6459;4609
LU;2021;6690;4489
LU;2022;6495;4449
LU;2023;6320;4431
LU000;2000;5723;3754
LU000;2001;5459;3719
LU000;2002;5345;3744
LU000;2003;5303;4053
LU000;2004;5452;3578
LU000;2005;5371;3621
LU000;2006;5514;3766
LU000;2007;5477;3866
LU000;2008;5596;3595
LU000;2009;5638;3655
LU000;2010;5874;3760
LU000;2011;5639;3819
LU000;2012;6026;3876
LU000;2013;6115;3822
LU000;2014;6070;3841
LU000;2015;6115;3983
LU000;2016;6050;3967
LU000;2017;6174;4263
LU000;2018;6274;4318
LU000;2019;6230;4283
LU000;2020;6459;4609
LU000;2021;6690;4489
LU000;2022;6495;4449
LU000;2023;6320;4431
LV;2000;20302;32205
LV;2001;19726;32991
LV;2002;20127;32498
LV;2003;21151;32437
LV;2004;20551;32024
LV;2005;21879;32777
LV;2006;22871;33098
LV;2007;23958;33042
LV;2008;24397;31006
LV;2009;22044;29897
LV;2010;19781;30040
LV;2011;18825;28540
LV;2012;19897;29025
LV;2013;20596;28691
LV;2014;21746;28466
LV;2015;21979;28478
LV;2016;21968;28580
LV;2017;20828;28757
LV;2018;19314;28820
LV;2019;18786;27719
LV;2020;17552;28854
LV;2021;17420;34600
LV;2022;15954;30731
LV;2023;14490;28031
LV005;2000;3258;6157
LV005;2001;3147;6232
LV005;2002;2968;6365
LV005;2003;3049;6300
LV005;2004;2823;6100
LV005;2005;2894;6340
LV005;2006;3007;6430
LV005;2007;3043;6056
LV005;2008;3087;5453
LV005;2009;2767;5435
LV005;2010;2337;5678
LV005;2011;2288;5101
LV005;2012;2380;5305
LV005;2013;2444;5038
LV005;2014;2453;4874
LV005;2015;2522;4947
LV005;2016;2365;4902
LV005;2017;2301;4953
LV005;2018;2140;4903
LV005;2019;2053;4673
LV005;2020;1837;4802
LV005;2021;1808;6121
LV005;2022;1687;4975
LV005;2023;1549;4430
LV009;2000;2796;3943
LV009;2001;2647;4000
LV009;2002;2679;4000
LV009;2003;2828;3900
LV009;2004;2677;3900
LV009;2005;2756;4068
LV009;2006;2833;4090
LV009;2007;2965;4076
LV009;2008;3069;3835
LV009;2009;2721;3689
LV009;2010;2319;3631
LV009;2011;2266;3626
LV009;2012;2387;3493
LV009;2013;2536;3481
LV009;2014;2598;3379
LV009;2015;2551;3499
LV009;2016;2637;3531
LV009;2017;2509;3368
LV009;2018;2196;3563
LV009;2019;2330;3427
LV009;2020;2183;3532
LV009;2021;2058;4244
LV009;2022;1995;3661
LV009;2023;1816;3394
LV00A;2000;7607;12904
LV00A;2001;7598;13287
LV00A;2002;8065;12761
LV00A;2003;8798;12797
LV00A;2004;8944;12752
LV00A;2005;9596;12880
LV00A;2006;10313;13220
LV00A;2007;11028;13408
LV00A;2008;11230;12727
LV00A;2009;10142;11911
LV00A;2010;9369;12021
LV00A;2011;8753;11467
LV00A;2012;9347;11777
LV00A;2013;9753;11409
LV00A;2014;10408;11428
LV00A;2015;10497;11244
LV00A;2016;10702;11194
LV00A;2017;10019;11520
LV00A;2018;9413;11382
LV00A;2019;8867;11033
LV00A;2020;8389;11793
LV00A;2021;8451;13922
LV00A;2022;7480;12707
LV00A;2023;6654;11434
LV00B;2000;3520;4751
LV00B;2001;3300;4867
LV00B;2002;3424;4830
LV00B;2003;3459;4806
LV00B;2004;3206;4731
LV00B;2005;3551;4936
LV00B;2006;3575;4765
LV00B;2007;3750;4783
LV00B;2008;3662;4517
LV00B;2009;3362;4501
LV00B;2010;2968;4428
LV00B;2011;2829;4299
LV00B;2012;2910;4296
LV00B;2013;3030;4504
LV00B;2014;3218;4394
LV00B;2015;3324;4413
LV00B;2016;3212;4611
LV00B;2017;2994;4598
LV00B;2018;2852;4575
LV00B;2019;2865;4273
LV00B;2020;2596;4413
LV00B;2021;2627;5182
LV00B;2022;2403;4765
LV00B;2023;2314;4372
LV00C;2000;3121;4445
LV00C;2001;3034;4614
LV00C;2002;2991;4542
LV00C;2003;3017;4634
LV00C;2004;2901;4541
LV00C;2005;3082;4553
LV00C;2006;3143;4595
LV00C;2007;3172;4719
LV00C;2008;3349;4474
LV00C;2009;3052;4361
LV00C;2010;2788;4282
LV00C;2011;2689;4047
LV00C;2012;2873;4154
LV00C;2013;2833;4259
LV00C;2014;3069;4391
LV00C;2015;3085;4375
LV00C;2016;3052;4342
LV00C;2017;3005;4318
LV00C;2018;2713;4397
LV00C;2019;2671;4313
LV00C;2020;2547;4314
LV00C;2021;2476;5131
LV00C;2022;2389;4623
LV00C;2023;2157;4401
ME;2000;9184;5412
ME;2001;8839;5431
ME;2002;8499;5513
ME;2003;8344;5704
ME;2004;7849;5707
ME;2005;7352;5839
ME;2006;7531;5968
ME;2007;7834;5979
ME;2008;8258;5708
ME;2009;8642;5862
ME;2010;7418;5633
ME;2011;7215;5847
ME;2012;7459;5922
ME;2013;7475;5917
ME;2014;7529;6014
ME;2015;7386;6329
ME;2016;7569;6464
ME;2017;7432;6523
ME;2018;7264;6504
ME;2019;7223;6595
ME;2020;7097;7293
ME;2021;7033;9152
ME;2022;7021;7068
ME;2023;7008;6327
ME000;2000;9184;5412
ME000;2001;8839;5431
ME000;2002;8499;5513
ME000;2003;8344;5704
ME000;2004;7849;5707
ME000;2005;7352;5839
ME000;2006;7531;5968
ME000;2007;7834;5979
ME000;2008;8258;5708
ME000;2009;8642;5862
ME000;2010;7418;5633
ME000;2011;7215;5847
ME000;2012;7459;5922
ME000;2013;7475;5917
ME000;2014;7529;6014
ME000;2015;7386;6329
ME000;2016;7569;6464
ME000;2017;7432;6523
ME000;2018;7264;6504
ME000;2019;7223;6595
ME000;2020;7097;7293
ME000;2021;7033;9152
ME000;2022;7021;7068
ME000;2023;7008;6327
MK;2000;26168;17085
MK;2001;24183;16790
MK;2002;24154;17866
MK;2003;23596;17813
MK;2004;23361;17944
MK;2005;22482;18406
MK;2006;22585;18630
MK;2007;22688;19594
MK;2008;22945;18982
MK;2009;23684;19060
MK;2010;24296;19113
MK;2011;22770;19465
MK;2012;23568;20134
MK;2013;23138;19208
MK;2014;23596;19718
MK;2015;23037;20461
MK;2016;23002;20417
MK;2017;21754;20318
MK;2018;21333;19727
MK;2019;19845;20446
MK;2020;19031;25723
MK;2021;18648;28516
MK;2022;18073;22459
MK;2023;16737;20187
MK001;2000;1585;1230
MK001;2001;1473;1235
MK001;2002;1449;1223
MK001;2003;1414;1213
MK001;2004;1495;1300
MK001;2005;1373;1385
MK001;2006;1358;1304
MK001;2007;1621;1719
MK001;2008;1662;1605
MK001;2009;1693;1613
MK001;2010;1721;1604
MK001;2011;1550;1600
MK001;2012;1739;1755
MK001;2013;1602;1676
MK001;2014;1601;1657
MK001;2015;1633;1807
MK001;2016;1633;1773
MK001;2017;1589;1679
MK001;2018;1482;1599
MK001;2019;1362;1734
MK001;2020;1241;2073
MK001;2021;1257;2365
MK001;2022;1214;1922
MK001;2023;1041;1661
MK002;2000;2248;1808
MK002;2001;2094;1910
MK002;2002;2080;1859
MK002;2003;2011;1988
MK002;2004;1978;1930
MK002;2005;1800;2037
MK002;2006;1871;2062
MK002;2007;1648;1887
MK002;2008;1664;1830
MK002;2009;1800;1897
MK002;2010;1778;1820
MK002;2011;1567;1907
MK002;2012;1656;1936
MK002;2013;1540;1851
MK002;2014;1615;1951
MK002;2015;1600;1875
MK002;2016;1549;1956
MK002;2017;1454;1942
MK002;2018;1390;1916
MK002;2019;1245;1980
MK002;2020;1166;2394
MK002;2021;1173;2691
MK002;2022;1184;2221
MK002;2023;974;2095
MK003;2000;2635;1830
MK003;2001;2506;1800
MK003;2002;2351;1840
MK003;2003;2407;1882
MK003;2004;2287;1902
MK003;2005;2213;1930
MK003;2006;2279;1936
MK003;2007;2185;2002
MK003;2008;2220;2041
MK003;2009;2122;1949
MK003;2010;2268;1918
MK003;2011;2186;1898
MK003;2012;2204;2024
MK003;2013;2115;1944
MK003;2014;2248;1909
MK003;2015;2165;1981
MK003;2016;2149;1993
MK003;2017;1970;2007
MK003;2018;1868;1924
MK003;2019;1728;2004
MK003;2020;1745;2499
MK003;2021;1664;2625
MK003;2022;1550;2147
MK003;2023;1502;1886
MK004;2000;2195;1505
MK004;2001;1962;1387
MK004;2002;2021;1489
MK004;2003;1999;1467
MK004;2004;1970;1486
MK004;2005;1819;1598
MK004;2006;1778;1579
MK004;2007;1851;1639
MK004;2008;1992;1631
MK004;2009;2018;1696
MK004;2010;2055;1728
MK004;2011;1805;1739
MK004;2012;1992;1747
MK004;2013;1920;1693
MK004;2014;1886;1764
MK004;2015;1905;1860
MK004;2016;1820;1764
MK004;2017;1705;1846
MK004;2018;1696;1756
MK004;2019;1479;1758
MK004;2020;1391;2193
MK004;2021;1283;2483
MK004;2022;1239;2104
MK004;2023;1178;1843
MK005;2000;2718;2765
MK005;2001;2480;2643
MK005;2002;2404;2961
MK005;2003;2381;2861
MK005;2004;2371;2924
MK005;2005;2379;2936
MK005;2006;2431;2901
MK005;2007;2388;3174
MK005;2008;2436;2936
MK005;2009;2627;2984
MK005;2010;2531;2985
MK005;2011;2309;3011
MK005;2012;2362;3089
MK005;2013;2244;2836
MK005;2014;2397;2945
MK005;2015;2299;3021
MK005;2016;2210;2910
MK005;2017;2142;3062
MK005;2018;1962;2914
MK005;2019;1849;2911
MK005;2020;1780;3747
MK005;2021;1741;3613
MK005;2022;1667;3026
MK005;2023;1605;2711
MK006;2000;4429;2023
MK006;2001;3910;2012
MK006;2002;3827;2283
MK006;2003;3758;2132
MK006;2004;3752;2158
MK006;2005;3602;2210
MK006;2006;3419;2117
MK006;2007;3623;2289
MK006;2008;3426;2269
MK006;2009;3534;2298
MK006;2010;3678;2252
MK006;2011;3599;2416
MK006;2012;3538;2380
MK006;2013;3643;2362
MK006;2014;3643;2237
MK006;2015;3547;2352
MK006;2016;3325;2393
MK006;2017;3294;2405
MK006;2018;3202;2365
MK006;2019;3028;2278
MK006;2020;2820;3357
MK006;2021;2762;3574
MK006;2022;2599;2342
MK006;2023;2311;2236
MK007;2000;2593;1533
MK007;2001;2192;1462
MK007;2002;2296;1544
MK007;2003;2278;1556
MK007;2004;2214;1521
MK007;2005;2014;1604
MK007;2006;1993;1601
MK007;2007;1987;1737
MK007;2008;1945;1601
MK007;2009;2066;1539
MK007;2010;2130;1653
MK007;2011;1941;1689
MK007;2012;2084;1705
MK007;2013;2006;1587
MK007;2014;2003;1604
MK007;2015;1870;1736
MK007;2016;1849;1653
MK007;2017;1844;1634
MK007;2018;1713;1622
MK007;2019;1595;1666
MK007;2020;1504;2118
MK007;2021;1512;2450
MK007;2022;1468;1738
MK007;2023;1379;1619
MK008;2000;7765;4391
MK008;2001;7566;4341
MK008;2002;7726;4667
MK008;2003;7348;4714
MK008;2004;7294;4723
MK008;2005;7282;4706
MK008;2006;7456;5130
MK008;2007;7385;5147
MK008;2008;7600;5069
MK008;2009;7824;5084
MK008;2010;8135;5153
MK008;2011;7813;5205
MK008;2012;7993;5498
MK008;2013;8062;5259
MK008;2014;8187;5651
MK008;2015;8018;5829
MK008;2016;8455;5975
MK008;2017;7744;5743
MK008;2018;8020;5631
MK008;2019;7559;6115
MK008;2020;7384;7341
MK008;2021;7256;8715
MK008;2022;7152;6959
MK008;2023;6747;6136
MT;2000;4255;2941
MT;2001;3859;2935
MT;2002;3805;3031
MT;2003;3902;3072
MT;2004;3887;3006
MT;2005;3858;3132
MT;2006;3779;3216
MT;2007;3765;3111
MT;2008;4013;3243
MT;2009;4029;3221
MT;2010;3898;3010
MT;2011;4165;3267
MT;2012;4130;3418
MT;2013;4032;3236
MT;2014;4191;3270
MT;2015;4325;3442
MT;2016;4476;3342
MT;2017;4319;3571
MT;2018;4444;3688
MT;2019;4350;3688
MT;2020;4414;4091
MT;2021;4395;4163
MT;2022;4309;4230
MT;2023;4462;4030
MT001;2000;3904;2681
MT001;2001;3568;2658
MT001;2002;3517;2796
MT001;2003;3597;2799
MT001;2004;3594;2706
MT001;2005;3580;2830
MT001;2006;3499;2935
MT001;2007;3506;2820
MT001;2008;3725;2997
MT001;2009;3793;2916
MT001;2010;3607;2749
MT001;2011;3881;2993
MT001;2012;3837;3130
MT001;2013;3748;2936
MT001;2014;3920;3033
MT001;2015;4030;3129
MT001;2016;4131;3067
MT001;2017;4033;3289
MT001;2018;4141;3390
MT001;2019;4040;3400
MT001;2020;4076;3763
MT001;2021;4056;3788
MT001;2022;3966;3884
MT001;2023;4129;3702
MT002;2000;351;276
MT002;2001;291;277
MT002;2002;288;235
MT002;2003;305;273
MT002;2004;293;300
MT002;2005;280;300
MT002;2006;280;281
MT002;2007;259;291
MT002;2008;288;246
MT002;2009;236;305
MT002;2010;291;261
MT002;2011;284;274
MT002;2012;293;288
MT002;2013;284;300
MT002;2014;271;237
MT002;2015;295;313
MT002;2016;345;275
MT002;2017;286;282
MT002;2018;303;298
MT002;2019;310;288
MT002;2020;338;328
MT002;2021;339;375
MT002;2022;343;346
MT002;2023;333;328
NL;2000;206619;140527
NL;2001;202603;140399
NL;2002;202110;142355
NL;2003;200297;141936
NL;2004;194007;136553
NL;2005;187910;136402
NL;2006;185057;135372
NL;2007;181336;133022
NL;2008;184634;135136
NL;2009;184915;134235
NL;2010;184397;136058
NL;2011;180060;135741
NL;2012;175959;140813
NL;2013;171341;141527
NL;2014;175181;139223
NL;2015;170510;147134
NL;2016;172520;148997
NL;2017;169836;150214
NL;2018;168525;153363
NL;2019;169680;151885
NL;2020;168681;168678
NL;2021;179441;170972
NL;2022;167504;170112
NL;2023;164487;169521
NL112;2000;600;547
NL112;2001;567;575
NL112;2002;558;550
NL112;2003;558;499
NL112;2004;541;523
NL112;2005;459;504
NL112;2006;494;484
NL112;2007;481;526
NL112;2008;466;503
NL112;2009;452;523
NL112;2010;466;548
NL112;2011;422;567
NL112;2012;432;557
NL112;2013;384;563
NL112;2014;401;559
NL112;2015;371;584
NL112;2016;425;590
NL112;2017;380;558
NL112;2018;343;574
NL112;2019;383;551
NL112;2020;344;557
NL112;2021;416;640
NL112;2022;356;589
NL112;2023;392;579
NL114;2000;1514;1605
NL114;2001;1539;1637
NL114;2002;1540;1576
NL114;2003;1441;1624
NL114;2004;1366;1478
NL114;2005;1337;1504
NL114;2006;1306;1501
NL114;2007;1263;1466
NL114;2008;1299;1571
NL114;2009;1357;1471
NL114;2010;1272;1569
NL114;2011;1251;1494
NL114;2012;1224;1530
NL114;2013;1176;1621
NL114;2014;1163;1544
NL114;2015;1120;1581
NL114;2016;1210;1672
NL114;2017;1062;1634
NL114;2018;1031;1699
NL114;2019;1073;1611
NL114;2020;1031;1662
NL114;2021;1078;1905
NL114;2022;1130;1775
NL114;2023;1005;1843
NL115;2000;4386;3306
NL115;2001;4520;3488
NL115;2002;4425;3424
NL115;2003;4439;3429
NL115;2004;4234;3310
NL115;2005;4147;3208
NL115;2006;4038;3273
NL115;2007;3933;3028
NL115;2008;4143;3204
NL115;2009;4101;3237
NL115;2010;3994;3214
NL115;2011;4180;3188
NL115;2012;3948;3373
NL115;2013;3766;3203
NL115;2014;3853;3222
NL115;2015;3838;3316
NL115;2016;3771;3321
NL115;2017;3650;3472
NL115;2018;3559;3377
NL115;2019;3586;3338
NL115;2020;3581;3497
NL115;2021;3812;3656
NL115;2022;3508;3828
NL115;2023;3446;3757
NL126;2000;2542;1871
NL126;2001;2481;1934
NL126;2002;2499;1899
NL126;2003;2418;1908
NL126;2004;2291;1828
NL126;2005;2290;1913
NL126;2006;2275;1994
NL126;2007;2192;1856
NL126;2008;2191;1890
NL126;2009;2117;1880
NL126;2010;2236;1837
NL126;2011;2091;1946
NL126;2012;1970;1913
NL126;2013;1720;1919
NL126;2014;1853;1753
NL126;2015;1737;1853
NL126;2016;1626;1971
NL126;2017;1678;1905
NL126;2018;1625;1912
NL126;2019;1654;1859
NL126;2020;1649;1961
NL126;2021;1767;1999
NL126;2022;1632;2150
NL126;2023;1566;2140
NL127;2000;3949;2938
NL127;2001;3977;2931
NL127;2002;4056;2945
NL127;2003;4056;2861
NL127;2004;3880;2832
NL127;2005;3759;2698
NL127;2006;3662;2889
NL127;2007;3582;2619
NL127;2008;3623;2650
NL127;2009;3676;2783
NL127;2010;3586;2802
NL127;2011;3342;2729
NL127;2012;3397;2913
NL127;2013;3150;2866
NL127;2014;3189;2829
NL127;2015;3037;2892
NL127;2016;3064;3016
NL127;2017;3053;3098
NL127;2018;2946;3098
NL127;2019;2984;3045
NL127;2020;2900;3082
NL127;2021;3220;3540
NL127;2022;2939;3378
NL127;2023;2947;3320
NL128;2000;1509;965
NL128;2001;1442;1035
NL128;2002;1445;1056
NL128;2003;1458;1024
NL128;2004;1380;978
NL128;2005;1328;995
NL128;2006;1296;1040
NL128;2007;1285;973
NL128;2008;1212;1034
NL128;2009;1316;961
NL128;2010;1190;949
NL128;2011;1222;931
NL128;2012;1135;1056
NL128;2013;1393;1314
NL128;2014;1269;1201
NL128;2015;1237;1314
NL128;2016;1327;1299
NL128;2017;1236;1261
NL128;2018;1208;1416
NL128;2019;1319;1352
NL128;2020;1292;1410
NL128;2021;1332;1530
NL128;2022;1230;1570
NL128;2023;1185;1573
NL131;2000;2172;1742
NL131;2001;2200;1673
NL131;2002;2200;1766
NL131;2003;2130;1740
NL131;2004;2001;1646
NL131;2005;1965;1662
NL131;2006;1917;1652
NL131;2007;1852;1695
NL131;2008;1909;1674
NL131;2009;1833;1687
NL131;2010;1789;1675
NL131;2011;1680;1793
NL131;2012;1693;1839
NL131;2013;1572;1786
NL131;2014;1637;1686
NL131;2015;1506;1948
NL131;2016;1608;1888
NL131;2017;1598;1995
NL131;2018;1575;2068
NL131;2019;1526;1987
NL131;2020;1603;2152
NL131;2021;1723;2184
NL131;2022;1577;2248
NL131;2023;1579;2208
NL132;2000;2000;1600
NL132;2001;2025;1600
NL132;2002;2000;1700
NL132;2003;1870;1588
NL132;2004;1796;1577
NL132;2005;1714;1587
NL132;2006;1725;1557
NL132;2007;1625;1568
NL132;2008;1618;1633
NL132;2009;1752;1726
NL132;2010;1577;1779
NL132;2011;1604;1684
NL132;2012;1467;1755
NL132;2013;1403;1710
NL132;2014;1411;1707
NL132;2015;1334;1761
NL132;2016;1415;1839
NL132;2017;1364;1836
NL132;2018;1299;1858
NL132;2019;1401;1843
NL132;2020;1363;1970
NL132;2021;1445;2084
NL132;2022;1355;2151
NL132;2023;1345;2065
NL133;2000;1661;1200
NL133;2001;1625;1135
NL133;2002;1572;1165
NL133;2003;1516;1167
NL133;2004;1523;1184
NL133;2005;1420;1100
NL133;2006;1371;1137
NL133;2007;1381;1129
NL133;2008;1387;1206
NL133;2009;1437;1111
NL133;2010;1384;1162
NL133;2011;1332;1190
NL133;2012;1246;1246
NL133;2013;1199;1293
NL133;2014;1253;1224
NL133;2015;1189;1266
NL133;2016;1185;1357
NL133;2017;1229;1371
NL133;2018;1118;1414
NL133;2019;1183;1313
NL133;2020;1169;1429
NL133;2021;1275;1608
NL133;2022;1104;1631
NL133;2023;1117;1522
NL211;2000;5100;2900
NL211;2001;4800;2743
NL211;2002;4840;2759
NL211;2003;4892;2783
NL211;2004;4611;2681
NL211;2005;4680;2666
NL211;2006;4558;2747
NL211;2007;4462;2584
NL211;2008;4516;2530
NL211;2009;4575;2628
NL211;2010;4522;2650
NL211;2011;4419;2662
NL211;2012;4466;2672
NL211;2013;4324;2727
NL211;2014;4319;2813
NL211;2015;4211;2853
NL211;2016;4250;2898
NL211;2017;4091;2960
NL211;2018;4081;3081
NL211;2019;4118;2942
NL211;2020;4092;3258
NL211;2021;4232;3278
NL211;2022;4127;3413
NL211;2023;3889;3265
NL212;2000;1865;1233
NL212;2001;1855;1366
NL212;2002;2025;1322
NL212;2003;1962;1280
NL212;2004;1882;1288
NL212;2005;1835;1242
NL212;2006;1750;1294
NL212;2007;1811;1246
NL212;2008;1802;1244
NL212;2009;1752;1309
NL212;2010;1759;1287
NL212;2011;1639;1204
NL212;2012;1651;1265
NL212;2013;1563;1314
NL212;2014;1570;1309
NL212;2015;1463;1338
NL212;2016;1559;1308
NL212;2017;1476;1428
NL212;2018;1484;1459
NL212;2019;1453;1476
NL212;2020;1489;1628
NL212;2021;1512;1584
NL212;2022;1532;1600
NL212;2023;1436;1624
NL213;2000;7968;5734
NL213;2001;7900;5700
NL213;2002;7800;5761
NL213;2003;8003;5837
NL213;2004;7605;5402
NL213;2005;7427;5474
NL213;2006;7359;5363
NL213;2007;7095;5092
NL213;2008;7093;5336
NL213;2009;6933;5314
NL213;2010;6899;5332
NL213;2011;6593;5369
NL213;2012;6250;5484
NL213;2013;6264;5712
NL213;2014;6205;5501
NL213;2015;6091;5794
NL213;2016;5919;5928
NL213;2017;5778;5866
NL213;2018;5613;5970
NL213;2019;5654;6060
NL213;2020;5518;6676
NL213;2021;5884;6826
NL213;2022;5642;6706
NL213;2023;5610;6638
NL221;2000;8400;5400
NL221;2001;8200;5400
NL221;2002;8200;5600
NL221;2003;8083;5735
NL221;2004;7916;5255
NL221;2005;7435;5478
NL221;2006;7613;5348
NL221;2007;7259;5179
NL221;2008;7581;5256
NL221;2009;7357;5319
NL221;2010;7382;5347
NL221;2011;7268;5309
NL221;2012;7129;5588
NL221;2013;7066;5608
NL221;2014;7123;5519
NL221;2015;7091;5762
NL221;2016;7238;6011
NL221;2017;7080;5922
NL221;2018;7150;6173
NL221;2019;7214;6279
NL221;2020;7304;6861
NL221;2021;7685;6880
NL221;2022;7248;7025
NL221;2023;6963;6787
NL224;2000;3356;1774
NL224;2001;3357;1800
NL224;2002;3251;1862
NL224;2003;3271;1837
NL224;2004;2917;1818
NL224;2005;2935;1775
NL224;2006;2849;1706
NL224;2007;2733;1685
NL224;2008;2672;1746
NL224;2009;2696;1747
NL224;2010;2636;1732
NL224;2011;2514;1760
NL224;2012;2331;1800
NL224;2013;2448;1761
NL224;2014;2448;1827
NL224;2015;2368;1951
NL224;2016;2428;1847
NL224;2017;2439;1969
NL224;2018;2445;1994
NL224;2019;2430;1967
NL224;2020;2542;2327
NL224;2021;2772;2366
NL224;2022;2528;2274
NL224;2023;2551;2159
NL225;2000;4815;3686
NL225;2001;4577;3633
NL225;2002;4708;3711
NL225;2003;4531;3727
NL225;2004;4416;3539
NL225;2005;4206;3771
NL225;2006;4169;3638
NL225;2007;4005;3562
NL225;2008;3865;3630
NL225;2009;3780;3701
NL225;2010;3650;3719
NL225;2011;3480;3660
NL225;2012;3334;3786
NL225;2013;3251;3840
NL225;2014;3266;3765
NL225;2015;3178;3957
NL225;2016;3144;3990
NL225;2017;3184;4146
NL225;2018;3098;4198
NL225;2019;3231;4223
NL225;2020;3205;4490
NL225;2021;3325;4726
NL225;2022;3119;4772
NL225;2023;3232;4687
NL226;2000;8788;6150
NL226;2001;8475;6012
NL226;2002;8671;6145
NL226;2003;8386;6201
NL226;2004;7986;5985
NL226;2005;7626;5689
NL226;2006;7582;5652
NL226;2007;7194;5713
NL226;2008;7577;5720
NL226;2009;7517;5633
NL226;2010;7474;5932
NL226;2011;7295;5846
NL226;2012;7041;6161
NL226;2013;6918;6117
NL226;2014;7020;5915
NL226;2015;6888;6220
NL226;2016;6689;6276
NL226;2017;6831;6580
NL226;2018;6654;6652
NL226;2019;6551;6610
NL226;2020;6834;7265
NL226;2021;6989;7315
NL226;2022;6668;7410
NL226;2023;6651;7324
NL230;2000;5064;1746
NL230;2001;5330;1775
NL230;2002;5347;1900
NL230;2003;5452;1982
NL230;2004;5302;1842
NL230;2005;5290;1946
NL230;2006;5179;2026
NL230;2007;5219;1976
NL230;2008;5101;1969
NL230;2009;5292;2025
NL230;2010;5310;2116
NL230;2011;5090;2172
NL230;2012;4991;2213
NL230;2013;4687;2247
NL230;2014;4924;2136
NL230;2015;4735;2260
NL230;2016;4706;2377
NL230;2017;4565;2282
NL230;2018;4793;2486
NL230;2019;4892;2469
NL230;2020;4871;2740
NL230;2021;5179;2945
NL230;2022;5099;2877
NL230;2023;4966;2912
NL321;2000;4822;2735
NL321;2001;4600;2700
NL321;2002;4437;2800
NL321;2003;4456;2730
NL321;2004;4378;2769
NL321;2005;4120;2721
NL321;2006;3913;2747
NL321;2007;3882;2860
NL321;2008;4000;2808
NL321;2009;3887;2678
NL321;2010;3959;2810
NL321;2011;3735;2861
NL321;2012;3662;2947
NL321;2013;3471;3025
NL321;2014;3629;3035
NL321;2015;3464;3242
NL321;2016;3570;3235
NL321;2017;3521;3348
NL321;2018;3402;3384
NL321;2019;3371;3429
NL321;2020;3411;3598
NL321;2021;3642;3889
NL321;2022;3568;3761
NL321;2023;3361;3962
NL323;2000;2100;1577
NL323;2001;2100;1600
NL323;2002;2148;1700
NL323;2003;2154;1837
NL323;2004;1990;1707
NL323;2005;1901;1691
NL323;2006;1902;1578
NL323;2007;1831;1647
NL323;2008;1880;1691
NL323;2009;1820;1662
NL323;2010;1822;1545
NL323;2011;1834;1737
NL323;2012;1789;1805
NL323;2013;1790;1804
NL323;2014;1790;1775
NL323;2015;1798;1883
NL323;2016;1840;1927
NL323;2017;1809;1906
NL323;2018;1737;1981
NL323;2019;1798;1918
NL323;2020;1853;2152
NL323;2021;1944;2135
NL323;2022;1824;2133
NL323;2023;1804;2279
NL325;2000;1928;1346
NL325;2001;2000;1300
NL325;2002;1949;1400
NL325;2003;1940;1337
NL325;2004;1847;1299
NL325;2005;1795;1320
NL325;2006;1715;1268
NL325;2007;1772;1303
NL325;2008;1787;1281
NL325;2009;1771;1390
NL325;2010;1761;1327
NL325;2011;1740;1339
NL325;2012;1706;1383
NL325;2013;1689;1396
NL325;2014;1777;1353
NL325;2015;1765;1503
NL325;2016;1897;1507
NL325;2017;1797;1466
NL325;2018;1799;1458
NL325;2019;1846;1390
NL325;2020;1703;1716
NL325;2021;1846;1605
NL325;2022;1711;1703
NL325;2023;1701;1643
NL327;2000;2800;2439
NL327;2001;2700;2400
NL327;2002;2800;2540
NL327;2003;2888;2545
NL327;2004;2721;2409
NL327;2005;2583;2423
NL327;2006;2548;2352
NL327;2007;2535;2397
NL327;2008;2423;2322
NL327;2009;2455;2402
NL327;2010;2505;2477
NL327;2011;2256;2417
NL327;2012;2232;2495
NL327;2013;1935;2508
NL327;2014;2124;2337
NL327;2015;2110;2482
NL327;2016;2061;2433
NL327;2017;2100;2412
NL327;2018;2228;2481
NL327;2019;2184;2441
NL327;2020;2165;2695
NL327;2021;2357;2713
NL327;2022;2204;2571
NL327;2023;2114;2731
NL328;2000;3025;1816
NL328;2001;2908;1793
NL328;2002;2811;1759
NL328;2003;2671;1804
NL328;2004;2686;1707
NL328;2005;2612;1775
NL328;2006;2511;1723
NL328;2007;2447;1719
NL328;2008;2553;1821
NL328;2009;2516;1810
NL328;2010;2507;1703
NL328;2011;2398;1753
NL328;2012;2343;1895
NL328;2013;2290;1889
NL328;2014;2376;1881
NL328;2015;2251;2038
NL328;2016;2284;2166
NL328;2017;2239;2042
NL328;2018;2270;2124
NL328;2019;2244;2072
NL328;2020;2252;2368
NL328;2021;2470;2432
NL328;2022;2192;2553
NL328;2023;2211;2525
NL32A;2000;2602;2348
NL32A;2001;2514;2374
NL32A;2002;2508;2315
NL32A;2003;2460;2218
NL32A;2004;2416;2272
NL32A;2005;2394;2208
NL32A;2006;2303;2109
NL32A;2007;2304;2082
NL32A;2008;2215;2155
NL32A;2009;2498;2057
NL32A;2010;2433;2074
NL32A;2011;2245;2086
NL32A;2012;2304;2232
NL32A;2013;2306;2236
NL32A;2014;2402;2125
NL32A;2015;2350;2388
NL32A;2016;2293;2348
NL32A;2017;2308;2360
NL32A;2018;2330;2328
NL32A;2019;2365;2272
NL32A;2020;2282;2463
NL32A;2021;2403;2461
NL32A;2022;2250;2526
NL32A;2023;2128;2472
NL32B;2000;16323;10196
NL32B;2001;16131;10133
NL32B;2002;16118;9986
NL32B;2003;16308;9934
NL32B;2004;16232;9299
NL32B;2005;16301;9400
NL32B;2006;15564;9292
NL32B;2007;15739;9016
NL32B;2008;15987;9221
NL32B;2009;16408;8849
NL32B;2010;16606;9038
NL32B;2011;16128;8908
NL32B;2012;15755;9361
NL32B;2013;15831;9288
NL32B;2014;15869;9111
NL32B;2015;15771;9496
NL32B;2016;15931;9660
NL32B;2017;15619;9332
NL32B;2018;15487;9668
NL32B;2019;15446;9564
NL32B;2020;15365;10489
NL32B;2021;16257;10737
NL32B;2022;14659;10644
NL32B;2023;14226;10465
NL341;2000;1200;1123
NL341;2001;1100;1167
NL341;2002;1062;1223
NL341;2003;1036;1159
NL341;2004;1068;1153
NL341;2005;983;1174
NL341;2006;1014;1123
NL341;2007;900;1146
NL341;2008;945;1128
NL341;2009;875;1034
NL341;2010;872;1186
NL341;2011;901;1160
NL341;2012;865;1169
NL341;2013;847;1185
NL341;2014;894;1097
NL341;2015;894;1268
NL341;2016;841;1179
NL341;2017;826;1244
NL341;2018;817;1210
NL341;2019;745;1221
NL341;2020;797;1304
NL341;2021;867;1367
NL341;2022;788;1376
NL341;2023;851;1362
NL342;2000;3300;2600
NL342;2001;3225;2600
NL342;2002;3200;2679
NL342;2003;3163;2500
NL342;2004;3020;2502
NL342;2005;2930;2521
NL342;2006;2803;2484
NL342;2007;2851;2399
NL342;2008;2962;2527
NL342;2009;2853;2467
NL342;2010;2825;2564
NL342;2011;2861;2510
NL342;2012;2770;2584
NL342;2013;2666;2642
NL342;2014;2755;2435
NL342;2015;2710;2662
NL342;2016;2618;2706
NL342;2017;2613;2700
NL342;2018;2561;2833
NL342;2019;2677;2713
NL342;2020;2627;2835
NL342;2021;2725;3366
NL342;2022;2688;3045
NL342;2023;2508;3057
NL350;2000;16586;9421
NL350;2001;16266;9381
NL350;2002;16541;9349
NL350;2003;16659;9404
NL350;2004;16207;9158
NL350;2005;15796;8941
NL350;2006;15829;8988
NL350;2007;15835;8559
NL350;2008;15861;8902
NL350;2009;15855;8863
NL350;2010;15823;9058
NL350;2011;15223;9107
NL350;2012;15274;9217
NL350;2013;14680;9425
NL350;2014;15209;9430
NL350;2015;14729;9813
NL350;2016;14896;9946
NL350;2017;14925;10068
NL350;2018;14763;10225
NL350;2019;14935;10176
NL350;2020;14776;11179
NL350;2021;15784;11323
NL350;2022;14229;11461
NL350;2023;14070;11557
NL361;2000;8996;7598
NL361;2001;8942;7654
NL361;2002;9498;7736
NL361;2003;9433;7561
NL361;2004;9713;7286
NL361;2005;9755;7146
NL361;2006;9702;6943
NL361;2007;9608;6834
NL361;2008;9925;6961
NL361;2009;10102;6584
NL361;2010;10289;6797
NL361;2011;10489;6644
NL361;2012;10336;6845
NL361;2013;9919;6561
NL361;2014;10264;6730
NL361;2015;10145;7004
NL361;2016;10256;7134
NL361;2017;9943;6916
NL361;2018;9896;7060
NL361;2019;9860;6997
NL361;2020;9394;7709
NL361;2021;9609;7789
NL361;2022;8962;7887
NL361;2023;9000;7518
NL362;2000;2871;1675
NL362;2001;2829;1663
NL362;2002;2446;1548
NL362;2003;2396;1574
NL362;2004;2304;1525
NL362;2005;2240;1550
NL362;2006;2236;1512
NL362;2007;2269;1543
NL362;2008;2281;1526
NL362;2009;2240;1609
NL362;2010;2173;1529
NL362;2011;2115;1589
NL362;2012;2084;1546
NL362;2013;2110;1642
NL362;2014;2076;1548
NL362;2015;2121;1693
NL362;2016;2209;1630
NL362;2017;2052;1725
NL362;2018;2149;1691
NL362;2019;2248;1642
NL362;2020;2166;1911
NL362;2021;2340;1869
NL362;2022;2156;1954
NL362;2023;2122;1897
NL363;2000;4972;3142
NL363;2001;4858;3192
NL363;2002;4880;3306
NL363;2003;4698;3111
NL363;2004;4606;3118
NL363;2005;4341;3054
NL363;2006;4313;3060
NL363;2007;4085;3091
NL363;2008;4275;3036
NL363;2009;4355;3198
NL363;2010;4406;3199
NL363;2011;4452;3163
NL363;2012;4191;3268
NL363;2013;4072;3347
NL363;2014;4176;3402
NL363;2015;3941;3383
NL363;2016;4054;3422
NL363;2017;4092;3479
NL363;2018;4079;3734
NL363;2019;4100;3588
NL363;2020;3996;3905
NL363;2021;4247;3933
NL363;2022;3937;3946
NL363;2023;3994;3999
NL364;2000;5308;3222
NL364;2001;4995;3269
NL364;2002;4777;3156
NL364;2003;4702;3115
NL364;2004;4690;3049
NL364;2005;4321;3116
NL364;2006;4375;2964
NL364;2007;4111;2941
NL364;2008;4355;2790
NL364;2009;4228;2976
NL364;2010;4244;3117
NL364;2011;4241;2899
NL364;2012;4261;3056
NL364;2013;4051;3004
NL364;2014;4282;2956
NL364;2015;3919;3231
NL364;2016;3870;3276
NL364;2017;3995;3297
NL364;2018;3915;3348
NL364;2019;3917;3340
NL364;2020;3854;3773
NL364;2021;4263;3884
NL364;2022;3973;3585
NL364;2023;3812;3586
NL365;2000;4537;2442
NL365;2001;4413;2242
NL365;2002;4315;2323
NL365;2003;4301;2339
NL365;2004;4066;2239
NL365;2005;3964;2228
NL365;2006;3798;2236
NL365;2007;3710;2238
NL365;2008;3749;2299
NL365;2009;3564;2213
NL365;2010;3453;1995
NL365;2011;3335;2064
NL365;2012;3114;2210
NL365;2013;3219;2339
NL365;2014;3404;2431
NL365;2015;3311;2566
NL365;2016;3324;2580
NL365;2017;3401;2557
NL365;2018;3410;2625
NL365;2019;3546;2708
NL365;2020;3587;2975
NL365;2021;3896;2918
NL365;2022;3673;3064
NL365;2023;3717;3071
NL366;2000;16830;12664
NL366;2001;16919;12510
NL366;2002;16810;12629
NL366;2003;16596;12803
NL366;2004;16231;12158
NL366;2005;15669;12115
NL366;2006;15524;12063
NL366;2007;15300;12078
NL366;2008;15993;11848
NL366;2009;16205;11638
NL366;2010;16428;11796
NL366;2011;16382;11783
NL366;2012;16432;12202
NL366;2013;15612;12031
NL366;2014;16147;11321
NL366;2015;15542;12080
NL366;2016;16011;12365
NL366;2017;15552;12532
NL366;2018;15458;12718
NL366;2019;15619;12596
NL366;2020;15601;14461
NL366;2021;16168;13895
NL366;2022;15157;13784
NL366;2023;14782;13689
NL411;2000;7254;5300
NL411;2001;6975;5200
NL411;2002;7100;5400
NL411;2003;6853;5218
NL411;2004;6596;5231
NL411;2005;6328;5237
NL411;2006;6307;5338
NL411;2007;6095;5265
NL411;2008;6317;5257
NL411;2009;6303;5307
NL411;2010;6373;5278
NL411;2011;6129;5285
NL411;2012;5921;5508
NL411;2013;5850;5536
NL411;2014;5951;5600
NL411;2015;5826;5866
NL411;2016;5912;5978
NL411;2017;5830;6056
NL411;2018;5780;6070
NL411;2019;5698;6074
NL411;2020;5602;6658
NL411;2021;6166;6768
NL411;2022;5686;6695
NL411;2023;5636;6761
NL414;2000;9139;5600
NL414;2001;8600;5528
NL414;2002;8750;5747
NL414;2003;8729;5848
NL414;2004;8232;5602
NL414;2005;7982;5678
NL414;2006;7856;5514
NL414;2007;7669;5577
NL414;2008;7826;5723
NL414;2009;7629;5653
NL414;2010;7619;5842
NL414;2011;7593;5921
NL414;2012;7295;6064
NL414;2013;7091;6131
NL414;2014;7324;6227
NL414;2015;7178;6590
NL414;2016;7231;6691
NL414;2017;7054;6696
NL414;2018;7103;6830
NL414;2019;7201;6786
NL414;2020;7150;7834
NL414;2021;7799;7560
NL414;2022;7211;7509
NL414;2023;7132;7684
NL415;2000;5885;3660
NL415;2001;5737;3751
NL415;2002;5530;3783
NL415;2003;5659;3746
NL415;2004;5286;3664
NL415;2005;5048;3565
NL415;2006;4952;3556
NL415;2007;4881;3612
NL415;2008;5089;3730
NL415;2009;4949;3601
NL415;2010;4979;3645
NL415;2011;4821;3744
NL415;2012;4639;3801
NL415;2013;4590;3820
NL415;2014;4626;3920
NL415;2015;4553;4068
NL415;2016;4663;4126
NL415;2017;4541;4275
NL415;2018;4606;4401
NL415;2019;4507;4228
NL415;2020;4536;5076
NL415;2021;5013;4815
NL415;2022;4630;4950
NL415;2023;4620;4875
NL416;2000;8198;4596
NL416;2001;8013;4721
NL416;2002;7798;4848
NL416;2003;7539;4877
NL416;2004;7318;4622
NL416;2005;6943;4698
NL416;2006;6892;4730
NL416;2007;6682;4563
NL416;2008;6755;4736
NL416;2009;6718;4723
NL416;2010;6574;4738
NL416;2011;6472;4825
NL416;2012;6172;5083
NL416;2013;6027;5058
NL416;2014;6352;5076
NL416;2015;5999;5414
NL416;2016;6201;5561
NL416;2017;6104;5675
NL416;2018;6003;5849
NL416;2019;6053;5798
NL416;2020;6125;6987
NL416;2021;6564;6522
NL416;2022;6289;6546
NL416;2023;6037;6751
NL421;2000;3300;2200
NL421;2001;3257;2200
NL421;2002;3300;2327
NL421;2003;3068;2293
NL421;2004;3079;2153
NL421;2005;2783;2288
NL421;2006;2834;2235
NL421;2007;2777;2215
NL421;2008;2635;2165
NL421;2009;2814;2155
NL421;2010;2628;2345
NL421;2011;2526;2177
NL421;2012;2564;2301
NL421;2013;2515;2380
NL421;2014;2410;2274
NL421;2015;2279;2562
NL421;2016;2512;2475
NL421;2017;2421;2540
NL421;2018;2456;2604
NL421;2019;2330;2659
NL421;2020;2323;2941
NL421;2021;2607;2903
NL421;2022;2411;2824
NL421;2023;2313;2957
NL422;2000;2479;1875
NL422;2001;2424;1966
NL422;2002;2400;1966
NL422;2003;2338;2089
NL422;2004;2288;1996
NL422;2005;2211;1999
NL422;2006;2116;1986
NL422;2007;1985;1981
NL422;2008;2073;2085
NL422;2009;2062;1958
NL422;2010;2105;2097
NL422;2011;1945;2075
NL422;2012;1976;2191
NL422;2013;1955;2238
NL422;2014;1880;2235
NL422;2015;1983;2450
NL422;2016;1991;2341
NL422;2017;1939;2379
NL422;2018;1839;2406
NL422;2019;1850;2435
NL422;2020;1909;2770
NL422;2021;2139;2968
NL422;2022;2003;2786
NL422;2023;2011;2802
NL423;2000;6453;6600
NL423;2001;6200;6665
NL423;2002;5823;6700
NL423;2003;5784;6672
NL423;2004;5386;6469
NL423;2005;5057;6342
NL423;2006;4907;6270
NL423;2007;4696;6059
NL423;2008;4693;6328
NL423;2009;4865;6353
NL423;2010;4887;6248
NL423;2011;4817;6190
NL423;2012;4569;6499
NL423;2013;4541;6441
NL423;2014;4560;6414
NL423;2015;4477;6802
NL423;2016;4491;6723
NL423;2017;4461;6926
NL423;2018;4415;6906
NL423;2019;4488;6913
NL423;2020;4420;7914
NL423;2021;4689;8054
NL423;2022;4509;7412
NL423;2023;4457;7475
NO;2000;59865;43930
NO;2001;57147;43894
NO;2002;55641;44426
NO;2003;56627;42409
NO;2004;57096;41070
NO;2005;56911;41148
NO;2006;58326;41149
NO;2007;58413;41869
NO;2008;60443;41633
NO;2009;61852;41358
NO;2010;61546;41499
NO;2011;60219;41393
NO;2012;60255;41992
NO;2013;58995;41282
NO;2014;59084;40394
NO;2015;59058;40727
NO;2016;58890;40726
NO;2017;56633;40774
NO;2018;55120;40840
NO;2019;54495;40684
NO;2020;52979;40611
NO;2021;56060;42002
NO;2022;51480;45774
NO;2023;51983;43803
NO020;2000;4128;4272
NO020;2001;3858;4333
NO020;2002;3764;4517
NO020;2003;3842;4213
NO020;2004;3629;4094
NO020;2005;3560;4086
NO020;2006;3660;4061
NO020;2007;3500;4001
NO020;2008;3717;4079
NO020;2009;3754;4160
NO020;2010;3643;4095
NO020;2011;3388;3941
NO020;2012;3470;4119
NO020;2013;3238;4058
NO020;2014;3301;3940
NO020;2015;3227;3901
NO020;2016;3238;3934
NO020;2017;3132;3897
NO020;2018;2994;3961
NO020;2019;3006;3855
NO020;2020;2909;3753
NO020;2021;2991;3916
NO020;2022;2960;4237
NO020;2023;2940;4099
NO060;2000;5169;3952
NO060;2001;4943;3796
NO060;2002;4800;4039
NO060;2003;4800;3771
NO060;2004;4830;3629
NO060;2005;4920;3672
NO060;2006;5050;3748
NO060;2007;5023;3710
NO060;2008;5271;3642
NO060;2009;5294;3599
NO060;2010;5365;3740
NO060;2011;5160;3705
NO060;2012;5106;3606
NO060;2013;5211;3557
NO060;2014;5175;3574
NO060;2015;5086;3540
NO060;2016;5101;3533
NO060;2017;4947;3639
NO060;2018;4703;3541
NO060;2019;4734;3623
NO060;2020;4571;3424
NO060;2021;4935;3629
NO060;2022;4595;4095
NO060;2023;4550;3811
NO071;2000;2800;2500
NO071;2001;2700;2600
NO071;2002;2600;2454
NO071;2003;2600;2400
NO071;2004;2600;2277
NO071;2005;2560;2340
NO071;2006;2450;2260
NO071;2007;2580;2426
NO071;2008;2553;2380
NO071;2009;2609;2245
NO071;2010;2521;2317
NO071;2011;2531;2308
NO071;2012;2477;2406
NO071;2013;2442;2367
NO071;2014;2382;2193
NO071;2015;2423;2281
NO071;2016;2334;2217
NO071;2017;2279;2260
NO071;2018;2178;2233
NO071;2019;2126;2251
NO071;2020;1995;2215
NO071;2021;2269;2246
NO071;2022;2049;2457
NO071;2023;2188;2434
NO072;2000;2100;1400
NO072;2001;1900;1400
NO072;2002;1800;1400
NO072;2003;1800;1400
NO072;2004;1800;1300
NO072;2005;1870;1320
NO072;2006;1950;1330
NO072;2007;1948;1325
NO072;2008;1942;1292
NO072;2009;1903;1346
NO072;2010;1930;1264
NO072;2011;1774;1302
NO072;2012;1793;1273
NO072;2013;1778;1294
NO072;2014;1750;1309
NO072;2015;1778;1302
NO072;2016;1743;1322
NO072;2017;1639;1301
NO072;2018;1688;1302
NO072;2019;1591;1384
NO072;2020;1527;1367
NO072;2021;1694;1373
NO072;2022;1487;1477
NO072;2023;1558;1342
NO073;2000;1100;700
NO073;2001;1000;700
NO073;2002;1000;700
NO073;2003;900;700
NO073;2004;900;600
NO073;2005;880;600
NO073;2006;910;650
NO073;2007;850;676
NO073;2008;886;637
NO073;2009;918;637
NO073;2010;845;677
NO073;2011;821;689
NO073;2012;783;625
NO073;2013;822;642
NO073;2014;757;661
NO073;2015;800;639
NO073;2016;799;645
NO073;2017;751;691
NO073;2018;710;652
NO073;2019;728;670
NO073;2020;692;634
NO073;2021;739;734
NO073;2022;648;773
NO073;2023;678;687
NO081;2000;7900;5270
NO081;2001;7700;5348
NO081;2002;7800;5270
NO081;2003;8300;4994
NO081;2004;8700;4854
NO081;2005;8970;4724
NO081;2006;9410;4674
NO081;2007;9444;4565
NO081;2008;9948;4553
NO081;2009;10254;4383
NO081;2010;10267;4308
NO081;2011;10168;4350
NO081;2012;10133;4362
NO081;2013;9874;4153
NO081;2014;10154;3956
NO081;2015;9899;4042
NO081;2016;10042;4038
NO081;2017;9548;3952
NO081;2018;9309;3894
NO081;2019;9343;3791
NO081;2020;9199;3868
NO081;2021;9563;4030
NO081;2022;8407;4152
NO081;2023;8561;4020
NO083;2000;3106;2655
NO083;2001;2974;2632
NO083;2002;2851;2638
NO083;2003;2858;2546
NO083;2004;2844;2506
NO083;2005;2751;2559
NO083;2006;2824;2530
NO083;2007;2820;2631
NO083;2008;2879;2634
NO083;2009;2943;2648
NO083;2010;2918;2647
NO083;2011;2874;2556
NO083;2012;2845;2652
NO083;2013;2806;2646
NO083;2014;2833;2644
NO083;2015;2798;2617
NO083;2016;2789;2576
NO083;2017;2744;2475
NO083;2018;2610;2598
NO083;2019;2658;2587
NO083;2020;2553;2609
NO083;2021;2719;2771
NO083;2022;2566;2950
NO083;2023;2653;2814
NO084;2000;7192;4112
NO084;2001;6885;4076
NO084;2002;6599;4085
NO084;2003;6615;3942
NO084;2004;6581;3880
NO084;2005;6367;3962
NO084;2006;6536;3917
NO084;2007;6528;4073
NO084;2008;6665;4078
NO084;2009;6813;4100
NO084;2010;6756;4099
NO084;2011;6655;4091
NO084;2012;6878;4295
NO084;2013;6668;4154
NO084;2014;6758;4202
NO084;2015;6825;4210
NO084;2016;6781;4218
NO084;2017;6605;4342
NO084;2018;6799;4433
NO084;2019;6726;4421
NO084;2020;6591;4468
NO084;2021;6983;4691
NO084;2022;6472;5167
NO084;2023;6577;4855
NO085;2000;2911;2118
NO085;2001;2787;2099
NO085;2002;2671;2104
NO085;2003;2677;2030
NO085;2004;2663;1998
NO085;2005;2576;2041
NO085;2006;2644;2017
NO085;2007;2641;2098
NO085;2008;2696;2100
NO085;2009;2756;2111
NO085;2010;2733;2111
NO085;2011;2692;2065
NO085;2012;2662;2090
NO085;2013;2517;2081
NO085;2014;2636;2017
NO085;2015;2566;2110
NO085;2016;2428;2014
NO085;2017;2501;2154
NO085;2018;2407;2004
NO085;2019;2373;2080
NO085;2020;2310;2129
NO085;2021;2421;2192
NO085;2022;2256;2340
NO085;2023;2304;2316
NO092;2000;3400;2519
NO092;2001;3200;2548
NO092;2002;3100;2466
NO092;2003;3000;2444
NO092;2004;3200;2390
NO092;2005;3080;2501
NO092;2006;3360;2388
NO092;2007;3315;2397
NO092;2008;3425;2411
NO092;2009;3586;2408
NO092;2010;3535;2419
NO092;2011;3449;2452
NO092;2012;3486;2444
NO092;2013;3424;2399
NO092;2014;3217;2267
NO092;2015;3323;2344
NO092;2016;3365;2319
NO092;2017;3136;2404
NO092;2018;3027;2491
NO092;2019;3000;2368
NO092;2020;2883;2394
NO092;2021;3050;2367
NO092;2022;2950;2600
NO092;2023;2898;2494
NO093;2000;2200;2268
NO093;2001;2165;2252
NO093;2002;2139;2282
NO093;2003;2302;2143
NO093;2004;2252;2102
NO093;2005;2298;2053
NO093;2006;2283;2077
NO093;2007;2313;2131
NO093;2008;2398;2123
NO093;2009;2418;2093
NO093;2010;2430;2067
NO093;2011;2424;2109
NO093;2012;2305;2109
NO093;2013;2301;2136
NO093;2014;2245;2125
NO093;2015;2345;2100
NO093;2016;2305;2157
NO093;2017;2220;2123
NO093;2018;2217;2119
NO093;2019;2165;2079
NO093;2020;2127;2037
NO093;2021;2176;2140
NO093;2022;2045;2374
NO093;2023;2041;2262
NO094;2000;1559;1852
NO094;2001;1535;1839
NO094;2002;1517;1864
NO094;2003;1633;1751
NO094;2004;1597;1718
NO094;2005;1629;1678
NO094;2006;1619;1698
NO094;2007;1640;1743
NO094;2008;1701;1736
NO094;2009;1716;1712
NO094;2010;1724;1691
NO094;2011;1719;1700
NO094;2012;1719;1821
NO094;2013;1658;1723
NO094;2014;1649;1688
NO094;2015;1531;1722
NO094;2016;1676;1669
NO094;2017;1500;1708
NO094;2018;1525;1638
NO094;2019;1464;1646
NO094;2020;1408;1650
NO094;2021;1457;1629
NO094;2022;1411;1848
NO094;2023;1451;1795
NO0A1;2000;5600;2969
NO0A1;2001;5300;2984
NO0A1;2002;5200;3126
NO0A1;2003;5400;2934
NO0A1;2004;5400;2886
NO0A1;2005;5450;2868
NO0A1;2006;5840;2908
NO0A1;2007;5761;3007
NO0A1;2008;6057;2936
NO0A1;2009;6263;2932
NO0A1;2010;6473;3061
NO0A1;2011;6234;3053
NO0A1;2012;6306;3086
NO0A1;2013;6186;3033
NO0A1;2014;6159;2912
NO0A1;2015;6128;2959
NO0A1;2016;6109;3038
NO0A1;2017;5917;2981
NO0A1;2018;5539;3049
NO0A1;2019;5381;3027
NO0A1;2020;5282;3117
NO0A1;2021;5569;3118
NO0A1;2022;5052;3504
NO0A1;2023;5112;3442
NO0A2;2000;7600;5050
NO0A2;2001;7200;4928
NO0A2;2002;7000;5083
NO0A2;2003;7000;4885
NO0A2;2004;7200;4721
NO0A2;2005;7190;4615
NO0A2;2006;7150;4667
NO0A2;2007;7239;4753
NO0A2;2008;7485;4724
NO0A2;2009;7631;4703
NO0A2;2010;7590;4776
NO0A2;2011;7475;4891
NO0A2;2012;7472;4872
NO0A2;2013;7324;4800
NO0A2;2014;7338;4686
NO0A2;2015;7553;4773
NO0A2;2016;7459;4806
NO0A2;2017;7037;4623
NO0A2;2018;6768;4707
NO0A2;2019;6660;4628
NO0A2;2020;6489;4766
NO0A2;2021;6824;4835
NO0A2;2022;6246;5349
NO0A2;2023;6129;5093
NO0A3;2000;3100;2293
NO0A3;2001;3000;2359
NO0A3;2002;2800;2398
NO0A3;2003;2900;2256
NO0A3;2004;2900;2115
NO0A3;2005;2800;2129
NO0A3;2006;2640;2224
NO0A3;2007;2811;2333
NO0A3;2008;2820;2308
NO0A3;2009;2994;2281
NO0A3;2010;2816;2227
NO0A3;2011;2855;2181
NO0A3;2012;2820;2232
NO0A3;2013;2746;2239
NO0A3;2014;2730;2220
NO0A3;2015;2776;2187
NO0A3;2016;2721;2240
NO0A3;2017;2677;2224
NO0A3;2018;2646;2218
NO0A3;2019;2540;2274
NO0A3;2020;2443;2180
NO0A3;2021;2670;2331
NO0A3;2022;2336;2451
NO0A3;2023;2343;2339
NO0B1;2000;0;0
NO0B1;2001;0;0
NO0B1;2002;0;0
NO0B1;2003;0;0
NO0B1;2004;0;0
NO0B1;2005;0;0
NO0B1;2006;0;0
NO0B1;2007;0;0
NO0B1;2008;0;0
NO0B1;2009;0;0
NO0B1;2010;0;0
NO0B1;2011;0;0
NO0B1;2012;0;0
NO0B1;2013;0;0
NO0B1;2014;0;0
NO0B1;2015;0;0
NO0B1;2016;0;0
NO0B1;2017;0;0
NO0B1;2018;0;0
NO0B1;2019;0;0
NO0B1;2020;0;0
NO0B1;2021;0;0
NO0B1;2022;0;0
NO0B1;2023;0;0
NO0B2;2000;0;0
NO0B2;2001;0;0
NO0B2;2002;0;0
NO0B2;2003;0;0
NO0B2;2004;0;0
NO0B2;2005;0;0
NO0B2;2006;0;0
NO0B2;2007;0;0
NO0B2;2008;0;0
NO0B2;2009;0;0
NO0B2;2010;0;0
NO0B2;2011;0;0
NO0B2;2012;0;0
NO0B2;2013;0;0
NO0B2;2014;0;0
NO0B2;2015;0;0
NO0B2;2016;0;0
NO0B2;2017;0;0
NO0B2;2018;0;0
NO0B2;2019;0;0
NO0B2;2020;0;0
NO0B2;2021;0;0
NO0B2;2022;0;0
NO0B2;2023;0;0
PL;2000;378348;368028
PL;2001;368205;363220
PL;2002;353765;359486
PL;2003;351072;365230
PL;2004;356131;363522
PL;2005;364383;368285
PL;2006;374244;369686
PL;2007;387873;377226
PL;2008;414499;379399
PL;2009;417589;384940
PL;2010;413300;378478
PL;2011;388416;375501
PL;2012;386257;384788
PL;2013;369576;387312
PL;2014;375160;376467
PL;2015;369308;394921
PL;2016;382257;388009
PL;2017;401982;402852
PL;2018;388178;414200
PL;2019;374954;409709
PL;2020;355309;477355
PL;2021;331511;519517
PL;2022;305132;448448
PL;2023;272451;409036
PL213;2000;5806;6907
PL213;2001;5813;6911
PL213;2002;5688;6645
PL213;2003;5914;6839
PL213;2004;6140;6738
PL213;2005;6436;7026
PL213;2006;6640;6919
PL213;2007;6755;7167
PL213;2008;7537;7116
PL213;2009;7889;7198
PL213;2010;7848;7081
PL213;2011;7417;6995
PL213;2012;7343;7334
PL213;2013;7372;7173
PL213;2014;7549;7061
PL213;2015;8013;7598
PL213;2016;8816;7151
PL213;2017;9170;7663
PL213;2018;9410;7835
PL213;2019;9454;7929
PL213;2020;9054;9119
PL213;2021;8671;9469
PL213;2022;8265;8632
PL213;2023;7528;7942
PL214;2000;7336;6315
PL214;2001;7027;6359
PL214;2002;6640;6090
PL214;2003;6491;6292
PL214;2004;6574;6170
PL214;2005;6739;6390
PL214;2006;6731;6102
PL214;2007;7212;6317
PL214;2008;7706;6373
PL214;2009;7944;6555
PL214;2010;7742;6345
PL214;2011;7729;6417
PL214;2012;7521;6479
PL214;2013;7377;6385
PL214;2014;7505;6227
PL214;2015;7536;6671
PL214;2016;7821;6492
PL214;2017;8179;6723
PL214;2018;8146;6675
PL214;2019;7772;6757
PL214;2020;7775;7971
PL214;2021;7293;8198
PL214;2022;6745;7389
PL214;2023;6197;6700
PL217;2000;5212;3730
PL217;2001;4838;3776
PL217;2002;4695;3718
PL217;2003;4528;3990
PL217;2004;4493;3629
PL217;2005;4446;3893
PL217;2006;4397;3926
PL217;2007;4495;4087
PL217;2008;4967;4015
PL217;2009;4920;4002
PL217;2010;4775;4004
PL217;2011;4552;4030
PL217;2012;4677;4027
PL217;2013;4476;4001
PL217;2014;4386;3911
PL217;2015;4293;4184
PL217;2016;4404;4069
PL217;2017;4746;4213
PL217;2018;4703;4267
PL217;2019;4421;4438
PL217;2020;4225;5337
PL217;2021;3902;5651
PL217;2022;3729;4860
PL217;2023;3257;4337
PL218;2000;7042;3857
PL218;2001;6767;3927
PL218;2002;6356;3935
PL218;2003;6304;3953
PL218;2004;6124;3996
PL218;2005;6159;3912
PL218;2006;6255;4022
PL218;2007;6302;3950
PL218;2008;6758;4210
PL218;2009;6790;4090
PL218;2010;6872;4125
PL218;2011;6522;4160
PL218;2012;6377;4257
PL218;2013;6232;4355
PL218;2014;6246;4293
PL218;2015;6112;4285
PL218;2016;6354;4407
PL218;2017;6678;4465
PL218;2018;6644;4505
PL218;2019;6453;4693
PL218;2020;6171;5673
PL218;2021;5747;5892
PL218;2022;5252;5114
PL218;2023;4897;4743
PL219;2000;4143;2741
PL219;2001;3958;2601
PL219;2002;3666;2587
PL219;2003;3585;2757
PL219;2004;3548;2728
PL219;2005;3645;2748
PL219;2006;3464;2705
PL219;2007;3758;2772
PL219;2008;3982;2859
PL219;2009;3951;2769
PL219;2010;3882;2822
PL219;2011;3785;2815
PL219;2012;3670;2930
PL219;2013;3531;2916
PL219;2014;3435;2793
PL219;2015;3512;3068
PL219;2016;3656;3066
PL219;2017;3823;2950
PL219;2018;3653;3157
PL219;2019;3663;3121
PL219;2020;3449;3704
PL219;2021;3282;3928
PL219;2022;3094;3303
PL219;2023;2970;3048
PL21A;2000;5579;4953
PL21A;2001;5376;5022
PL21A;2002;5256;4830
PL21A;2003;5057;4884
PL21A;2004;5099;4962
PL21A;2005;5052;4996
PL21A;2006;5165;5023
PL21A;2007;5549;5137
PL21A;2008;5902;5154
PL21A;2009;5792;5226
PL21A;2010;5930;5256
PL21A;2011;5519;5310
PL21A;2012;5529;5561
PL21A;2013;5319;5447
PL21A;2014;5298;5326
PL21A;2015;5255;5578
PL21A;2016;5280;5531
PL21A;2017;5565;5838
PL21A;2018;5308;6028
PL21A;2019;5183;6043
PL21A;2020;4686;7003
PL21A;2021;4390;7587
PL21A;2022;3997;6658
PL21A;2023;3474;6007
PL224;2000;4928;5878
PL224;2001;4659;5968
PL224;2002;4518;5820
PL224;2003;4533;5839
PL224;2004;4419;5767
PL224;2005;4485;6002
PL224;2006;4528;5841
PL224;2007;4691;6219
PL224;2008;4963;6111
PL224;2009;5175;6006
PL224;2010;5110;6125
PL224;2011;4734;5818
PL224;2012;4617;5936
PL224;2013;4478;6154
PL224;2014;4300;5919
PL224;2015;4177;6155
PL224;2016;4291;6151
PL224;2017;4471;6410
PL224;2018;4243;6493
PL224;2019;4074;6244
PL224;2020;3937;7248
PL224;2021;3454;7930
PL224;2022;3381;6851
PL224;2023;2914;6334
PL225;2000;6598;5927
PL225;2001;6248;5915
PL225;2002;5925;5785
PL225;2003;5901;6063
PL225;2004;6039;5701
PL225;2005;6217;6039
PL225;2006;6470;5820
PL225;2007;6707;6160
PL225;2008;7091;6123
PL225;2009;7264;6469
PL225;2010;7258;6326
PL225;2011;7009;6398
PL225;2012;6896;6469
PL225;2013;6669;6290
PL225;2014;6789;6287
PL225;2015;6685;6701
PL225;2016;6794;6701
PL225;2017;7158;7070
PL225;2018;6886;7128
PL225;2019;6530;7028
PL225;2020;6240;8392
PL225;2021;5828;9253
PL225;2022;5309;7714
PL225;2023;4524;7198
PL227;2000;6199;5308
PL227;2001;5920;5125
PL227;2002;5924;4960
PL227;2003;5750;5146
PL227;2004;5969;5277
PL227;2005;5976;5088
PL227;2006;6355;5282
PL227;2007;6357;5514
PL227;2008;6841;5539
PL227;2009;6909;5569
PL227;2010;6942;5534
PL227;2011;6583;5563
PL227;2012;6514;5957
PL227;2013;6209;6039
PL227;2014;6351;5811
PL227;2015;6117;6282
PL227;2016;6291;5918
PL227;2017;6626;6160
PL227;2018;6147;6508
PL227;2019;5877;6545
PL227;2020;5489;7626
PL227;2021;4847;8705
PL227;2022;4470;7382
PL227;2023;3902;6509
PL228;2000;4164;4713
PL228;2001;4035;4661
PL228;2002;3773;4377
PL228;2003;3715;4464
PL228;2004;3808;4530
PL228;2005;3835;4634
PL228;2006;3952;4548
PL228;2007;4109;4777
PL228;2008;4378;4691
PL228;2009;4552;4862
PL228;2010;4538;4623
PL228;2011;4221;4760
PL228;2012;4277;4857
PL228;2013;4063;4815
PL228;2014;3947;4739
PL228;2015;3768;5038
PL228;2016;3910;4841
PL228;2017;4303;5070
PL228;2018;3852;5101
PL228;2019;3875;5086
PL228;2020;3608;6046
PL228;2021;3382;6443
PL228;2022;2926;5634
PL228;2023;2534;5146
PL229;2000;4277;4711
PL229;2001;4259;4609
PL229;2002;3878;4501
PL229;2003;3906;4484
PL229;2004;4065;4639
PL229;2005;4164;4728
PL229;2006;4491;4633
PL229;2007;4442;4710
PL229;2008;4873;4876
PL229;2009;4869;4849
PL229;2010;4875;4718
PL229;2011;4493;4794
PL229;2012;4567;4868
PL229;2013;4380;4865
PL229;2014;4333;4788
PL229;2015;4250;4929
PL229;2016;4420;4861
PL229;2017;4658;5060
PL229;2018;4470;5280
PL229;2019;4162;5185
PL229;2020;4009;5916
PL229;2021;3493;6447
PL229;2022;3264;5610
PL229;2023;2918;4991
PL22A;2000;6669;8664
PL22A;2001;6428;8757
PL22A;2002;6334;8568
PL22A;2003;6380;8577
PL22A;2004;6541;8668
PL22A;2005;6600;8735
PL22A;2006;6885;8792
PL22A;2007;7191;8961
PL22A;2008;7636;8878
PL22A;2009;7816;9096
PL22A;2010;7751;8817
PL22A;2011;7153;8795
PL22A;2012;7142;8885
PL22A;2013;6972;8971
PL22A;2014;6942;8601
PL22A;2015;6803;9131
PL22A;2016;6988;8613
PL22A;2017;7422;9075
PL22A;2018;7223;9085
PL22A;2019;6775;9170
PL22A;2020;6256;10529
PL22A;2021;5784;11344
PL22A;2022;5138;9702
PL22A;2023;4748;9072
PL22B;2000;5810;7832
PL22B;2001;5625;7966
PL22B;2002;5485;7782
PL22B;2003;5547;8086
PL22B;2004;5641;7988
PL22B;2005;5798;8092
PL22B;2006;5957;8374
PL22B;2007;6287;8264
PL22B;2008;6830;8549
PL22B;2009;6680;8500
PL22B;2010;6704;8291
PL22B;2011;6259;8350
PL22B;2012;6276;8625
PL22B;2013;5806;8696
PL22B;2014;5700;8272
PL22B;2015;5584;8652
PL22B;2016;5754;8358
PL22B;2017;5795;8821
PL22B;2018;5483;8748
PL22B;2019;5136;8652
PL22B;2020;4842;9933
PL22B;2021;4450;11146
PL22B;2022;4010;9645
PL22B;2023;3428;8632
PL22C;2000;3588;2956
PL22C;2001;3574;3030
PL22C;2002;3497;2975
PL22C;2003;3424;2916
PL22C;2004;3652;3021
PL22C;2005;3688;2997
PL22C;2006;3820;3046
PL22C;2007;4074;3131
PL22C;2008;4382;3249
PL22C;2009;4595;3222
PL22C;2010;4636;3285
PL22C;2011;4351;3231
PL22C;2012;4276;3431
PL22C;2013;4252;3326
PL22C;2014;4358;3414
PL22C;2015;4227;3533
PL22C;2016;4294;3515
PL22C;2017;4538;3738
PL22C;2018;4292;3816
PL22C;2019;4079;3856
PL22C;2020;3770;4364
PL22C;2021;3498;4884
PL22C;2022;3099;4156
PL22C;2023;2673;3841
PL411;2000;4602;3633
PL411;2001;4454;3526
PL411;2002;4407;3375
PL411;2003;4385;3605
PL411;2004;4381;3645
PL411;2005;4444;3492
PL411;2006;4576;3641
PL411;2007;4926;3606
PL411;2008;5107;3590
PL411;2009;5123;3801
PL411;2010;4900;3592
PL411;2011;4420;3643
PL411;2012;4422;3698
PL411;2013;4195;3872
PL411;2014;4113;3747
PL411;2015;4109;4058
PL411;2016;4182;3983
PL411;2017;4436;3941
PL411;2018;4153;4151
PL411;2019;3977;4061
PL411;2020;3791;4744
PL411;2021;3334;5266
PL411;2022;3025;4577
PL411;2023;2750;4173
PL414;2000;7195;6061
PL414;2001;6905;5862
PL414;2002;6716;5869
PL414;2003;6436;5986
PL414;2004;6580;5904
PL414;2005;6736;5937
PL414;2006;6973;5952
PL414;2007;7278;5980
PL414;2008;7766;6025
PL414;2009;7743;6107
PL414;2010;7675;6063
PL414;2011;7059;5948
PL414;2012;7061;6116
PL414;2013;6615;6185
PL414;2014;6751;5997
PL414;2015;6395;6439
PL414;2016;6648;6259
PL414;2017;6880;6354
PL414;2018;6696;6866
PL414;2019;6498;6488
PL414;2020;5983;7845
PL414;2021;5609;8162
PL414;2022;5177;7345
PL414;2023;4620;6816
PL415;2000;4619;5910
PL415;2001;4693;5776
PL415;2002;4322;5551
PL415;2003;4829;5617
PL415;2004;4857;5554
PL415;2005;5274;5280
PL415;2006;5557;5534
PL415;2007;5581;5568
PL415;2008;6060;5678
PL415;2009;6176;5515
PL415;2010;6045;5634
PL415;2011;5839;5396
PL415;2012;5797;5678
PL415;2013;5671;5772
PL415;2014;5663;5560
PL415;2015;5669;5817
PL415;2016;6159;5616
PL415;2017;6420;5632
PL415;2018;6240;5864
PL415;2019;5997;5701
PL415;2020;5805;6598
PL415;2021;5522;7043
PL415;2022;4859;6268
PL415;2023;4387;5823
PL416;2000;7166;6657
PL416;2001;6979;6819
PL416;2002;6800;6522
PL416;2003;6599;6331
PL416;2004;6458;6381
PL416;2005;6974;6351
PL416;2006;6989;6269
PL416;2007;7192;6538
PL416;2008;7684;6306
PL416;2009;7663;6576
PL416;2010;7590;6312
PL416;2011;7093;6416
PL416;2012;6911;6564
PL416;2013;6877;6675
PL416;2014;6938;6271
PL416;2015;6797;6928
PL416;2016;6923;6528
PL416;2017;7321;6879
PL416;2018;6922;7200
PL416;2019;6717;6997
PL416;2020;6353;8186
PL416;2021;6018;8602
PL416;2022;5481;7745
PL416;2023;5088;7070
PL417;2000;6059;5033
PL417;2001;5949;4824
PL417;2002;5686;4762
PL417;2003;5815;4778
PL417;2004;5691;4786
PL417;2005;5977;4854
PL417;2006;6090;4883
PL417;2007;6366;4784
PL417;2008;6893;4918
PL417;2009;6837;5026
PL417;2010;6925;4871
PL417;2011;6361;4777
PL417;2012;6314;4738
PL417;2013;6140;4904
PL417;2014;6200;4694
PL417;2015;6167;4999
PL417;2016;6307;4940
PL417;2017;6795;5276
PL417;2018;6566;5417
PL417;2019;6288;5501
PL417;2020;6113;6402
PL417;2021;5522;6982
PL417;2022;5113;5854
PL417;2023;4568;5414
PL418;2000;5484;4517
PL418;2001;5639;4322
PL418;2002;5182;4393
PL418;2003;5363;4406
PL418;2004;5608;4354
PL418;2005;5894;4320
PL418;2006;6255;4593
PL418;2007;6771;4541
PL418;2008;7415;4629
PL418;2009;7340;4643
PL418;2010;7774;4565
PL418;2011;7310;4575
PL418;2012;7328;4742
PL418;2013;7063;4884
PL418;2014;7335;4788
PL418;2015;7623;4928
PL418;2016;8018;5001
PL418;2017;8598;5179
PL418;2018;8201;5623
PL418;2019;7982;5505
PL418;2020;7840;6238
PL418;2021;7507;7041
PL418;2022;6823;6236
PL418;2023;6119;5838
PL424;2000;3298;3960
PL424;2001;3173;3871
PL424;2002;3091;3988
PL424;2003;3275;3952
PL424;2004;3327;4031
PL424;2005;3422;3947
PL424;2006;3411;4094
PL424;2007;3701;4263
PL424;2008;3986;4190
PL424;2009;3848;4337
PL424;2010;3744;4155
PL424;2011;3455;4136
PL424;2012;3546;4231
PL424;2013;3362;4262
PL424;2014;3572;4148
PL424;2015;3561;4440
PL424;2016;3723;4281
PL424;2017;3941;4607
PL424;2018;3861;4956
PL424;2019;3669;4749
PL424;2020;3504;5351
PL424;2021;3423;6087
PL424;2022;3227;5387
PL424;2023;2852;4928
PL426;2000;3548;2857
PL426;2001;3412;2765
PL426;2002;3256;2849
PL426;2003;3249;2926
PL426;2004;3344;3053
PL426;2005;3266;3058
PL426;2006;3439;3089
PL426;2007;3543;3173
PL426;2008;3661;3253
PL426;2009;3658;3217
PL426;2010;3632;3279
PL426;2011;3407;3222
PL426;2012;3365;3294
PL426;2013;3144;3420
PL426;2014;3199;3337
PL426;2015;3090;3549
PL426;2016;3302;3560
PL426;2017;3470;3638
PL426;2018;3278;3736
PL426;2019;3146;3800
PL426;2020;2873;4451
PL426;2021;2645;4939
PL426;2022;2320;4169
PL426;2023;2133;3939
PL427;2000;4426;3789
PL427;2001;4365;3549
PL427;2002;4490;3934
PL427;2003;4433;3905
PL427;2004;4475;4092
PL427;2005;4566;4050
PL427;2006;4567;4240
PL427;2007;4682;4112
PL427;2008;4941;4429
PL427;2009;4902;4307
PL427;2010;4662;4464
PL427;2011;4241;4197
PL427;2012;4256;4395
PL427;2013;4076;4527
PL427;2014;4036;4233
PL427;2015;3839;4454
PL427;2016;3873;4461
PL427;2017;3938;4583
PL427;2018;3604;4653
PL427;2019;3405;4795
PL427;2020;3228;5327
PL427;2021;2934;5839
PL427;2022;2623;5119
PL427;2023;2311;4665
PL428;2000;5609;4412
PL428;2001;5434;4311
PL428;2002;4880;4067
PL428;2003;4739;4122
PL428;2004;4780;4073
PL428;2005;4854;4212
PL428;2006;4994;4234
PL428;2007;5182;4269
PL428;2008;5603;4449
PL428;2009;5440;4510
PL428;2010;5302;4631
PL428;2011;4899;4594
PL428;2012;4803;4576
PL428;2013;4843;4777
PL428;2014;4723;4561
PL428;2015;4598;4823
PL428;2016;4790;4745
PL428;2017;4927;4960
PL428;2018;4646;5212
PL428;2019;4394;5126
PL428;2020;4125;5906
PL428;2021;3848;6383
PL428;2022;3484;5752
PL428;2023;3151;5164
PL431;2000;3640;3194
PL431;2001;3740;3105
PL431;2002;3534;3117
PL431;2003;3581;3246
PL431;2004;3732;3218
PL431;2005;3913;3393
PL431;2006;4034;3541
PL431;2007;4046;3489
PL431;2008;4385;3524
PL431;2009;4428;3626
PL431;2010;4166;3493
PL431;2011;4039;3541
PL431;2012;4005;3590
PL431;2013;3762;3730
PL431;2014;3708;3560
PL431;2015;3580;3765
PL431;2016;3683;3764
PL431;2017;3851;3796
PL431;2018;3573;4184
PL431;2019;3484;4209
PL431;2020;3237;4783
PL431;2021;2911;5313
PL431;2022;2650;4407
PL431;2023;2429;4187
PL432;2000;6372;5700
PL432;2001;6249;5467
PL432;2002;5906;5529
PL432;2003;5698;5780
PL432;2004;6125;5707
PL432;2005;6002;5742
PL432;2006;6389;5734
PL432;2007;6750;5963
PL432;2008;6966;6048
PL432;2009;7071;6154
PL432;2010;6773;5995
PL432;2011;6382;6107
PL432;2012;6362;6017
PL432;2013;5975;6316
PL432;2014;6008;5993
PL432;2015;5840;6391
PL432;2016;6051;6191
PL432;2017;6449;6489
PL432;2018;5894;6797
PL432;2019;5552;6861
PL432;2020;5397;7842
PL432;2021;5014;8518
PL432;2022;4440;7248
PL432;2023;4070;6553
PL514;2000;4567;6191
PL514;2001;4588;5819
PL514;2002;4236;5761
PL514;2003;4506;5990
PL514;2004;4722;6104
PL514;2005;4979;6091
PL514;2006;5485;6404
PL514;2007;5636;6471
PL514;2008;6274;6542
PL514;2009;6378;6876
PL514;2010;6554;6397
PL514;2011;6250;6321
PL514;2012;6126;6487
PL514;2013;6089;6501
PL514;2014;6587;6506
PL514;2015;6457;6896
PL514;2016;7106;6460
PL514;2017;7178;6892
PL514;2018;7566;7084
PL514;2019;7487;6926
PL514;2020;7254;7878
PL514;2021;7147;8505
PL514;2022;6734;7663
PL514;2023;5711;6902
PL515;2000;5552;5912
PL515;2001;5426;5894
PL515;2002;5125;5862
PL515;2003;5077;5842
PL515;2004;5170;5986
PL515;2005;5274;6078
PL515;2006;5266;6211
PL515;2007;5510;6116
PL515;2008;5883;6414
PL515;2009;5688;6623
PL515;2010;5571;6085
PL515;2011;5089;6090
PL515;2012;5053;6335
PL515;2013;4594;6398
PL515;2014;4808;6229
PL515;2015;4713;6500
PL515;2016;4667;6327
PL515;2017;4834;6657
PL515;2018;4475;6905
PL515;2019;4282;6859
PL515;2020;4029;7706
PL515;2021;3637;8357
PL515;2022;3383;7401
PL515;2023;2847;6512
PL516;2000;4565;3688
PL516;2001;4380;3740
PL516;2002;4356;3684
PL516;2003;4075;3774
PL516;2004;4230;3737
PL516;2005;4456;3887
PL516;2006;4608;3847
PL516;2007;4771;3989
PL516;2008;5023;4001
PL516;2009;4947;4064
PL516;2010;4981;4119
PL516;2011;4561;4002
PL516;2012;4491;4331
PL516;2013;4181;4332
PL516;2014;4343;4162
PL516;2015;4229;4421
PL516;2016;4328;4393
PL516;2017;4427;4595
PL516;2018;4240;4766
PL516;2019;3998;4665
PL516;2020;3769;5458
PL516;2021;3555;5848
PL516;2022;3161;5102
PL516;2023;2804;4651
PL517;2000;6082;7717
PL517;2001;6125;7357
PL517;2002;5763;7503
PL517;2003;5612;7590
PL517;2004;5733;7746
PL517;2005;5882;7672
PL517;2006;5816;7749
PL517;2007;6137;8041
PL517;2008;6519;8218
PL517;2009;6584;8027
PL517;2010;6240;7990
PL517;2011;5896;7793
PL517;2012;5691;8122
PL517;2013;5332;8110
PL517;2014;5576;7964
PL517;2015;5115;8313
PL517;2016;5125;8135
PL517;2017;5454;8338
PL517;2018;5057;8457
PL517;2019;4810;8551
PL517;2020;4498;9744
PL517;2021;4053;10479
PL517;2022;3802;9352
PL517;2023;3177;8352
PL518;2000;5296;4780
PL518;2001;5177;4662
PL518;2002;4959;4646
PL518;2003;4689;4768
PL518;2004;5060;4829
PL518;2005;5128;4875
PL518;2006;5377;4871
PL518;2007;5537;5198
PL518;2008;6148;5290
PL518;2009;6229;5282
PL518;2010;6203;5130
PL518;2011;5864;5190
PL518;2012;5878;5171
PL518;2013;5609;5157
PL518;2014;5860;5049
PL518;2015;5744;5410
PL518;2016;6226;5251
PL518;2017;6508;5556
PL518;2018;6452;5779
PL518;2019;6345;5718
PL518;2020;6163;6795
PL518;2021;6039;7173
PL518;2022;5647;6567
PL518;2023;4985;5792
PL523;2000;3795;3838
PL523;2001;3664;3767
PL523;2002;3378;3756
PL523;2003;3300;3875
PL523;2004;3348;3700
PL523;2005;3434;3892
PL523;2006;3401;3915
PL523;2007;3483;3992
PL523;2008;3804;4028
PL523;2009;3822;3953
PL523;2010;3669;4074
PL523;2011;3452;3994
PL523;2012;3457;4118
PL523;2013;3047;4187
PL523;2014;3162;3986
PL523;2015;2950;4306
PL523;2016;3201;4115
PL523;2017;3259;4428
PL523;2018;3185;4329
PL523;2019;2979;4316
PL523;2020;2751;4959
PL523;2021;2555;5351
PL523;2022;2257;4764
PL523;2023;2107;4301
PL524;2000;5574;5540
PL524;2001;5263;5367
PL524;2002;5074;5532
PL524;2003;4847;5574
PL524;2004;4856;5492
PL524;2005;5062;5579
PL524;2006;5059;5506
PL524;2007;5010;5630
PL524;2008;5373;5781
PL524;2009;5458;5765
PL524;2010;5494;5808
PL524;2011;5234;5725
PL524;2012;5482;6062
PL524;2013;5180;6080
PL524;2014;5431;5822
PL524;2015;5339;6162
PL524;2016;5433;5891
PL524;2017;5824;6452
PL524;2018;5411;6378
PL524;2019;5514;6378
PL524;2020;5200;7757
PL524;2021;4730;7835
PL524;2022;4531;6980
PL524;2023;4070;6323
PL613;2000;6941;6678
PL613;2001;7048;6524
PL613;2002;6713;6586
PL613;2003;6747;6753
PL613;2004;6813;6674
PL613;2005;7063;6690
PL613;2006;7290;6764
PL613;2007;7619;7051
PL613;2008;8090;7123
PL613;2009;7987;7175
PL613;2010;7992;7252
PL613;2011;7435;6902
PL613;2012;7423;7297
PL613;2013;7126;7347
PL613;2014;7283;7167
PL613;2015;7158;7265
PL613;2016;7613;7344
PL613;2017;7823;7689
PL613;2018;7463;8073
PL613;2019;7366;8025
PL613;2020;6856;9243
PL613;2021;6442;10248
PL613;2022;5822;8786
PL613;2023;5184;8076
PL616;2000;4479;3914
PL616;2001;4338;3751
PL616;2002;4099;3742
PL616;2003;4099;3723
PL616;2004;4031;3563
PL616;2005;4090;3816
PL616;2006;4342;3773
PL616;2007;4376;3912
PL616;2008;4790;3865
PL616;2009;4667;3925
PL616;2010;4580;3930
PL616;2011;4266;3667
PL616;2012;4205;3860
PL616;2013;3964;3935
PL616;2014;4047;3705
PL616;2015;3746;3950
PL616;2016;3828;3889
PL616;2017;4139;3957
PL616;2018;3924;4326
PL616;2019;3773;4121
PL616;2020;3433;4701
PL616;2021;3186;5368
PL616;2022;2958;4638
PL616;2023;2613;4137
PL617;2000;3901;3565
PL617;2001;3776;3435
PL617;2002;3650;3309
PL617;2003;3646;3375
PL617;2004;3633;3371
PL617;2005;3652;3437
PL617;2006;3755;3501
PL617;2007;3920;3604
PL617;2008;4088;3543
PL617;2009;4139;3545
PL617;2010;4014;3508
PL617;2011;3764;3530
PL617;2012;3657;3535
PL617;2013;3506;3556
PL617;2014;3466;3521
PL617;2015;3335;3520
PL617;2016;3327;3581
PL617;2017;3652;3700
PL617;2018;3390;4030
PL617;2019;3308;3916
PL617;2020;3131;4551
PL617;2021;2839;4990
PL617;2022;2495;4219
PL617;2023;2258;3883
PL618;2000;2163;1713
PL618;2001;2115;1624
PL618;2002;2025;1647
PL618;2003;2032;1748
PL618;2004;1966;1707
PL618;2005;2099;1656
PL618;2006;2094;1676
PL618;2007;2196;1729
PL618;2008;2429;1647
PL618;2009;2317;1737
PL618;2010;2239;1708
PL618;2011;2015;1679
PL618;2012;2074;1712
PL618;2013;1992;1745
PL618;2014;1950;1659
PL618;2015;1837;1739
PL618;2016;1892;1828
PL618;2017;1986;1830
PL618;2018;1958;1901
PL618;2019;1880;1894
PL618;2020;1717;2130
PL618;2021;1565;2375
PL618;2022;1458;2040
PL618;2023;1299;1990
PL619;2000;4026;3857
PL619;2001;3742;3804
PL619;2002;3656;3752
PL619;2003;3610;3642
PL619;2004;3625;3814
PL619;2005;3552;3811
PL619;2006;3661;3908
PL619;2007;3703;4031
PL619;2008;3856;3849
PL619;2009;3949;4007
PL619;2010;3771;4055
PL619;2011;3491;3885
PL619;2012;3405;4032
PL619;2013;3265;3902
PL619;2014;3285;3976
PL619;2015;3114;4049
PL619;2016;3180;3883
PL619;2017;3300;4076
PL619;2018;3131;4299
PL619;2019;3015;4140
PL619;2020;2876;4840
PL619;2021;2677;5291
PL619;2022;2328;4501
PL619;2023;2168;4237
PL621;2000;6167;4600
PL621;2001;6065;4539
PL621;2002;5640;4520
PL621;2003;5630;4491
PL621;2004;5582;4677
PL621;2005;5579;4706
PL621;2006;5736;4790
PL621;2007;5930;4893
PL621;2008;6206;4804
PL621;2009;6265;4981
PL621;2010;6017;4973
PL621;2011;5581;4867
PL621;2012;5501;5193
PL621;2013;5207;5258
PL621;2014;5188;4995
PL621;2015;4876;5191
PL621;2016;5022;5290
PL621;2017;5364;5410
PL621;2018;5095;5714
PL621;2019;4856;5558
PL621;2020;4448;6370
PL621;2021;3893;7081
PL621;2022;3667;6051
PL621;2023;3055;5291
PL622;2000;6311;4865
PL622;2001;6226;5116
PL622;2002;6105;5035
PL622;2003;5896;5129
PL622;2004;5979;5138
PL622;2005;6147;5292
PL622;2006;6337;5294
PL622;2007;6525;5445
PL622;2008;6845;5437
PL622;2009;6891;5649
PL622;2010;6657;5441
PL622;2011;6229;5482
PL622;2012;5999;5596
PL622;2013;5714;5992
PL622;2014;6045;5584
PL622;2015;5490;5935
PL622;2016;5811;5994
PL622;2017;6293;6142
PL622;2018;5926;6335
PL622;2019;5410;6291
PL622;2020;5200;7027
PL622;2021;4524;7979
PL622;2022;4209;6827
PL622;2023;3694;6313
PL623;2000;3134;2312
PL623;2001;3067;2354
PL623;2002;3057;2443
PL623;2003;2970;2405
PL623;2004;2952;2457
PL623;2005;3050;2423
PL623;2006;3021;2516
PL623;2007;3161;2582
PL623;2008;3288;2570
PL623;2009;3382;2557
PL623;2010;3097;2528
PL623;2011;2940;2591
PL623;2012;2830;2626
PL623;2013;2703;2673
PL623;2014;2725;2519
PL623;2015;2755;2732
PL623;2016;2610;2794
PL623;2017;2876;2871
PL623;2018;2666;2924
PL623;2019;2645;3045
PL623;2020;2460;3358
PL623;2021;2122;3779
PL623;2022;2037;3256
PL623;2023;1738;2990
PL633;2000;6189;6970
PL633;2001;6349;6764
PL633;2002;6016;6883
PL633;2003;6372;6946
PL633;2004;6471;7111
PL633;2005;6630;6966
PL633;2006;6896;7122
PL633;2007;7185;7480
PL633;2008;7689;7404
PL633;2009;7767;7317
PL633;2010;7546;7141
PL633;2011;6944;7241
PL633;2012;7028;7561
PL633;2013;6881;7581
PL633;2014;7182;7588
PL633;2015;7487;7915
PL633;2016;8092;7869
PL633;2017;8149;8111
PL633;2018;8083;8390
PL633;2019;8075;8173
PL633;2020;7546;9085
PL633;2021;7347;9967
PL633;2022;6581;9126
PL633;2023;5958;8065
PL634;2000;5845;3189
PL634;2001;5768;3306
PL634;2002;5611;3263
PL634;2003;5569;3314
PL634;2004;5840;3446
PL634;2005;5987;3405
PL634;2006;6155;3443
PL634;2007;6575;3592
PL634;2008;7211;3735
PL634;2009;7121;3736
PL634;2010;7403;3741
PL634;2011;7120;3604
PL634;2012;7153;3936
PL634;2013;6811;3786
PL634;2014;6952;3821
PL634;2015;7075;3986
PL634;2016;7495;4240
PL634;2017;8262;4312
PL634;2018;7803;4551
PL634;2019;7834;4657
PL634;2020;7408;5488
PL634;2021;7122;5898
PL634;2022;6350;5393
PL634;2023;6092;5030
PL636;2000;3775;2693
PL636;2001;3704;2634
PL636;2002;3435;2619
PL636;2003;3420;2680
PL636;2004;3358;2663
PL636;2005;3384;2836
PL636;2006;3596;2836
PL636;2007;3697;2924
PL636;2008;4032;2893
PL636;2009;3873;2953
PL636;2010;3766;2903
PL636;2011;3509;2897
PL636;2012;3431;3093
PL636;2013;3382;3006
PL636;2014;3446;3026
PL636;2015;3231;3073
PL636;2016;3339;3235
PL636;2017;3608;3289
PL636;2018;3520;3331
PL636;2019;3190;3396
PL636;2020;3090;3885
PL636;2021;2854;4255
PL636;2022;2613;3725
PL636;2023;2382;3334
PL637;2000;2678;1678
PL637;2001;2626;1635
PL637;2002;2605;1602
PL637;2003;2510;1635
PL637;2004;2517;1690
PL637;2005;2589;1690
PL637;2006;2718;1719
PL637;2007;2792;1888
PL637;2008;3017;1809
PL637;2009;3015;1868
PL637;2010;2902;1828
PL637;2011;2661;1753
PL637;2012;2565;1947
PL637;2013;2426;1837
PL637;2014;2488;1862
PL637;2015;2442;2001
PL637;2016;2590;1867
PL637;2017;2778;1961
PL637;2018;2647;2035
PL637;2019;2616;2097
PL637;2020;2414;2480
PL637;2021;2261;2620
PL637;2022;2051;2463
PL637;2023;1836;2220
PL638;2000;4931;3553
PL638;2001;4944;3441
PL638;2002;4617;3526
PL638;2003;4542;3515
PL638;2004;4643;3396
PL638;2005;4840;3605
PL638;2006;4894;3646
PL638;2007;5225;3682
PL638;2008;5481;3733
PL638;2009;5567;3782
PL638;2010;5273;3706
PL638;2011;4825;3837
PL638;2012;4875;3936
PL638;2013;4438;3874
PL638;2014;4542;3829
PL638;2015;4361;4060
PL638;2016;4349;3934
PL638;2017;4684;3977
PL638;2018;4445;4088
PL638;2019;4326;4127
PL638;2020;4037;4725
PL638;2021;3751;5332
PL638;2022;3398;4749
PL638;2023;2858;4296
PL711;2000;5439;10969
PL711;2001;5561;10841
PL711;2002;5443;10367
PL711;2003;5557;10342
PL711;2004;5790;10290
PL711;2005;5851;10525
PL711;2006;5916;10842
PL711;2007;6008;10860
PL711;2008;6540;10686
PL711;2009;6892;10592
PL711;2010;6551;10171
PL711;2011;6258;10369
PL711;2012;6040;10255
PL711;2013;5690;10325
PL711;2014;5935;9813
PL711;2015;5771;10186
PL711;2016;6143;9663
PL711;2017;6273;10055
PL711;2018;6192;10014
PL711;2019;5850;9678
PL711;2020;5735;10982
PL711;2021;5429;12090
PL711;2022;5162;10351
PL711;2023;4601;9469
PL712;2000;3241;4521
PL712;2001;3083;4434
PL712;2002;2947;4392
PL712;2003;2954;4332
PL712;2004;3140;4184
PL712;2005;3179;4343
PL712;2006;3343;4453
PL712;2007;3441;4582
PL712;2008;3574;4455
PL712;2009;3759;4505
PL712;2010;3806;4538
PL712;2011;3620;4485
PL712;2012;3657;4595
PL712;2013;3353;4580
PL712;2014;3407;4337
PL712;2015;3523;4501
PL712;2016;3474;4464
PL712;2017;3586;4576
PL712;2018;3541;4732
PL712;2019;3321;4529
PL712;2020;3157;5421
PL712;2021;3051;5804
PL712;2022;2832;5177
PL712;2023;2594;4737
PL713;2000;6231;6868
PL713;2001;5880;6626
PL713;2002;5986;6462
PL713;2003;5674;6691
PL713;2004;5769;6533
PL713;2005;5917;6628
PL713;2006;6051;6572
PL713;2007;6315;6691
PL713;2008;6729;6655
PL713;2009;6621;6856
PL713;2010;6511;6834
PL713;2011;5937;6573
PL713;2012;6075;6684
PL713;2013;5623;6723
PL713;2014;5674;6388
PL713;2015;5465;6864
PL713;2016;5529;6690
PL713;2017;5858;6776
PL713;2018;5685;6953
PL713;2019;5269;6804
PL713;2020;5016;8243
PL713;2021;4566;8443
PL713;2022;4191;7427
PL713;2023;3793;6619
PL714;2000;4861;5145
PL714;2001;4475;5102
PL714;2002;4417;4985
PL714;2003;4240;5152
PL714;2004;4397;5082
PL714;2005;4210;5233
PL714;2006;4453;5090
PL714;2007;4493;5308
PL714;2008;4801;5198
PL714;2009;4825;5386
PL714;2010;4827;5116
PL714;2011;4475;5065
PL714;2012;4455;5257
PL714;2013;4264;5170
PL714;2014;4186;4973
PL714;2015;4031;5204
PL714;2016;4261;5103
PL714;2017;4510;5303
PL714;2018;4169;5239
PL714;2019;4054;5179
PL714;2020;3853;5958
PL714;2021;3582;6122
PL714;2022;3268;5508
PL714;2023;2893;5182
PL715;2000;3697;4458
PL715;2001;3553;4484
PL715;2002;3353;4381
PL715;2003;3351;4350
PL715;2004;3377;4374
PL715;2005;3447;4544
PL715;2006;3632;4386
PL715;2007;3612;4559
PL715;2008;3868;4504
PL715;2009;3955;4577
PL715;2010;3831;4562
PL715;2011;3662;4324
PL715;2012;3624;4561
PL715;2013;3490;4453
PL715;2014;3502;4216
PL715;2015;3323;4370
PL715;2016;3387;4293
PL715;2017;3555;4462
PL715;2018;3430;4651
PL715;2019;3150;4419
PL715;2020;3130;5203
PL715;2021;2939;5556
PL715;2022;2710;4894
PL715;2023;2502;4353
PL721;2000;7483;7527
PL721;2001;7297;7382
PL721;2002;6864;7499
PL721;2003;6810;7491
PL721;2004;6799;7435
PL721;2005;6886;7646
PL721;2006;6913;7798
PL721;2007;7332;7864
PL721;2008;7660;7973
PL721;2009;7867;7815
PL721;2010;7605;7877
PL721;2011;7112;7839
PL721;2012;7102;8031
PL721;2013;6614;8219
PL721;2014;6625;7922
PL721;2015;6508;8431
PL721;2016;6513;8300
PL721;2017;6796;8476
PL721;2018;6698;8680
PL721;2019;6308;8757
PL721;2020;5807;10537
PL721;2021;5452;11211
PL721;2022;5120;9544
PL721;2023;4483;8716
PL722;2000;5129;5850
PL722;2001;5072;6074
PL722;2002;4916;5980
PL722;2003;4728;6161
PL722;2004;4475;5914
PL722;2005;4591;5974
PL722;2006;4436;6005
PL722;2007;4639;5845
PL722;2008;5076;5918
PL722;2009;4874;5982
PL722;2010;4840;6129
PL722;2011;4488;5886
PL722;2012;4408;5926
PL722;2013;4106;5974
PL722;2014;4131;5705
PL722;2015;4071;5978
PL722;2016;4097;5648
PL722;2017;4119;5854
PL722;2018;4023;5939
PL722;2019;3912;5737
PL722;2020;3681;6772
PL722;2021;3265;7189
PL722;2022;3037;6243
PL722;2023;2755;5668
PL811;2000;3733;3564
PL811;2001;3462;3384
PL811;2002;3237;3421
PL811;2003;3187;3440
PL811;2004;3171;3350
PL811;2005;3245;3385
PL811;2006;3300;3359
PL811;2007;3275;3454
PL811;2008;3422;3406
PL811;2009;3488;3471
PL811;2010;3428;3358
PL811;2011;3256;3368
PL811;2012;3244;3201
PL811;2013;2930;3403
PL811;2014;3046;3236
PL811;2015;2934;3243
PL811;2016;3017;3201
PL811;2017;3151;3342
PL811;2018;3041;3518
PL811;2019;2832;3375
PL811;2020;2604;3973
PL811;2021;2365;4468
PL811;2022;2152;3495
PL811;2023;1971;3229
PL812;2000;6860;7422
PL812;2001;6804;7264
PL812;2002;6108;7401
PL812;2003;6204;7314
PL812;2004;6192;7397
PL812;2005;6119;7444
PL812;2006;6130;7316
PL812;2007;6272;7416
PL812;2008;6686;7319
PL812;2009;6617;7601
PL812;2010;6318;7260
PL812;2011;5933;7285
PL812;2012;5912;7068
PL812;2013;5483;7206
PL812;2014;5355;6878
PL812;2015;5281;7097
PL812;2016;5170;6954
PL812;2017;5398;7320
PL812;2018;5172;7290
PL812;2019;4885;7168
PL812;2020;4542;8395
PL812;2021;4162;9436
PL812;2022;3804;7731
PL812;2023;3274;7074
PL814;2000;6873;6908
PL814;2001;6776;6798
PL814;2002;6392;6648
PL814;2003;6664;6684
PL814;2004;6539;6830
PL814;2005;6910;7038
PL814;2006;7048;6777
PL814;2007;7159;7014
PL814;2008;7533;7274
PL814;2009;7627;7094
PL814;2010;7549;6980
PL814;2011;7318;7080
PL814;2012;7165;6984
PL814;2013;6831;6895
PL814;2014;6824;6827
PL814;2015;7032;6924
PL814;2016;6982;6866
PL814;2017;7503;7365
PL814;2018;7354;7411
PL814;2019;7201;7154
PL814;2020;6818;8543
PL814;2021;6283;9700
PL814;2022;5832;7996
PL814;2023;5162;7408
PL815;2000;5645;5334
PL815;2001;5419;5394
PL815;2002;5089;5260
PL815;2003;5206;5369
PL815;2004;4892;5220
PL815;2005;5072;5315
PL815;2006;5018;5226
PL815;2007;5089;5439
PL815;2008;5368;5429
PL815;2009;5232;5537
PL815;2010;5340;5439
PL815;2011;4856;5248
PL815;2012;4893;5309
PL815;2013;4494;5345
PL815;2014;4603;5166
PL815;2015;4468;5552
PL815;2016;4497;5263
PL815;2017;4846;5400
PL815;2018;4534;5463
PL815;2019;4368;5318
PL815;2020;4070;6333
PL815;2021;3831;7013
PL815;2022;3430;5702
PL815;2023;3085;5199
PL821;2000;5624;4263
PL821;2001;5158;4210
PL821;2002;5017;4204
PL821;2003;4735;4177
PL821;2004;4687;4230
PL821;2005;4863;4347
PL821;2006;4764;4069
PL821;2007;4868;4198
PL821;2008;5148;4204
PL821;2009;5067;4235
PL821;2010;5162;4226
PL821;2011;4779;4211
PL821;2012;4801;4339
PL821;2013;4663;4293
PL821;2014;4454;4173
PL821;2015;4248;4543
PL821;2016;4334;4381
PL821;2017;4662;4416
PL821;2018;4632;4523
PL821;2019;4274;4702
PL821;2020;4021;5474
PL821;2021;3592;6076
PL821;2022;3449;5195
PL821;2023;2954;4537
PL822;2000;4517;3869
PL822;2001;4258;3801
PL822;2002;4080;3745
PL822;2003;4058;3711
PL822;2004;3875;3807
PL822;2005;3922;3896
PL822;2006;3852;3674
PL822;2007;3978;3713
PL822;2008;4253;3834
PL822;2009;4253;3866
PL822;2010;4039;3770
PL822;2011;3886;3832
PL822;2012;3759;3724
PL822;2013;3686;3730
PL822;2014;3591;3693
PL822;2015;3558;3913
PL822;2016;3486;3729
PL822;2017;3890;3880
PL822;2018;3711;3909
PL822;2019;3542;3864
PL822;2020;3359;4871
PL822;2021;2980;5024
PL822;2022;2803;4087
PL822;2023;2504;3788
PL823;2000;6706;5040
PL823;2001;6290;5106
PL823;2002;6090;5124
PL823;2003;5970;5112
PL823;2004;6005;4952
PL823;2005;5964;5103
PL823;2006;5904;4861
PL823;2007;6175;4986
PL823;2008;6595;5125
PL823;2009;6773;5440
PL823;2010;6649;5132
PL823;2011;6557;5144
PL823;2012;6792;5227
PL823;2013;6476;5276
PL823;2014;6504;5211
PL823;2015;6265;5495
PL823;2016;6824;5416
PL823;2017;7262;5535
PL823;2018;7314;5533
PL823;2019;7061;5750
PL823;2020;6867;6910
PL823;2021;6397;7646
PL823;2022;5958;6327
PL823;2023;5359;5771
PL824;2000;6737;4957
PL824;2001;6430;4919
PL824;2002;6126;4897
PL824;2003;5756;4923
PL824;2004;5966;4976
PL824;2005;5776;4943
PL824;2006;5761;4959
PL824;2007;5946;5013
PL824;2008;6228;5062
PL824;2009;6275;5134
PL824;2010;6140;5160
PL824;2011;5908;5027
PL824;2012;5712;5112
PL824;2013;5548;5294
PL824;2014;5404;5284
PL824;2015;5495;5468
PL824;2016;5618;5577
PL824;2017;6113;5496
PL824;2018;5876;5671
PL824;2019;5736;5713
PL824;2020;5333;6890
PL824;2021;4960;7754
PL824;2022;4602;6326
PL824;2023;4060;5609
PL841;2000;4503;4778
PL841;2001;4393;4543
PL841;2002;4317;4567
PL841;2003;4327;4666
PL841;2004;4257;4687
PL841;2005;4469;4714
PL841;2006;4472;4640
PL841;2007;4567;4541
PL841;2008;5011;4593
PL841;2009;5153;4731
PL841;2010;5056;4614
PL841;2011;4789;4530
PL841;2012;4783;4643
PL841;2013;4674;4765
PL841;2014;4865;4750
PL841;2015;4839;4958
PL841;2016;5103;4894
PL841;2017;5560;4995
PL841;2018;5477;5225
PL841;2019;5218;4979
PL841;2020;5060;5847
PL841;2021;4860;6828
PL841;2022;4402;5454
PL841;2023;3985;4932
PL842;2000;4481;4527
PL842;2001;4197;4461
PL842;2002;4020;4345
PL842;2003;3750;4426
PL842;2004;3672;4523
PL842;2005;3782;4555
PL842;2006;3851;4585
PL842;2007;3802;4569
PL842;2008;4014;4493
PL842;2009;4230;4692
PL842;2010;4045;4589
PL842;2011;3793;4504
PL842;2012;3777;4592
PL842;2013;3460;4627
PL842;2014;3703;4495
PL842;2015;3476;4677
PL842;2016;3591;4633
PL842;2017;3745;4739
PL842;2018;3693;4868
PL842;2019;3591;4705
PL842;2020;3263;5390
PL842;2021;3030;6087
PL842;2022;2808;4970
PL842;2023;2544;4368
PL843;2000;3096;2497
PL843;2001;3011;2639
PL843;2002;2928;2528
PL843;2003;2715;2643
PL843;2004;2763;2518
PL843;2005;2758;2585
PL843;2006;2722;2654
PL843;2007;2827;2632
PL843;2008;2920;2555
PL843;2009;2819;2742
PL843;2010;2827;2611
PL843;2011;2573;2613
PL843;2012;2601;2621
PL843;2013;2485;2760
PL843;2014;2461;2605
PL843;2015;2510;2667
PL843;2016;2679;2744
PL843;2017;2749;2792
PL843;2018;2620;2876
PL843;2019;2533;2817
PL843;2020;2234;3385
PL843;2021;2222;3810
PL843;2022;1940;3040
PL843;2023;1751;2753
PL911;2000;11594;17550
PL911;2001;11543;17290
PL911;2002;12075;17370
PL911;2003;12731;17816
PL911;2004;13990;17464
PL911;2005;15135;17612
PL911;2006;16403;17363
PL911;2007;17325;17442
PL911;2008;18523;17795
PL911;2009;18848;18212
PL911;2010;19680;17668
PL911;2011;18863;17586
PL911;2012;18795;18460
PL911;2013;18438;18722
PL911;2014;19511;17959
PL911;2015;19905;18592
PL911;2016;20980;18512
PL911;2017;21315;19118
PL911;2018;21276;19673
PL911;2019;21364;19083
PL911;2020;20669;22181
PL911;2021;19756;24016
PL911;2022;18081;20501
PL911;2023;15566;19125
PL912;2000;5426;5119
PL912;2001;5491;5224
PL912;2002;5124;4968
PL912;2003;5216;5159
PL912;2004;5378;4994
PL912;2005;5600;5190
PL912;2006;6041;5208
PL912;2007;6543;5255
PL912;2008;6952;5358
PL912;2009;7153;5380
PL912;2010;7361;5357
PL912;2011;6944;5339
PL912;2012;7182;5304
PL912;2013;6891;5273
PL912;2014;6940;5324
PL912;2015;7021;5699
PL912;2016;7480;5580
PL912;2017;7649;6116
PL912;2018;7630;6143
PL912;2019;7449;6166
PL912;2020;7240;7180
PL912;2021;6919;7921
PL912;2022;6483;6828
PL912;2023;5777;6465
PL913;2000;4409;4981
PL913;2001;4488;4724
PL913;2002;4252;4915
PL913;2003;4569;4938
PL913;2004;4744;4798
PL913;2005;4992;4787
PL913;2006;5444;4932
PL913;2007;5849;5152
PL913;2008;6440;5233
PL913;2009;6533;5183
PL913;2010;6860;5121
PL913;2011;6469;5135
PL913;2012;6400;5308
PL913;2013;6174;5151
PL913;2014;6586;5403
PL913;2015;6773;5416
PL913;2016;7102;5619
PL913;2017;7199;5946
PL913;2018;7057;6332
PL913;2019;6939;6199
PL913;2020;6756;7162
PL913;2021;6689;7999
PL913;2022;6471;7039
PL913;2023;5814;6587
PL921;2000;6983;6260
PL921;2001;6709;6299
PL921;2002;6479;6126
PL921;2003;6248;6499
PL921;2004;6363;6227
PL921;2005;6378;6192
PL921;2006;6387;6395
PL921;2007;6491;6474
PL921;2008;6825;6392
PL921;2009;7080;6737
PL921;2010;6973;6703
PL921;2011;6321;6523
PL921;2012;6323;6698
PL921;2013;6023;6691
PL921;2014;6048;6568
PL921;2015;5867;6752
PL921;2016;5939;6681
PL921;2017;6409;6807
PL921;2018;6077;6988
PL921;2019;5834;6861
PL921;2020;5446;8048
PL921;2021;4998;8654
PL921;2022;4530;7085
PL921;2023;4349;6652
PL922;2000;3890;3669
PL922;2001;3788;3566
PL922;2002;3786;3517
PL922;2003;3527;3657
PL922;2004;3433;3555
PL922;2005;3357;3703
PL922;2006;3674;3684
PL922;2007;3637;3723
PL922;2008;3867;3757
PL922;2009;3933;3953
PL922;2010;3752;3757
PL922;2011;3639;3809
PL922;2012;3535;3740
PL922;2013;3419;3926
PL922;2014;3492;3857
PL922;2015;3363;3785
PL922;2016;3415;3716
PL922;2017;3616;3970
PL922;2018;3502;4021
PL922;2019;3429;3922
PL922;2020;3157;4556
PL922;2021;2967;4939
PL922;2022;2778;4225
PL922;2023;2631;3954
PL923;2000;3564;3435
PL923;2001;3345;3217
PL923;2002;3279;3202
PL923;2003;3248;3261
PL923;2004;3158;3310
PL923;2005;3291;3257
PL923;2006;3424;3355
PL923;2007;3429;3490
PL923;2008;3601;3508
PL923;2009;3692;3551
PL923;2010;3570;3520
PL923;2011;3247;3286
PL923;2012;3413;3564
PL923;2013;3137;3429
PL923;2014;3098;3490
PL923;2015;2964;3492
PL923;2016;3084;3575
PL923;2017;3213;3612
PL923;2018;2985;3826
PL923;2019;3011;3625
PL923;2020;2767;4510
PL923;2021;2527;4671
PL923;2022;2360;4099
PL923;2023;2074;3716
PL924;2000;4689;3762
PL924;2001;4472;3762
PL924;2002;4410;3729
PL924;2003;4189;3842
PL924;2004;4234;3805
PL924;2005;4233;3678
PL924;2006;4225;3848
PL924;2007;4454;3862
PL924;2008;4625;3893
PL924;2009;4664;4008
PL924;2010;4569;3848
PL924;2011;4241;3921
PL924;2012;4228;3910
PL924;2013;4027;3755
PL924;2014;4042;3717
PL924;2015;4063;3932
PL924;2016;4033;3848
PL924;2017;4481;4101
PL924;2018;4264;4091
PL924;2019;4055;4105
PL924;2020;3808;4880
PL924;2021;3541;5325
PL924;2022;3309;4508
PL924;2023;2988;4048
PL925;2000;4886;4341
PL925;2001;4720;4326
PL925;2002;4548;4335
PL925;2003;4354;4453
PL925;2004;4490;4387
PL925;2005;4432;4509
PL925;2006;4588;4392
PL925;2007;4713;4565
PL925;2008;4945;4382
PL925;2009;4799;4714
PL925;2010;5066;4586
PL925;2011;4788;4483
PL925;2012;4669;4575
PL925;2013;4665;4531
PL925;2014;4719;4292
PL925;2015;4698;4403
PL925;2016;4812;4445
PL925;2017;5042;4557
PL925;2018;4882;4558
PL925;2019;4809;4663
PL925;2020;4366;5465
PL925;2021;4203;6028
PL925;2022;3942;5083
PL925;2023;3649;4370
PL926;2000;2711;2946
PL926;2001;2620;2993
PL926;2002;2457;2918
PL926;2003;2518;2908
PL926;2004;2576;2767
PL926;2005;2565;2816
PL926;2006;2601;2915
PL926;2007;2699;2877
PL926;2008;2936;2930
PL926;2009;3139;2892
PL926;2010;2925;2829
PL926;2011;2746;2998
PL926;2012;2736;2895
PL926;2013;2626;2782
PL926;2014;2703;2884
PL926;2015;2802;2959
PL926;2016;2741;2891
PL926;2017;2926;3010
PL926;2018;2812;3093
PL926;2019;2687;3044
PL926;2020;2510;3532
PL926;2021;2338;3924
PL926;2022;2295;3253
PL926;2023;2055;2942
PT;2000;120008;105285
PT;2001;112774;104990
PT;2002;114383;106220
PT;2003;112515;108795
PT;2004;109298;102012
PT;2005;109399;107464
PT;2006;105449;101990
PT;2007;102492;103480
PT;2008;104594;104280
PT;2009;99491;104410
PT;2010;101381;105954
PT;2011;96856;102824
PT;2012;89841;107612
PT;2013;82787;106554
PT;2014;82367;104843
PT;2015;85500;108539
PT;2016;87126;110573
PT;2017;86154;109758
PT;2018;87020;113051
PT;2019;86579;111843
PT;2020;84530;123396
PT;2021;79582;124841
PT;2022;83671;124361
PT;2023;85699;118295
PT111;2000;2455;2947
PT111;2001;2288;2873
PT111;2002;2277;2901
PT111;2003;2215;3068
PT111;2004;2184;2740
PT111;2005;2165;2932
PT111;2006;1967;2910
PT111;2007;2067;2947
PT111;2008;1964;2893
PT111;2009;1972;2896
PT111;2010;1852;2947
PT111;2011;1730;2834
PT111;2012;1727;2933
PT111;2013;1566;2893
PT111;2014;1421;2746
PT111;2015;1576;2894
PT111;2016;1587;2939
PT111;2017;1454;2953
PT111;2018;1581;3051
PT111;2019;1561;3065
PT111;2020;1491;3355
PT111;2021;1394;3192
PT111;2022;1558;3286
PT111;2023;1533;3034
PT112;2000;5327;2773
PT112;2001;5042;2858
PT112;2002;5010;2816
PT112;2003;4725;3057
PT112;2004;4598;2780
PT112;2005;4598;2938
PT112;2006;4401;2879
PT112;2007;4014;2820
PT112;2008;4176;2775
PT112;2009;3985;2879
PT112;2010;3846;2982
PT112;2011;3812;2885
PT112;2012;3518;2980
PT112;2013;3134;2959
PT112;2014;3042;2854
PT112;2015;3219;3069
PT112;2016;3360;3046
PT112;2017;3340;3115
PT112;2018;3486;3222
PT112;2019;3394;3149
PT112;2020;3358;3714
PT112;2021;3058;3473
PT112;2022;3368;3723
PT112;2023;3337;3443
PT119;2000;5487;3114
PT119;2001;5191;3104
PT119;2002;5003;3240
PT119;2003;4769;3289
PT119;2004;4610;2991
PT119;2005;4412;3233
PT119;2006;4250;3076
PT119;2007;3986;3143
PT119;2008;3963;3180
PT119;2009;3718;3196
PT119;2010;3746;3224
PT119;2011;3667;3226
PT119;2012;3221;3360
PT119;2013;3030;3289
PT119;2014;2935;3224
PT119;2015;3160;3363
PT119;2016;3225;3305
PT119;2017;3217;3499
PT119;2018;3218;3486
PT119;2019;3226;3606
PT119;2020;3252;4067
PT119;2021;2952;3665
PT119;2022;3239;3888
PT119;2023;3122;3934
PT11A;2000;20988;13845
PT11A;2001;19542;13947
PT11A;2002;20026;13770
PT11A;2003;19156;14318
PT11A;2004;18178;13597
PT11A;2005;18113;14173
PT11A;2006;17468;13665
PT11A;2007;16728;13933
PT11A;2008;17224;13884
PT11A;2009;16291;14157
PT11A;2010;16655;14286
PT11A;2011;15830;14234
PT11A;2012;14476;14727
PT11A;2013;13537;14768
PT11A;2014;13362;14948
PT11A;2015;13880;15248
PT11A;2016;14271;15662
PT11A;2017;14014;15697
PT11A;2018;13853;16359
PT11A;2019;13878;16105
PT11A;2020;13614;18442
PT11A;2021;12700;17285
PT11A;2022;13163;18100
PT11A;2023;13176;17242
PT11B;2000;869;1389
PT11B;2001;749;1358
PT11B;2002;780;1415
PT11B;2003;836;1367
PT11B;2004;736;1270
PT11B;2005;700;1357
PT11B;2006;652;1298
PT11B;2007;607;1397
PT11B;2008;574;1293
PT11B;2009;573;1378
PT11B;2010;549;1381
PT11B;2011;525;1262
PT11B;2012;487;1383
PT11B;2013;485;1343
PT11B;2014;468;1225
PT11B;2015;454;1272
PT11B;2016;490;1403
PT11B;2017;501;1310
PT11B;2018;471;1344
PT11B;2019;426;1306
PT11B;2020;473;1447
PT11B;2021;386;1312
PT11B;2022;405;1448
PT11B;2023;358;1364
PT11C;2000;6108;3239
PT11C;2001;5612;3382
PT11C;2002;5639;3312
PT11C;2003;5214;3420
PT11C;2004;4968;3282
PT11C;2005;4782;3339
PT11C;2006;4605;3192
PT11C;2007;4383;3232
PT11C;2008;4405;3206
PT11C;2009;4065;3276
PT11C;2010;4120;3394
PT11C;2011;3806;3193
PT11C;2012;3386;3523
PT11C;2013;3097;3537
PT11C;2014;3045;3375
PT11C;2015;3113;3437
PT11C;2016;3260;3440
PT11C;2017;3149;3611
PT11C;2018;3158;3641
PT11C;2019;3063;3649
PT11C;2020;2978;4350
PT11C;2021;2768;3707
PT11C;2022;2959;3965
PT11C;2023;2967;3948
PT11D;2000;2265;2618
PT11D;2001;2076;2765
PT11D;2002;1985;2721
PT11D;2003;2040;2843
PT11D;2004;1846;2614
PT11D;2005;1659;2772
PT11D;2006;1751;2537
PT11D;2007;1509;2529
PT11D;2008;1549;2643
PT11D;2009;1436;2449
PT11D;2010;1542;2530
PT11D;2011;1442;2415
PT11D;2012;1234;2557
PT11D;2013;1170;2544
PT11D;2014;1110;2395
PT11D;2015;1207;2534
PT11D;2016;1233;2617
PT11D;2017;1169;2435
PT11D;2018;1127;2507
PT11D;2019;1087;2369
PT11D;2020;1103;2732
PT11D;2021;1018;2660
PT11D;2022;1069;2714
PT11D;2023;1057;2548
PT11E;2000;1022;1555
PT11E;2001;971;1627
PT11E;2002;947;1690
PT11E;2003;948;1701
PT11E;2004;879;1541
PT11E;2005;877;1727
PT11E;2006;810;1596
PT11E;2007;800;1617
PT11E;2008;776;1548
PT11E;2009;720;1498
PT11E;2010;736;1568
PT11E;2011;713;1529
PT11E;2012;670;1664
PT11E;2013;653;1649
PT11E;2014;660;1559
PT11E;2015;640;1728
PT11E;2016;647;1631
PT11E;2017;690;1665
PT11E;2018;635;1630
PT11E;2019;640;1714
PT11E;2020;610;1928
PT11E;2021;549;1833
PT11E;2022;614;1757
PT11E;2023;623;1693
PT150;2000;4343;4581
PT150;2001;4164;4554
PT150;2002;4485;4673
PT150;2003;4649;4778
PT150;2004;4772;4697
PT150;2005;4950;4844
PT150;2006;4823;4555
PT150;2007;4892;4668
PT150;2008;4942;4767
PT150;2009;4797;4686
PT150;2010;4862;4508
PT150;2011;4561;4619
PT150;2012;4159;4834
PT150;2013;3728;4782
PT150;2014;3760;4697
PT150;2015;4071;4818
PT150;2016;4175;5227
PT150;2017;4236;5300
PT150;2018;4334;5309
PT150;2019;4408;5122
PT150;2020;4330;5409
PT150;2021;4119;5875
PT150;2022;4064;5857
PT150;2023;4436;5742
PT191;2000;4347;3489
PT191;2001;3920;3459
PT191;2002;3944;3639
PT191;2003;3833;3410
PT191;2004;3575;3378
PT191;2005;3673;3422
PT191;2006;3428;3221
PT191;2007;3322;3387
PT191;2008;3511;3440
PT191;2009;3273;3507
PT191;2010;3379;3447
PT191;2011;3086;3483
PT191;2012;3036;3693
PT191;2013;2779;3593
PT191;2014;2754;3502
PT191;2015;2806;3717
PT191;2016;2882;3676
PT191;2017;2894;3846
PT191;2018;2870;3782
PT191;2019;2984;3723
PT191;2020;2841;4200
PT191;2021;2737;4326
PT191;2022;2810;4190
PT191;2023;2882;4121
PT192;2000;4541;5383
PT192;2001;4149;5323
PT192;2002;4312;5544
PT192;2003;4251;5660
PT192;2004;4101;5325
PT192;2005;4081;5363
PT192;2006;3966;5301
PT192;2007;3793;5409
PT192;2008;3866;5237
PT192;2009;3599;5253
PT192;2010;3677;5382
PT192;2011;3627;5200
PT192;2012;3290;5496
PT192;2013;3061;5327
PT192;2014;3041;5196
PT192;2015;3230;5302
PT192;2016;3207;5436
PT192;2017;3130;5582
PT192;2018;3151;5588
PT192;2019;3058;5480
PT192;2020;2988;5983
PT192;2021;2759;6218
PT192;2022;2963;6034
PT192;2023;2996;5695
PT193;2000;3140;2840
PT193;2001;3059;2835
PT193;2002;2982;2947
PT193;2003;3004;3047
PT193;2004;2968;2891
PT193;2005;2964;3148
PT193;2006;2928;2887
PT193;2007;2757;2976
PT193;2008;2700;3072
PT193;2009;2587;3016
PT193;2010;2530;2960
PT193;2011;2467;2869
PT193;2012;2196;3067
PT193;2013;2098;3013
PT193;2014;2061;3070
PT193;2015;2161;3038
PT193;2016;2216;3230
PT193;2017;2206;3198
PT193;2018;2209;3359
PT193;2019;2173;3267
PT193;2020;2190;3367
PT193;2021;2057;3546
PT193;2022;2157;3510
PT193;2023;2354;3262
PT194;2000;2808;3230
PT194;2001;2722;3151
PT194;2002;2719;3247
PT194;2003;2670;3460
PT194;2004;2611;3176
PT194;2005;2525;3172
PT194;2006;2331;3046
PT194;2007;2269;3161
PT194;2008;2232;3088
PT194;2009;2113;3022
PT194;2010;2090;3071
PT194;2011;2101;3012
PT194;2012;1967;3202
PT194;2013;1757;3129
PT194;2014;1634;3045
PT194;2015;1732;3177
PT194;2016;1789;3362
PT194;2017;1703;3228
PT194;2018;1714;3270
PT194;2019;1700;3280
PT194;2020;1681;3518
PT194;2021;1579;3673
PT194;2022;1633;3670
PT194;2023;1637;3333
PT195;2000;887;1839
PT195;2001;895;1772
PT195;2002;860;1783
PT195;2003;813;1859
PT195;2004;901;1676
PT195;2005;840;1907
PT195;2006;786;1695
PT195;2007;775;1739
PT195;2008;758;1742
PT195;2009;767;1706
PT195;2010;763;1726
PT195;2011;736;1658
PT195;2012;714;1771
PT195;2013;655;1792
PT195;2014;614;1679
PT195;2015;632;1720
PT195;2016;631;1668
PT195;2017;624;1616
PT195;2018;628;1700
PT195;2019;509;1681
PT195;2020;593;1850
PT195;2021;583;1762
PT195;2022;653;1788
PT195;2023;601;1774
PT196;2000;2178;3438
PT196;2001;2008;3500
PT196;2002;2092;3556
PT196;2003;1935;3776
PT196;2004;1883;3359
PT196;2005;1858;3513
PT196;2006;1782;3415
PT196;2007;1652;3464
PT196;2008;1686;3563
PT196;2009;1563;3465
PT196;2010;1496;3494
PT196;2011;1522;3307
PT196;2012;1353;3587
PT196;2013;1284;3435
PT196;2014;1334;3278
PT196;2015;1284;3431
PT196;2016;1293;3490
PT196;2017;1272;3357
PT196;2018;1283;3391
PT196;2019;1153;3478
PT196;2020;1224;3621
PT196;2021;1142;3692
PT196;2022;1150;3740
PT196;2023;1265;3468
PT1A0;2000;23776;18668
PT1A0;2001;22660;18390
PT1A0;2002;23143;18609
PT1A0;2003;23219;18562
PT1A0;2004;22667;17994
PT1A0;2005;23333;18859
PT1A0;2006;22741;18058
PT1A0;2007;22722;18112
PT1A0;2008;23496;18317
PT1A0;2009;22651;18496
PT1A0;2010;23457;18955
PT1A0;2011;22318;18146
PT1A0;2012;21017;18868
PT1A0;2013;20148;18863
PT1A0;2014;20655;18663
PT1A0;2015;21205;19249
PT1A0;2016;21723;19388
PT1A0;2017;21731;19169
PT1A0;2018;22122;20197
PT1A0;2019;22115;19881
PT1A0;2020;20886;22065
PT1A0;2021;19664;23443
PT1A0;2022;20637;22063
PT1A0;2023;21449;20992
PT1B0;2000;9384;7368
PT1B0;2001;8944;7259
PT1B0;2002;9134;7345
PT1B0;2003;9164;7326
PT1B0;2004;8947;7102
PT1B0;2005;9209;7444
PT1B0;2006;8976;7128
PT1B0;2007;8968;7149
PT1B0;2008;9274;7230
PT1B0;2009;8940;7300
PT1B0;2010;9259;7481
PT1B0;2011;8809;7162
PT1B0;2012;8296;7447
PT1B0;2013;7034;7486
PT1B0;2014;7132;7530
PT1B0;2015;7159;8060
PT1B0;2016;7316;8189
PT1B0;2017;7323;8077
PT1B0;2018;7416;8343
PT1B0;2019;7538;8415
PT1B0;2020;7373;9210
PT1B0;2021;7061;9848
PT1B0;2022;7682;9424
PT1B0;2023;8165;9176
PT1C1;2000;803;1244
PT1C1;2001;785;1271
PT1C1;2002;795;1240
PT1C1;2003;833;1365
PT1C1;2004;862;1244
PT1C1;2005;821;1412
PT1C1;2006;748;1203
PT1C1;2007;750;1250
PT1C1;2008;815;1294
PT1C1;2009;789;1282
PT1C1;2010;824;1257
PT1C1;2011;833;1299
PT1C1;2012;770;1339
PT1C1;2013;666;1237
PT1C1;2014;643;1187
PT1C1;2015;701;1362
PT1C1;2016;680;1293
PT1C1;2017;680;1240
PT1C1;2018;712;1248
PT1C1;2019;734;1288
PT1C1;2020;747;1372
PT1C1;2021;752;1485
PT1C1;2022;789;1380
PT1C1;2023;796;1331
PT1C2;2000;1236;2164
PT1C2;2001;1121;2060
PT1C2;2002;1164;2224
PT1C2;2003;1178;2226
PT1C2;2004;1182;1985
PT1C2;2005;1198;2135
PT1C2;2006;1041;1945
PT1C2;2007;1091;1986
PT1C2;2008;1065;2097
PT1C2;2009;1063;1976
PT1C2;2010;1087;2059
PT1C2;2011;1016;2006
PT1C2;2012;1058;2018
PT1C2;2013;921;1900
PT1C2;2014;937;1799
PT1C2;2015;948;2003
PT1C2;2016;1020;1920
PT1C2;2017;940;1883
PT1C2;2018;941;2016
PT1C2;2019;982;1905
PT1C2;2020;944;2074
PT1C2;2021;969;2173
PT1C2;2022;930;2082
PT1C2;2023;943;2065
PT1C3;2000;1147;1972
PT1C3;2001;1035;1993
PT1C3;2002;1052;1927
PT1C3;2003;1015;2069
PT1C3;2004;979;1830
PT1C3;2005;999;2044
PT1C3;2006;851;1798
PT1C3;2007;802;1864
PT1C3;2008;896;1852
PT1C3;2009;879;1893
PT1C3;2010;914;1914
PT1C3;2011;878;1888
PT1C3;2012;820;1936
PT1C3;2013;793;1843
PT1C3;2014;715;1840
PT1C3;2015;779;1905
PT1C3;2016;731;1905
PT1C3;2017;736;1750
PT1C3;2018;782;1830
PT1C3;2019;709;1915
PT1C3;2020;736;2001
PT1C3;2021;690;2070
PT1C3;2022;700;1955
PT1C3;2023;655;1781
PT1C4;2000;1592;2170
PT1C4;2001;1482;2131
PT1C4;2002;1532;2181
PT1C4;2003;1571;2302
PT1C4;2004;1559;2015
PT1C4;2005;1462;2303
PT1C4;2006;1462;2135
PT1C4;2007;1356;2171
PT1C4;2008;1412;2295
PT1C4;2009;1307;2227
PT1C4;2010;1320;2238
PT1C4;2011;1364;2025
PT1C4;2012;1289;2199
PT1C4;2013;1152;2156
PT1C4;2014;1102;2160
PT1C4;2015;1184;2194
PT1C4;2016;1228;2267
PT1C4;2017;1162;2266
PT1C4;2018;1168;2247
PT1C4;2019;1150;2258
PT1C4;2020;1120;2447
PT1C4;2021;1129;2521
PT1C4;2022;1101;2481
PT1C4;2023;1156;2267
PT1D1;2000;3825;3918
PT1D1;2001;3541;3984
PT1D1;2002;3718;3945
PT1D1;2003;3810;4058
PT1D1;2004;3722;3806
PT1D1;2005;3722;4031
PT1D1;2006;3620;3711
PT1D1;2007;3480;3907
PT1D1;2008;3536;3994
PT1D1;2009;3312;3898
PT1D1;2010;3432;4138
PT1D1;2011;3188;4008
PT1D1;2012;3038;4147
PT1D1;2013;2655;4108
PT1D1;2014;2721;3988
PT1D1;2015;2810;4061
PT1D1;2016;2751;4221
PT1D1;2017;2755;4206
PT1D1;2018;2775;4327
PT1D1;2019;2893;4145
PT1D1;2020;2832;4471
PT1D1;2021;2776;4996
PT1D1;2022;2998;4737
PT1D1;2023;3020;4416
PT1D2;2000;2247;3116
PT1D2;2001;2121;3122
PT1D2;2002;2138;3126
PT1D2;2003;2045;3192
PT1D2;2004;2093;2757
PT1D2;2005;2047;3144
PT1D2;2006;1964;2930
PT1D2;2007;1925;2853
PT1D2;2008;1867;2936
PT1D2;2009;1720;2858
PT1D2;2010;1760;2862
PT1D2;2011;1615;2819
PT1D2;2012;1601;3145
PT1D2;2013;1444;3022
PT1D2;2014;1397;2864
PT1D2;2015;1441;3028
PT1D2;2016;1483;2978
PT1D2;2017;1342;3016
PT1D2;2018;1434;3056
PT1D2;2019;1401;3016
PT1D2;2020;1399;3239
PT1D2;2021;1258;3351
PT1D2;2022;1343;3324
PT1D2;2023;1437;3277
PT1D3;2000;2543;3121
PT1D3;2001;2402;2988
PT1D3;2002;2455;3029
PT1D3;2003;2339;3168
PT1D3;2004;2488;2896
PT1D3;2005;2432;3111
PT1D3;2006;2362;2857
PT1D3;2007;2277;2954
PT1D3;2008;2370;3055
PT1D3;2009;2204;3021
PT1D3;2010;2237;3033
PT1D3;2011;2055;2889
PT1D3;2012;1983;2945
PT1D3;2013;1760;3006
PT1D3;2014;1769;2970
PT1D3;2015;1900;3011
PT1D3;2016;1807;3257
PT1D3;2017;1707;2979
PT1D3;2018;1780;3123
PT1D3;2019;1775;3076
PT1D3;2020;1804;3382
PT1D3;2021;1695;3494
PT1D3;2022;1860;3429
PT1D3;2023;1945;3233
PT200;2000;3462;2608
PT200;2001;3129;2608
PT200;2002;3064;2669
PT200;2003;3100;2655
PT200;2004;3007;2457
PT200;2005;3019;2439
PT200;2006;2808;2339
PT200;2007;2847;2250
PT200;2008;2836;2274
PT200;2009;2786;2433
PT200;2010;2719;2466
PT200;2011;2748;2375
PT200;2012;2488;2204
PT200;2013;2341;2444
PT200;2014;2316;2315
PT200;2015;2261;2306
PT200;2016;2263;2408
PT200;2017;2219;2246
PT200;2018;2253;2295
PT200;2019;2131;2271
PT200;2020;2103;2439
PT200;2021;2043;2366
PT200;2022;2068;2712
PT200;2023;2042;2369
PT300;2000;3217;2656
PT300;2001;3160;2676
PT300;2002;3117;2671
PT300;2003;3181;2819
PT300;2004;2978;2600
PT300;2005;2957;2700
PT300;2006;2924;2595
PT300;2007;2718;2562
PT300;2008;2699;2595
PT300;2009;2380;2642
PT300;2010;2529;2636
PT300;2011;2407;2481
PT300;2012;2047;2583
PT300;2013;1839;2436
PT300;2014;1739;2734
PT300;2015;1947;2612
PT300;2016;1858;2615
PT300;2017;1960;2514
PT300;2018;1919;2730
PT300;2019;1891;2679
PT300;2020;1860;2713
PT300;2021;1744;2875
PT300;2022;1758;3104
PT300;2023;1747;2787
RO;2000;234521;255820
RO;2001;220400;259707
RO;2002;210529;269666
RO;2003;212432;266474
RO;2004;216291;258926
RO;2005;220990;262101
RO;2006;219483;258094
RO;2007;214728;251965
RO;2008;221900;253202
RO;2009;222388;257213
RO;2010;212199;259723
RO;2011;196242;251439
RO;2012;201104;255539
RO;2013;188599;247475
RO;2014;198740;254965
RO;2015;201995;262442
RO;2016;205773;258404
RO;2017;210590;262321
RO;2018;202744;263911
RO;2019;199720;259889
RO;2020;198302;298258
RO;2021;193191;335527
RO;2022;182890;273382
RO;2023;160078;244061
RO111;2000;6799;8145
RO111;2001;6300;8200
RO111;2002;6053;8300
RO111;2003;6179;8153
RO111;2004;6164;8163
RO111;2005;6780;8020
RO111;2006;6590;7770
RO111;2007;6429;7567
RO111;2008;6523;7497
RO111;2009;6646;7668
RO111;2010;6348;7407
RO111;2011;5902;7210
RO111;2012;6210;7387
RO111;2013;5527;7328
RO111;2014;5886;7281
RO111;2015;5869;7579
RO111;2016;6022;7311
RO111;2017;6256;7465
RO111;2018;6090;7513
RO111;2019;6002;7275
RO111;2020;5815;8566
RO111;2021;5914;9746
RO111;2022;5583;7783
RO111;2023;5351;6927
RO112;2000;4004;3247
RO112;2001;3874;3300
RO112;2002;3477;3400
RO112;2003;3663;3258
RO112;2004;3439;3339
RO112;2005;3520;3500
RO112;2006;3500;3410
RO112;2007;3369;3248
RO112;2008;3599;3286
RO112;2009;3608;3306
RO112;2010;3528;3330
RO112;2011;3260;3273
RO112;2012;3338;3448
RO112;2013;3223;3158
RO112;2014;3344;3301
RO112;2015;3476;3429
RO112;2016;3444;3272
RO112;2017;3473;3586
RO112;2018;3454;3393
RO112;2019;3394;3290
RO112;2020;3326;4072
RO112;2021;3201;4618
RO112;2022;3114;3512
RO112;2023;2768;2956
RO113;2000;6216;8489
RO113;2001;5936;8262
RO113;2002;5460;8546
RO113;2003;5668;8200
RO113;2004;5976;8137
RO113;2005;6420;8360
RO113;2006;6600;8350
RO113;2007;6277;7832
RO113;2008;6551;7735
RO113;2009;6939;7803
RO113;2010;6839;7894
RO113;2011;6304;7766
RO113;2012;6449;8025
RO113;2013;6165;7709
RO113;2014;6630;7828
RO113;2015;6959;8234
RO113;2016;7214;7870
RO113;2017;7464;8132
RO113;2018;7242;8185
RO113;2019;7286;7982
RO113;2020;6955;9251
RO113;2021;6978;10377
RO113;2022;6687;8732
RO113;2023;6175;7856
RO114;2000;6142;5774
RO114;2001;5741;5700
RO114;2002;5400;5900
RO114;2003;5331;5766
RO114;2004;5700;5800
RO114;2005;5660;5790
RO114;2006;5550;5650
RO114;2007;5283;5408
RO114;2008;5505;5277
RO114;2009;5294;5507
RO114;2010;5028;5660
RO114;2011;4733;5310
RO114;2012;4841;5472
RO114;2013;4120;5253
RO114;2014;4636;5523
RO114;2015;4971;5798
RO114;2016;4984;5696
RO114;2017;5051;5667
RO114;2018;4982;5808
RO114;2019;4688;5553
RO114;2020;4626;6750
RO114;2021;4593;7256
RO114;2022;4230;5993
RO114;2023;3750;5306
RO115;2000;4240;5001
RO115;2001;3900;5100
RO115;2002;3835;5100
RO115;2003;3964;5148
RO115;2004;4066;5000
RO115;2005;4130;4720
RO115;2006;3840;4630
RO115;2007;3923;4528
RO115;2008;4138;4467
RO115;2009;3821;4594
RO115;2010;3618;4539
RO115;2011;3428;4417
RO115;2012;3467;4221
RO115;2013;3242;4190
RO115;2014;3598;4259
RO115;2015;3541;4484
RO115;2016;3701;4317
RO115;2017;3868;4446
RO115;2018;3548;4448
RO115;2019;3496;4380
RO115;2020;3504;5054
RO115;2021;3154;5441
RO115;2022;3200;4499
RO115;2023;2835;4064
RO116;2000;2942;3320
RO116;2001;2700;3560
RO116;2002;2700;3500
RO116;2003;2600;3428
RO116;2004;2574;3600
RO116;2005;2640;3400
RO116;2006;2590;3350
RO116;2007;2514;3152
RO116;2008;2727;3115
RO116;2009;2553;3246
RO116;2010;2535;3073
RO116;2011;2453;3037
RO116;2012;2576;3037
RO116;2013;2379;2984
RO116;2014;2439;2971
RO116;2015;2508;3103
RO116;2016;2514;2944
RO116;2017;2525;3051
RO116;2018;2441;3139
RO116;2019;2455;3061
RO116;2020;2496;3424
RO116;2021;2361;3748
RO116;2022;2200;3173
RO116;2023;2142;2761
RO121;2000;3949;4619
RO121;2001;3547;4800
RO121;2002;3448;4877
RO121;2003;3472;4600
RO121;2004;3600;4730
RO121;2005;3780;4830
RO121;2006;3640;4640
RO121;2007;3462;4349
RO121;2008;3492;4459
RO121;2009;3629;4687
RO121;2010;3283;4517
RO121;2011;3252;4433
RO121;2012;3241;4414
RO121;2013;3047;4317
RO121;2014;3141;4332
RO121;2015;3148;4624
RO121;2016;3227;4447
RO121;2017;3258;4422
RO121;2018;3075;4400
RO121;2019;3103;4326
RO121;2020;2966;5055
RO121;2021;2861;5802
RO121;2022;2848;4639
RO121;2023;2575;4041
RO122;2000;5707;5725
RO122;2001;5634;5751
RO122;2002;5400;6100
RO122;2003;5800;5900
RO122;2004;5800;5822
RO122;2005;5950;5930
RO122;2006;6060;6000
RO122;2007;5955;5800
RO122;2008;6673;5956
RO122;2009;6665;5789
RO122;2010;6530;5905
RO122;2011;6166;5818
RO122;2012;6150;5870
RO122;2013;5915;5999
RO122;2014;6352;6083
RO122;2015;6322;6298
RO122;2016;6574;6148
RO122;2017;6667;6374
RO122;2018;6466;6510
RO122;2019;6363;6387
RO122;2020;6364;7673
RO122;2021;6181;8566
RO122;2022;5709;7008
RO122;2023;5106;6264
RO123;2000;2676;2405
RO123;2001;2557;2351
RO123;2002;2460;2573
RO123;2003;2449;2600
RO123;2004;2633;2500
RO123;2005;2760;2430
RO123;2006;2690;2590
RO123;2007;2434;2467
RO123;2008;2530;2523
RO123;2009;2478;2559
RO123;2010;2468;2526
RO123;2011;2272;2421
RO123;2012;2406;2483
RO123;2013;2332;2353
RO123;2014;2216;2514
RO123;2015;2173;2466
RO123;2016;2288;2496
RO123;2017;2251;2646
RO123;2018;2197;2770
RO123;2019;2145;2550
RO123;2020;2210;2914
RO123;2021;2119;3284
RO123;2022;1979;2792
RO123;2023;1772;2496
RO124;2000;3737;3711
RO124;2001;3629;3747
RO124;2002;3454;3929
RO124;2003;3446;3900
RO124;2004;3657;3759
RO124;2005;3790;3780
RO124;2006;3830;3920
RO124;2007;3632;3602
RO124;2008;3729;3714
RO124;2009;3644;3679
RO124;2010;3542;3654
RO124;2011;3278;3556
RO124;2012;3360;3564
RO124;2013;3237;3347
RO124;2014;3307;3547
RO124;2015;3210;3704
RO124;2016;3244;3573
RO124;2017;3239;3620
RO124;2018;3216;3790
RO124;2019;3206;3786
RO124;2020;2997;4247
RO124;2021;2996;4830
RO124;2022;2935;3936
RO124;2023;2752;3509
RO125;2000;6745;6898
RO125;2001;6349;7100
RO125;2002;6166;7621
RO125;2003;6245;7137
RO125;2004;6424;7200
RO125;2005;6570;7360
RO125;2006;6390;7300
RO125;2007;6307;6919
RO125;2008;6670;6858
RO125;2009;6451;7089
RO125;2010;6113;7148
RO125;2011;5854;6908
RO125;2012;5781;6775
RO125;2013;5648;6590
RO125;2014;5993;6814
RO125;2015;5844;7234
RO125;2016;5931;7129
RO125;2017;6148;7036
RO125;2018;5792;7092
RO125;2019;5626;7283
RO125;2020;5839;8329
RO125;2021;5511;9097
RO125;2022;5382;7711
RO125;2023;4796;6700
RO126;2000;4602;4380
RO126;2001;4422;4500
RO126;2002;4300;4700
RO126;2003;4400;4536
RO126;2004;4530;4543
RO126;2005;4590;4490
RO126;2006;4520;4500
RO126;2007;4392;4380
RO126;2008;4729;4539
RO126;2009;4885;4526
RO126;2010;4616;4516
RO126;2011;4275;4329
RO126;2012;4445;4571
RO126;2013;4194;4412
RO126;2014;4502;4617
RO126;2015;4573;4730
RO126;2016;4624;4710
RO126;2017;4838;4629
RO126;2018;4494;4728
RO126;2019;4423;4680
RO126;2020;4204;5705
RO126;2021;4054;6025
RO126;2022;3918;4867
RO126;2023;3600;4411
RO211;2000;8981;7630
RO211;2001;8400;7831
RO211;2002;8000;8348
RO211;2003;7900;8566
RO211;2004;7844;7900
RO211;2005;7920;8200
RO211;2006;8140;7860
RO211;2007;8067;8154
RO211;2008;7880;8147
RO211;2009;7542;8260
RO211;2010;7305;8627
RO211;2011;6858;8134
RO211;2012;6981;8309
RO211;2013;6454;8318
RO211;2014;6888;8470
RO211;2015;7053;8611
RO211;2016;6890;8705
RO211;2017;6895;8691
RO211;2018;6427;9094
RO211;2019;6402;8682
RO211;2020;6338;9863
RO211;2021;6291;10788
RO211;2022;6032;9181
RO211;2023;5027;8209
RO212;2000;6340;5847
RO212;2001;6173;5823
RO212;2002;6000;6035
RO212;2003;5750;6000
RO212;2004;5500;5973
RO212;2005;5290;5650
RO212;2006;5100;5760
RO212;2007;4702;5681
RO212;2008;5132;5633
RO212;2009;4892;5871
RO212;2010;4407;5837
RO212;2011;4081;5564
RO212;2012;4441;5693
RO212;2013;3915;5523
RO212;2014;4128;5841
RO212;2015;4099;5862
RO212;2016;3924;5816
RO212;2017;3990;5877
RO212;2018;3848;5979
RO212;2019;3923;5635
RO212;2020;3896;6541
RO212;2021;3972;7383
RO212;2022;3809;5744
RO212;2023;3483;5352
RO213;2000;11404;7997
RO213;2001;10928;8200
RO213;2002;10400;8436
RO213;2003;9925;8700
RO213;2004;10100;8100
RO213;2005;10210;8150
RO213;2006;10120;7900
RO213;2007;10351;7967
RO213;2008;10410;8091
RO213;2009;9917;8349
RO213;2010;9499;8781
RO213;2011;8604;8146
RO213;2012;9256;8660
RO213;2013;8916;8177
RO213;2014;9481;8592
RO213;2015;9875;9092
RO213;2016;10080;8813
RO213;2017;10817;9109
RO213;2018;10442;9452
RO213;2019;10480;8967
RO213;2020;10565;10056
RO213;2021;10307;11577
RO213;2022;9289;9337
RO213;2023;7917;8609
RO214;2000;6824;6185
RO214;2001;6127;6246
RO214;2002;5823;6700
RO214;2003;5700;6666
RO214;2004;6000;6300
RO214;2005;5860;6300
RO214;2006;5930;6300
RO214;2007;5542;6125
RO214;2008;5624;6422
RO214;2009;5410;6542
RO214;2010;5192;6763
RO214;2011;4636;6393
RO214;2012;5026;6635
RO214;2013;4748;6551
RO214;2014;4907;6527
RO214;2015;4859;6965
RO214;2016;4898;6719
RO214;2017;4933;6909
RO214;2018;4648;7218
RO214;2019;4540;6969
RO214;2020;4489;8032
RO214;2021;4157;9064
RO214;2022;4038;7231
RO214;2023;3567;6550
RO215;2000;9554;7287
RO215;2001;8952;7169
RO215;2002;8600;7661
RO215;2003;8228;7529
RO215;2004;8758;7600
RO215;2005;8740;7570
RO215;2006;8400;7440
RO215;2007;8313;7434
RO215;2008;8554;7348
RO215;2009;8261;7550
RO215;2010;8001;7579
RO215;2011;7876;7493
RO215;2012;8189;7638
RO215;2013;7338;7424
RO215;2014;7912;7714
RO215;2015;7972;7976
RO215;2016;8347;7745
RO215;2017;8468;7793
RO215;2018;8465;8075
RO215;2019;8168;8025
RO215;2020;8368;9486
RO215;2021;8524;10106
RO215;2022;8124;8070
RO215;2023;7503;7427
RO216;2000;6902;5230
RO216;2001;6331;5300
RO216;2002;6074;5640
RO216;2003;5739;5800
RO216;2004;5522;5100
RO216;2005;5610;5210
RO216;2006;5530;5030
RO216;2007;5481;5130
RO216;2008;5152;5202
RO216;2009;5241;5494
RO216;2010;4464;5764
RO216;2011;4346;5266
RO216;2012;4564;5521
RO216;2013;4529;5282
RO216;2014;4600;5374
RO216;2015;5109;5528
RO216;2016;4826;5577
RO216;2017;5089;5683
RO216;2018;4274;5809
RO216;2019;4995;5636
RO216;2020;5076;5957
RO216;2021;4959;6754
RO216;2022;4115;5541
RO216;2023;3246;5046
RO221;2000;3593;4586
RO221;2001;3400;4500
RO221;2002;3152;4700
RO221;2003;3363;4800
RO221;2004;3400;4700
RO221;2005;3400;4430
RO221;2006;3180;4560
RO221;2007;3035;4675
RO221;2008;3053;4680
RO221;2009;3147;4662
RO221;2010;2940;4740
RO221;2011;2589;4642
RO221;2012;2607;4802
RO221;2013;2354;4631
RO221;2014;2398;4740
RO221;2015;2445;4854
RO221;2016;2605;4875
RO221;2017;2525;4790
RO221;2018;2545;4881
RO221;2019;2458;5027
RO221;2020;2306;5482
RO221;2021;2301;6425
RO221;2022;2117;5204
RO221;2023;1786;4580
RO222;2000;5152;6283
RO222;2001;4749;6700
RO222;2002;4600;6839
RO222;2003;4726;6844
RO222;2004;4700;6458
RO222;2005;4740;6640
RO222;2006;4840;6440
RO222;2007;4724;6401
RO222;2008;4660;6445
RO222;2009;4457;6620
RO222;2010;4306;6724
RO222;2011;3844;6666
RO222;2012;3792;6565
RO222;2013;3710;6672
RO222;2014;3756;6707
RO222;2015;3644;6692
RO222;2016;3845;6718
RO222;2017;3748;6749
RO222;2018;3612;6904
RO222;2019;3686;6852
RO222;2020;3496;7330
RO222;2021;3472;8356
RO222;2022;3462;6997
RO222;2023;2863;6216
RO223;2000;7668;7159
RO223;2001;7446;7500
RO223;2002;7000;7546
RO223;2003;7200;7374
RO223;2004;7425;7100
RO223;2005;7520;7290
RO223;2006;7800;7360
RO223;2007;7859;7389
RO223;2008;8349;7510
RO223;2009;8398;7509
RO223;2010;8161;7739
RO223;2011;7262;7689
RO223;2012;7535;7796
RO223;2013;7018;7535
RO223;2014;7382;7842
RO223;2015;7503;7907
RO223;2016;7620;8151
RO223;2017;7536;8319
RO223;2018;7057;8373
RO223;2019;6746;8409
RO223;2020;6814;9620
RO223;2021;6483;11179
RO223;2022;6079;9243
RO223;2023;5477;8219
RO224;2000;7168;6238
RO224;2001;6577;6526
RO224;2002;5900;6879
RO224;2003;6359;6858
RO224;2004;6044;6466
RO224;2005;5990;6600
RO224;2006;5860;6430
RO224;2007;5680;6556
RO224;2008;5817;6638
RO224;2009;5913;6697
RO224;2010;5473;6911
RO224;2011;4577;6402
RO224;2012;4634;6725
RO224;2013;4857;6452
RO224;2014;5098;6776
RO224;2015;5190;6854
RO224;2016;5323;6970
RO224;2017;5576;7271
RO224;2018;5107;7381
RO224;2019;5171;7306
RO224;2020;5163;7911
RO224;2021;5263;8981
RO224;2022;4967;7438
RO224;2023;4019;6798
RO225;2000;2700;3115
RO225;2001;2634;3175
RO225;2002;2532;3200
RO225;2003;2500;3154
RO225;2004;2452;2940
RO225;2005;2420;2780
RO225;2006;2470;2920
RO225;2007;2431;2895
RO225;2008;2349;2929
RO225;2009;2274;3019
RO225;2010;2171;3141
RO225;2011;2022;3005
RO225;2012;2032;3042
RO225;2013;1852;2872
RO225;2014;1998;3102
RO225;2015;1925;3073
RO225;2016;1859;3111
RO225;2017;1899;3053
RO225;2018;1702;3230
RO225;2019;1623;3072
RO225;2020;1700;3449
RO225;2021;1715;3749
RO225;2022;1501;3178
RO225;2023;1305;2875
RO226;2000;4372;4588
RO226;2001;4146;4721
RO226;2002;3735;4676
RO226;2003;3837;4700
RO226;2004;4057;4651
RO226;2005;4180;4700
RO226;2006;4080;4450
RO226;2007;4124;4459
RO226;2008;3989;4603
RO226;2009;3942;4708
RO226;2010;3845;4787
RO226;2011;3582;4638
RO226;2012;3698;4711
RO226;2013;3430;4530
RO226;2014;3508;4726
RO226;2015;3482;4846
RO226;2016;3559;4736
RO226;2017;3494;4974
RO226;2018;3253;4880
RO226;2019;3052;4748
RO226;2020;3087;5213
RO226;2021;3115;6012
RO226;2022;3100;4834
RO226;2023;2664;4354
RO311;2000;6557;7404
RO311;2001;6158;7558
RO311;2002;5900;7700
RO311;2003;6000;7426
RO311;2004;6100;7571
RO311;2005;6060;7480
RO311;2006;6030;7370
RO311;2007;5884;7268
RO311;2008;5797;7290
RO311;2009;6059;7248
RO311;2010;5911;7529
RO311;2011;5359;7510
RO311;2012;5381;7289
RO311;2013;5122;7130
RO311;2014;5228;7261
RO311;2015;5434;7521
RO311;2016;5531;7522
RO311;2017;5553;7663
RO311;2018;5498;7708
RO311;2019;5443;7639
RO311;2020;5200;9106
RO311;2021;4878;9979
RO311;2022;4524;8171
RO311;2023;3978;7280
RO312;2000;3726;4218
RO312;2001;3474;4400
RO312;2002;3427;4572
RO312;2003;3500;4564
RO312;2004;3400;4349
RO312;2005;3500;4380
RO312;2006;3610;4340
RO312;2007;3432;4273
RO312;2008;3547;4330
RO312;2009;3576;4389
RO312;2010;3305;4436
RO312;2011;3022;4303
RO312;2012;3043;4350
RO312;2013;2727;4281
RO312;2014;2791;4396
RO312;2015;2924;4509
RO312;2016;2965;4411
RO312;2017;2855;4495
RO312;2018;2783;4537
RO312;2019;2704;4375
RO312;2020;2767;5043
RO312;2021;2762;5715
RO312;2022;2618;4732
RO312;2023;2283;4273
RO313;2000;5744;6357
RO313;2001;5562;6439
RO313;2002;5300;6800
RO313;2003;5279;6700
RO313;2004;5421;6300
RO313;2005;5210;6680
RO313;2006;4990;6490
RO313;2007;4881;6214
RO313;2008;5275;6372
RO313;2009;5352;6343
RO313;2010;5230;6416
RO313;2011;4738;6108
RO313;2012;4749;6263
RO313;2013;4249;6282
RO313;2014;4320;6326
RO313;2015;4402;6407
RO313;2016;4474;6426
RO313;2017;4445;6566
RO313;2018;4308;6511
RO313;2019;4370;6509
RO313;2020;4353;7716
RO313;2021;4402;8392
RO313;2022;4020;6951
RO313;2023;3543;6070
RO314;2000;2895;4342
RO314;2001;2869;4600
RO314;2002;2600;4756
RO314;2003;2700;4967
RO314;2004;2629;4600
RO314;2005;2560;4510
RO314;2006;2680;4530
RO314;2007;2618;4454
RO314;2008;2815;4447
RO314;2009;2829;4609
RO314;2010;2673;4538
RO314;2011;2617;4273
RO314;2012;2603;4419
RO314;2013;2420;4260
RO314;2014;2330;4306
RO314;2015;2486;4267
RO314;2016;2463;4302
RO314;2017;2507;4413
RO314;2018;2352;4438
RO314;2019;2298;4381
RO314;2020;2275;4826
RO314;2021;2338;5499
RO314;2022;2196;4503
RO314;2023;1986;3845
RO315;2000;3443;3673
RO315;2001;3153;3700
RO315;2002;3000;3800
RO315;2003;2966;3900
RO315;2004;2850;3764
RO315;2005;3120;3660
RO315;2006;3260;3600
RO315;2007;3332;3674
RO315;2008;3453;3835
RO315;2009;3399;3787
RO315;2010;3218;3828
RO315;2011;2988;3893
RO315;2012;2917;3864
RO315;2013;2633;3672
RO315;2014;2794;3945
RO315;2015;2729;3872
RO315;2016;2798;3948
RO315;2017;2861;3912
RO315;2018;2654;3879
RO315;2019;2541;3907
RO315;2020;2692;4444
RO315;2021;2583;5183
RO315;2022;2729;4100
RO315;2023;2246;3732
RO316;2000;8351;9776
RO316;2001;7772;9926
RO316;2002;7500;10446
RO316;2003;7600;10300
RO316;2004;7859;9800
RO316;2005;8230;10190
RO316;2006;7930;10100
RO316;2007;7570;9612
RO316;2008;7546;9772
RO316;2009;7872;10114
RO316;2010;7172;9964
RO316;2011;6504;9784
RO316;2012;6541;10164
RO316;2013;6192;9734
RO316;2014;6531;9815
RO316;2015;6745;10403
RO316;2016;6637;10474
RO316;2017;6698;10377
RO316;2018;6471;10344
RO316;2019;6104;10460
RO316;2020;5898;12528
RO316;2021;5840;13598
RO316;2022;5389;11232
RO316;2023;4940;9902
RO317;2000;4077;7141
RO317;2001;3600;7300
RO317;2002;3400;7965
RO317;2003;3400;7829
RO317;2004;3300;7100
RO317;2005;3340;7520
RO317;2006;3200;7070
RO317;2007;3018;6793
RO317;2008;3162;6871
RO317;2009;3341;7130
RO317;2010;3118;6877
RO317;2011;2825;6840
RO317;2012;2981;6897
RO317;2013;2676;6351
RO317;2014;2963;6776
RO317;2015;2808;6659
RO317;2016;2853;6622
RO317;2017;2830;6468
RO317;2018;2620;6258
RO317;2019;2676;6173
RO317;2020;2581;6692
RO317;2021;2478;7740
RO317;2022;2350;6300
RO317;2023;1992;5404
RO321;2000;15396;21831
RO321;2001;14828;21600
RO321;2002;14573;21862
RO321;2003;15452;21523
RO321;2004;16900;20821
RO321;2005;18540;22070
RO321;2006;19360;21950
RO321;2007;19232;21621
RO321;2008;20590;21026
RO321;2009;21447;20936
RO321;2010;21147;21272
RO321;2011;19103;21126
RO321;2012;19221;21762
RO321;2013;18301;20696
RO321;2014;19477;20980
RO321;2015;19600;21838
RO321;2016;20268;21813
RO321;2017;22279;21853
RO321;2018;21906;22253
RO321;2019;21801;21755
RO321;2020;22478;25401
RO321;2021;20903;29334
RO321;2022;19310;23190
RO321;2023;15952;21095
RO322;2000;2708;3266
RO322;2001;2464;3343
RO322;2002;2646;3527
RO322;2003;2663;3600
RO322;2004;2921;3361
RO322;2005;3050;3460
RO322;2006;3160;3460
RO322;2007;3389;3493
RO322;2008;3711;3508
RO322;2009;4062;3660
RO322;2010;3831;3574
RO322;2011;3609;3596
RO322;2012;3864;3816
RO322;2013;3858;3537
RO322;2014;4219;3862
RO322;2015;4577;3927
RO322;2016;5080;4039
RO322;2017;5181;4191
RO322;2018;5048;4249
RO322;2019;4767;4180
RO322;2020;4721;5003
RO322;2021;4874;5877
RO322;2022;5122;4883
RO322;2023;4599;4432
RO411;2000;7734;9521
RO411;2001;6929;10000
RO411;2002;6447;10730
RO411;2003;6500;10400
RO411;2004;6300;10055
RO411;2005;6510;10190
RO411;2006;6210;9950
RO411;2007;6300;9710
RO411;2008;6405;9742
RO411;2009;6453;9864
RO411;2010;6197;10008
RO411;2011;6045;9567
RO411;2012;6087;9543
RO411;2013;5752;9230
RO411;2014;5988;9582
RO411;2015;6333;10005
RO411;2016;6243;9419
RO411;2017;6466;9602
RO411;2018;6210;9479
RO411;2019;6103;9342
RO411;2020;6073;10153
RO411;2021;5867;11633
RO411;2022;5728;9654
RO411;2023;4848;8708
RO412;2000;4213;4255
RO412;2001;3840;4328
RO412;2002;3800;4378
RO412;2003;3773;4325
RO412;2004;3653;4400
RO412;2005;3620;4280
RO412;2006;3330;4140
RO412;2007;3383;4040
RO412;2008;3283;4031
RO412;2009;3233;4181
RO412;2010;3124;4292
RO412;2011;2923;4118
RO412;2012;2968;4157
RO412;2013;2545;4017
RO412;2014;2590;4333
RO412;2015;2581;4229
RO412;2016;2626;4121
RO412;2017;2575;4044
RO412;2018;2505;4062
RO412;2019;2448;4132
RO412;2020;2362;4686
RO412;2021;2328;5317
RO412;2022;2190;4463
RO412;2023;2012;3878
RO413;2000;3074;4174
RO413;2001;2964;4161
RO413;2002;2800;4300
RO413;2003;2800;4300
RO413;2004;2800;4238
RO413;2005;2680;4350
RO413;2006;2500;4150
RO413;2007;2426;4169
RO413;2008;2621;4147
RO413;2009;2938;4074
RO413;2010;2586;4175
RO413;2011;2481;4044
RO413;2012;2591;4019
RO413;2013;2087;3741
RO413;2014;2174;4003
RO413;2015;2046;3924
RO413;2016;2055;3764
RO413;2017;1846;3784
RO413;2018;1873;3749
RO413;2019;1764;3779
RO413;2020;1701;4063
RO413;2021;1592;4964
RO413;2022;1473;3884
RO413;2023;1380;3310
RO414;2000;5098;6411
RO414;2001;4644;6600
RO414;2002;4200;7300
RO414;2003;4328;6900
RO414;2004;4127;6500
RO414;2005;4110;6930
RO414;2006;4020;6560
RO414;2007;3756;6446
RO414;2008;3904;6693
RO414;2009;3971;6535
RO414;2010;3615;6493
RO414;2011;3356;6254
RO414;2012;3447;6460
RO414;2013;3168;6128
RO414;2014;3365;6498
RO414;2015;3283;6391
RO414;2016;3395;6172
RO414;2017;3470;6485
RO414;2018;3394;6399
RO414;2019;3328;6413
RO414;2020;3222;7144
RO414;2021;3165;7768
RO414;2022;2994;6546
RO414;2023;2644;5784
RO415;2000;4274;4966
RO415;2001;3976;5068
RO415;2002;3875;5423
RO415;2003;3755;5100
RO415;2004;3700;5152
RO415;2005;3760;5220
RO415;2006;3660;5060
RO415;2007;3555;4718
RO415;2008;3473;4702
RO415;2009;3520;4701
RO415;2010;3386;4695
RO415;2011;3018;4289
RO415;2012;3041;4160
RO415;2013;3086;4083
RO415;2014;2975;4101
RO415;2015;2816;4128
RO415;2016;2774;3891
RO415;2017;2949;3809
RO415;2018;2981;3496
RO415;2019;2758;3530
RO415;2020;2646;4187
RO415;2021;2585;4444
RO415;2022;2433;3563
RO415;2023;2069;2971
RO421;2000;4643;6559
RO421;2001;4300;6500
RO421;2002;4143;6653
RO421;2003;4200;6624
RO421;2004;4238;6552
RO421;2005;4470;6580
RO421;2006;4430;6520
RO421;2007;4330;6027
RO421;2008;4504;6072
RO421;2009;4482;6248
RO421;2010;4255;6133
RO421;2011;3989;5834
RO421;2012;4139;5984
RO421;2013;3827;5783
RO421;2014;4103;5831
RO421;2015;4143;6160
RO421;2016;4290;5896
RO421;2017;4305;6344
RO421;2018;4242;5898
RO421;2019;4244;5893
RO421;2020;4112;6937
RO421;2021;3855;7688
RO421;2022;3748;6072
RO421;2023;3455;5513
RO422;2000;3177;4514
RO422;2001;3000;4366
RO422;2002;3077;4400
RO422;2003;3069;4400
RO422;2004;3259;4527
RO422;2005;3080;4640
RO422;2006;3130;4500
RO422;2007;2828;4270
RO422;2008;2905;4192
RO422;2009;2880;4230
RO422;2010;2699;4294
RO422;2011;2444;4154
RO422;2012;2503;3930
RO422;2013;2228;3988
RO422;2014;2377;4076
RO422;2015;2328;4334
RO422;2016;2505;4070
RO422;2017;2416;4314
RO422;2018;2362;4152
RO422;2019;2206;4007
RO422;2020;2183;4678
RO422;2021;2086;5089
RO422;2022;1899;3921
RO422;2023;1683;3471
RO423;2000;4706;5964
RO423;2001;4500;6100
RO423;2002;4200;6157
RO423;2003;4060;6055
RO423;2004;4264;6042
RO423;2005;4180;6050
RO423;2006;4080;5900
RO423;2007;4017;5537
RO423;2008;3981;5680
RO423;2009;3921;5693
RO423;2010;3683;5784
RO423;2011;3270;5543
RO423;2012;3436;5578
RO423;2013;3122;5579
RO423;2014;3467;5816
RO423;2015;3720;5866
RO423;2016;3737;6065
RO423;2017;3685;5808
RO423;2018;3544;5874
RO423;2019;3278;5855
RO423;2020;3249;7043
RO423;2021;3196;7964
RO423;2022;2974;6369
RO423;2023;2293;5449
RO424;2000;6288;7589
RO424;2001;5831;7658
RO424;2002;5700;7700
RO424;2003;5944;8000
RO424;2004;6200;7900
RO424;2005;6510;7800
RO424;2006;6650;7860
RO424;2007;6491;7528
RO424;2008;7093;7418
RO424;2009;7046;7737
RO424;2010;6837;7853
RO424;2011;6497;7687
RO424;2012;6573;7520
RO424;2013;6456;7376
RO424;2014;6948;7577
RO424;2015;7290;8059
RO424;2016;7536;7600
RO424;2017;7661;7901
RO424;2018;7616;7573
RO424;2019;7456;7678
RO424;2020;7189;8628
RO424;2021;6977;10179
RO424;2022;6775;8205
RO424;2023;5696;7418
RS;2000;73764;104042
RS;2001;78435;99008
RS;2002;78101;102785
RS;2003;79025;103946
RS;2004;78186;104320
RS;2005;72180;106771
RS;2006;70997;102884
RS;2007;68102;102805
RS;2008;69083;102711
RS;2009;70299;104000
RS;2010;68304;103211
RS;2011;65598;102935
RS;2012;67257;102400
RS;2013;65554;100300
RS;2014;66461;101247
RS;2015;65657;103678
RS;2016;64734;100834
RS;2017;64894;103722
RS;2018;63975;101655
RS;2019;64399;101458
RS;2020;61692;116850
RS;2021;62180;136622
RS;2022;62700;109203
RS;2023;61052;97081
RS110;2000;20473;21467
RS110;2001;21769;20428
RS110;2002;21676;21207
RS110;2003;21933;21446
RS110;2004;21700;21523
RS110;2005;20033;22029
RS110;2006;19705;21227
RS110;2007;18902;21211
RS110;2008;19174;21191
RS110;2009;19511;21457
RS110;2010;18957;21294
RS110;2011;18206;21237
RS110;2012;18667;21127
RS110;2013;18194;20694
RS110;2014;18446;20889
RS110;2015;18223;21390
RS110;2016;17967;20803
RS110;2017;18000;21768
RS110;2018;17959;21484
RS110;2019;18153;21604
RS110;2020;17236;25526
RS110;2021;17803;29917
RS110;2022;17753;23912
RS110;2023;17327;21499
RS121;2000;1531;3053
RS121;2001;1628;2905
RS121;2002;1621;3016
RS121;2003;1640;3050
RS121;2004;1622;3061
RS121;2005;1497;3133
RS121;2006;1472;3019
RS121;2007;1412;3017
RS121;2008;1432;3014
RS121;2009;1457;3052
RS121;2010;1416;3029
RS121;2011;1360;3021
RS121;2012;1394;3005
RS121;2013;1359;2943
RS121;2014;1378;2971
RS121;2015;1361;3042
RS121;2016;1342;2958
RS121;2017;1392;3001
RS121;2018;1295;3027
RS121;2019;1293;3006
RS121;2020;1253;3273
RS121;2021;1220;3606
RS121;2022;1357;3117
RS121;2023;1143;2913
RS122;2000;2814;4392
RS122;2001;2992;4179
RS122;2002;2979;4339
RS122;2003;3014;4388
RS122;2004;2982;4404
RS122;2005;2753;4508
RS122;2006;2708;4344
RS122;2007;2598;4340
RS122;2008;2636;4336
RS122;2009;2682;4390
RS122;2010;2606;4357
RS122;2011;2503;4345
RS122;2012;2566;4322
RS122;2013;2501;4233
RS122;2014;2536;4273
RS122;2015;2505;4376
RS122;2016;2470;4256
RS122;2017;2500;4319
RS122;2018;2427;4057
RS122;2019;2344;4154
RS122;2020;2350;4712
RS122;2021;2374;5594
RS122;2022;2335;4642
RS122;2023;2227;4004
RS123;2000;7387;7938
RS123;2001;7855;7554
RS123;2002;7822;7842
RS123;2003;7914;7931
RS123;2004;7830;7960
RS123;2005;7229;8147
RS123;2006;7110;7850
RS123;2007;6820;7844
RS123;2008;6918;7837
RS123;2009;7040;7935
RS123;2010;6840;7875
RS123;2011;6569;7854
RS123;2012;6735;7813
RS123;2013;6564;7653
RS123;2014;6655;7725
RS123;2015;6574;7910
RS123;2016;6482;7693
RS123;2017;6529;7806
RS123;2018;6302;7570
RS123;2019;6474;7730
RS123;2020;6418;8809
RS123;2021;6549;10290
RS123;2022;6554;8652
RS123;2023;6255;7766
RS124;2000;1252;2378
RS124;2001;1331;2263
RS124;2002;1325;2349
RS124;2003;1341;2376
RS124;2004;1327;2385
RS124;2005;1225;2441
RS124;2006;1205;2352
RS124;2007;1156;2350
RS124;2008;1173;2348
RS124;2009;1194;2378
RS124;2010;1160;2360
RS124;2011;1114;2354
RS124;2012;1142;2342
RS124;2013;1113;2294
RS124;2014;1128;2316
RS124;2015;1115;2372
RS124;2016;1099;2307
RS124;2017;1158;2341
RS124;2018;1119;2394
RS124;2019;1119;2367
RS124;2020;1056;2523
RS124;2021;1069;3002
RS124;2022;1020;2490
RS124;2023;996;2154
RS125;2000;1758;2858
RS125;2001;1870;2720
RS125;2002;1862;2824
RS125;2003;1884;2856
RS125;2004;1864;2866
RS125;2005;1721;2933
RS125;2006;1693;2826
RS125;2007;1624;2824
RS125;2008;1647;2822
RS125;2009;1676;2857
RS125;2010;1628;2835
RS125;2011;1563;2827
RS125;2012;1604;2812
RS125;2013;1563;2754
RS125;2014;1585;2780
RS125;2015;1566;2847
RS125;2016;1544;2769
RS125;2017;1709;2810
RS125;2018;1663;2836
RS125;2019;1586;2770
RS125;2020;1567;3036
RS125;2021;1505;3525
RS125;2022;1445;2722
RS125;2023;1387;2629
RS126;2000;1753;2898
RS126;2001;1864;2758
RS126;2002;1856;2863
RS126;2003;1878;2895
RS126;2004;1858;2905
RS126;2005;1715;2973
RS126;2006;1687;2865
RS126;2007;1618;2863
RS126;2008;1641;2860
RS126;2009;1670;2896
RS126;2010;1623;2874
RS126;2011;1559;2866
RS126;2012;1598;2851
RS126;2013;1558;2793
RS126;2014;1579;2819
RS126;2015;1560;2887
RS126;2016;1538;2808
RS126;2017;1561;2849
RS126;2018;1557;2897
RS126;2019;1548;2753
RS126;2020;1449;3191
RS126;2021;1454;3492
RS126;2022;1395;3008
RS126;2023;1347;2515
RS127;2000;2999;4584
RS127;2001;3189;4362
RS127;2002;3176;4528
RS127;2003;3214;4579
RS127;2004;3180;4595
RS127;2005;2936;4703
RS127;2006;2888;4532
RS127;2007;2770;4528
RS127;2008;2810;4524
RS127;2009;2859;4581
RS127;2010;2778;4546
RS127;2011;2668;4534
RS127;2012;2735;4511
RS127;2013;2666;4419
RS127;2014;2703;4461
RS127;2015;2670;4568
RS127;2016;2632;4443
RS127;2017;2715;4508
RS127;2018;2664;4458
RS127;2019;2621;4361
RS127;2020;2520;4850
RS127;2021;2566;5617
RS127;2022;2458;4671
RS127;2023;2441;4188
RS211;2000;2724;3803
RS211;2001;2896;3619
RS211;2002;2884;3757
RS211;2003;2918;3800
RS211;2004;2887;3814
RS211;2005;2665;3903
RS211;2006;2621;3761
RS211;2007;2514;3758
RS211;2008;2550;3755
RS211;2009;2595;3802
RS211;2010;2521;3773
RS211;2011;2421;3763
RS211;2012;2482;3744
RS211;2013;2419;3667
RS211;2014;2452;3702
RS211;2015;2422;3791
RS211;2016;2388;3687
RS211;2017;2358;3827
RS211;2018;2337;3901
RS211;2019;2313;3869
RS211;2020;2274;4528
RS211;2021;2247;5340
RS211;2022;2163;4073
RS211;2023;2185;3593
RS212;2000;1572;2710
RS212;2001;1672;2579
RS212;2002;1665;2677
RS212;2003;1685;2707
RS212;2004;1667;2717
RS212;2005;1539;2781
RS212;2006;1514;2680
RS212;2007;1452;2678
RS212;2008;1473;2676
RS212;2009;1499;2709
RS212;2010;1457;2688
RS212;2011;1399;2681
RS212;2012;1435;2667
RS212;2013;1399;2612
RS212;2014;1418;2637
RS212;2015;1401;2700
RS212;2016;1381;2626
RS212;2017;1334;2726
RS212;2018;1319;2566
RS212;2019;1330;2592
RS212;2020;1309;2898
RS212;2021;1292;3448
RS212;2022;1353;2760
RS212;2023;1198;2380
RS213;2000;2877;4355
RS213;2001;3059;4144
RS213;2002;3046;4302
RS213;2003;3082;4351
RS213;2004;3049;4367
RS213;2005;2815;4470
RS213;2006;2769;4307
RS213;2007;2656;4304
RS213;2008;2694;4300
RS213;2009;2741;4354
RS213;2010;2663;4321
RS213;2011;2558;4310
RS213;2012;2623;4288
RS213;2013;2556;4200
RS213;2014;2591;4240
RS213;2015;2560;4342
RS213;2016;2524;4223
RS213;2017;2441;4383
RS213;2018;2406;4341
RS213;2019;2487;4346
RS213;2020;2220;4849
RS213;2021;2337;5767
RS213;2022;2323;4622
RS213;2023;2306;4054
RS214;2000;2008;3146
RS214;2001;2135;2994
RS214;2002;2126;3108
RS214;2003;2151;3143
RS214;2004;2128;3154
RS214;2005;1965;3228
RS214;2006;1933;3111
RS214;2007;1854;3109
RS214;2008;1881;3106
RS214;2009;1914;3145
RS214;2010;1860;3121
RS214;2011;1786;3113
RS214;2012;1831;3097
RS214;2013;1785;3034
RS214;2014;1810;3063
RS214;2015;1788;3137
RS214;2016;1763;3051
RS214;2017;1753;3167
RS214;2018;1683;3088
RS214;2019;1744;3056
RS214;2020;1668;3554
RS214;2021;1604;4036
RS214;2022;1652;3284
RS214;2023;1604;2870
RS215;2000;1751;3614
RS215;2001;1862;3439
RS215;2002;1854;3570
RS215;2003;1876;3610
RS215;2004;1856;3623
RS215;2005;1713;3708
RS215;2006;1685;3573
RS215;2007;1616;3570
RS215;2008;1639;3567
RS215;2009;1668;3612
RS215;2010;1621;3585
RS215;2011;1557;3575
RS215;2012;1596;3556
RS215;2013;1555;3483
RS215;2014;1577;3516
RS215;2015;1558;3600
RS215;2016;1536;3501
RS215;2017;1435;3634
RS215;2018;1524;3352
RS215;2019;1350;3511
RS215;2020;1445;4004
RS215;2021;1322;4925
RS215;2022;1398;3597
RS215;2023;1301;3198
RS216;2000;1877;3869
RS216;2001;1996;3682
RS216;2002;1986;3823
RS216;2003;2009;3866
RS216;2004;1988;3880
RS216;2005;1835;3971
RS216;2006;1805;3826
RS216;2007;1732;3823
RS216;2008;1757;3819
RS216;2009;1788;3867
RS216;2010;1737;3838
RS216;2011;1668;3828
RS216;2012;1710;3808
RS216;2013;1667;3730
RS216;2014;1690;3765
RS216;2015;1670;3855
RS216;2016;1647;3749
RS216;2017;1772;3891
RS216;2018;1682;3530
RS216;2019;1625;3519
RS216;2020;1637;4009
RS216;2021;1554;5014
RS216;2022;1639;4127
RS216;2023;1719;3350
RS217;2000;3808;3679
RS217;2001;4049;3501
RS217;2002;4032;3635
RS217;2003;4080;3676
RS217;2004;4037;3689
RS217;2005;3727;3776
RS217;2006;3666;3639
RS217;2007;3517;3636
RS217;2008;3568;3633
RS217;2009;3631;3679
RS217;2010;3528;3651
RS217;2011;3388;3641
RS217;2012;3474;3622
RS217;2013;3386;3548
RS217;2014;3433;3581
RS217;2015;3391;3667
RS217;2016;3343;3566
RS217;2017;3260;3701
RS217;2018;3351;3651
RS217;2019;3550;3593
RS217;2020;3483;4320
RS217;2021;3351;4905
RS217;2022;3649;3757
RS217;2023;3506;3460
RS218;2000;2947;4009
RS218;2001;3134;3815
RS218;2002;3121;3961
RS218;2003;3158;4006
RS218;2004;3125;4020
RS218;2005;2885;4114
RS218;2006;2837;3964
RS218;2007;2721;3961
RS218;2008;2760;3957
RS218;2009;2809;4007
RS218;2010;2729;3977
RS218;2011;2621;3966
RS218;2012;2687;3945
RS218;2013;2619;3864
RS218;2014;2655;3900
RS218;2015;2623;3994
RS218;2016;2586;3885
RS218;2017;2390;4033
RS218;2018;2287;4035
RS218;2019;2263;4005
RS218;2020;2150;4720
RS218;2021;2144;5399
RS218;2022;2257;4006
RS218;2023;2367;3811
RS221;2000;942;2124
RS221;2001;1002;2021
RS221;2002;998;2098
RS221;2003;1010;2122
RS221;2004;999;2130
RS221;2005;922;2180
RS221;2006;907;2101
RS221;2007;870;2099
RS221;2008;883;2097
RS221;2009;899;2123
RS221;2010;874;2107
RS221;2011;839;2102
RS221;2012;860;2091
RS221;2013;838;2048
RS221;2014;850;2067
RS221;2015;840;2117
RS221;2016;828;2059
RS221;2017;846;2097
RS221;2018;776;2101
RS221;2019;754;2123
RS221;2020;655;2374
RS221;2021;765;2777
RS221;2022;723;2267
RS221;2023;742;1826
RS222;2000;1409;3287
RS222;2001;1498;3128
RS222;2002;1492;3247
RS222;2003;1510;3284
RS222;2004;1494;3296
RS222;2005;1379;3373
RS222;2006;1356;3250
RS222;2007;1301;3248
RS222;2008;1320;3245
RS222;2009;1343;3286
RS222;2010;1305;3261
RS222;2011;1253;3252
RS222;2012;1285;3235
RS222;2013;1253;3169
RS222;2014;1270;3199
RS222;2015;1255;3276
RS222;2016;1237;3186
RS222;2017;1284;3245
RS222;2018;1195;3176
RS222;2019;1275;3093
RS222;2020;1137;3690
RS222;2021;1107;3968
RS222;2022;1186;3235
RS222;2023;1153;2845
RS223;2000;827;2329
RS223;2001;879;2216
RS223;2002;875;2301
RS223;2003;885;2327
RS223;2004;877;2335
RS223;2005;811;2390
RS223;2006;798;2303
RS223;2007;765;2301
RS223;2008;776;2299
RS223;2009;790;2328
RS223;2010;768;2310
RS223;2011;738;2304
RS223;2012;756;2292
RS223;2013;737;2245
RS223;2014;747;2266
RS223;2015;738;2320
RS223;2016;728;2256
RS223;2017;660;2297
RS223;2018;599;2190
RS223;2019;669;2182
RS223;2020;584;2349
RS223;2021;607;2961
RS223;2022;643;2261
RS223;2023;641;2074
RS224;2000;1997;3384
RS224;2001;2124;3220
RS224;2002;2115;3343
RS224;2003;2140;3381
RS224;2004;2117;3393
RS224;2005;1954;3473
RS224;2006;1922;3346
RS224;2007;1844;3343
RS224;2008;1871;3340
RS224;2009;1904;3382
RS224;2010;1850;3356
RS224;2011;1777;3347
RS224;2012;1822;3330
RS224;2013;1776;3262
RS224;2014;1801;3293
RS224;2015;1779;3372
RS224;2016;1754;3280
RS224;2017;1655;3340
RS224;2018;1722;3220
RS224;2019;1598;3256
RS224;2020;1586;3626
RS224;2021;1632;4341
RS224;2022;1637;3336
RS224;2023;1562;3023
RS225;2000;3632;5525
RS225;2001;3862;5258
RS225;2002;3846;5459
RS225;2003;3891;5521
RS225;2004;3850;5541
RS225;2005;3554;5671
RS225;2006;3496;5464
RS225;2007;3353;5460
RS225;2008;3401;5455
RS225;2009;3461;5523
RS225;2010;3363;5481
RS225;2011;3230;5466
RS225;2012;3312;5438
RS225;2013;3228;5326
RS225;2014;3273;5376
RS225;2015;3233;5505
RS225;2016;3188;5354
RS225;2017;3290;5452
RS225;2018;3331;5464
RS225;2019;3290;5423
RS225;2020;3116;6535
RS225;2021;2982;7536
RS225;2022;3089;5788
RS225;2023;3118;5230
RS226;2000;761;1586
RS226;2001;809;1509
RS226;2002;806;1566
RS226;2003;815;1584
RS226;2004;806;1590
RS226;2005;744;1627
RS226;2006;732;1568
RS226;2007;702;1567
RS226;2008;712;1565
RS226;2009;725;1585
RS226;2010;704;1573
RS226;2011;676;1569
RS226;2012;693;1561
RS226;2013;675;1529
RS226;2014;684;1544
RS226;2015;676;1581
RS226;2016;667;1538
RS226;2017;645;1566
RS226;2018;610;1547
RS226;2019;630;1492
RS226;2020;582;1662
RS226;2021;572;1943
RS226;2022;524;1587
RS226;2023;614;1398
RS227;2000;1725;3034
RS227;2001;1834;2887
RS227;2002;1826;2997
RS227;2003;1848;3031
RS227;2004;1828;3042
RS227;2005;1688;3114
RS227;2006;1660;3001
RS227;2007;1592;2999
RS227;2008;1615;2996
RS227;2009;1642;3033
RS227;2010;1595;3010
RS227;2011;1532;3002
RS227;2012;1571;2986
RS227;2013;1531;2925
RS227;2014;1552;2953
RS227;2015;1533;3024
RS227;2016;1511;2941
RS227;2017;1469;2995
RS227;2018;1468;2947
RS227;2019;1563;2847
RS227;2020;1428;3201
RS227;2021;1570;3977
RS227;2022;1614;3117
RS227;2023;1518;2654
RS228;2000;2097;2551
RS228;2001;2230;2429
RS228;2002;2220;2522
RS228;2003;2246;2549
RS228;2004;2222;2558
RS228;2005;2051;2618
RS228;2006;2017;2523
RS228;2007;1935;2521
RS228;2008;1963;2519
RS228;2009;1998;2551
RS228;2010;1941;2532
RS228;2011;1864;2525
RS228;2012;1911;2512
RS228;2013;1863;2460
RS228;2014;1889;2483
RS228;2015;1866;2543
RS228;2016;1840;2473
RS228;2017;1980;2518
RS228;2018;1931;2378
RS228;2019;2050;2361
RS228;2020;1837;2948
RS228;2021;1784;3355
RS228;2022;1781;2635
RS228;2023;1637;2337
RS229;2000;843;1469
RS229;2001;896;1398
RS229;2002;892;1451
RS229;2003;903;1467
RS229;2004;893;1472
RS229;2005;824;1507
RS229;2006;811;1452
RS229;2007;778;1451
RS229;2008;789;1450
RS229;2009;803;1468
RS229;2010;780;1457
RS229;2011;749;1453
RS229;2012;768;1445
RS229;2013;749;1415
RS229;2014;759;1428
RS229;2015;750;1462
RS229;2016;739;1422
RS229;2017;758;1448
RS229;2018;768;1445
RS229;2019;770;1445
RS229;2020;732;1663
RS229;2021;770;1887
RS229;2022;752;1537
RS229;2023;758;1310
SE;2000;90441;93461
SE;2001;91466;93752
SE;2002;95815;95009
SE;2003;99157;92961
SE;2004;100928;90532
SE;2005;101346;91710
SE;2006;105913;91177
SE;2007;107421;91729
SE;2008;109301;91449
SE;2009;111801;90080
SE;2010;115641;90487
SE;2011;111770;89938
SE;2012;113177;91938
SE;2013;113593;90402
SE;2014;114907;88976
SE;2015;114870;90907
SE;2016;117425;90982
SE;2017;115416;91972
SE;2018;115832;92185
SE;2019;114523;88766
SE;2020;113077;98124
SE;2021;114263;91958
SE;2022;104734;94737
SE;2023;100051;94385
SE110;2000;21837;15810
SE110;2001;22622;15769
SE110;2002;24084;16065
SE110;2003;25028;15943
SE110;2004;25779;15501
SE110;2005;25836;15517
SE110;2006;26983;15658
SE110;2007;27421;15785
SE110;2008;27948;15540
SE110;2009;28570;15147
SE110;2010;29619;15637
SE110;2011;28650;15571
SE110;2012;28932;15530
SE110;2013;29613;15215
SE110;2014;29496;15630
SE110;2015;29381;15830
SE110;2016;29457;15913
SE110;2017;28805;15835
SE110;2018;28706;16186
SE110;2019;28409;15368
SE110;2020;28466;18429
SE110;2021;29067;15625
SE110;2022;26356;16194
SE110;2023;25781;16051
SE121;2000;3078;2420
SE121;2001;3180;2526
SE121;2002;3322;2535
SE121;2003;3450;2481
SE121;2004;3625;2454
SE121;2005;3497;2473
SE121;2006;3679;2448
SE121;2007;3825;2733
SE121;2008;4069;2634
SE121;2009;3965;2660
SE121;2010;4141;2674
SE121;2011;3999;2734
SE121;2012;4124;2755
SE121;2013;3931;2732
SE121;2014;3997;2711
SE121;2015;4167;2754
SE121;2016;4274;2746
SE121;2017;4149;2829
SE121;2018;4231;2868
SE121;2019;4278;2769
SE121;2020;4142;3098
SE121;2021;4261;2962
SE121;2022;3991;3106
SE121;2023;3816;3044
SE122;2000;2420;2854
SE122;2001;2470;2969
SE122;2002;2597;2892
SE122;2003;2714;2797
SE122;2004;2619;2772
SE122;2005;2664;2780
SE122;2006;2762;2843
SE122;2007;2865;2882
SE122;2008;2833;3002
SE122;2009;2863;2958
SE122;2010;3003;2837
SE122;2011;2891;2884
SE122;2012;3010;2938
SE122;2013;3024;2838
SE122;2014;3151;2769
SE122;2015;3161;2922
SE122;2016;3266;2957
SE122;2017;3291;2968
SE122;2018;3227;3008
SE122;2019;3134;2890
SE122;2020;3013;3198
SE122;2021;3045;3079
SE122;2022;2876;3100
SE122;2023;2526;3199
SE123;2000;3990;4400
SE123;2001;3940;4390
SE123;2002;4204;4473
SE123;2003;4292;4397
SE123;2004;4341;4277
SE123;2005;4430;4374
SE123;2006;4575;4222
SE123;2007;4622;4352
SE123;2008;4671;4381
SE123;2009;4877;4299
SE123;2010;5001;4166
SE123;2011;4770;4132
SE123;2012;5085;4285
SE123;2013;5050;4293
SE123;2014;5083;4134
SE123;2015;5129;4158
SE123;2016;5227;4248
SE123;2017;5009;4377
SE123;2018;4989;4316
SE123;2019;5035;4130
SE123;2020;4855;4507
SE123;2021;5035;4343
SE123;2022;4535;4368
SE123;2023;4294;4315
SE124;2000;2766;3258
SE124;2001;2656;3247
SE124;2002;2710;3353
SE124;2003;2818;3211
SE124;2004;2753;3168
SE124;2005;2813;3102
SE124;2006;2874;3048
SE124;2007;3074;3000
SE124;2008;3200;3026
SE124;2009;3162;3179
SE124;2010;3266;2929
SE124;2011;3297;3027
SE124;2012;3208;3002
SE124;2013;3249;3093
SE124;2014;3323;2818
SE124;2015;3280;2939
SE124;2016;3258;3001
SE124;2017;3306;2915
SE124;2018;3447;2953
SE124;2019;3331;2841
SE124;2020;3267;3023
SE124;2021;3297;2856
SE124;2022;3024;2989
SE124;2023;2813;3115
SE125;2000;2451;2782
SE125;2001;2430;2779
SE125;2002;2511;2934
SE125;2003;2669;2701
SE125;2004;2647;2756
SE125;2005;2685;2825
SE125;2006;2730;2776
SE125;2007;2636;2660
SE125;2008;2596;2637
SE125;2009;2694;2543
SE125;2010;2838;2525
SE125;2011;2807;2574
SE125;2012;2852;2640
SE125;2013;2865;2507
SE125;2014;2932;2539
SE125;2015;2898;2607
SE125;2016;2974;2715
SE125;2017;3075;2670
SE125;2018;2993;2808
SE125;2019;2981;2648
SE125;2020;2955;2929
SE125;2021;2829;2736
SE125;2022;2835;2884
SE125;2023;2568;2766
SE211;2000;3239;3633
SE211;2001;3353;3671
SE211;2002;3513;3620
SE211;2003;3551;3518
SE211;2004;3681;3420
SE211;2005;3583;3417
SE211;2006;3679;3607
SE211;2007;3732;3497
SE211;2008;3814;3403
SE211;2009;3842;3327
SE211;2010;3970;3490
SE211;2011;4005;3490
SE211;2012;3911;3468
SE211;2013;3907;3345
SE211;2014;4047;3352
SE211;2015;4083;3392
SE211;2016;4192;3243
SE211;2017;4087;3501
SE211;2018;4201;3432
SE211;2019;4090;3180
SE211;2020;4162;3676
SE211;2021;4039;3365
SE211;2022;3722;3391
SE211;2023;3581;3531
SE212;2000;1570;1961
SE212;2001;1675;1991
SE212;2002;1782;1863
SE212;2003;1809;1918
SE212;2004;1887;1789
SE212;2005;1842;1914
SE212;2006;1993;1871
SE212;2007;1957;1852
SE212;2008;2040;1856
SE212;2009;2062;1819
SE212;2010;2129;1824
SE212;2011;1984;1760
SE212;2012;2089;1867
SE212;2013;2141;1889
SE212;2014;2160;1744
SE212;2015;2133;1848
SE212;2016;2331;1780
SE212;2017;2258;1922
SE212;2018;2248;1920
SE212;2019;2308;1817
SE212;2020;2349;2091
SE212;2021;2269;1879
SE212;2022;2041;1900
SE212;2023;1963;1852
SE213;2000;2062;2879
SE213;2001;2011;2950
SE213;2002;2100;3009
SE213;2003;2075;2878
SE213;2004;2099;2851
SE213;2005;2114;2870
SE213;2006;2186;2858
SE213;2007;2210;2834
SE213;2008;2195;2825
SE213;2009;2262;2795
SE213;2010;2345;2706
SE213;2011;2211;2781
SE213;2012;2396;2834
SE213;2013;2329;2701
SE213;2014;2372;2651
SE213;2015;2464;2773
SE213;2016;2488;2776
SE213;2017;2541;2765
SE213;2018;2543;2733
SE213;2019;2407;2516
SE213;2020;2501;2814
SE213;2021;2460;2634
SE213;2022;2176;2814
SE213;2023;2108;2896
SE214;2000;519;663
SE214;2001;482;651
SE214;2002;547;655
SE214;2003;499;599
SE214;2004;478;652
SE214;2005;518;621
SE214;2006;518;627
SE214;2007;485;579
SE214;2008;548;615
SE214;2009;563;593
SE214;2010;593;633
SE214;2011;535;610
SE214;2012;566;631
SE214;2013;525;660
SE214;2014;529;554
SE214;2015;491;628
SE214;2016;509;641
SE214;2017;535;621
SE214;2018;507;608
SE214;2019;516;625
SE214;2020;467;654
SE214;2021;522;630
SE214;2022;465;626
SE214;2023;454;666
SE221;2000;1407;1727
SE221;2001;1298;1679
SE221;2002;1494;1748
SE221;2003;1499;1736
SE221;2004;1555;1604
SE221;2005;1567;1680
SE221;2006;1619;1714
SE221;2007;1579;1698
SE221;2008;1550;1739
SE221;2009;1612;1798
SE221;2010;1586;1677
SE221;2011;1567;1712
SE221;2012;1522;1762
SE221;2013;1525;1669
SE221;2014;1614;1661
SE221;2015;1582;1687
SE221;2016;1625;1766
SE221;2017;1593;1775
SE221;2018;1627;1723
SE221;2019;1545;1664
SE221;2020;1491;1794
SE221;2021;1507;1787
SE221;2022;1392;1830
SE221;2023;1301;1815
SE224;2000;11449;12069
SE224;2001;11496;12184
SE224;2002;12091;12201
SE224;2003;12559;11869
SE224;2004;12739;11669
SE224;2005;13082;11841
SE224;2006;13964;11637
SE224;2007;14310;11949
SE224;2008;14979;11917
SE224;2009;15316;11512
SE224;2010;15867;11875
SE224;2011;15438;11609
SE224;2012;15672;12297
SE224;2013;15654;12131
SE224;2014;15750;11753
SE224;2015;15579;11796
SE224;2016;15955;11946
SE224;2017;15646;12060
SE224;2018;15742;12226
SE224;2019;15704;11728
SE224;2020;15460;12691
SE224;2021;15605;12356
SE224;2022;14381;12829
SE224;2023;13841;12649
SE231;2000;2776;2759
SE231;2001;2838;2662
SE231;2002;3006;2781
SE231;2003;3078;2707
SE231;2004;3083;2610
SE231;2005;3152;2753
SE231;2006;3274;2699
SE231;2007;3217;2780
SE231;2008;3167;2710
SE231;2009;3325;2768
SE231;2010;3509;2786
SE231;2011;3260;2857
SE231;2012;3236;2865
SE231;2013;3278;2845
SE231;2014;3367;2887
SE231;2015;3275;2800
SE231;2016;3472;2933
SE231;2017;3403;3026
SE231;2018;3470;2953
SE231;2019;3488;2811
SE231;2020;3432;3057
SE231;2021;3528;2984
SE231;2022;3293;3228
SE231;2023;3060;3201
SE232;2000;15475;15520
SE232;2001;15644;15869
SE232;2002;16109;15965
SE232;2003;16682;15596
SE232;2004;17086;15130
SE232;2005;17136;15375
SE232;2006;18077;15307
SE232;2007;18507;15385
SE232;2008;18555;15395
SE232;2009;19303;14862
SE232;2010;19986;15252
SE232;2011;18975;14887
SE232;2012;19279;15240
SE232;2013;19299;15032
SE232;2014;19536;14673
SE232;2015;19354;14979
SE232;2016;20040;15088
SE232;2017;19446;15342
SE232;2018;19613;15284
SE232;2019;19503;15003
SE232;2020;19337;16053
SE232;2021;19662;15207
SE232;2022;18147;15590
SE232;2023;17427;15702
SE311;2000;2442;3507
SE311;2001;2428;3393
SE311;2002;2403;3363
SE311;2003;2546;3371
SE311;2004;2498;3212
SE311;2005;2567;3297
SE311;2006;2626;3312
SE311;2007;2688;3175
SE311;2008;2602;3308
SE311;2009;2744;3353
SE311;2010;2800;3231
SE311;2011;2708;3047
SE311;2012;2793;3192
SE311;2013;2679;3203
SE311;2014;2797;3037
SE311;2015;2803;3248
SE311;2016;2930;3197
SE311;2017;2970;3132
SE311;2018;2895;3131
SE311;2019;2786;3008
SE311;2020;2720;3159
SE311;2021;2634;3251
SE311;2022;2528;3125
SE311;2023;2273;3242
SE312;2000;2408;3406
SE312;2001;2325;3442
SE312;2002;2500;3568
SE312;2003;2555;3422
SE312;2004;2639;3305
SE312;2005;2706;3337
SE312;2006;2592;3230
SE312;2007;2714;3232
SE312;2008;2775;3175
SE312;2009;2736;3249
SE312;2010;2846;3165
SE312;2011;2814;3085
SE312;2012;2819;3326
SE312;2013;2715;3146
SE312;2014;2909;3048
SE312;2015;2939;3173
SE312;2016;3063;3151
SE312;2017;3064;3091
SE312;2018;3035;3118
SE312;2019;2943;3030
SE312;2020;2893;3307
SE312;2021;2790;3053
SE312;2022;2575;3087
SE312;2023;2440;3167
SE313;2000;2456;3566
SE313;2001;2458;3370
SE313;2002;2505;3629
SE313;2003;2677;3558
SE313;2004;2662;3354
SE313;2005;2583;3483
SE313;2006;2742;3416
SE313;2007;2688;3427
SE313;2008;2634;3386
SE313;2009;2794;3344
SE313;2010;2855;3266
SE313;2011;2718;3267
SE313;2012;2874;3335
SE313;2013;2784;3199
SE313;2014;2836;3218
SE313;2015;2939;3371
SE313;2016;2921;3154
SE313;2017;2942;3266
SE313;2018;3108;3084
SE313;2019;2870;3107
SE313;2020;2762;3411
SE313;2021;2741;3266
SE313;2022;2473;3381
SE313;2023;2281;3217
SE321;2000;2146;3154
SE321;2001;2202;3202
SE321;2002;2350;3156
SE321;2003;2438;3173
SE321;2004;2505;3005
SE321;2005;2352;3081
SE321;2006;2462;3037
SE321;2007;2491;3024
SE321;2008;2536;2972
SE321;2009;2445;3081
SE321;2010;2533;3036
SE321;2011;2447;2958
SE321;2012;2382;2947
SE321;2013;2379;2903
SE321;2014;2419;2908
SE321;2015;2495;3016
SE321;2016;2576;2877
SE321;2017;2473;2943
SE321;2018;2564;2815
SE321;2019;2454;2769
SE321;2020;2275;3082
SE321;2021;2362;2893
SE321;2022;2029;2971
SE321;2023;1949;2835
SE322;2000;1110;1644
SE322;2001;1152;1682
SE322;2002;1190;1588
SE322;2003;1266;1608
SE322;2004;1274;1649
SE322;2005;1263;1605
SE322;2006;1295;1584
SE322;2007;1308;1567
SE322;2008;1344;1477
SE322;2009;1341;1518
SE322;2010;1430;1478
SE322;2011;1319;1534
SE322;2012;1271;1461
SE322;2013;1266;1514
SE322;2014;1323;1495
SE322;2015;1388;1500
SE322;2016;1331;1427
SE322;2017;1456;1469
SE322;2018;1399;1434
SE322;2019;1350;1400
SE322;2020;1274;1527
SE322;2021;1330;1393
SE322;2022;1170;1446
SE322;2023;1158;1450
SE331;2000;2406;2667
SE331;2001;2465;2596
SE331;2002;2488;2756
SE331;2003;2633;2644
SE331;2004;2537;2555
SE331;2005;2665;2563
SE331;2006;2827;2553
SE331;2007;2707;2528
SE331;2008;2865;2586
SE331;2009;2962;2631
SE331;2010;2891;2611
SE331;2011;2947;2617
SE331;2012;2835;2710
SE331;2013;2918;2726
SE331;2014;2770;2577
SE331;2015;2889;2662
SE331;2016;2995;2610
SE331;2017;2954;2602
SE331;2018;2914;2742
SE331;2019;2934;2622
SE331;2020;2936;2609
SE331;2021;2845;2762
SE331;2022;2618;2898
SE331;2023;2384;2669
SE332;2000;2434;2782
SE332;2001;2341;2730
SE332;2002;2309;2855
SE332;2003;2319;2834
SE332;2004;2441;2799
SE332;2005;2291;2802
SE332;2006;2456;2730
SE332;2007;2385;2790
SE332;2008;2380;2865
SE332;2009;2363;2644
SE332;2010;2433;2689
SE332;2011;2428;2802
SE332;2012;2321;2853
SE332;2013;2462;2761
SE332;2014;2496;2817
SE332;2015;2440;2824
SE332;2016;2541;2813
SE332;2017;2413;2863
SE332;2018;2373;2843
SE332;2019;2457;2840
SE332;2020;2320;3015
SE332;2021;2435;2897
SE332;2022;2107;2980
SE332;2023;2033;3003
SI;2000;18180;18588
SI;2001;17477;18508
SI;2002;17501;18701
SI;2003;17321;19451
SI;2004;17961;18523
SI;2005;18157;18825
SI;2006;18932;18180
SI;2007;19823;18584
SI;2008;21817;18308
SI;2009;21856;18750
SI;2010;22343;18609
SI;2011;21947;18699
SI;2012;21938;19257
SI;2013;21111;19334
SI;2014;21165;18886
SI;2015;20641;19834
SI;2016;20345;19689
SI;2017;20241;20509
SI;2018;19585;20485
SI;2019;19328;20588
SI;2020;18767;24016
SI;2021;18984;23261
SI;2022;17627;22492
SI;2023;16989;21540
SI031;2000;1075;1405
SI031;2001;1015;1449
SI031;2002;957;1429
SI031;2003;1044;1509
SI031;2004;1031;1382
SI031;2005;979;1422
SI031;2006;970;1318
SI031;2007;997;1338
SI031;2008;1058;1337
SI031;2009;1115;1377
SI031;2010;1045;1318
SI031;2011;1047;1411
SI031;2012;1047;1335
SI031;2013;1026;1366
SI031;2014;1009;1368
SI031;2015;1003;1353
SI031;2016;950;1361
SI031;2017;1053;1376
SI031;2018;946;1401
SI031;2019;924;1462
SI031;2020;832;1705
SI031;2021;882;1560
SI031;2022;878;1505
SI031;2023;795;1405
SI032;2000;2651;3274
SI032;2001;2610;3129
SI032;2002;2647;3113
SI032;2003;2628;3328
SI032;2004;2560;3168
SI032;2005;2690;3268
SI032;2006;2685;3206
SI032;2007;2666;3205
SI032;2008;3057;3161
SI032;2009;3029;3126
SI032;2010;3122;3165
SI032;2011;3011;3275
SI032;2012;3025;3207
SI032;2013;2924;3358
SI032;2014;3012;3131
SI032;2015;2916;3476
SI032;2016;2940;3398
SI032;2017;2876;3544
SI032;2018;2787;3603
SI032;2019;2846;3452
SI032;2020;2569;4184
SI032;2021;2712;4067
SI032;2022;2458;3686
SI032;2023;2437;3677
SI033;2000;735;638
SI033;2001;631;635
SI033;2002;667;654
SI033;2003;644;679
SI033;2004;684;680
SI033;2005;603;701
SI033;2006;672;675
SI033;2007;682;652
SI033;2008;787;681
SI033;2009;792;670
SI033;2010;701;652
SI033;2011;713;738
SI033;2012;726;672
SI033;2013;678;693
SI033;2014;718;660
SI033;2015;662;701
SI033;2016;686;731
SI033;2017;712;689
SI033;2018;674;704
SI033;2019;652;762
SI033;2020;597;871
SI033;2021;675;802
SI033;2022;610;796
SI033;2023;510;804
SI034;2000;2373;2378
SI034;2001;2309;2407
SI034;2002;2316;2555
SI034;2003;2216;2527
SI034;2004;2281;2385
SI034;2005;2332;2282
SI034;2006;2397;2280
SI034;2007;2497;2230
SI034;2008;2722;2306
SI034;2009;2700;2372
SI034;2010;2770;2371
SI034;2011;2715;2313
SI034;2012;2716;2512
SI034;2013;2620;2400
SI034;2014;2629;2381
SI034;2015;2555;2521
SI034;2016;2533;2476
SI034;2017;2425;2643
SI034;2018;2405;2526
SI034;2019;2393;2529
SI034;2020;2379;3080
SI034;2021;2299;3040
SI034;2022;2225;2851
SI034;2023;2283;2692
SI035;2000;361;523
SI035;2001;362;514
SI035;2002;368;513
SI035;2003;456;621
SI035;2004;460;630
SI035;2005;503;668
SI035;2006;541;571
SI035;2007;605;570
SI035;2008;617;573
SI035;2009;648;556
SI035;2010;588;586
SI035;2011;625;602
SI035;2012;562;570
SI035;2013;579;609
SI035;2014;571;612
SI035;2015;547;608
SI035;2016;576;619
SI035;2017;572;637
SI035;2018;498;614
SI035;2019;455;615
SI035;2020;463;706
SI035;2021;474;761
SI035;2022;435;707
SI035;2023;436;642
SI036;2000;631;772
SI036;2001;627;776
SI036;2002;645;768
SI036;2003;624;824
SI036;2004;658;840
SI036;2005;623;787
SI036;2006;698;812
SI036;2007;638;845
SI036;2008;746;795
SI036;2009;706;816
SI036;2010;785;838
SI036;2011;775;810
SI036;2012;774;864
SI036;2013;754;841
SI036;2014;761;810
SI036;2015;793;835
SI036;2016;727;860
SI036;2017;777;812
SI036;2018;690;839
SI036;2019;727;823
SI036;2020;701;940
SI036;2021;698;956
SI036;2022;615;925
SI036;2023;675;846
SI037;2000;1558;1359
SI037;2001;1442;1441
SI037;2002;1451;1387
SI037;2003;1281;1354
SI037;2004;1295;1271
SI037;2005;1318;1316
SI037;2006;1411;1214
SI037;2007;1499;1374
SI037;2008;1584;1237
SI037;2009;1524;1375
SI037;2010;1655;1297
SI037;2011;1641;1317
SI037;2012;1632;1358
SI037;2013;1568;1354
SI037;2014;1632;1348
SI037;2015;1551;1425
SI037;2016;1586;1391
SI037;2017;1567;1464
SI037;2018;1579;1514
SI037;2019;1572;1464
SI037;2020;1477;1703
SI037;2021;1563;1628
SI037;2022;1403;1515
SI037;2023;1407;1500
SI038;2000;439;556
SI038;2001;447;507
SI038;2002;404;552
SI038;2003;465;569
SI038;2004;455;493
SI038;2005;495;541
SI038;2006;473;498
SI038;2007;507;546
SI038;2008;561;545
SI038;2009;552;519
SI038;2010;571;535
SI038;2011;607;465
SI038;2012;570;557
SI038;2013;584;520
SI038;2014;537;560
SI038;2015;545;566
SI038;2016;505;559
SI038;2017;524;557
SI038;2018;473;559
SI038;2019;496;605
SI038;2020;485;649
SI038;2021;519;622
SI038;2022;442;618
SI038;2023;404;586
SI041;2000;4535;3911
SI041;2001;4330;3839
SI041;2002;4370;3891
SI041;2003;4366;4066
SI041;2004;4650;3917
SI041;2005;4784;3994
SI041;2006;5080;3929
SI041;2007;5414;3894
SI041;2008;6045;3875
SI041;2009;6042;3956
SI041;2010;6239;3978
SI041;2011;6080;3973
SI041;2012;6166;4199
SI041;2013;5834;4153
SI041;2014;5860;4050
SI041;2015;5745;4270
SI041;2016;5593;4155
SI041;2017;5640;4504
SI041;2018;5468;4470
SI041;2019;5320;4595
SI041;2020;5307;5316
SI041;2021;5261;5185
SI041;2022;4873;5050
SI041;2023;4600;4894
SI042;2000;1980;1626
SI042;2001;1900;1645
SI042;2002;1935;1631
SI042;2003;1820;1708
SI042;2004;2022;1612
SI042;2005;1952;1626
SI042;2006;2130;1546
SI042;2007;2156;1742
SI042;2008;2281;1675
SI042;2009;2326;1695
SI042;2010;2422;1715
SI042;2011;2312;1654
SI042;2012;2276;1691
SI042;2013;2256;1754
SI042;2014;2149;1730
SI042;2015;2159;1774
SI042;2016;2098;1764
SI042;2017;2061;1925
SI042;2018;2025;1875
SI042;2019;2017;1906
SI042;2020;1979;2299
SI042;2021;1933;2058
SI042;2022;1937;2190
SI042;2023;1779;2003
SI043;2000;1080;1259
SI043;2001;1020;1160
SI043;2002;978;1221
SI043;2003;975;1243
SI043;2004;1030;1168
SI043;2005;1037;1235
SI043;2006;1017;1184
SI043;2007;1174;1179
SI043;2008;1248;1215
SI043;2009;1301;1252
SI043;2010;1303;1155
SI043;2011;1325;1156
SI043;2012;1296;1288
SI043;2013;1251;1265
SI043;2014;1188;1260
SI043;2015;1155;1266
SI043;2016;1115;1296
SI043;2017;1075;1310
SI043;2018;1056;1244
SI043;2019;1001;1287
SI043;2020;1045;1354
SI043;2021;1061;1396
SI043;2022;921;1409
SI043;2023;875;1316
SI044;2000;762;887
SI044;2001;784;1006
SI044;2002;762;987
SI044;2003;802;1023
SI044;2004;835;977
SI044;2005;841;985
SI044;2006;858;947
SI044;2007;988;1009
SI044;2008;1111;908
SI044;2009;1121;1036
SI044;2010;1142;999
SI044;2011;1096;985
SI044;2012;1148;1004
SI044;2013;1037;1021
SI044;2014;1099;976
SI044;2015;1010;1039
SI044;2016;1036;1079
SI044;2017;959;1048
SI044;2018;984;1136
SI044;2019;925;1088
SI044;2020;933;1209
SI044;2021;907;1186
SI044;2022;830;1240
SI044;2023;788;1175
SK;2000;55151;52724
SK;2001;51136;51980
SK;2002;50841;51581
SK;2003;51713;52230
SK;2004;53747;51852
SK;2005;54430;53475
SK;2006;53904;53301
SK;2007;54424;53856
SK;2008;57360;53164
SK;2009;61217;52913
SK;2010;60410;53445
SK;2011;60813;51903
SK;2012;55576;52437
SK;2013;54823;52089
SK;2014;55033;51346
SK;2015;55602;53826
SK;2016;57557;52351
SK;2017;57969;53914
SK;2018;57639;54293
SK;2019;57054;53234
SK;2020;56650;59089
SK;2021;56565;73461
SK;2022;52668;59583
SK;2023;48627;54133
SK010;2000;4895;5839
SK010;2001;4600;5553
SK010;2002;4559;5524
SK010;2003;5100;5700
SK010;2004;5440;5660
SK010;2005;5870;5920
SK010;2006;5920;5850
SK010;2007;6325;5771
SK010;2008;6840;5792
SK010;2009;7427;5743
SK010;2010;7567;5957
SK010;2011;7787;5718
SK010;2012;7518;5747
SK010;2013;7376;5907
SK010;2014;7759;5730
SK010;2015;7904;5944
SK010;2016;8226;5930
SK010;2017;8431;6158
SK010;2018;8572;6284
SK010;2019;8170;6062
SK010;2020;8292;6507
SK010;2021;8133;8050
SK010;2022;7148;6984
SK010;2023;6523;6344
SK021;2000;4986;5538
SK021;2001;4578;5426
SK021;2002;4521;5500
SK021;2003;4659;5425
SK021;2004;4950;5540
SK021;2005;4950;5460
SK021;2006;5060;5600
SK021;2007;4904;5635
SK021;2008;5358;5468
SK021;2009;5549;5511
SK021;2010;5574;5608
SK021;2011;5567;5512
SK021;2012;5288;5443
SK021;2013;5260;5494
SK021;2014;5373;5461
SK021;2015;5305;5763
SK021;2016;5493;5579
SK021;2017;5457;5666
SK021;2018;5476;5843
SK021;2019;5385;5410
SK021;2020;5352;6193
SK021;2021;5447;7779
SK021;2022;4929;6410
SK021;2023;4634;5786
SK022;2000;5466;5757
SK022;2001;4900;5566
SK022;2002;4800;5700
SK022;2003;4746;5859
SK022;2004;5050;5720
SK022;2005;5090;6040
SK022;2006;5080;5880
SK022;2007;5214;6074
SK022;2008;5420;5880
SK022;2009;5788;6003
SK022;2010;5940;5833
SK022;2011;5907;5751
SK022;2012;5158;5771
SK022;2013;5396;5680
SK022;2014;5118;5656
SK022;2015;5202;5862
SK022;2016;5341;5996
SK022;2017;5330;6292
SK022;2018;5215;6228
SK022;2019;5329;6031
SK022;2020;5170;6939
SK022;2021;5184;8339
SK022;2022;4687;6889
SK022;2023;4104;6253
SK023;2000;6306;8051
SK023;2001;5800;7978
SK023;2002;5800;7757
SK023;2003;5856;7834
SK023;2004;5910;7580
SK023;2005;6110;7940
SK023;2006;6020;7990
SK023;2007;6067;8059
SK023;2008;6508;8062
SK023;2009;6792;7898
SK023;2010;6539;7840
SK023;2011;6667;7574
SK023;2012;6017;7687
SK023;2013;5822;7543
SK023;2014;6046;7642
SK023;2015;5877;7822
SK023;2016;6174;7585
SK023;2017;6231;7726
SK023;2018;6018;7740
SK023;2019;6067;7551
SK023;2020;5832;8379
SK023;2021;6000;10514
SK023;2022;5583;8368
SK023;2023;5119;7507
SK031;2000;7781;6348
SK031;2001;7072;6441
SK031;2002;7062;6247
SK031;2003;7000;6300
SK031;2004;7200;6400
SK031;2005;7120;6630
SK031;2006;6980;6620
SK031;2007;7021;6666
SK031;2008;7407;6800
SK031;2009;7741;6650
SK031;2010;7619;6585
SK031;2011;7801;6345
SK031;2012;7220;6469
SK031;2013;6953;6555
SK031;2014;6840;6327
SK031;2015;7114;6691
SK031;2016;7326;6560
SK031;2017;7350;6694
SK031;2018;7529;6757
SK031;2019;7432;6651
SK031;2020;7247;7342
SK031;2021;7251;8940
SK031;2022;6720;7327
SK031;2023;6177;6583
SK032;2000;6347;7300
SK032;2001;6000;7200
SK032;2002;6000;7060
SK032;2003;6065;7046
SK032;2004;6400;7060
SK032;2005;6420;7300
SK032;2006;6220;7160
SK032;2007;6323;7230
SK032;2008;6381;7019
SK032;2009;6908;6987
SK032;2010;6729;7206
SK032;2011;6697;6884
SK032;2012;6022;7008
SK032;2013;6084;6812
SK032;2014;6059;6690
SK032;2015;5907;7074
SK032;2016;6242;6840
SK032;2017;6288;7019
SK032;2018;6086;7011
SK032;2019;5957;7108
SK032;2020;5978;7496
SK032;2021;5849;9444
SK032;2022;5483;7515
SK032;2023;5063;7114
SK041;2000;10245;6544
SK041;2001;9700;6626
SK041;2002;9479;6500
SK041;2003;9421;6666
SK041;2004;9700;6480
SK041;2005;9770;6800
SK041;2006;9580;6810
SK041;2007;9489;6884
SK041;2008;10022;6760
SK041;2009;10852;6730
SK041;2010;10567;6894
SK041;2011;10368;6747
SK041;2012;9501;6863
SK041;2013;9412;6772
SK041;2014;9352;6723
SK041;2015;9586;7196
SK041;2016;9861;6684
SK041;2017;9919;6880
SK041;2018;9792;7137
SK041;2019;9893;6984
SK041;2020;9997;7975
SK041;2021;9936;9883
SK041;2022;9736;7752
SK041;2023;9099;6924
SK042;2000;9125;7347
SK042;2001;8500;7174
SK042;2002;8653;7300
SK042;2003;8851;7400
SK042;2004;9100;7420
SK042;2005;9100;7390
SK042;2006;9050;7380
SK042;2007;9081;7537
SK042;2008;9424;7383
SK042;2009;10160;7391
SK042;2010;9875;7522
SK042;2011;10019;7372
SK042;2012;8864;7449
SK042;2013;8520;7326
SK042;2014;8486;7117
SK042;2015;8707;7474
SK042;2016;8894;7177
SK042;2017;8963;7479
SK042;2018;8951;7293
SK042;2019;8821;7437
SK042;2020;8782;8258
SK042;2021;8765;10512
SK042;2022;8382;8338
SK042;2023;7908;7622
TR;2000;1363000;415000
TR;2001;1362000;422000
TR;2002;1362000;429000
TR;2003;1361000;436000
TR;2004;1360000;443000
TR;2005;1361000;450000
TR;2006;1362000;456000
TR;2007;1266503;464000
TR;2008;1262333;454000
TR;2009;1241617;367971
TR;2010;1255937;365707
TR;2011;1241412;375367
TR;2012;1279864;374855
TR;2013;1283062;372094
TR;2014;1337504;390121
TR;2015;1325783;405218
TR;2016;1309771;422135
TR;2017;1291055;425781
TR;2018;1248847;426106
TR;2019;1183652;435941
TR;2020;1112859;509048
TR;2021;1079842;566485
TR;2022;1035795;504839
TR;2023;958408;525814
TR100;2000;234501;60543
TR100;2001;234329;61564
TR100;2002;234329;62585
TR100;2003;234157;63606
TR100;2004;233985;64627
TR100;2005;234157;65648
TR100;2006;234329;66523
TR100;2007;217899;67690
TR100;2008;220464;66231
TR100;2009;207393;53682
TR100;2010;213110;52775
TR100;2011;211874;53109
TR100;2012;224469;54558
TR100;2013;227162;54690
TR100;2014;240350;57908
TR100;2015;241121;60089
TR100;2016;239144;62464
TR100;2017;231576;63273
TR100;2018;221509;62503
TR100;2019;206943;63371
TR100;2020;191240;76407
TR100;2021;179943;84243
TR100;2022;170084;73751
TR100;2023;156708;69937
TR211;2000;11363;5033
TR211;2001;11354;5118
TR211;2002;11354;5203
TR211;2003;11345;5288
TR211;2004;11336;5373
TR211;2005;11345;5458
TR211;2006;11354;5531
TR211;2007;10558;5628
TR211;2008;10709;5507
TR211;2009;11029;4463
TR211;2010;11202;4365
TR211;2011;11681;4388
TR211;2012;12332;4684
TR211;2013;12693;4525
TR211;2014;13314;4981
TR211;2015;14077;5069
TR211;2016;14427;5309
TR211;2017;14770;5452
TR211;2018;14916;5743
TR211;2019;13934;5659
TR211;2020;13178;6267
TR211;2021;12884;7510
TR211;2022;12677;7168
TR211;2023;12306;6681
TR212;2000;4874;3339
TR212;2001;4870;3395
TR212;2002;4870;3451
TR212;2003;4866;3507
TR212;2004;4862;3563
TR212;2005;4866;3619
TR212;2006;4870;3667
TR212;2007;4529;3732
TR212;2008;4535;3651
TR212;2009;4022;2959
TR212;2010;3964;3137
TR212;2011;4079;3108
TR212;2012;4226;3202
TR212;2013;4151;2988
TR212;2014;4044;3261
TR212;2015;4234;3541
TR212;2016;4065;3415
TR212;2017;3959;3558
TR212;2018;3885;3509
TR212;2019;3619;3547
TR212;2020;3596;3886
TR212;2021;3499;4606
TR212;2022;3536;4346
TR212;2023;3344;4005
TR213;2000;3552;2859
TR213;2001;3549;2907
TR213;2002;3549;2955
TR213;2003;3546;3003
TR213;2004;3543;3051
TR213;2005;3546;3099
TR213;2006;3549;3140
TR213;2007;3300;3195
TR213;2008;3077;3126
TR213;2009;3358;2534
TR213;2010;3381;2634
TR213;2011;3244;2671
TR213;2012;3465;2554
TR213;2013;3447;2705
TR213;2014;3698;2810
TR213;2015;3695;2941
TR213;2016;3575;2788
TR213;2017;3701;2941
TR213;2018;3562;2988
TR213;2019;3420;2939
TR213;2020;3333;3242
TR213;2021;3082;3868
TR213;2022;3150;3676
TR213;2023;3041;3412
TR221;2000;14193;9873
TR221;2001;14183;10040
TR221;2002;14183;10207
TR221;2003;14173;10374
TR221;2004;14163;10541
TR221;2005;14173;10708
TR221;2006;14183;10851
TR221;2007;13189;11041
TR221;2008;12807;10803
TR221;2009;12405;8756
TR221;2010;12689;8932
TR221;2011;12652;8996
TR221;2012;12852;9024
TR221;2013;13016;9067
TR221;2014;13368;9603
TR221;2015;12838;10264
TR221;2016;12893;10463
TR221;2017;12844;10717
TR221;2018;12552;10703
TR221;2019;11846;10896
TR221;2020;11396;11262
TR221;2021;10833;13884
TR221;2022;10862;12692
TR221;2023;10436;11922
TR222;2000;5095;4458
TR222;2001;5091;4533
TR222;2002;5091;4608
TR222;2003;5087;4683
TR222;2004;5083;4758
TR222;2005;5087;4833
TR222;2006;5091;4897
TR222;2007;4734;4983
TR222;2008;4775;4876
TR222;2009;5176;3952
TR222;2010;4973;3933
TR222;2011;5212;3998
TR222;2012;5401;4002
TR222;2013;5250;3926
TR222;2014;5455;4190
TR222;2015;5339;4314
TR222;2016;5420;4424
TR222;2017;5485;4544
TR222;2018;5511;4492
TR222;2019;5195;4532
TR222;2020;4911;4728
TR222;2021;4687;5884
TR222;2022;4587;5433
TR222;2023;4655;5156
TR310;2000;57515;24700
TR310;2001;57473;25117
TR310;2002;57473;25534
TR310;2003;57431;25951
TR310;2004;57389;26368
TR310;2005;57431;26785
TR310;2006;57473;27142
TR310;2007;53443;27618
TR310;2008;53970;27023
TR310;2009;50344;21902
TR310;2010;50156;21699
TR310;2011;50664;22961
TR310;2012;53545;23245
TR310;2013;52929;22124
TR310;2014;55491;23430
TR310;2015;55553;24627
TR310;2016;54415;26196
TR310;2017;53511;26500
TR310;2018;51298;26458
TR310;2019;47744;27567
TR310;2020;44438;29937
TR310;2021;43181;34215
TR310;2022;41741;32632
TR310;2023;38741;30820
TR321;2000;13690;7006
TR321;2001;13680;7124
TR321;2002;13680;7242
TR321;2003;13670;7360
TR321;2004;13660;7478
TR321;2005;13670;7596
TR321;2006;13680;7697
TR321;2007;12721;7832
TR321;2008;12912;7663
TR321;2009;12839;6211
TR321;2010;12769;6310
TR321;2011;12569;6615
TR321;2012;13409;6727
TR321;2013;13108;6439
TR321;2014;13523;6743
TR321;2015;13753;7416
TR321;2016;13654;7651
TR321;2017;14020;7731
TR321;2018;13344;7991
TR321;2019;12608;8297
TR321;2020;11832;9192
TR321;2021;11606;10167
TR321;2022;11301;9609
TR321;2023;10707;8937
TR322;2000;15942;5893
TR322;2001;15930;5993
TR322;2002;15930;6093
TR322;2003;15918;6193
TR322;2004;15906;6293
TR322;2005;15918;6393
TR322;2006;15930;6478
TR322;2007;14813;6592
TR322;2008;14887;6450
TR322;2009;13071;5228
TR322;2010;12545;5219
TR322;2011;12660;5497
TR322;2012;12935;5555
TR322;2013;13020;5318
TR322;2014;13863;5539
TR322;2015;13830;6123
TR322;2016;13471;6436
TR322;2017;13404;6500
TR322;2018;12781;6189
TR322;2019;11979;6705
TR322;2020;11391;7446
TR322;2021;10967;8255
TR322;2022;10815;7820
TR322;2023;10324;7293
TR323;2000;11707;4700
TR323;2001;11699;4779
TR323;2002;11699;4858
TR323;2003;11691;4937
TR323;2004;11683;5016
TR323;2005;11691;5095
TR323;2006;11699;5163
TR323;2007;10879;5253
TR323;2008;10723;5140
TR323;2009;10610;4166
TR323;2010;10746;4325
TR323;2011;10591;4506
TR323;2012;11050;4477
TR323;2013;10917;4390
TR323;2014;11206;4627
TR323;2015;11318;5113
TR323;2016;11227;5326
TR323;2017;11031;5585
TR323;2018;10775;5537
TR323;2019;10203;5856
TR323;2020;9952;6680
TR323;2021;9592;7612
TR323;2022;9220;7418
TR323;2023;8929;7120
TR331;2000;21000;9568
TR331;2001;20985;9730
TR331;2002;20985;9892
TR331;2003;20970;10054
TR331;2004;20955;10216
TR331;2005;20970;10378
TR331;2006;20985;10517
TR331;2007;19514;10702
TR331;2008;19219;10471
TR331;2009;18578;8487
TR331;2010;18418;8491
TR331;2011;18394;8836
TR331;2012;18878;8861
TR331;2013;19101;8498
TR331;2014;19494;9257
TR331;2015;19362;9623
TR331;2016;19180;10057
TR331;2017;18737;9908
TR331;2018;18399;10075
TR331;2019;17527;9936
TR331;2020;16859;11793
TR331;2021;16361;12408
TR331;2022;15986;11629
TR331;2023;15460;10929
TR332;2000;11731;5241
TR332;2001;11722;5330
TR332;2002;11722;5419
TR332;2003;11713;5508
TR332;2004;11704;5597
TR332;2005;11713;5686
TR332;2006;11722;5762
TR332;2007;10900;5863
TR332;2008;10556;5737
TR332;2009;11674;4650
TR332;2010;11364;4416
TR332;2011;11048;4650
TR332;2012;11041;4690
TR332;2013;10741;4427
TR332;2014;11178;4766
TR332;2015;11045;5003
TR332;2016;10667;4921
TR332;2017;10398;4905
TR332;2018;9979;5125
TR332;2019;9668;5183
TR332;2020;9202;6047
TR332;2021;8860;6246
TR332;2022;8620;5740
TR332;2023;8136;5282
TR333;2000;7992;4587
TR333;2001;7986;4664
TR333;2002;7986;4742
TR333;2003;7980;4820
TR333;2004;7974;4897
TR333;2005;7980;4974
TR333;2006;7986;5040
TR333;2007;7426;5129
TR333;2008;7236;5019
TR333;2009;7165;4068
TR333;2010;7268;4078
TR333;2011;6815;4296
TR333;2012;6920;4208
TR333;2013;6774;4164
TR333;2014;6956;4344
TR333;2015;6896;4479
TR333;2016;6567;4575
TR333;2017;6431;4719
TR333;2018;6072;4617
TR333;2019;5729;4735
TR333;2020;5615;5515
TR333;2021;5124;5686
TR333;2022;4971;5215
TR333;2023;4635;4789
TR334;2000;5289;2568
TR334;2001;5285;2611
TR334;2002;5285;2654
TR334;2003;5281;2697
TR334;2004;5277;2740
TR334;2005;5281;2783
TR334;2006;5285;2820
TR334;2007;4914;2869
TR334;2008;4817;2807
TR334;2009;4427;2275
TR334;2010;4478;2089
TR334;2011;4332;2233
TR334;2012;4542;2395
TR334;2013;4574;2258
TR334;2014;4682;2358
TR334;2015;4522;2442
TR334;2016;4386;2486
TR334;2017;4470;2576
TR334;2018;4239;2604
TR334;2019;3994;2727
TR334;2020;3766;3195
TR334;2021;3564;3315
TR334;2022;3630;3061
TR334;2023;3439;2832
TR411;2000;42146;15974
TR411;2001;42115;16244
TR411;2002;42115;16514
TR411;2003;42084;16784
TR411;2004;42053;17054
TR411;2005;42084;17324
TR411;2006;42115;17555
TR411;2007;39162;17863
TR411;2008;40046;17478
TR411;2009;38625;14166
TR411;2010;39129;14220
TR411;2011;38540;14467
TR411;2012;41079;14328
TR411;2013;40968;14600
TR411;2014;42437;15115
TR411;2015;42996;15820
TR411;2016;43064;16451
TR411;2017;42614;16617
TR411;2018;42199;16629
TR411;2019;39748;16697
TR411;2020;37987;19219
TR411;2021;36435;22016
TR411;2022;34707;19885
TR411;2023;32940;18906
TR412;2000;10427;5509
TR412;2001;10419;5602
TR412;2002;10419;5695
TR412;2003;10411;5788
TR412;2004;10403;5881
TR412;2005;10411;5974
TR412;2006;10419;6054
TR412;2007;9689;6160
TR412;2008;10013;6027
TR412;2009;8772;4885
TR412;2010;8745;4932
TR412;2011;8742;5082
TR412;2012;9228;5050
TR412;2013;9356;5042
TR412;2014;9923;5301
TR412;2015;9923;5596
TR412;2016;9878;5670
TR412;2017;10033;5688
TR412;2018;9743;5809
TR412;2019;9143;5845
TR412;2020;8761;6677
TR412;2021;8706;7589
TR412;2022;8381;6798
TR412;2023;7806;6409
TR413;2000;1923;1675
TR413;2001;1922;1703
TR413;2002;1922;1731
TR413;2003;1921;1759
TR413;2004;1920;1787
TR413;2005;1921;1815
TR413;2006;1922;1839
TR413;2007;1787;1871
TR413;2008;1555;1831
TR413;2009;2602;1484
TR413;2010;2540;1468
TR413;2011;2469;1400
TR413;2012;2658;1469
TR413;2013;2685;1419
TR413;2014;2731;1450
TR413;2015;2653;1465
TR413;2016;2696;1429
TR413;2017;2643;1521
TR413;2018;2623;1584
TR413;2019;2522;1597
TR413;2020;2339;1806
TR413;2021;2285;2032
TR413;2022;2245;1800
TR413;2023;2215;1677
TR421;2000;25834;7467
TR421;2001;25815;7593
TR421;2002;25815;7719
TR421;2003;25796;7845
TR421;2004;25777;7971
TR421;2005;25796;8097
TR421;2006;25815;8205
TR421;2007;24005;8349
TR421;2008;25064;8169
TR421;2009;25642;6621
TR421;2010;25805;6780
TR421;2011;25665;6648
TR421;2012;27157;6949
TR421;2013;27340;7059
TR421;2014;29704;7276
TR421;2015;30749;7768
TR421;2016;31111;8138
TR421;2017;31161;8356
TR421;2018;30677;8622
TR421;2019;28990;8712
TR421;2020;26891;9857
TR421;2021;26483;11874
TR421;2022;25508;10438
TR421;2023;24322;9761
TR422;2000;14464;5668
TR422;2001;14453;5764
TR422;2002;14453;5860
TR422;2003;14442;5956
TR422;2004;14431;6052
TR422;2005;14442;6148
TR422;2006;14453;6230
TR422;2007;13440;6339
TR422;2008;13387;6202
TR422;2009;13226;5027
TR422;2010;12998;5048
TR422;2011;12694;5245
TR422;2012;13293;5094
TR422;2013;13267;5100
TR422;2014;13914;5284
TR422;2015;14153;5459
TR422;2016;14478;5888
TR422;2017;14547;6026
TR422;2018;14719;6015
TR422;2019;13789;6195
TR422;2020;12956;6946
TR422;2021;13014;8287
TR422;2022;12213;7212
TR422;2023;12135;6673
TR423;2000;5389;2169
TR423;2001;5385;2205
TR423;2002;5385;2241
TR423;2003;5381;2277
TR423;2004;5377;2313
TR423;2005;5381;2349
TR423;2006;5385;2380
TR423;2007;5007;2422
TR423;2008;4830;2370
TR423;2009;5033;1921
TR423;2010;4966;1880
TR423;2011;4968;1995
TR423;2012;4932;2096
TR423;2013;5102;1911
TR423;2014;5191;2099
TR423;2015;5098;2279
TR423;2016;5295;2312
TR423;2017;5238;2267
TR423;2018;5175;2341
TR423;2019;5058;2385
TR423;2020;4756;2681
TR423;2021;4448;3208
TR423;2022;4402;2800
TR423;2023;4193;2599
TR424;2000;3578;2204
TR424;2001;3576;2241
TR424;2002;3576;2278
TR424;2003;3574;2315
TR424;2004;3572;2352
TR424;2005;3574;2389
TR424;2006;3576;2421
TR424;2007;3325;2464
TR424;2008;3429;2411
TR424;2009;3445;1954
TR424;2010;3374;1920
TR424;2011;3509;1947
TR424;2012;3388;1899
TR424;2013;3495;1904
TR424;2014;3530;1993
TR424;2015;3412;2150
TR424;2016;3483;2130
TR424;2017;3423;2098
TR424;2018;3362;2140
TR424;2019;3258;2243
TR424;2020;3048;2519
TR424;2021;3047;3011
TR424;2022;2954;2625
TR424;2023;2754;2434
TR425;2000;2414;1408
TR425;2001;2412;1432
TR425;2002;2412;1456
TR425;2003;2410;1480
TR425;2004;2408;1504
TR425;2005;2410;1528
TR425;2006;2412;1549
TR425;2007;2243;1576
TR425;2008;2341;1542
TR425;2009;2767;1250
TR425;2010;2587;1252
TR425;2011;2539;1281
TR425;2012;2690;1267
TR425;2013;2693;1225
TR425;2014;2972;1443
TR425;2015;2991;1454
TR425;2016;3258;1574
TR425;2017;3232;1637
TR425;2018;3190;1685
TR425;2019;3099;1571
TR425;2020;2847;1831
TR425;2021;2903;2271
TR425;2022;2828;2057
TR425;2023;2741;1982
TR510;2000;77874;24019
TR510;2001;77817;24424
TR510;2002;77817;24829
TR510;2003;77760;25234
TR510;2004;77703;25639
TR510;2005;77760;26044
TR510;2006;77817;26391
TR510;2007;72361;26854
TR510;2008;74028;26275
TR510;2009;67712;21296
TR510;2010;68124;20639
TR510;2011;68893;21147
TR510;2012;71101;21687
TR510;2013;72433;21829
TR510;2014;76162;22393
TR510;2015;76944;23611
TR510;2016;76180;24931
TR510;2017;75473;25589
TR510;2018;72896;26098
TR510;2019;68335;26405
TR510;2020;63514;33007
TR510;2021;59972;33127
TR510;2022;57828;30858
TR510;2023;54264;29836
TR521;2000;39791;11652
TR521;2001;39762;11848
TR521;2002;39762;12044
TR521;2003;39733;12240
TR521;2004;39704;12436
TR521;2005;39733;12632
TR521;2006;39762;12801
TR521;2007;36974;13026
TR521;2008;36460;12745
TR521;2009;34961;10330
TR521;2010;34920;10259
TR521;2011;34882;10538
TR521;2012;35645;10252
TR521;2013;35412;10083
TR521;2014;36670;10795
TR521;2015;36080;10792
TR521;2016;35962;11365
TR521;2017;35097;11811
TR521;2018;34318;11661
TR521;2019;32362;11876
TR521;2020;30944;15077
TR521;2021;30427;16086
TR521;2022;29875;13222
TR521;2023;28233;13199
TR522;2000;3926;1470
TR522;2001;3923;1495
TR522;2002;3923;1520
TR522;2003;3920;1545
TR522;2004;3917;1570
TR522;2005;3920;1595
TR522;2006;3923;1616
TR522;2007;3648;1644
TR522;2008;3623;1609
TR522;2009;3980;1304
TR522;2010;3611;1353
TR522;2011;3605;1391
TR522;2012;3644;1389
TR522;2013;3784;1284
TR522;2014;3687;1368
TR522;2015;3823;1429
TR522;2016;3810;1463
TR522;2017;3761;1473
TR522;2018;3541;1589
TR522;2019;3410;1506
TR522;2020;3279;1921
TR522;2021;3100;2060
TR522;2022;3035;1703
TR522;2023;2866;1709
TR611;2000;32649;8629
TR611;2001;32625;8775
TR611;2002;32625;8920
TR611;2003;32601;9066
TR611;2004;32577;9212
TR611;2005;32601;9358
TR611;2006;32625;9483
TR611;2007;30337;9650
TR611;2008;30939;9442
TR611;2009;30259;7653
TR611;2010;30542;8010
TR611;2011;30730;8216
TR611;2012;32646;8607
TR611;2013;32796;8581
TR611;2014;34444;9023
TR611;2015;35508;9524
TR611;2016;35320;10308
TR611;2017;33427;10497
TR611;2018;32134;10838
TR611;2019;30438;11370
TR611;2020;29225;12698
TR611;2021;28299;15268
TR611;2022;27023;14241
TR611;2023;25768;13722
TR612;2000;6541;2814
TR612;2001;6536;2861
TR612;2002;6536;2909
TR612;2003;6531;2956
TR612;2004;6526;3003
TR612;2005;6531;3050
TR612;2006;6536;3091
TR612;2007;6078;3145
TR612;2008;6232;3077
TR612;2009;5701;2494
TR612;2010;5362;2678
TR612;2011;5219;2794
TR612;2012;5304;2710
TR612;2013;5233;2769
TR612;2014;5300;2818
TR612;2015;5184;2938
TR612;2016;5163;2973
TR612;2017;5303;3070
TR612;2018;4913;3164
TR612;2019;4732;3151
TR612;2020;4445;3385
TR612;2021;4358;3909
TR612;2022;4264;3497
TR612;2023;4073;3225
TR613;2000;3315;2028
TR613;2001;3313;2062
TR613;2002;3313;2096
TR613;2003;3311;2130
TR613;2004;3309;2164
TR613;2005;3311;2198
TR613;2006;3313;2227
TR613;2007;3081;2266
TR613;2008;2996;2217
TR613;2009;3063;1797
TR613;2010;3026;1828
TR613;2011;2903;1853
TR613;2012;2873;1953
TR613;2013;2942;1973
TR613;2014;3110;2004
TR613;2015;3052;1967
TR613;2016;2945;2073
TR613;2017;2791;2121
TR613;2018;2737;2186
TR613;2019;2664;2130
TR613;2020;2481;2312
TR613;2021;2422;2698
TR613;2022;2461;2442
TR613;2023;2458;2280
TR621;2000;42250;10112
TR621;2001;42219;10282
TR621;2002;42219;10452
TR621;2003;42188;10622
TR621;2004;42157;10792
TR621;2005;42188;10962
TR621;2006;42219;11108
TR621;2007;39259;11303
TR621;2008;40621;11059
TR621;2009;37249;8963
TR621;2010;37119;9177
TR621;2011;36682;9285
TR621;2012;37871;9264
TR621;2013;38426;9740
TR621;2014;39677;9781
TR621;2015;39242;10375
TR621;2016;38031;10909
TR621;2017;37128;10921
TR621;2018;35227;10756
TR621;2019;33196;11392
TR621;2020;30788;13199
TR621;2021;29872;14979
TR621;2022;29576;13507
TR621;2023;26968;13552
TR622;2000;28894;8630
TR622;2001;28873;8776
TR622;2002;28873;8922
TR622;2003;28852;9068
TR622;2004;28831;9214
TR622;2005;28852;9360
TR622;2006;28873;9485
TR622;2007;26848;9651
TR622;2008;27174;9443
TR622;2009;26723;7654
TR622;2010;27212;7651
TR622;2011;26538;7826
TR622;2012;27857;7881
TR622;2013;27675;7906
TR622;2014;28869;8231
TR622;2015;28291;8798
TR622;2016;28040;9313
TR622;2017;27274;9058
TR622;2018;26597;9142
TR622;2019;24467;9388
TR622;2020;23423;10964
TR622;2021;22944;12543
TR622;2022;22526;11399
TR622;2023;20872;11529
TR631;2000;32167;7083
TR631;2001;32143;7202
TR631;2002;32143;7321
TR631;2003;32119;7440
TR631;2004;32095;7559
TR631;2005;32119;7678
TR631;2006;32143;7780
TR631;2007;29889;7916
TR631;2008;29768;7745
TR631;2009;29994;6277
TR631;2010;29798;6128
TR631;2011;29224;6404
TR631;2012;30215;6416
TR631;2013;29879;6358
TR631;2014;31807;6830
TR631;2015;31040;6928
TR631;2016;30631;7205
TR631;2017;29498;7379
TR631;2018;28612;7283
TR631;2019;27557;7606
TR631;2020;25876;10103
TR631;2021;25386;11252
TR631;2022;24207;9893
TR631;2023;20056;27574
TR632;2000;24670;4774
TR632;2001;24652;4854
TR632;2002;24652;4935
TR632;2003;24634;5016
TR632;2004;24616;5097
TR632;2005;24634;5178
TR632;2006;24652;5247
TR632;2007;22924;5339
TR632;2008;22698;5224
TR632;2009;22788;4234
TR632;2010;22884;4186
TR632;2011;22405;4291
TR632;2012;22314;4356
TR632;2013;22752;4404
TR632;2014;22701;4512
TR632;2015;21818;4525
TR632;2016;21550;4975
TR632;2017;21115;4892
TR632;2018;19987;4946
TR632;2019;18744;5165
TR632;2020;17896;6530
TR632;2021;17000;7089
TR632;2022;16487;6137
TR632;2023;14070;16924
TR633;2000;10705;2279
TR633;2001;10697;2318
TR633;2002;10697;2356
TR633;2003;10689;2394
TR633;2004;10681;2432
TR633;2005;10689;2470
TR633;2006;10697;2503
TR633;2007;9947;2547
TR633;2008;10270;2492
TR633;2009;9501;2020
TR633;2010;9656;2119
TR633;2011;8963;2181
TR633;2012;9337;2074
TR633;2013;9318;2138
TR633;2014;9621;2161
TR633;2015;9257;2439
TR633;2016;9047;2463
TR633;2017;8963;2533
TR633;2018;8519;2421
TR633;2019;8285;2568
TR633;2020;7674;2401
TR633;2021;7316;2113
TR633;2022;7571;1562
TR633;2023;6903;3803
TR711;2000;4542;1976
TR711;2001;4539;2009
TR711;2002;4539;2042
TR711;2003;4536;2075
TR711;2004;4533;2108
TR711;2005;4536;2141
TR711;2006;4539;2169
TR711;2007;4221;2207
TR711;2008;4019;2159
TR711;2009;3840;1750
TR711;2010;3661;1634
TR711;2011;3338;1791
TR711;2012;3231;1713
TR711;2013;3282;1676
TR711;2014;3320;1889
TR711;2015;3327;1749
TR711;2016;3288;1825
TR711;2017;3313;1909
TR711;2018;3177;1834
TR711;2019;3073;1933
TR711;2020;2786;2246
TR711;2021;2647;2500
TR711;2022;2516;2219
TR711;2023;2357;2128
TR712;2000;7458;2047
TR712;2001;7453;2081
TR712;2002;7453;2115
TR712;2003;7448;2149
TR712;2004;7443;2183
TR712;2005;7448;2217
TR712;2006;7453;2247
TR712;2007;6930;2287
TR712;2008;6811;2238
TR712;2009;7388;1814
TR712;2010;7322;1829
TR712;2011;7134;1876
TR712;2012;6838;1782
TR712;2013;6753;1687
TR712;2014;6830;1868
TR712;2015;6664;1857
TR712;2016;6649;1886
TR712;2017;6622;2068
TR712;2018;6572;1983
TR712;2019;6233;2091
TR712;2020;6031;2435
TR712;2021;5914;2717
TR712;2022;5882;2417
TR712;2023;5471;2324
TR713;2000;7066;2049
TR713;2001;7061;2084
TR713;2002;7061;2119
TR713;2003;7056;2154
TR713;2004;7051;2189
TR713;2005;7056;2224
TR713;2006;7061;2254
TR713;2007;6566;2294
TR713;2008;6585;2245
TR713;2009;6579;1820
TR713;2010;6242;1797
TR713;2011;5963;1909
TR713;2012;6056;1759
TR713;2013;5875;1806
TR713;2014;6011;1820
TR713;2015;5662;2016
TR713;2016;5733;2129
TR713;2017;5455;2065
TR713;2018;5278;2035
TR713;2019;5118;2156
TR713;2020;4645;2468
TR713;2021;4490;2707
TR713;2022;4451;2365
TR713;2023;4199;2229
TR714;2000;3950;1938
TR714;2001;3947;1971
TR714;2002;3947;2004
TR714;2003;3944;2037
TR714;2004;3941;2070
TR714;2005;3944;2103
TR714;2006;3947;2131
TR714;2007;3670;2168
TR714;2008;3466;2121
TR714;2009;4660;1719
TR714;2010;4384;1826
TR714;2011;4245;1766
TR714;2012;4266;1716
TR714;2013;4173;1809
TR714;2014;4414;1838
TR714;2015;4140;1825
TR714;2016;4120;1986
TR714;2017;4014;1987
TR714;2018;3875;1929
TR714;2019;3678;1998
TR714;2020;3631;2327
TR714;2021;3556;2596
TR714;2022;3467;2311
TR714;2023;3215;2222
TR715;2000;3497;1616
TR715;2001;3494;1643
TR715;2002;3494;1670
TR715;2003;3491;1697
TR715;2004;3488;1724
TR715;2005;3491;1751
TR715;2006;3494;1774
TR715;2007;3249;1805
TR715;2008;3030;1766
TR715;2009;2946;1431
TR715;2010;2879;1422
TR715;2011;2785;1457
TR715;2012;2809;1362
TR715;2013;2846;1371
TR715;2014;2958;1461
TR715;2015;2894;1439
TR715;2016;2885;1448
TR715;2017;2864;1523
TR715;2018;2896;1618
TR715;2019;2819;1633
TR715;2020;2586;1872
TR715;2021;2413;2055
TR715;2022;2392;1797
TR715;2023;2201;1696
TR721;2000;27054;6542
TR721;2001;27034;6653
TR721;2002;27034;6763
TR721;2003;27014;6873
TR721;2004;26994;6983
TR721;2005;27014;7093
TR721;2006;27034;7187
TR721;2007;25138;7313
TR721;2008;25588;7155
TR721;2009;21980;5799
TR721;2010;21634;5813
TR721;2011;21964;6107
TR721;2012;22184;5878
TR721;2013;22280;5969
TR721;2014;23304;6403
TR721;2015;22879;6817
TR721;2016;22400;7173
TR721;2017;21360;6980
TR721;2018;20664;7163
TR721;2019;19442;6981
TR721;2020;18000;8543
TR721;2021;17412;9516
TR721;2022;16923;8138
TR721;2023;15382;7888
TR722;2000;11439;4610
TR722;2001;11431;4688
TR722;2002;11431;4766
TR722;2003;11423;4844
TR722;2004;11415;4922
TR722;2005;11423;5000
TR722;2006;11431;5067
TR722;2007;10630;5156
TR722;2008;9963;5045
TR722;2009;10403;4089
TR722;2010;10153;4030
TR722;2011;9771;3957
TR722;2012;9642;3956
TR722;2013;9233;4066
TR722;2014;9338;4131
TR722;2015;9139;4303
TR722;2016;9007;4347
TR722;2017;8884;4424
TR722;2018;8229;4203
TR722;2019;8018;4302
TR722;2020;7533;5176
TR722;2021;7118;5665
TR722;2022;6674;4754
TR722;2023;6273;4518
TR723;2000;7546;3460
TR723;2001;7540;3518
TR723;2002;7540;3576
TR723;2003;7534;3634
TR723;2004;7528;3692
TR723;2005;7534;3750
TR723;2006;7540;3800
TR723;2007;7011;3867
TR723;2008;6451;3784
TR723;2009;8319;3067
TR723;2010;7656;2921
TR723;2011;7108;2973
TR723;2012;6669;2837
TR723;2013;6229;2816
TR723;2014;6249;2949
TR723;2015;6029;3104
TR723;2016;5747;3098
TR723;2017;5715;3033
TR723;2018;5311;3116
TR723;2019;4979;3092
TR723;2020;4713;3735
TR723;2021;4435;4106
TR723;2022;4323;3461
TR723;2023;4001;3306
TR811;2000;9393;4326
TR811;2001;9386;4399
TR811;2002;9386;4472
TR811;2003;9379;4545
TR811;2004;9372;4618
TR811;2005;9379;4691
TR811;2006;9386;4753
TR811;2007;8728;4836
TR811;2008;8799;4732
TR811;2009;8791;3835
TR811;2010;8302;3681
TR811;2011;7747;3706
TR811;2012;7656;3727
TR811;2013;7282;3675
TR811;2014;7088;3898
TR811;2015;6726;3974
TR811;2016;6361;4107
TR811;2017;6164;4127
TR811;2018;5812;4431
TR811;2019;5477;4311
TR811;2020;5019;4627
TR811;2021;4738;5520
TR811;2022;4365;5043
TR811;2023;4098;4792
TR812;2000;3209;1807
TR812;2001;3207;1838
TR812;2002;3207;1869
TR812;2003;3205;1900
TR812;2004;3203;1931
TR812;2005;3205;1962
TR812;2006;3207;1988
TR812;2007;2982;2023
TR812;2008;2970;1980
TR812;2009;2698;1605
TR812;2010;2553;1605
TR812;2011;2547;1684
TR812;2012;2420;1662
TR812;2013;2502;1561
TR812;2014;2465;1614
TR812;2015;2499;1672
TR812;2016;2359;1751
TR812;2017;2477;1744
TR812;2018;2454;1767
TR812;2019;2336;1752
TR812;2020;2182;1883
TR812;2021;2253;2250
TR812;2022;2096;2057
TR812;2023;1927;1958
TR813;2000;2558;1566
TR813;2001;2556;1592
TR813;2002;2556;1618
TR813;2003;2554;1644
TR813;2004;2552;1670
TR813;2005;2554;1696
TR813;2006;2556;1719
TR813;2007;2377;1749
TR813;2008;2411;1711
TR813;2009;2421;1387
TR813;2010;2403;1335
TR813;2011;2269;1450
TR813;2012;2078;1542
TR813;2013;2145;1456
TR813;2014;2285;1473
TR813;2015;2119;1510
TR813;2016;2045;1554
TR813;2017;1920;1625
TR813;2018;1951;1606
TR813;2019;1871;1570
TR813;2020;1800;1701
TR813;2021;1641;2049
TR813;2022;1651;1889
TR813;2023;1479;1814
TR821;2000;4814;3968
TR821;2001;4810;4035
TR821;2002;4810;4102
TR821;2003;4806;4169
TR821;2004;4802;4236
TR821;2005;4806;4303
TR821;2006;4810;4361
TR821;2007;4473;4438
TR821;2008;4065;4342
TR821;2009;4459;3519
TR821;2010;4344;3265
TR821;2011;4151;3548
TR821;2012;4202;3505
TR821;2013;4158;3320
TR821;2014;3923;3655
TR821;2015;4020;3692
TR821;2016;3936;3739
TR821;2017;3707;3774
TR821;2018;3757;3865
TR821;2019;3561;3781
TR821;2020;3348;4330
TR821;2021;3257;4865
TR821;2022;3255;4372
TR821;2023;3008;4047
TR822;2000;2126;1683
TR822;2001;2125;1711
TR822;2002;2125;1739
TR822;2003;2124;1767
TR822;2004;2123;1795
TR822;2005;2124;1823
TR822;2006;2125;1847
TR822;2007;1976;1879
TR822;2008;1947;1839
TR822;2009;2508;1491
TR822;2010;2457;1549
TR822;2011;2342;1465
TR822;2012;2277;1478
TR822;2013;2262;1477
TR822;2014;2324;1585
TR822;2015;2151;1640
TR822;2016;2215;1617
TR822;2017;2165;1592
TR822;2018;2254;1648
TR822;2019;2260;1731
TR822;2020;2115;1944
TR822;2021;2147;2139
TR822;2022;1956;1878
TR822;2023;1872;1696
TR823;2000;2285;2064
TR823;2001;2283;2099
TR823;2002;2283;2134
TR823;2003;2281;2169
TR823;2004;2279;2204
TR823;2005;2281;2239
TR823;2006;2283;2269
TR823;2007;2123;2309
TR823;2008;2148;2259
TR823;2009;2632;1831
TR823;2010;2506;1824
TR823;2011;2427;1913
TR823;2012;2462;1891
TR823;2013;2320;1815
TR823;2014;2364;1926
TR823;2015;2249;2028
TR823;2016;2220;1952
TR823;2017;2237;2039
TR823;2018;2174;2009
TR823;2019;2189;2043
TR823;2020;2074;2366
TR823;2021;1943;2690
TR823;2022;1858;2448
TR823;2023;1742;2296
TR831;2000;20950;7994
TR831;2001;20934;8129
TR831;2002;20934;8264
TR831;2003;20918;8399
TR831;2004;20902;8534
TR831;2005;20918;8669
TR831;2006;20934;8785
TR831;2007;19466;8939
TR831;2008;19328;8746
TR831;2009;18493;7089
TR831;2010;17863;7090
TR831;2011;17173;7195
TR831;2012;17483;7336
TR831;2013;17293;7350
TR831;2014;17465;7866
TR831;2015;17127;8135
TR831;2016;16921;8427
TR831;2017;16807;8700
TR831;2018;16550;8562
TR831;2019;15652;8775
TR831;2020;14410;9957
TR831;2021;13742;11706
TR831;2022;13201;10295
TR831;2023;12549;9633
TR832;2000;10181;4775
TR832;2001;10173;4855
TR832;2002;10173;4936
TR832;2003;10165;5016
TR832;2004;10157;5097
TR832;2005;10165;5177
TR832;2006;10173;5246
TR832;2007;9460;5338
TR832;2008;9051;5223
TR832;2009;9289;4233
TR832;2010;9034;4107
TR832;2011;8302;4336
TR832;2012;7991;4082
TR832;2013;7944;4136
TR832;2014;7737;4233
TR832;2015;7266;4218
TR832;2016;7093;4460
TR832;2017;6924;4500
TR832;2018;6780;4433
TR832;2019;6667;4559
TR832;2020;6007;5119
TR832;2021;5748;5952
TR832;2022;5594;5173
TR832;2023;5351;4781
TR833;2000;8722;4451
TR833;2001;8716;4526
TR833;2002;8716;4601
TR833;2003;8710;4676
TR833;2004;8704;4751
TR833;2005;8710;4826
TR833;2006;8716;4890
TR833;2007;8105;4976
TR833;2008;7936;4869
TR833;2009;7918;3946
TR833;2010;7611;3785
TR833;2011;7270;3876
TR833;2012;7423;3830
TR833;2013;7045;3799
TR833;2014;7227;3990
TR833;2015;6622;3957
TR833;2016;6609;4212
TR833;2017;6325;4126
TR833;2018;6124;4091
TR833;2019;5899;4246
TR833;2020;5445;4758
TR833;2021;5202;5521
TR833;2022;4857;4787
TR833;2023;4415;4413
TR834;2000;4688;2581
TR834;2001;4685;2625
TR834;2002;4685;2668
TR834;2003;4682;2712
TR834;2004;4679;2755
TR834;2005;4682;2799
TR834;2006;4685;2836
TR834;2007;4356;2886
TR834;2008;4280;2824
TR834;2009;4331;2289
TR834;2010;4187;2270
TR834;2011;4027;2446
TR834;2012;4026;2369
TR834;2013;4006;2386
TR834;2014;3900;2499
TR834;2015;3944;2518
TR834;2016;3721;2508
TR834;2017;3793;2491
TR834;2018;3653;2570
TR834;2019;3508;2575
TR834;2020;3202;2910
TR834;2021;3133;3408
TR834;2022;2974;2984
TR834;2023;2831;2780
TR901;2000;12106;5122
TR901;2001;12097;5209
TR901;2002;12097;5295
TR901;2003;12088;5381
TR901;2004;12079;5467
TR901;2005;12088;5553
TR901;2006;12097;5627
TR901;2007;11249;5726
TR901;2008;11330;5603
TR901;2009;11118;4541
TR901;2010;10818;4339
TR901;2011;10387;4627
TR901;2012;10301;4484
TR901;2013;10094;4374
TR901;2014;10317;4939
TR901;2015;10409;4813
TR901;2016;10362;4981
TR901;2017;10243;5119
TR901;2018;10186;5052
TR901;2019;9542;5192
TR901;2020;8841;5700
TR901;2021;8658;6881
TR901;2022;8069;6170
TR901;2023;7759;5439
TR902;2000;10815;5033
TR902;2001;10807;5118
TR902;2002;10807;5203
TR902;2003;10799;5288
TR902;2004;10791;5373
TR902;2005;10799;5458
TR902;2006;10807;5531
TR902;2007;10049;5628
TR902;2008;10084;5507
TR902;2009;10388;4463
TR902;2010;10043;4212
TR902;2011;9466;4485
TR902;2012;9470;4606
TR902;2013;9376;4535
TR902;2014;9325;4830
TR902;2015;8924;5016
TR902;2016;9050;5178
TR902;2017;8937;5507
TR902;2018;8583;5326
TR902;2019;8304;5436
TR902;2020;7691;6063
TR902;2021;7099;7442
TR902;2022;7066;6791
TR902;2023;6619;6098
TR903;2000;5239;3509
TR903;2001;5235;3568
TR903;2002;5235;3627
TR903;2003;5231;3686
TR903;2004;5227;3745
TR903;2005;5231;3804
TR903;2006;5235;3855
TR903;2007;4868;3923
TR903;2008;4672;3838
TR903;2009;5197;3111
TR903;2010;5156;2967
TR903;2011;4798;3109
TR903;2012;4754;3244
TR903;2013;4647;3035
TR903;2014;4661;3237
TR903;2015;4588;3422
TR903;2016;4425;3604
TR903;2017;4428;3729
TR903;2018;4403;3671
TR903;2019;4237;3821
TR903;2020;4002;4199
TR903;2021;3801;5075
TR903;2022;3742;4555
TR903;2023;3613;4021
TR904;2000;5221;2102
TR904;2001;5217;2138
TR904;2002;5217;2174
TR904;2003;5213;2210
TR904;2004;5209;2246
TR904;2005;5213;2282
TR904;2006;5217;2312
TR904;2007;4851;2353
TR904;2008;4786;2302
TR904;2009;4514;1866
TR904;2010;4355;2016
TR904;2011;4270;1852
TR904;2012;4202;1981
TR904;2013;4326;1907
TR904;2014;4264;2032
TR904;2015;4194;2177
TR904;2016;4165;2228
TR904;2017;4046;2402
TR904;2018;4137;2239
TR904;2019;3909;2452
TR904;2020;3676;2693
TR904;2021;3585;3253
TR904;2022;3278;2919
TR904;2023;3253;2575
TR905;2000;1771;1451
TR905;2001;1770;1475
TR905;2002;1770;1500
TR905;2003;1769;1525
TR905;2004;1768;1550
TR905;2005;1769;1575
TR905;2006;1770;1596
TR905;2007;1646;1624
TR905;2008;1425;1589
TR905;2009;2046;1288
TR905;2010;2004;1213
TR905;2011;1926;1351
TR905;2012;2054;1294
TR905;2013;2010;1290
TR905;2014;2062;1304
TR905;2015;1980;1335
TR905;2016;1989;1398
TR905;2017;1909;1454
TR905;2018;1830;1427
TR905;2019;1794;1446
TR905;2020;1747;1609
TR905;2021;1532;1969
TR905;2022;1514;1792
TR905;2023;1410;1605
TR906;2000;1866;961
TR906;2001;1865;977
TR906;2002;1865;993
TR906;2003;1864;1009
TR906;2004;1863;1025
TR906;2005;1864;1041
TR906;2006;1865;1055
TR906;2007;1734;1073
TR906;2008;1618;1050
TR906;2009;2012;851
TR906;2010;1810;806
TR906;2011;1792;817
TR906;2012;1740;851
TR906;2013;1815;836
TR906;2014;1865;925
TR906;2015;1821;901
TR906;2016;1894;929
TR906;2017;1722;952
TR906;2018;1651;888
TR906;2019;1662;992
TR906;2020;1572;1078
TR906;2021;1441;1286
TR906;2022;1404;1138
TR906;2023;1277;990
TRA11;2000;17558;4651
TRA11;2001;17545;4729
TRA11;2002;17545;4807
TRA11;2003;17532;4885
TRA11;2004;17519;4963
TRA11;2005;17532;5041
TRA11;2006;17545;5108
TRA11;2007;16315;5197
TRA11;2008;15357;5085
TRA11;2009;15634;4121
TRA11;2010;15883;3985
TRA11;2011;15892;4333
TRA11;2012;15792;3985
TRA11;2013;15522;3893
TRA11;2014;15832;3850
TRA11;2015;15173;4037
TRA11;2016;14861;4154
TRA11;2017;14593;4116
TRA11;2018;13528;4091
TRA11;2019;12929;4097
TRA11;2020;12029;4758
TRA11;2021;11510;5132
TRA11;2022;10553;4369
TRA11;2023;9750;4023
TRA12;2000;3298;1525
TRA12;2001;3296;1551
TRA12;2002;3296;1577
TRA12;2003;3294;1603
TRA12;2004;3292;1629
TRA12;2005;3294;1655
TRA12;2006;3296;1677
TRA12;2007;3065;1706
TRA12;2008;2896;1669
TRA12;2009;2998;1353
TRA12;2010;3031;1271
TRA12;2011;3166;1374
TRA12;2012;3117;1358
TRA12;2013;3178;1359
TRA12;2014;3107;1444
TRA12;2015;3081;1511
TRA12;2016;3206;1470
TRA12;2017;2974;1450
TRA12;2018;2855;1471
TRA12;2019;2843;1527
TRA12;2020;2623;1790
TRA12;2021;2757;1949
TRA12;2022;2474;1678
TRA12;2023;2397;1564
TRA13;2000;1344;539
TRA13;2001;1343;548
TRA13;2002;1343;557
TRA13;2003;1342;566
TRA13;2004;1341;575
TRA13;2005;1342;584
TRA13;2006;1343;592
TRA13;2007;1249;603
TRA13;2008;1162;590
TRA13;2009;1351;478
TRA13;2010;1310;401
TRA13;2011;1207;423
TRA13;2012;1279;458
TRA13;2013;1194;506
TRA13;2014;1266;504
TRA13;2015;1225;501
TRA13;2016;1207;485
TRA13;2017;1139;524
TRA13;2018;1098;498
TRA13;2019;1039;479
TRA13;2020;1013;561
TRA13;2021;986;611
TRA13;2022;895;526
TRA13;2023;847;490
TRA21;2000;15537;2320
TRA21;2001;15525;2359
TRA21;2002;15525;2398
TRA21;2003;15513;2437
TRA21;2004;15501;2476
TRA21;2005;15513;2515
TRA21;2006;15525;2548
TRA21;2007;14436;2592
TRA21;2008;13428;2536
TRA21;2009;15123;2055
TRA21;2010;17310;2203
TRA21;2011;16644;2552
TRA21;2012;16582;2263
TRA21;2013;16258;1971
TRA21;2014;16490;1980
TRA21;2015;15750;1914
TRA21;2016;15414;1845
TRA21;2017;15002;1820
TRA21;2018;13629;1853
TRA21;2019;13351;1726
TRA21;2020;12326;2035
TRA21;2021;11581;2126
TRA21;2022;10419;1793
TRA21;2023;9031;1741
TRA22;2000;6789;1712
TRA22;2001;6784;1741
TRA22;2002;6784;1770
TRA22;2003;6779;1799
TRA22;2004;6774;1828
TRA22;2005;6779;1857
TRA22;2006;6784;1882
TRA22;2007;6308;1915
TRA22;2008;5936;1874
TRA22;2009;6555;1519
TRA22;2010;7266;1498
TRA22;2011;6776;1606
TRA22;2012;6783;1453
TRA22;2013;6366;1393
TRA22;2014;6343;1423
TRA22;2015;6029;1474
TRA22;2016;5813;1450
TRA22;2017;5661;1471
TRA22;2018;5238;1416
TRA22;2019;5061;1477
TRA22;2020;4722;1706
TRA22;2021;4386;1743
TRA22;2022;4077;1434
TRA22;2023;3632;1353
TRA23;2000;4287;835
TRA23;2001;4284;849
TRA23;2002;4284;863
TRA23;2003;4281;877
TRA23;2004;4278;891
TRA23;2005;4281;905
TRA23;2006;4284;917
TRA23;2007;3984;933
TRA23;2008;3776;913
TRA23;2009;4091;740
TRA23;2010;4500;777
TRA23;2011;4461;766
TRA23;2012;4384;741
TRA23;2013;4592;729
TRA23;2014;4622;740
TRA23;2015;4489;781
TRA23;2016;4396;763
TRA23;2017;4196;748
TRA23;2018;4019;775
TRA23;2019;3910;782
TRA23;2020;3556;927
TRA23;2021;3483;975
TRA23;2022;3155;829
TRA23;2023;2857;811
TRA24;2000;1827;809
TRA24;2001;1826;823
TRA24;2002;1826;837
TRA24;2003;1825;851
TRA24;2004;1824;865
TRA24;2005;1825;879
TRA24;2006;1826;891
TRA24;2007;1698;907
TRA24;2008;1531;887
TRA24;2009;1865;719
TRA24;2010;1764;744
TRA24;2011;1741;745
TRA24;2012;1681;666
TRA24;2013;1580;731
TRA24;2014;1621;753
TRA24;2015;1527;717
TRA24;2016;1404;785
TRA24;2017;1412;725
TRA24;2018;1316;754
TRA24;2019;1288;659
TRA24;2020;1183;787
TRA24;2021;1214;834
TRA24;2022;1067;715
TRA24;2023;943;706
TRB11;2000;14436;4329
TRB11;2001;14425;4402
TRB11;2002;14425;4475
TRB11;2003;14414;4548
TRB11;2004;14403;4621
TRB11;2005;14414;4694
TRB11;2006;14425;4757
TRB11;2007;13413;4840
TRB11;2008;13328;4736
TRB11;2009;12557;3839
TRB11;2010;12452;3813
TRB11;2011;12139;3913
TRB11;2012;12153;3904
TRB11;2013;11861;3882
TRB11;2014;12267;3972
TRB11;2015;11962;4105
TRB11;2016;11738;4266
TRB11;2017;11728;4356
TRB11;2018;11175;4202
TRB11;2019;10563;4318
TRB11;2020;9671;5624
TRB11;2021;9476;6058
TRB11;2022;9138;5252
TRB11;2023;7482;5738
TRB12;2000;10727;3171
TRB12;2001;10719;3225
TRB12;2002;10719;3279
TRB12;2003;10711;3333
TRB12;2004;10703;3387
TRB12;2005;10711;3441
TRB12;2006;10719;3487
TRB12;2007;9967;3548
TRB12;2008;9862;3471
TRB12;2009;9361;2813
TRB12;2010;9227;2858
TRB12;2011;9109;2807
TRB12;2012;8994;2792
TRB12;2013;8772;2893
TRB12;2014;9184;3012
TRB12;2015;8916;3092
TRB12;2016;8762;3269
TRB12;2017;8719;3249
TRB12;2018;8332;3067
TRB12;2019;7955;3307
TRB12;2020;7548;4050
TRB12;2021;6963;4100
TRB12;2022;6570;3339
TRB12;2023;6212;3421
TRB13;2000;5615;1377
TRB13;2001;5611;1400
TRB13;2002;5611;1423
TRB13;2003;5607;1446
TRB13;2004;5603;1469
TRB13;2005;5607;1492
TRB13;2006;5611;1512
TRB13;2007;5218;1539
TRB13;2008;4850;1506
TRB13;2009;5408;1221
TRB13;2010;5571;1182
TRB13;2011;5478;1298
TRB13;2012;5480;1164
TRB13;2013;5535;1110
TRB13;2014;5880;1063
TRB13;2015;5438;1033
TRB13;2016;5485;1114
TRB13;2017;5440;1076
TRB13;2018;5500;1091
TRB13;2019;5304;1057
TRB13;2020;4944;1300
TRB13;2021;4663;1323
TRB13;2022;4209;1083
TRB13;2023;3866;1116
TRB14;2000;532;583
TRB14;2001;532;593
TRB14;2002;532;603
TRB14;2003;532;613
TRB14;2004;532;623
TRB14;2005;532;633
TRB14;2006;532;641
TRB14;2007;495;652
TRB14;2008;481;638
TRB14;2009;939;517
TRB14;2010;871;553
TRB14;2011;890;499
TRB14;2012;908;478
TRB14;2013;945;523
TRB14;2014;1022;551
TRB14;2015;1073;561
TRB14;2016;968;604
TRB14;2017;928;583
TRB14;2018;993;549
TRB14;2019;1028;613
TRB14;2020;930;732
TRB14;2021;882;721
TRB14;2022;828;570
TRB14;2023;784;564
TRB21;2000;30407;4101
TRB21;2001;30385;4170
TRB21;2002;30385;4239
TRB21;2003;30363;4308
TRB21;2004;30341;4377
TRB21;2005;30363;4446
TRB21;2006;30385;4505
TRB21;2007;28255;4584
TRB21;2008;27389;4485
TRB21;2009;28775;3635
TRB21;2010;30049;3565
TRB21;2011;29042;4104
TRB21;2012;28538;3316
TRB21;2013;30215;3568
TRB21;2014;30351;3428
TRB21;2015;29567;3429
TRB21;2016;28667;3331
TRB21;2017;28537;3301
TRB21;2018;27195;3283
TRB21;2019;26793;3237
TRB21;2020;24591;4101
TRB21;2021;22646;4108
TRB21;2022;21862;3351
TRB21;2023;19314;3354
TRB22;2000;11787;2257
TRB22;2001;11778;2295
TRB22;2002;11778;2333
TRB22;2003;11769;2371
TRB22;2004;11760;2409
TRB22;2005;11769;2447
TRB22;2006;11778;2480
TRB22;2007;10952;2523
TRB22;2008;10219;2469
TRB22;2009;11125;2001
TRB22;2010;12049;1797
TRB22;2011;11384;1679
TRB22;2012;11485;1488
TRB22;2013;11274;1340
TRB22;2014;11781;1348
TRB22;2015;11105;1391
TRB22;2016;10846;1419
TRB22;2017;10981;1445
TRB22;2018;10434;1294
TRB22;2019;10264;1362
TRB22;2020;9354;1721
TRB22;2021;9150;1719
TRB22;2022;8228;1397
TRB22;2023;7201;1394
TRB23;2000;9431;1481
TRB23;2001;9424;1506
TRB23;2002;9424;1531
TRB23;2003;9417;1556
TRB23;2004;9410;1581
TRB23;2005;9417;1606
TRB23;2006;9424;1627
TRB23;2007;8763;1656
TRB23;2008;8253;1620
TRB23;2009;9045;1313
TRB23;2010;9223;1296
TRB23;2011;8904;1145
TRB23;2012;8874;1071
TRB23;2013;8856;1151
TRB23;2014;9061;1123
TRB23;2015;8972;1115
TRB23;2016;8754;1118
TRB23;2017;8714;1131
TRB23;2018;8396;1136
TRB23;2019;8117;1198
TRB23;2020;7678;1518
TRB23;2021;7624;1521
TRB23;2022;7150;1241
TRB23;2023;6443;1243
TRB24;2000;6904;976
TRB24;2001;6899;993
TRB24;2002;6899;1010
TRB24;2003;6894;1027
TRB24;2004;6889;1044
TRB24;2005;6894;1061
TRB24;2006;6899;1075
TRB24;2007;6415;1094
TRB24;2008;5879;1071
TRB24;2009;6009;868
TRB24;2010;6005;872
TRB24;2011;6065;913
TRB24;2012;5888;808
TRB24;2013;6131;767
TRB24;2014;6289;774
TRB24;2015;5767;809
TRB24;2016;5491;857
TRB24;2017;5506;834
TRB24;2018;5337;798
TRB24;2019;5330;754
TRB24;2020;4990;933
TRB24;2021;4808;910
TRB24;2022;4776;720
TRB24;2023;4548;698
TRC11;2000;46720;7745
TRC11;2001;46686;7875
TRC11;2002;46686;8005
TRC11;2003;46652;8135
TRC11;2004;46618;8265
TRC11;2005;46652;8395
TRC11;2006;46686;8507
TRC11;2007;43413;8656
TRC11;2008;44871;8470
TRC11;2009;42036;6865
TRC11;2010;42412;6562
TRC11;2011;42717;6498
TRC11;2012;45066;6597
TRC11;2013;46077;6957
TRC11;2014;48692;7157
TRC11;2015;48227;7354
TRC11;2016;47285;7978
TRC11;2017;45867;7591
TRC11;2018;44977;7770
TRC11;2019;41921;8186
TRC11;2020;40086;9067
TRC11;2021;40749;8589
TRC11;2022;39607;6810
TRC11;2023;35152;12529
TRC12;2000;13774;2457
TRC12;2001;13764;2499
TRC12;2002;13764;2541
TRC12;2003;13754;2583
TRC12;2004;13744;2625
TRC12;2005;13754;2667
TRC12;2006;13764;2703
TRC12;2007;12799;2751
TRC12;2008;12718;2692
TRC12;2009;13194;2182
TRC12;2010;13482;2287
TRC12;2011;13296;2330
TRC12;2012;13284;2277
TRC12;2013;12967;2307
TRC12;2014;13597;2375
TRC12;2015;13338;2380
TRC12;2016;12921;2641
TRC12;2017;12977;2494
TRC12;2018;12506;2529
TRC12;2019;11855;2740
TRC12;2020;10989;4533
TRC12;2021;10979;5544
TRC12;2022;10351;5277
TRC12;2023;8592;11157
TRC13;2000;2833;850
TRC13;2001;2831;864
TRC13;2002;2831;878
TRC13;2003;2829;892
TRC13;2004;2827;906
TRC13;2005;2829;920
TRC13;2006;2831;932
TRC13;2007;2632;948
TRC13;2008;2415;927
TRC13;2009;2762;751
TRC13;2010;2896;716
TRC13;2011;2712;729
TRC13;2012;2810;712
TRC13;2013;2788;773
TRC13;2014;2954;773
TRC13;2015;2890;763
TRC13;2016;2826;785
TRC13;2017;2842;763
TRC13;2018;2893;761
TRC13;2019;2771;848
TRC13;2020;2683;836
TRC13;2021;2698;705
TRC13;2022;2672;498
TRC13;2023;2474;817
TRC21;2000;53826;6394
TRC21;2001;53787;6502
TRC21;2002;53787;6610
TRC21;2003;53748;6718
TRC21;2004;53709;6826
TRC21;2005;53748;6934
TRC21;2006;53787;7027
TRC21;2007;50016;7150
TRC21;2008;49468;6996
TRC21;2009;51447;5670
TRC21;2010;55563;5974
TRC21;2011;56204;6110
TRC21;2012;58069;5938
TRC21;2013;58858;5754
TRC21;2014;62284;5802
TRC21;2015;62056;5973
TRC21;2016;63115;6339
TRC21;2017;64168;5919
TRC21;2018;63037;5889
TRC21;2019;60623;6449
TRC21;2020;59244;7784
TRC21;2021;61990;8380
TRC21;2022;58949;6715
TRC21;2023;54452;7315
TRC22;2000;40822;5886
TRC22;2001;40792;5985
TRC22;2002;40792;6084
TRC22;2003;40762;6183
TRC22;2004;40732;6282
TRC22;2005;40762;6381
TRC22;2006;40792;6466
TRC22;2007;37932;6580
TRC22;2008;37571;6438
TRC22;2009;37765;5218
TRC22;2010;39952;5324
TRC22;2011;40302;5340
TRC22;2012;41482;5233
TRC22;2013;41284;5203
TRC22;2014;43903;5283
TRC22;2015;43321;5110
TRC22;2016;42816;5543
TRC22;2017;43430;5287
TRC22;2018;41673;5182
TRC22;2019;39755;5582
TRC22;2020;36933;6781
TRC22;2021;37174;7347
TRC22;2022;35431;5927
TRC22;2023;32519;6501
TRC31;2000;20173;2824
TRC31;2001;20158;2871
TRC31;2002;20158;2918
TRC31;2003;20143;2965
TRC31;2004;20128;3013
TRC31;2005;20143;3061
TRC31;2006;20158;3102
TRC31;2007;18745;3156
TRC31;2008;18242;3088
TRC31;2009;19284;2503
TRC31;2010;20048;2630
TRC31;2011;19529;2487
TRC31;2012;20494;2406
TRC31;2013;19984;2374
TRC31;2014;21579;2587
TRC31;2015;21318;2603
TRC31;2016;20424;2849
TRC31;2017;20709;2622
TRC31;2018;20420;2673
TRC31;2019;19978;2729
TRC31;2020;18888;3579
TRC31;2021;19430;3549
TRC31;2022;18356;2921
TRC31;2023;16974;2869
TRC32;2000;14782;1769
TRC32;2001;14771;1799
TRC32;2002;14771;1829
TRC32;2003;14760;1859
TRC32;2004;14749;1889
TRC32;2005;14760;1919
TRC32;2006;14771;1945
TRC32;2007;13735;1979
TRC32;2008;13508;1936
TRC32;2009;13281;1569
TRC32;2010;13842;1620
TRC32;2011;13591;1602
TRC32;2012;13919;1609
TRC32;2013;14039;1608
TRC32;2014;14776;1662
TRC32;2015;14451;1629
TRC32;2016;14203;1771
TRC32;2017;14395;1642
TRC32;2018;13977;1685
TRC32;2019;13367;1854
TRC32;2020;12921;2416
TRC32;2021;13183;2378
TRC32;2022;12422;1944
TRC32;2023;11562;1893
TRC33;2000;14507;1636
TRC33;2001;14497;1664
TRC33;2002;14497;1692
TRC33;2003;14487;1720
TRC33;2004;14477;1748
TRC33;2005;14487;1776
TRC33;2006;14497;1800
TRC33;2007;13481;1832
TRC33;2008;12185;1793
TRC33;2009;13342;1453
TRC33;2010;13528;1350
TRC33;2011;13376;1389
TRC33;2012;13712;1284
TRC33;2013;14122;1288
TRC33;2014;14842;1365
TRC33;2015;14431;1391
TRC33;2016;12564;1588
TRC33;2017;13783;1320
TRC33;2018;13962;1342
TRC33;2019;13575;1284
TRC33;2020;13446;1674
TRC33;2021;13770;1650
TRC33;2022;13090;1350
TRC33;2023;12433;1316
TRC34;2000;9187;1210
TRC34;2001;9180;1230
TRC34;2002;9180;1250
TRC34;2003;9173;1270
TRC34;2004;9166;1290
TRC34;2005;9173;1310
TRC34;2006;9180;1327
TRC34;2007;8536;1350
TRC34;2008;8084;1321
TRC34;2009;8606;1071
TRC34;2010;8865;1162
TRC34;2011;8600;1174
TRC34;2012;8559;1046
TRC34;2013;8329;1018
TRC34;2014;8993;1093
TRC34;2015;8507;1066
TRC34;2016;8378;1093
TRC34;2017;8265;981
TRC34;2018;8065;1088
TRC34;2019;7598;1056
TRC34;2020;7616;1366
TRC34;2021;7235;1334
TRC34;2022;6737;1081
TRC34;2023;6143;1043
