TERRITORY_ID,LEVEL_ID,NAME_HTML,VERSIONS,SEX,AGE,UNIT,1960,1961,1962,1963,1964,1965,1966,1967,1968,1969,1970,1971,1972,1973,1974,1975,1976,1977,1978,1979,1980,1981,1982,1983,1984,1985,1986,1987,1988,1989,1990,1991,1992,1993,1994,1995,1996,1997,1998,1999,2000,2001,2002,2003,2004,2005,2006,2007,2008,2009,2010,2011,2012,2013,2014,2015,2016,2017,2018,2019,2020,2021,2022,2023,2024,2025,2026,2027
AL,0,Albania,2024,TOTAL,TOTAL,NR,1583800.0,1633800.0,1685800.0,1736838.0,1788404.0,1839866.0,1889715.0,1939430.0,1991765.0,2052778.0,2110612.0,2160345.0,2215361.0,2270891.0,2322613.0,2377635.0,2432027.0,2485025.0,2542066.0,2590466.0,2645198.0,2698795.0,2753316.0,2815239.0,2872681.0,2936177.0,2993347.0,3051923.0,3115286.0,3182417.0,3266790.0,3247039.0,3227287.0,3207536.0,3187784.0,3168033.0,3148281.0,3128530.0,3108778.0,3089027.0,3058497.0,3063318.0,3057018.0,3044993.0,3034231.0,3019634.0,3003329.0,2981755.0,2958266.0,2936355.0,2918674.0,2907361.0,2891838.0,2883972.0,2829804.0,2817880.0,2759154.0,2770376.0,2722900.0,2718314.0,2650288.0,2635294.0,2535204.0,2484596.0,2390942.0,2363314.0,2335930.0,
AT,0,Austria,2024,TOTAL,TOTAL,NR,7030385.0,7064693.0,7107904.0,7151824.0,7199798.0,7247804.0,7293973.0,7350159.0,7403837.0,7426968.0,7455142.0,7479030.0,7521933.0,7566469.0,7605760.0,7592316.0,7565525.0,7565561.0,7571299.0,7553310.0,7545539.0,7553326.0,7584094.0,7564185.0,7559635.0,7563233.0,7566736.0,7572852.0,7576319.0,7594315.0,7644818.0,7710882.0,7798899.0,7882519.0,7928746.0,7943489.0,7953067.0,7964966.0,7971116.0,7982461.0,8002186.0,8020946.0,8063640.0,8100273.0,8142573.0,8201359.0,8254298.0,8282984.0,8307989.0,8335003.0,8351643.0,8375164.0,8408121.0,8451860.0,8507786.0,8584926.0,8700471.0,8772865.0,8822267.0,8858775.0,8901064.0,8932664.0,8978929.0,9104772.0,9158750.0,9197213.0,9215956.0,9248257.0
BE,0,Belgium,2024,TOTAL,TOTAL,NR,9128824.0,9178154.0,9189741.0,9251414.0,9328126.0,9428100.0,9499234.0,9556380.0,9605601.0,9631910.0,9660154.0,9650944.0,9695379.0,9726850.0,9756590.0,9788248.0,9813152.0,9823302.0,9837413.0,9841654.0,9855110.0,9863374.0,9854589.0,9858017.0,9853023.0,9857721.0,9858895.0,9864751.0,9875716.0,9927612.0,9947782.0,9986975.0,10021997.0,10068319.0,10100747.0,10130661.0,10143123.0,10170226.0,10192264.0,10213752.0,10239085.0,10263414.0,10309725.0,10355844.0,10396421.0,10445852.0,10511382.0,10584534.0,10666774.0,10753080.0,10839905.0,10996906.0,11075889.0,11137974.0,11180840.0,11237274.0,11311117.0,11351727.0,11398589.0,11455519.0,11522440.0,11554767.0,11617623.0,11742796.0,11817096.0,11883495.0,11955308.0,11993845.0
BG,0,Bulgaria,2024,TOTAL,TOTAL,NR,7829246.0,7905502.0,7980734.0,8045158.0,8111132.0,8177547.0,8230788.0,8285325.0,8335126.0,8404080.0,8464264.0,8514883.0,8557906.0,8594493.0,8647440.0,8710049.0,8731434.0,8785763.0,8822602.0,8805462.0,8846417.0,8876652.0,8836974.0,8800183.0,8763396.0,8726602.0,8689815.0,8653015.0,8616233.0,8579431.0,8542650.0,8507177.0,8448149.0,8390453.0,8332765.0,8275068.0,8217383.0,8159681.0,8101997.0,8044291.0,7986609.0,7928901.0,7868815.0,7805506.0,7745147.0,7688573.0,7629371.0,7572673.0,7518002.0,7467119.0,7421766.0,7369431.0,7327224.0,7202556.0,7117453.0,7029690.0,6938759.0,6849518.0,6757418.0,6664177.0,6569275.0,6532117.0,6482484.0,6447710.0,6445481.0,6437360.0,6423207.0,6395062.0
CH,0,Switzerland,2024,TOTAL,TOTAL,NR,5295500.0,5360153.0,5508435.0,5639195.0,5749299.0,5829156.0,5883788.0,5952216.0,6031353.0,6104074.0,6168700.0,6193054.0,6233744.0,6288168.0,6326525.0,6356285.0,6320978.0,6284029.0,6278319.0,6285156.0,6303573.0,6335243.0,6372904.0,6409713.0,6427833.0,6455896.0,6484834.0,6523413.0,6566799.0,6619973.0,6673850.0,6757188.0,6842768.0,6907959.0,6968570.0,7019019.0,7062354.0,7081346.0,7096465.0,7123537.0,7164444.0,7198994.0,7255653.0,7313853.0,7364148.0,7415102.0,7459128.0,7508739.0,7593494.0,7701856.0,7785806.0,7870134.0,7954662.0,8039060.0,8139631.0,8237666.0,8327126.0,8419550.0,8484130.0,8544527.0,8606033.0,8670300.0,8738791.0,8815385.0,8962258.0,9051029.0,9124288.0,9220521.0
CY,0,Cyprus,2024,TOTAL,TOTAL,NR,441056.0,442519.0,444598.0,448294.0,451990.0,454916.0,458227.0,461615.0,465311.0,469238.0,473165.0,477400.0,483098.0,488796.0,485100.0,505700.0,497879.0,497600.0,498000.0,501300.0,505800.0,512300.0,522845.0,524623.0,531518.0,538397.0,544605.0,550888.0,556584.0,562693.0,572655.0,587141.0,603069.0,619231.0,632944.0,645399.0,656333.0,666313.0,675215.0,682862.0,690497.0,697549.0,705539.0,713720.0,722893.0,733067.0,744013.0,757916.0,776333.0,796930.0,819140.0,839751.0,862011.0,862854.0,860032.0,860846.0,863764.0,869878.0,878601.0,890194.0,902429.0,914476.0,929764.0,949084.0,966365.0,982966.0,996571.0,1012574.0
CZ,0,Czechia,2024,TOTAL,TOTAL,NR,9637840.0,9566172.0,9607129.0,9642191.0,9699179.0,9756429.0,9802287.0,9839792.0,9866006.0,9886686.0,9906474.0,9809667.0,9843962.0,9891302.0,9953230.0,10023688.0,10093551.0,10158327.0,10215183.0,10269012.0,10315669.0,10292717.0,10308465.0,10321186.0,10326526.0,10333900.0,10340335.0,10344119.0,10350517.0,10360034.0,10362102.0,10304607.0,10312548.0,10325697.0,10334013.0,10333161.0,10321344.0,10309137.0,10299125.0,10289621.0,10278098.0,10232027.0,10201182.0,10192649.0,10195347.0,10198855.0,10223577.0,10254233.0,10343422.0,10425783.0,10462088.0,10466731.0,10465445.0,10456125.0,10432419.0,10438275.0,10433843.0,10438820.0,10450055.0,10469800.0,10493939.0,10494836.0,10516707.0,10827529.0,10900555.0,10909500.0,10915839.0,10936710.0
DE,0,Germany,2024,TOTAL,TOTAL,NR,72542990.0,73086809.0,73668454.0,74383113.0,75045592.0,75591082.0,76336308.0,76864314.0,77038358.0,77550269.0,78269095.0,78069482.0,78556202.0,78820701.0,79052630.0,78882235.0,78464873.0,78209026.0,78110602.0,78073038.0,78179662.0,78397490.0,78418324.0,78248407.0,78008156.0,77709213.0,77660533.0,77780338.0,77899502.0,78389735.0,79103532.0,79753227.0,80274564.0,80974632.0,81338093.0,81538603.0,81817499.0,82012162.0,82057379.0,82037011.0,82163475.0,82259540.0,82055793.0,81852045.0,81648298.0,81444550.0,81240803.0,81037055.0,80833308.0,80629560.0,80425813.0,80222065.0,80327900.0,80523746.0,80767463.0,81197537.0,82175684.0,82521653.0,82792351.0,83019213.0,83166711.0,83155031.0,83237124.0,83118501.0,83456045.0,83577140.0,83467117.0,83298991.0
DK,0,Denmark,2024,TOTAL,TOTAL,NR,4565455.0,4593750.0,4629624.0,4665829.0,4703136.0,4741008.0,4777015.0,4817746.0,4852962.0,4876803.0,4906916.0,4950598.0,4975653.0,5007538.0,5036184.0,5054410.0,5065313.0,5079879.0,5096959.0,5111537.0,5122065.0,5123989.0,5119155.0,5116464.0,5112130.0,5111108.0,5116273.0,5124794.0,5129254.0,5129778.0,5135409.0,5146469.0,5162126.0,5180614.0,5196642.0,5215718.0,5251027.0,5275121.0,5294860.0,5313577.0,5330020.0,5349212.0,5368354.0,5383507.0,5397640.0,5411405.0,5427459.0,5447084.0,5475791.0,5511451.0,5534738.0,5560628.0,5580516.0,5602628.0,5627235.0,5659715.0,5707251.0,5748769.0,5781190.0,5806081.0,5822763.0,5840045.0,5873420.0,5932654.0,5961249.0,5992734.0,6025603.0,6047680.0
EE,0,Estonia,2024,TOTAL,TOTAL,NR,1206362.0,1216712.0,1233441.0,1249804.0,1267910.0,1286262.0,1302870.0,1314323.0,1323569.0,1338858.0,1351640.0,1368511.0,1385399.0,1399637.0,1412265.0,1424073.0,1434630.0,1444522.0,1455900.0,1464476.0,1472190.0,1482247.0,1493085.0,1503743.0,1513747.0,1523486.0,1534076.0,1546304.0,1558137.0,1565662.0,1570599.0,1567749.0,1554878.0,1511303.0,1476952.0,1448075.0,1425192.0,1405996.0,1393074.0,1379237.0,1401250.0,1392720.0,1383510.0,1375190.0,1366250.0,1358850.0,1350700.0,1342920.0,1338440.0,1335740.0,1333290.0,1329660.0,1325217.0,1320169.0,1315819.0,1313271.0,1315944.0,1315635.0,1319133.0,1324820.0,1328889.0,1330068.0,1331796.0,1365884.0,1374687.0,1369995.0,1360745.0,1371432.0
EL,0,Greece,2024,TOTAL,TOTAL,NR,8300399.0,8363050.0,8433050.0,8463416.0,8495834.0,8525024.0,8575642.0,8651660.0,8716516.0,8765014.0,8780514.0,8805098.0,8856974.0,8920282.0,8937890.0,8986153.0,9106928.0,9269372.0,9347586.0,9512332.0,9584184.0,9700826.0,9757874.0,9821152.0,9872102.0,9919500.0,9949100.0,9985326.0,10015863.0,10058103.0,10120892.0,10272691.0,10367163.0,10430958.0,10489871.0,10535973.0,10588332.0,10629267.0,10693250.0,10747768.0,10775627.0,10835989.0,10888274.0,10915770.0,10940369.0,10969912.0,11004716.0,11036008.0,11060937.0,11094745.0,11119289.0,11123392.0,11072725.0,10980006.0,10894294.0,10818041.0,10735415.0,10707527.0,10667336.0,10635213.0,10612591.0,10555344.0,10461627.0,10401868.0,10375764.0,10372335.0,10366586.0,10364738.0
ES,0,Spain,2024,TOTAL,TOTAL,NR,30327000.0,30563903.0,30895500.0,31151231.0,31442070.0,31776320.0,32132264.0,32434123.0,32931771.0,33294497.0,33587610.0,34040992.0,34408338.0,34800600.0,35177294.0,35569375.0,35946425.0,36329199.0,36694077.0,37035719.0,37346940.0,37683339.0,37881873.0,38090151.0,38252899.0,38407829.0,38531195.0,38638052.0,38731578.0,38802300.0,38853227.0,38881416.0,39051336.0,39264034.0,39458489.0,39639726.0,39808374.0,39971329.0,40143449.0,40303568.0,40470182.0,40665545.0,41035278.0,41827838.0,42547451.0,43296338.0,44009971.0,44784666.0,45668939.0,46239273.0,46486619.0,46667174.0,46818219.0,46712650.0,46495744.0,46425722.0,46418884.0,46497393.0,46645070.0,46918951.0,47318050.0,47400798.0,47486843.0,48085361.0,48619695.0,49128297.0,49590099.0,50000000.0
FI,0,Finland,2024,TOTAL,TOTAL,NR,4413046.0,4446222.0,4475787.0,4507098.0,4539519.0,4557567.0,4569896.0,4591842.0,4619645.0,4633292.0,4614277.0,4598336.0,4625912.0,4653401.0,4678761.0,4702387.0,4720492.0,4730836.0,4746967.0,4758088.0,4771292.0,4787778.0,4812150.0,4841715.0,4869858.0,4893748.0,4910664.0,4925644.0,4938602.0,4954359.0,4974383.0,4998478.0,5029002.0,5054982.0,5077912.0,5098754.0,5116826.0,5132320.0,5147349.0,5159646.0,5171302.0,5181115.0,5194901.0,5206295.0,5219732.0,5236611.0,5255580.0,5276955.0,5300484.0,5326314.0,5351427.0,5375276.0,5401267.0,5426674.0,5451270.0,5471753.0,5487308.0,5503297.0,5513130.0,5517919.0,5525292.0,5533793.0,5548241.0,5563970.0,5603851.0,5635971.0,5652881.0,5662845.0
FR,0,France,2024,TOTAL,TOTAL,NR,46873766.0,46912203.0,47464829.0,48017475.0,48570088.0,49122748.0,49675349.0,50228178.0,50780919.0,51139363.0,51497834.0,51856247.0,52347619.0,52838968.0,53330364.0,53821688.0,54286324.0,54529099.0,54766148.0,55002045.0,55282953.0,55592618.0,55597006.0,55918081.0,56180589.0,56461236.0,56738825.0,57033941.0,57349954.0,57688189.0,58118410.0,58412033.0,58710997.0,58998717.0,59223656.0,59440274.0,59652790.0,59861940.0,60073614.0,60295598.0,60687044.0,61126074.0,61575779.0,62020727.0,62453494.0,62938628.0,63400497.0,63823067.0,64188784.0,64537404.0,64849789.0,65174719.0,65489628.0,65817350.0,66165980.0,66458153.0,66638391.0,66809816.0,67026224.0,67290471.0,67473651.0,67728568.0,68091703.0,68277210.0,68669303.0,68882600.0,69112309.0,69189433.0
HR,0,Croatia,2024,TOTAL,TOTAL,NR,4127422.0,4152939.0,4181645.0,4211778.0,4239572.0,4266180.0,4295665.0,4325736.0,4351629.0,4379627.0,4403352.0,4421151.0,4441399.0,4459729.0,4480592.0,4500727.0,4523436.0,4548432.0,4570709.0,4591460.0,4598095.0,4601469.0,4621548.0,4646921.0,4669587.0,4690983.0,4711852.0,4731041.0,4748450.0,4761965.0,4772556.0,4689011.0,4595865.0,4555771.0,4645155.0,4658893.0,4557096.0,4534920.0,4532138.0,4512596.0,4396571.0,4295406.0,4305494.0,4305384.0,4305725.0,4310861.0,4312487.0,4313530.0,4311967.0,4309796.0,4302847.0,4289857.0,4275984.0,4247803.0,4217632.0,4180915.0,4131115.0,4078769.0,4014341.0,3968676.0,3933511.0,3893026.0,3862305.0,3850894.0,3861967.0,3874350.0,3876002.0,3881370.0
HU,0,Hungary,2024,TOTAL,TOTAL,NR,9961044.0,10005980.0,10049935.0,10071715.0,10104179.0,10135490.0,10160380.0,10196926.0,10236282.0,10275347.0,10322099.0,10353721.0,10381352.0,10415626.0,10448484.0,10508956.0,10572094.0,10625259.0,10670802.0,10698841.0,10709463.0,10712781.0,10710914.0,10700155.0,10678770.0,10657420.0,10640006.0,10621121.0,10604360.0,10588614.0,10374823.0,10373153.0,10373804.0,10365035.0,10349959.0,10336636.0,10321152.0,10301157.0,10279621.0,10253301.0,10221514.0,10200298.0,10174853.0,10142362.0,10116742.0,10097549.0,10076581.0,10066158.0,10045401.0,10030975.0,10014324.0,9985722.0,9931925.0,9895250.0,9850217.0,9815858.0,9779652.0,9739857.0,9713655.0,9700272.0,9689376.0,9651461.0,9610403.0,9599744.0,9584627.0,9539502.0,9488428.0,9470150.0
IE,0,Ireland,2024,TOTAL,TOTAL,NR,2835500.0,2821700.0,2827100.0,2845000.0,2860300.0,2872800.0,2881800.0,2895800.0,2909100.0,2922000.0,2943300.0,2971200.0,3012900.0,3060800.0,3111100.0,3163900.0,3215200.0,3260900.0,3303500.0,3354700.0,3392800.0,3432800.0,3473200.0,3498400.0,3522800.0,3542046.0,3534117.0,3545263.0,3534850.0,3515048.0,3506970.0,3520977.0,3547492.0,3569367.0,3583154.0,3597617.0,3620065.0,3654955.0,3693386.0,3732006.0,3777565.0,3832783.0,3899702.0,3964191.0,4028851.0,4111672.0,4208156.0,4340118.0,4457765.0,4521322.0,4549428.0,4570881.0,4589287.0,4609779.0,4637852.0,4677627.0,4726286.0,4799157.0,4855733.0,4940311.0,5012600.0,5066893.0,5154277.0,5271395.0,5351681.0,5440278.0,5510565.0,5607369.0
IS,0,Iceland,2024,TOTAL,TOTAL,NR,173855.0,177292.0,180765.0,183991.0,187314.0,190652.0,193919.0,197221.0,200281.0,202695.0,204042.0,204834.0,207361.0,210912.0,213722.0,216695.0,219262.0,221046.0,222552.0,224522.0,226948.0,229327.0,232182.0,235537.0,238416.0,240606.0,242203.0,244157.0,247561.0,251919.0,253785.0,255866.0,259727.0,262386.0,265064.0,266978.0,267958.0,269874.0,272381.0,275712.0,279049.0,283361.0,286575.0,288471.0,290570.0,293577.0,299891.0,307672.0,315459.0,319368.0,317630.0,318452.0,319575.0,321857.0,325671.0,329100.0,332529.0,338349.0,348450.0,356991.0,364134.0,368792.0,376248.0,387758.0,383567.0,389444.0,394324.0,406104.0
IT,0,Italy,2024,TOTAL,TOTAL,NR,50025500.0,50623569.0,50698800.0,51060100.0,51443900.0,51906800.0,52317900.0,52720100.0,53080900.0,53390600.0,53685300.0,54136547.0,54188579.0,54574111.0,54928700.0,55293036.0,55588966.0,55847553.0,56063269.0,56247017.0,56388480.0,56556911.0,56524064.0,56563031.0,56565117.0,56588319.0,56597823.0,56594487.0,56609375.0,56649201.0,56694360.0,56744119.0,56772923.0,56821250.0,56842392.0,56844408.0,56844197.0,56876364.0,56904379.0,56909109.0,56923524.0,56960692.0,56993270.0,57186378.0,57611990.0,58044368.0,58288996.0,58510725.0,59001769.0,59420592.0,59690316.0,59948497.0,60105185.0,60277309.0,60345917.0,60295497.0,60163712.0,60066734.0,59937769.0,59816673.0,59641488.0,59236213.0,59030133.0,58997201.0,58971230.0,58943464.0,58942828.0,58899553.0
LI,0,Liechtenstein,2024,TOTAL,TOTAL,NR,16472.0,16628.0,17125.0,17761.0,18425.0,19085.0,19304.0,19916.0,20433.0,21237.0,20930.0,21350.0,21850.0,22414.0,23156.0,23745.0,23947.0,24169.0,24715.0,25340.0,25809.0,25215.0,26130.0,26380.0,26512.0,26680.0,27076.0,27399.0,27714.0,28181.0,28452.0,29032.0,29386.0,29868.0,30310.0,30629.0,30923.0,31143.0,31320.0,32015.0,32426.0,32863.0,33525.0,33863.0,34294.0,34600.0,34905.0,35168.0,35356.0,35589.0,35894.0,36149.0,36475.0,36838.0,37129.0,37366.0,37622.0,37810.0,38114.0,38378.0,38747.0,39055.0,39308.0,39677.0,40015.0,40886.0,41227.0,
LT,0,Lithuania,2024,TOTAL,TOTAL,NR,2755600.0,2801500.0,2845600.0,2881100.0,2916800.0,2953600.0,2989300.0,3026800.0,3062000.0,3095700.0,3118941.0,3160437.0,3197645.0,3229598.0,3259277.0,3288510.0,3314794.0,3342533.0,3367538.0,3391490.0,3404194.0,3422210.0,3443684.0,3470673.0,3499711.0,3528698.0,3560388.0,3597439.0,3635295.0,3674802.0,3693708.0,3701968.0,3706299.0,3693929.0,3671296.0,3642991.0,3615212.0,3588013.0,3562261.0,3536401.0,3512074.0,3486998.0,3454637.0,3431497.0,3398929.0,3355220.0,3289835.0,3249983.0,3212605.0,3183856.0,3141976.0,3052588.0,3003641.0,2974637.0,2947862.0,2926644.0,2895573.0,2859077.0,2826200.0,2812200.0,2809977.0,2810761.0,2805998.0,2857279.0,2885891.0,2890664.0,2887592.0,2875782.0
LU,0,Luxembourg,2024,TOTAL,TOTAL,NR,313050.0,314889.0,318800.0,322700.0,325500.0,330000.0,333000.0,334790.0,335200.0,336500.0,338507.0,339841.0,345000.0,348200.0,352700.0,357400.0,360500.0,360962.0,361753.0,362261.0,363450.0,364850.0,365600.0,365450.0,365794.0,366202.0,367210.0,369500.0,372000.0,374900.0,379300.0,384400.0,389600.0,394750.0,400200.0,405650.0,411600.0,416850.0,422050.0,427350.0,433600.0,439000.0,444050.0,448300.0,454960.0,461230.0,469086.0,476187.0,483799.0,493500.0,502066.0,511840.0,524853.0,537039.0,549680.0,562958.0,576249.0,590667.0,602005.0,613894.0,626108.0,634730.0,645397.0,660809.0,672050.0,681973.0,690959.0,704229.0
LV,0,Latvia,2024,TOTAL,TOTAL,NR,2104128.0,2137830.0,2167531.0,2195640.0,2226198.0,2255048.0,2276789.0,2289645.0,2312795.0,2334443.0,2351903.0,2366424.0,2386353.0,2404995.0,2426642.0,2447730.0,2464529.0,2477449.0,2492697.0,2503145.0,2508761.0,2514640.0,2524202.0,2537958.0,2554063.0,2570030.0,2587716.0,2612068.0,2641097.0,2665770.0,2668140.0,2658161.0,2643000.0,2585675.0,2540904.0,2500580.0,2469531.0,2444912.0,2420789.0,2399248.0,2381715.0,2353384.0,2320956.0,2299390.0,2276520.0,2249724.0,2227874.0,2208840.0,2191810.0,2162834.0,2120504.0,2074605.0,2044813.0,2023825.0,2001468.0,1986096.0,1968957.0,1950116.0,1934379.0,1919968.0,1907675.0,1893223.0,1875757.0,1895239.0,1878575.0,1860565.0,1845096.0,1802603.0
ME,0,Montenegro,2024,TOTAL,TOTAL,NR,480579.0,491140.0,502558.0,513409.0,521753.0,526327.0,526419.0,522796.0,517481.0,513340.0,512407.0,515449.0,521785.0,530220.0,538902.0,546487.0,552562.0,557576.0,562065.0,566888.0,572608.0,579445.0,587001.0,594506.0,600884.0,605398.0,607711.0,608144.0,607413.0,606571.0,606372.0,607105.0,608516.0,610170.0,611389.0,611712.0,611003.0,609520.0,607662.0,606001.0,603152.0,605988.0,608460.0,610510.0,612214.0,613420.0,613109.0,614624.0,615543.0,617157.0,619001.0,619850.0,620308.0,620893.0,621521.0,622099.0,622218.0,622387.0,622359.0,622182.0,621873.0,620739.0,617683.0,616695.0,623680.0,623327.0,622902.0,618868.0
MK,0,North Macedonia,2024,TOTAL,TOTAL,NR,1384451.0,1399403.0,1417200.0,1438342.0,1461522.0,1486469.0,1512988.0,1538694.0,1562211.0,1589217.0,1616769.0,1641353.0,1666798.0,1692113.0,1717090.0,1742780.0,1769890.0,1797145.0,1823151.0,1849388.0,1878067.0,1904570.0,1928856.0,1954972.0,1980139.0,2004709.0,2029175.0,2052953.0,2077056.0,2100246.0,1873109.0,1890872.0,1908941.0,1922841.0,1936741.0,1957265.0,1974800.0,1991398.0,2002340.0,2012705.0,2021578.0,2031112.0,2016651.0,2023654.0,2029892.0,2035196.0,2038514.0,2041941.0,2045177.0,2048619.0,2052722.0,2057284.0,2059794.0,2062294.0,2065410.0,2068864.0,2070998.0,2073483.0,2075108.0,2076953.0,2076087.0,2068658.0,1837114.0,1829954.0,1826247.0,1822612.0,1819074.0,1921921.0
MT,0,Malta,2024,TOTAL,TOTAL,NR,327200.0,325900.0,324600.0,323200.0,321900.0,320600.0,317000.0,313400.0,314216.0,306100.0,302500.0,302800.0,302600.0,302300.0,302100.0,301892.0,306551.0,304997.0,308942.0,311421.0,315262.0,318028.0,319936.0,331859.0,329189.0,331997.0,340907.0,343334.0,345636.0,349014.0,352430.0,361908.0,365781.0,369455.0,373161.0,376433.0,378404.0,381405.0,384176.0,386397.0,388759.0,391415.0,394641.0,397296.0,399867.0,402668.0,404999.0,405616.0,407832.0,410926.0,414027.0,414989.0,417546.0,421464.0,428156.0,438805.0,449635.0,459375.0,474837.0,492968.0,514855.0,516125.0,520174.0,542051.0,563443.0,574250.0,588254.0,610269.0
NL,0,Netherlands,2024,TOTAL,TOTAL,NR,11417254.0,11556008.0,11721416.0,11889962.0,12041970.0,12212269.0,12377194.0,12535307.0,12661095.0,12798346.0,12957621.0,13119430.0,13269563.0,13387623.0,13491020.0,13599092.0,13733578.0,13814495.0,13897874.0,13985526.0,14091014.0,14208586.0,14285829.0,14339551.0,14394589.0,14453833.0,14529430.0,14615125.0,14714948.0,14805240.0,14892574.0,15010445.0,15129150.0,15239182.0,15341553.0,15424122.0,15493889.0,15567107.0,15654192.0,15760225.0,15863950.0,15987075.0,16105285.0,16192572.0,16258032.0,16305526.0,16334210.0,16357992.0,16405399.0,16485787.0,16574989.0,16655799.0,16730348.0,16779575.0,16829289.0,16900726.0,16979120.0,17081507.0,17181084.0,17282163.0,17407585.0,17475415.0,17590672.0,17811291.0,17942942.0,18044027.0,18130208.0,18258709.0
NO,0,Norway,2024,TOTAL,TOTAL,NR,3567707.0,3594771.0,3624829.0,3653006.0,3680068.0,3708609.0,3737726.0,3768298.0,3800780.0,3832192.0,3863221.0,3888305.0,3917773.0,3948234.0,3972990.0,3997525.0,4017101.0,4035202.0,4051208.0,4066134.0,4078900.0,4092340.0,4107063.0,4122511.0,4134353.0,4145845.0,4159187.0,4175521.0,4198289.0,4220686.0,4233116.0,4249830.0,4273634.0,4299167.0,4324815.0,4348410.0,4369957.0,4392714.0,4417599.0,4445329.0,4478497.0,4503436.0,4524066.0,4552252.0,4577457.0,4606363.0,4640219.0,4681134.0,4737171.0,4799252.0,4858199.0,4920305.0,4985870.0,5051275.0,5109056.0,5165802.0,5213985.0,5258317.0,5295619.0,5328212.0,5367580.0,5393828.0,5425270.0,5488984.0,5550203.0,5594340.0,5627400.0,5687066.0
PL,0,Poland,2024,TOTAL,TOTAL,NR,29479900.0,29795000.0,30133000.0,30484000.0,30940000.0,31338900.0,31551000.0,31811000.0,32163310.0,32426000.0,32670600.0,32658000.0,32909000.0,33202300.0,33512100.0,33845698.0,34184700.0,34527900.0,34850200.0,35081000.0,35413434.0,35734865.0,36062309.0,36398652.0,36744964.0,37063303.0,37340467.0,37571771.0,37764318.0,37884655.0,38038403.0,38183160.0,38309226.0,38418108.0,38504707.0,38580597.0,38609399.0,38639341.0,38659979.0,38666983.0,38281623.0,38253955.0,38242197.0,38218531.0,38190608.0,38173835.0,38157055.0,38125479.0,38115641.0,38135876.0,38022869.0,38062718.0,37963782.0,37864846.0,37765910.0,37666974.0,37568038.0,37469101.0,37370165.0,37271229.0,37172293.0,37073357.0,36889761.0,36753736.0,36620970.0,36497495.0,36332765.0,36250000.0
PT,0,Portugal,2024,TOTAL,TOTAL,NR,8826040.0,8889392.0,8969240.0,9018730.0,9041980.0,9028750.0,8968440.0,8893540.0,8855500.0,8817800.0,8697610.0,8663252.0,8624260.0,8636600.0,8629600.0,8879130.0,9307810.0,9403810.0,9507540.0,9608960.0,9713570.0,9819054.0,9883670.0,9939871.0,9975859.0,10016605.0,10030621.0,10034846.0,10025215.0,10014005.0,9995995.0,9958462.0,9950029.0,9954958.0,9974391.0,10008659.0,10043693.0,10084196.0,10133758.0,10186634.0,10249022.0,10330774.0,10394669.0,10444592.0,10473050.0,10494672.0,10511988.0,10532588.0,10553339.0,10563014.0,10573479.0,10572721.0,10558950.0,10503889.0,10444092.0,10395121.0,10368554.0,10344478.0,10335770.0,10333496.0,10375395.0,10394297.0,10421117.0,10516621.0,10639726.0,10749635.0,11424031.0,10934199.0
RO,0,Romania,2024,TOTAL,TOTAL,NR,18319210.0,18641118.0,18615900.0,18737200.0,18858500.0,18979752.0,19103163.0,19347500.0,19720984.0,19878678.0,20139603.0,20361192.0,20561942.0,20753972.0,20917390.0,21141468.0,21445698.0,21559910.0,21854622.0,22048305.0,22132670.0,22281894.0,22424246.0,22527235.0,22593720.0,22687374.0,22778624.0,22895058.0,23003802.0,23111521.0,23211395.0,23192274.0,22810035.0,22699675.0,22589315.0,22478955.0,22368595.0,22258235.0,22147875.0,22037515.0,21927155.0,21816795.0,21680974.0,21627509.0,21521142.0,21382354.0,21257016.0,21130503.0,20635460.0,20440290.0,20294683.0,20199059.0,20095996.0,20020074.0,19947311.0,19870647.0,19760585.0,19643949.0,19533481.0,19414458.0,19328838.0,19201662.0,19043098.0,19055228.0,19067576.0,19043151.0,19041322.0,19038987.0
RS,0,Serbia,2024,TOTAL,TOTAL,NR,6613003.0,6678247.0,6730714.0,6783181.0,6835647.0,6888114.0,6940581.0,6993048.0,7045515.0,7097981.0,7150448.0,7202915.0,7255548.0,7308181.0,7360814.0,7413447.0,7466081.0,7518714.0,7571347.0,7623980.0,7676613.0,7729246.0,7738601.0,7747956.0,7757311.0,7766666.0,7776021.0,7785375.0,7794730.0,7804085.0,7813440.0,7822795.0,7773468.0,7724142.0,7674815.0,7625488.0,7625225.0,7610362.0,7582640.0,7552850.0,7527952.0,7504739.0,7498001.0,7490918.0,7470263.0,7456050.0,7425487.0,7397651.0,7365507.0,7334937.0,7306677.0,7253969.0,7216649.0,7181505.0,7146759.0,7114393.0,7076372.0,7040272.0,7001444.0,6963764.0,6926705.0,6871547.0,6797105.0,6641197.0,6605168.0,6567783.0,6532019.0,6452346.0
SE,0,Sweden,2024,TOTAL,TOTAL,NR,7471345.0,7497967.0,7542028.0,7581148.0,7627507.0,7695200.0,7772506.0,7843088.0,7892774.0,7931772.0,8004371.0,8081230.0,8115438.0,8129161.0,8143463.0,8176447.0,8208427.0,8236144.0,8266936.0,8284261.0,8303094.0,8317967.0,8323038.0,8327488.0,8330577.0,8342633.0,8358139.0,8381519.0,8414089.0,8458888.0,8527039.0,8590630.0,8644120.0,8692013.0,8745109.0,8816381.0,8837496.0,8844499.0,8847625.0,8854322.0,8861426.0,8882792.0,8909128.0,8940788.0,8975670.0,9011392.0,9047752.0,9113257.0,9182927.0,9256347.0,9340682.0,9415570.0,9482855.0,9555893.0,9644864.0,9747355.0,9851017.0,9995153.0,10120242.0,10230185.0,10327589.0,10379295.0,10452326.0,10521556.0,10551707.0,10587710.0,10605529.0,10620000.0
SI,0,Slovenia,2024,TOTAL,TOTAL,NR,1580535.0,1588904.0,1599357.0,1607941.0,1626000.0,1638227.0,1660092.0,1679717.0,1699339.0,1709752.0,1717995.0,1731787.0,1744882.0,1759584.0,1773809.0,1778454.0,1808707.0,1831790.0,1852963.0,1872133.0,1893064.0,1909566.0,1903495.0,1917173.0,1927469.0,1936839.0,1946442.0,1985486.0,1994066.0,1996351.0,1996377.0,1999945.0,1998912.0,1994084.0,1989408.0,1989477.0,1990266.0,1986989.0,1984923.0,1978334.0,1987755.0,1990094.0,1994026.0,1995033.0,1996433.0,1997590.0,2003358.0,2010377.0,2010269.0,2032362.0,2046976.0,2050189.0,2055496.0,2058821.0,2061085.0,2062874.0,2064188.0,2065895.0,2066880.0,2080908.0,2095861.0,2108977.0,2107180.0,2116972.0,2123949.0,2130850.0,2135107.0,2137876.0
SK,0,Slovakia,2024,TOTAL,TOTAL,NR,3969682.0,4166507.0,4216827.0,4259549.0,4304484.0,4350198.0,4391768.0,4431564.0,4467170.0,4500659.0,4536555.0,4539890.0,4575007.0,4618236.0,4664653.0,4714593.0,4763617.0,4815396.0,4865605.0,4914644.0,4963301.0,4996329.0,5035881.0,5074316.0,5109626.0,5144568.0,5178967.0,5208708.0,5236972.0,5264220.0,5287663.0,5310711.0,5295877.0,5314155.0,5336455.0,5356207.0,5367790.0,5378932.0,5387650.0,5393382.0,5398657.0,5378783.0,5378951.0,5374873.0,5371875.0,5372685.0,5372928.0,5373180.0,5376064.0,5382401.0,5390410.0,5392446.0,5404322.0,5410836.0,5415949.0,5421349.0,5426252.0,5435343.0,5443120.0,5450421.0,5457873.0,5446820.0,5434712.0,5428792.0,5424687.0,5419451.0,5409407.0,5400000.0
TR,0,Turkey,2024,TOTAL,TOTAL,NR,27119962.0,27755078.0,28435197.0,29162545.0,29939582.0,30769013.0,31499416.0,32273630.0,33093700.0,33961875.0,34880611.0,35707058.0,36582215.0,37508880.0,38490106.0,39529218.0,40281507.0,41102443.0,41996129.0,42967253.0,44021146.0,45023450.0,46085508.0,47210448.0,48401689.0,49662958.0,50695548.0,51791212.0,52953586.0,54186642.0,55494711.0,56714051.0,57835076.0,58958565.0,60079060.0,61203584.0,62337617.0,63484661.0,64641675.0,65786563.0,66889425.0,64729501.0,65603160.0,66401851.0,67187251.0,68010221.0,68860539.0,69729967.0,70586256.0,71517100.0,72561312.0,73722988.0,74724269.0,75627384.0,76667864.0,77695904.0,78741053.0,79814871.0,80810525.0,82003882.0,83154997.0,83614362.0,84680273.0,85279553.0,85372377.0,85664944.0,86414197.0,86750839.0
AL011,3,Dibër,2024,TOTAL,TOTAL,NR,112634.0,116190.0,119888.0,123518.0,127185.0,130845.0,134390.0,137926.0,141648.0,145987.0,150100.0,153637.0,157550.0,161499.0,165177.0,169090.0,172958.0,176727.0,180784.0,184226.0,188118.0,191930.0,195807.0,200211.0,204296.0,208812.0,212878.0,217044.0,221550.0,226324.0,229794.0,225888.0,222011.0,218163.0,214344.0,210553.0,206792.0,203060.0,199357.0,195683.0,191364.0,189275.0,184167.0,180595.0,176827.0,172590.0,168150.0,163074.0,157999.0,152783.0,148074.0,144198.0,140414.0,137066.0,131425.0,127970.0,123830.0,120942.0,114764.0,112959.0,107892.0,105871.0,99449.0,95703.0,99441.0,104624.0,103412.0,
AL012,3,Durrës,2024,TOTAL,TOTAL,NR,108757.0,112190.0,115761.0,119266.0,122807.0,126341.0,129764.0,133178.0,136772.0,140962.0,144932.0,148347.0,152125.0,155938.0,159490.0,163268.0,167003.0,170642.0,174559.0,177883.0,181641.0,185321.0,189065.0,193317.0,197261.0,201621.0,205547.0,209569.0,213920.0,218530.0,227369.0,229024.0,230644.0,232229.0,233779.0,235294.0,236775.0,238220.0,239630.0,241006.0,241495.0,244753.0,248358.0,250512.0,252380.0,254243.0,256839.0,258572.0,260386.0,262867.0,265639.0,269784.0,270901.0,272724.0,270084.0,271447.0,268858.0,274306.0,274749.0,275518.0,270712.0,271962.0,264379.0,260711.0,237830.0,222999.0,220415.0,
AL013,3,Kukës,2024,TOTAL,TOTAL,NR,72700.0,74995.0,77382.0,79725.0,82092.0,84454.0,86742.0,89024.0,91426.0,94227.0,96882.0,99165.0,101690.0,104239.0,106613.0,109139.0,111636.0,114069.0,116687.0,118909.0,121421.0,123881.0,126384.0,129226.0,131863.0,134778.0,137402.0,140091.0,143000.0,146081.0,147319.0,143808.0,140328.0,136877.0,133456.0,130066.0,126705.0,123375.0,120076.0,116806.0,113169.0,110858.0,108011.0,106286.0,104866.0,103173.0,101084.0,98773.0,96304.0,93626.0,91226.0,89397.0,87424.0,85672.0,82482.0,80488.0,78002.0,76621.0,73420.0,72737.0,70242.0,69276.0,66037.0,64322.0,61444.0,60207.0,59509.0,
AL014,3,Lezhë,2024,TOTAL,TOTAL,NR,82243.0,84839.0,87539.0,90189.0,92867.0,95539.0,98128.0,100709.0,103427.0,106595.0,109598.0,112181.0,115038.0,117922.0,120608.0,123465.0,126289.0,129041.0,132003.0,134516.0,137358.0,140141.0,142972.0,146187.0,149170.0,152467.0,155436.0,158478.0,161768.0,165254.0,169622.0,168583.0,167545.0,166506.0,165468.0,164430.0,163392.0,162354.0,161316.0,160279.0,158682.0,158920.0,158055.0,156266.0,154193.0,152360.0,150094.0,147583.0,145240.0,142872.0,140755.0,139735.0,137251.0,135057.0,130854.0,128726.0,124983.0,124255.0,120288.0,118891.0,114264.0,112385.0,106434.0,102721.0,98249.0,96384.0,95267.0,
AL015,3,Shkodër,2024,TOTAL,TOTAL,NR,141965.0,146447.0,151108.0,155683.0,160305.0,164918.0,169386.0,173842.0,178533.0,184002.0,189186.0,193644.0,198575.0,203553.0,208189.0,213121.0,217996.0,222746.0,227859.0,232197.0,237103.0,241907.0,246794.0,252346.0,257495.0,263187.0,268311.0,273561.0,279241.0,285258.0,291167.0,287761.0,284374.0,281006.0,277657.0,274327.0,271016.0,267724.0,264450.0,261196.0,257056.0,255898.0,252699.0,249678.0,247916.0,245800.0,243246.0,239750.0,235667.0,232013.0,229140.0,225549.0,221753.0,218503.0,211793.0,208131.0,201657.0,200246.0,194466.0,192679.0,186256.0,183627.0,175155.0,170178.0,157340.0,149496.0,147764.0,
AL021,3,Elbasan,2024,TOTAL,TOTAL,NR,177915.0,183532.0,189374.0,195107.0,200899.0,206680.0,212280.0,217865.0,223744.0,230598.0,237095.0,242682.0,248862.0,255100.0,260910.0,267091.0,273201.0,279155.0,285563.0,291000.0,297148.0,303169.0,309294.0,316250.0,322703.0,329836.0,336258.0,342838.0,349956.0,357497.0,368556.0,367901.0,367227.0,366536.0,365826.0,365098.0,364352.0,363588.0,362806.0,362005.0,359918.0,361980.0,357044.0,350862.0,345762.0,339461.0,333636.0,327189.0,321098.0,314757.0,309657.0,306941.0,301696.0,297572.0,288556.0,283824.0,275959.0,273341.0,264242.0,261136.0,251506.0,247949.0,235143.0,227354.0,224612.0,226963.0,224333.0,
AL022,3,Tiranë,2024,TOTAL,TOTAL,NR,223570.0,230628.0,237968.0,245171.0,252450.0,259714.0,266751.0,273769.0,281157.0,289769.0,297933.0,304953.0,312719.0,320558.0,327859.0,335626.0,343304.0,350785.0,358837.0,365669.0,373395.0,380961.0,388657.0,397398.0,405506.0,414469.0,422539.0,430808.0,439752.0,449228.0,475685.0,487276.0,498699.0,509957.0,521050.0,531975.0,542733.0,553326.0,563750.0,574006.0,582042.0,596704.0,617550.0,633713.0,650767.0,667405.0,683927.0,700163.0,715328.0,731004.0,747169.0,763561.0,777908.0,794461.0,798562.0,814523.0,808859.0,830523.0,838590.0,850104.0,843866.0,849514.0,834484.0,832405.0,784535.0,759981.0,751175.0,
AL031,3,Berat,2024,TOTAL,TOTAL,NR,110931.0,114433.0,118075.0,121650.0,125262.0,128867.0,132358.0,135840.0,139506.0,143779.0,147830.0,151313.0,155166.0,159055.0,162678.0,166532.0,170342.0,174054.0,178049.0,181439.0,185274.0,189028.0,192847.0,197184.0,201207.0,205654.0,209658.0,213761.0,218199.0,222901.0,226872.0,223573.0,220295.0,217040.0,213807.0,210596.0,207408.0,204242.0,201097.0,197976.0,194192.0,192667.0,188982.0,185063.0,181155.0,176994.0,172383.0,167428.0,162519.0,157597.0,153077.0,149671.0,146171.0,143171.0,138060.0,135108.0,129956.0,127070.0,120887.0,118855.0,113615.0,111242.0,104407.0,100247.0,119467.0,138926.0,137316.0,
AL032,3,Fier,2024,TOTAL,TOTAL,NR,188788.0,194748.0,200946.0,207030.0,213177.0,219311.0,225253.0,231179.0,237417.0,244690.0,251584.0,257512.0,264070.0,270689.0,276854.0,283412.0,289896.0,296213.0,303012.0,308781.0,315305.0,321694.0,328193.0,335574.0,342421.0,349990.0,356805.0,363787.0,371340.0,379342.0,390877.0,389984.0,389074.0,388147.0,387203.0,386243.0,385265.0,384270.0,383259.0,382230.0,379846.0,381841.0,377857.0,373090.0,368056.0,362086.0,355766.0,349570.0,342638.0,336356.0,330378.0,324865.0,319554.0,315091.0,305490.0,300764.0,292752.0,291337.0,282831.0,279906.0,269958.0,266349.0,252658.0,244405.0,235179.0,233215.0,230513.0,
AL033,3,Gjirokastër,2024,TOTAL,TOTAL,NR,77637.0,80088.0,82637.0,85139.0,87667.0,90190.0,92634.0,95071.0,97635.0,100626.0,103461.0,105899.0,108596.0,111318.0,113853.0,116550.0,119216.0,121814.0,124610.0,126983.0,129666.0,132293.0,134965.0,138000.0,140816.0,143928.0,146730.0,149601.0,152707.0,155998.0,156820.0,152575.0,148368.0,144200.0,140069.0,135976.0,131921.0,127904.0,123925.0,119985.0,115675.0,112726.0,109519.0,106691.0,103399.0,100179.0,96634.0,93017.0,89343.0,85885.0,82238.0,78402.0,75761.0,73402.0,70018.0,67920.0,65265.0,63504.0,59718.0,58330.0,55298.0,54043.0,50164.0,47963.0,52899.0,58456.0,57779.0,
AL034,3,Korcë,2024,TOTAL,TOTAL,NR,155000.0,159893.0,164982.0,169977.0,175023.0,180059.0,184937.0,189802.0,194924.0,200895.0,206555.0,211422.0,216806.0,222240.0,227302.0,232687.0,238010.0,243197.0,248779.0,253516.0,258872.0,264117.0,269453.0,275513.0,281135.0,287349.0,292944.0,298677.0,304878.0,311448.0,316616.0,311629.0,306678.0,301762.0,296881.0,292036.0,287226.0,282451.0,277712.0,273009.0,267399.0,264902.0,261549.0,258555.0,255264.0,251918.0,248587.0,244583.0,240875.0,236904.0,233820.0,230261.0,227239.0,224560.0,218202.0,215014.0,208616.0,206407.0,199385.0,197421.0,190747.0,188298.0,179050.0,173562.0,168312.0,168064.0,166117.0,
AL035,3,Vlorë,2024,TOTAL,TOTAL,NR,131660.0,135817.0,140140.0,144383.0,148670.0,152948.0,157092.0,161225.0,165576.0,170648.0,175456.0,179590.0,184164.0,188780.0,193080.0,197654.0,202176.0,206582.0,211324.0,215347.0,219897.0,224353.0,228885.0,234033.0,238808.0,244086.0,248839.0,253708.0,258975.0,264556.0,266093.0,259037.0,252044.0,245113.0,238244.0,231439.0,224696.0,218016.0,211400.0,204846.0,197659.0,192796.0,193227.0,193682.0,193646.0,193425.0,192983.0,192053.0,190869.0,189691.0,187501.0,185004.0,185766.0,186693.0,184278.0,183965.0,180417.0,181824.0,179560.0,179778.0,175932.0,174778.0,167844.0,165025.0,151634.0,143999.0,142330.0,
AT111,3,Mittelburgenland,2024,TOTAL,TOTAL,NR,43413.0,43625.0,43442.0,43258.0,43093.0,42921.0,42733.0,42597.0,42440.0,42102.0,41790.0,41451.0,41429.0,41441.0,41421.0,41113.0,40734.0,40500.0,40297.0,39968.0,39694.0,39510.0,39510.0,39253.0,39077.0,38944.0,38809.0,38687.0,38552.0,38490.0,38591.0,38607.0,38839.0,38887.0,38833.0,38857.0,38751.0,38562.0,38361.0,38143.0,37922.0,37732.0,37778.0,37703.0,37640.0,37522.0,37413.0,37481.0,37438.0,37472.0,37526.0,37505.0,37561.0,37565.0,37534.0,37622.0,37692.0,37752.0,37661.0,37513.0,37384.0,37453.0,37524.0,37743.0,37807.0,37744.0,37821.0,37954.0
AT112,3,Nordburgenland,2024,TOTAL,TOTAL,NR,125500.0,126112.0,126380.0,126655.0,126996.0,127330.0,127625.0,128088.0,128499.0,128375.0,128335.0,128217.0,128801.0,129495.0,130098.0,129800.0,129274.0,129207.0,129237.0,128862.0,128661.0,128755.0,129445.0,129300.0,129416.0,129671.0,129927.0,130228.0,130483.0,130989.0,132059.0,132843.0,134672.0,135882.0,136750.0,137902.0,138605.0,139016.0,139390.0,139703.0,140001.0,140421.0,141050.0,141361.0,141963.0,143094.0,144205.0,145118.0,146279.0,147634.0,148576.0,149522.0,150500.0,151596.0,152539.0,153637.0,155809.0,156735.0,157840.0,158981.0,160064.0,161469.0,162880.0,165099.0,165658.0,165805.0,166143.0,166725.0
AT113,3,Südburgenland,2024,TOTAL,TOTAL,NR,100670.0,101161.0,101351.0,101546.0,101792.0,102034.0,102243.0,102588.0,102890.0,102763.0,102703.0,102581.0,102905.0,103316.0,103653.0,103271.0,102708.0,102510.0,102389.0,101948.0,101645.0,101575.0,101662.0,101092.0,100728.0,100473.0,100215.0,99992.0,99733.0,99665.0,100020.0,100154.0,100748.0,100864.0,100717.0,100770.0,100487.0,99988.0,99459.0,98886.0,98303.0,97803.0,97845.0,97478.0,97189.0,97416.0,97509.0,97463.0,97260.0,97671.0,97595.0,97554.0,97721.0,97530.0,97343.0,97097.0,97510.0,97455.0,97174.0,96939.0,96988.0,97088.0,97179.0,98408.0,98486.0,98241.0,98441.0,98786.0
AT121,3,Mostviertel-Eisenwurzen,2024,TOTAL,TOTAL,NR,204242.0,205239.0,206771.0,208327.0,210005.0,211688.0,213320.0,215250.0,217110.0,218078.0,219195.0,220189.0,221573.0,223150.0,224577.0,224447.0,223921.0,224189.0,224626.0,224358.0,224394.0,224942.0,225839.0,225277.0,225172.0,225310.0,225445.0,225658.0,225793.0,226360.0,227897.0,230175.0,232215.0,234590.0,235556.0,236174.0,236512.0,236402.0,236474.0,236744.0,237080.0,237415.0,237739.0,237500.0,237979.0,239038.0,240185.0,240622.0,240906.0,241450.0,241155.0,240997.0,240979.0,241246.0,241727.0,242689.0,244431.0,245671.0,246050.0,246740.0,247347.0,247574.0,248164.0,250280.0,250778.0,250792.0,251303.0,252184.0
AT122,3,Niederösterreich-Süd,2024,TOTAL,TOTAL,NR,227475.0,228585.0,229151.0,229731.0,230429.0,231117.0,231736.0,232661.0,233494.0,233354.0,233367.0,233240.0,234057.0,235072.0,235921.0,235132.0,233932.0,233563.0,233370.0,232446.0,231838.0,231760.0,232623.0,231984.0,231815.0,231897.0,231976.0,232135.0,232213.0,232736.0,234255.0,236535.0,238748.0,241307.0,242418.0,243173.0,243640.0,243646.0,243839.0,244238.0,244705.0,245171.0,246169.0,246770.0,248064.0,249588.0,250946.0,251528.0,251663.0,252245.0,252390.0,252671.0,253092.0,253224.0,254011.0,255720.0,258132.0,259655.0,259630.0,260480.0,261156.0,262265.0,263484.0,266608.0,267289.0,268098.0,268644.0,269586.0
AT123,3,Sankt Pölten,2024,TOTAL,TOTAL,NR,120816.0,121406.0,122127.0,122860.0,123663.0,124465.0,125236.0,126179.0,127078.0,127453.0,127914.0,128301.0,129162.0,130137.0,131024.0,131004.0,130752.0,130963.0,131273.0,131171.0,131247.0,131622.0,132400.0,132322.0,132512.0,132846.0,133177.0,133555.0,133887.0,134476.0,135644.0,137256.0,138490.0,139924.0,140517.0,140903.0,141123.0,141075.0,141135.0,141314.0,141533.0,141751.0,142342.0,142873.0,143880.0,145251.0,146327.0,146933.0,147367.0,147776.0,148000.0,148244.0,148511.0,148861.0,149510.0,150657.0,152576.0,154045.0,154885.0,155446.0,156363.0,157014.0,158066.0,160474.0,161898.0,163040.0,163372.0,163945.0
AT124,3,Waldviertel,2024,TOTAL,TOTAL,NR,244258.0,245450.0,245377.0,245309.0,245359.0,245390.0,245337.0,245599.0,245752.0,244875.0,244152.0,243278.0,243246.0,243410.0,243391.0,241681.0,239552.0,238277.0,237181.0,235343.0,233829.0,232848.0,232399.0,230447.0,228968.0,227736.0,226500.0,225341.0,224102.0,223290.0,223421.0,224256.0,225541.0,227137.0,227357.0,227235.0,226840.0,226014.0,225360.0,224892.0,224485.0,224073.0,223385.0,222866.0,222360.0,222146.0,222076.0,221515.0,221077.0,220787.0,220051.0,219464.0,219354.0,218676.0,218249.0,218129.0,219219.0,219513.0,218161.0,217445.0,216681.0,215867.0,215650.0,216454.0,215838.0,215137.0,215575.0,216331.0
AT125,3,Weinviertel,2024,TOTAL,TOTAL,NR,147593.0,148313.0,147437.0,146554.0,145730.0,144884.0,143977.0,143242.0,142431.0,141012.0,139677.0,138248.0,137643.0,137143.0,136533.0,134972.0,133181.0,131866.0,130650.0,129026.0,127581.0,126428.0,126215.0,125186.0,124413.0,123775.0,123135.0,122537.0,121895.0,121485.0,121589.0,122077.0,122900.0,123895.0,124142.0,124203.0,124116.0,123792.0,123564.0,123438.0,123346.0,123251.0,123320.0,123265.0,123163.0,123368.0,123617.0,123691.0,123781.0,123915.0,123744.0,123520.0,123374.0,123111.0,123141.0,123544.0,124281.0,124939.0,124893.0,124967.0,125210.0,125490.0,126272.0,127564.0,127496.0,127215.0,127474.0,127921.0
AT126,3,Wiener Umland/Nordteil,2024,TOTAL,TOTAL,NR,208086.0,209101.0,209961.0,210838.0,211828.0,212814.0,213740.0,214954.0,216087.0,216325.0,216707.0,216961.0,218705.0,220644.0,222438.0,222692.0,222552.0,223198.0,224013.0,224126.0,224539.0,225466.0,228227.0,229515.0,231264.0,233260.0,235256.0,237335.0,239333.0,241794.0,245308.0,249650.0,253645.0,258042.0,260918.0,263424.0,265629.0,267335.0,269249.0,271395.0,273625.0,275861.0,277948.0,279984.0,283012.0,286609.0,290673.0,294379.0,298120.0,301675.0,303609.0,306061.0,308200.0,310090.0,312952.0,316251.0,320370.0,323987.0,327072.0,330362.0,332957.0,335788.0,338001.0,342995.0,344897.0,346557.0,347263.0,348480.0
AT127,3,Wiener Umland/Südteil,2024,TOTAL,TOTAL,NR,214329.0,215375.0,217706.0,220072.0,222575.0,225094.0,227568.0,230370.0,233108.0,234896.0,236851.0,238677.0,241218.0,243983.0,246593.0,247497.0,247959.0,249298.0,250824.0,251565.0,252639.0,254292.0,256432.0,256919.0,257923.0,259204.0,260484.0,261854.0,263133.0,264922.0,267854.0,271675.0,275217.0,279177.0,281480.0,283377.0,284944.0,285975.0,287227.0,288724.0,290309.0,291894.0,293764.0,296011.0,298833.0,302949.0,306677.0,309899.0,312589.0,315110.0,316948.0,318517.0,320945.0,323384.0,325895.0,329788.0,334682.0,337943.0,339977.0,342102.0,344573.0,346881.0,349159.0,353998.0,355527.0,356675.0,357402.0,358655.0
AT130,3,Wien,2024,TOTAL,TOTAL,NR,1618135.0,1626031.0,1626726.0,1627460.0,1629009.0,1630430.0,1631322.0,1634313.0,1636615.0,1632054.0,1628541.0,1624020.0,1621945.0,1621157.0,1619130.0,1605840.0,1589784.0,1579401.0,1570201.0,1556096.0,1544133.0,1535694.0,1534848.0,1524079.0,1516426.0,1510408.0,1504364.0,1498831.0,1492766.0,1489544.0,1492636.0,1502772.0,1522449.0,1537523.0,1549436.0,1542667.0,1539002.0,1542191.0,1540875.0,1542252.0,1548537.0,1553956.0,1571123.0,1592846.0,1610410.0,1632569.0,1652449.0,1661246.0,1671221.0,1680135.0,1689995.0,1702855.0,1717084.0,1741246.0,1766746.0,1797337.0,1840226.0,1867582.0,1888776.0,1897491.0,1911191.0,1920949.0,1931593.0,1982097.0,2005760.0,2028289.0,2032422.0,2039545.0
AT211,3,Klagenfurt-Villach,2024,TOTAL,TOTAL,NR,219359.0,220430.0,222421.0,224442.0,226599.0,228766.0,230883.0,233326.0,235700.0,237108.0,238682.0,240123.0,242351.0,244515.0,246518.0,246814.0,246673.0,247402.0,248320.0,248459.0,248929.0,249873.0,251452.0,251310.0,251677.0,252315.0,252951.0,253675.0,254312.0,255438.0,257663.0,259363.0,261910.0,265023.0,266172.0,267016.0,267942.0,268185.0,268315.0,268667.0,268939.0,268789.0,269612.0,269590.0,269828.0,271119.0,272384.0,273328.0,274537.0,275475.0,275707.0,276005.0,276915.0,277846.0,279347.0,281395.0,283941.0,285523.0,286579.0,287528.0,288814.0,290424.0,292945.0,296535.0,297728.0,298721.0,299330.0,300379.0
AT212,3,Oberkärnten,2024,TOTAL,TOTAL,NR,116392.0,116960.0,117787.0,118628.0,119537.0,120449.0,121331.0,122382.0,123392.0,123895.0,124482.0,124999.0,125852.0,126670.0,127400.0,127246.0,126869.0,126942.0,127110.0,126879.0,126821.0,127002.0,127593.0,127310.0,127285.0,127398.0,127509.0,127664.0,127774.0,128130.0,129034.0,129674.0,130678.0,131959.0,132258.0,132403.0,132585.0,132430.0,132217.0,132113.0,131970.0,131618.0,131654.0,131153.0,130918.0,130848.0,130287.0,129931.0,129632.0,129117.0,128387.0,127649.0,126936.0,126187.0,125600.0,125338.0,125474.0,124975.0,124389.0,124252.0,123824.0,123463.0,123469.0,124016.0,123773.0,123597.0,123849.0,124283.0
AT213,3,Unterkärnten,2024,TOTAL,TOTAL,NR,156208.0,156970.0,157386.0,157810.0,158317.0,158818.0,159271.0,159935.0,160535.0,160468.0,160506.0,160447.0,161135.0,161772.0,162293.0,161688.0,160800.0,160484.0,160288.0,159590.0,159110.0,158931.0,159320.0,158617.0,158237.0,158027.0,157815.0,157656.0,157442.0,157528.0,158286.0,158715.0,159757.0,161132.0,161305.0,161289.0,161318.0,160934.0,160480.0,160158.0,159787.0,159164.0,158667.0,157880.0,157280.0,156959.0,156606.0,156134.0,155546.0,154870.0,153904.0,153064.0,152176.0,151440.0,150934.0,150908.0,151067.0,150579.0,149930.0,149159.0,148655.0,148202.0,148099.0,148433.0,148243.0,147777.0,148078.0,148597.0
AT221,3,Graz,2024,TOTAL,TOTAL,NR,323458.0,325037.0,327401.0,329803.0,332396.0,334996.0,337516.0,340505.0,343384.0,344850.0,346553.0,348059.0,350035.0,351905.0,353528.0,352698.0,351252.0,351051.0,351113.0,350077.0,349513.0,349614.0,350720.0,349421.0,348836.0,348627.0,348413.0,348320.0,348106.0,348556.0,350499.0,351806.0,353644.0,355997.0,356510.0,356642.0,356586.0,356425.0,356385.0,356312.0,356305.0,356285.0,364679.0,368327.0,372013.0,377444.0,382377.0,386423.0,390138.0,393586.0,396995.0,401229.0,405473.0,410094.0,415657.0,421304.0,429088.0,434969.0,439236.0,443066.0,447142.0,448987.0,453042.0,460887.0,466471.0,469968.0,470926.0,472577.0
AT222,3,Liezen,2024,TOTAL,TOTAL,NR,75590.0,75959.0,76490.0,77030.0,77614.0,78200.0,78766.0,79442.0,80091.0,80411.0,80786.0,81115.0,81593.0,82047.0,82444.0,82269.0,81949.0,81921.0,81954.0,81730.0,81617.0,81658.0,81857.0,81495.0,81300.0,81192.0,81083.0,81002.0,80892.0,80938.0,81328.0,81571.0,81950.0,82448.0,82519.0,82501.0,82440.0,82354.0,82296.0,82229.0,82178.0,82124.0,81873.0,81387.0,81186.0,81166.0,81042.0,80957.0,80541.0,80379.0,79969.0,79620.0,79297.0,79040.0,78893.0,79574.0,79860.0,80011.0,80082.0,79901.0,79652.0,79592.0,79609.0,79831.0,79678.0,79579.0,79741.0,80020.0
AT223,3,Östliche Obersteiermark,2024,TOTAL,TOTAL,NR,198487.0,199456.0,200306.0,201172.0,202147.0,203118.0,204032.0,205222.0,206335.0,206594.0,206990.0,207264.0,207344.0,207347.0,207193.0,205599.0,203650.0,202427.0,201356.0,199656.0,198231.0,197181.0,196298.0,194068.0,192236.0,190611.0,188982.0,187414.0,185778.0,184493.0,183980.0,183117.0,183202.0,183538.0,182914.0,182087.0,181161.0,180176.0,179249.0,178299.0,177379.0,176447.0,174997.0,173680.0,172903.0,171971.0,171415.0,170113.0,168976.0,167991.0,166634.0,165505.0,164468.0,163272.0,162626.0,161767.0,161907.0,160777.0,159888.0,159044.0,158397.0,157205.0,157373.0,158478.0,157257.0,156148.0,156466.0,157014.0
AT224,3,Oststeiermark,2024,TOTAL,TOTAL,NR,239542.0,240711.0,241955.0,243220.0,244621.0,246019.0,247352.0,249021.0,250602.0,251147.0,251860.0,252427.0,254067.0,255633.0,257022.0,256630.0,255785.0,255848.0,256104.0,255556.0,255355.0,255637.0,256465.0,255538.0,255130.0,254998.0,254862.0,254815.0,254679.0,255031.0,256472.0,257451.0,259485.0,261908.0,262987.0,263788.0,264456.0,265049.0,265736.0,266401.0,267120.0,267833.0,267753.0,267845.0,268057.0,268251.0,268382.0,268212.0,268060.0,267583.0,267150.0,266831.0,266662.0,266394.0,266450.0,264950.0,265794.0,266343.0,266518.0,266912.0,266971.0,265376.0,266130.0,267680.0,267565.0,267391.0,267936.0,268875.0
AT225,3,West- und Südsteiermark,2024,TOTAL,TOTAL,NR,180906.0,181789.0,182438.0,183100.0,183859.0,184613.0,185314.0,186263.0,187141.0,187242.0,187466.0,187580.0,188546.0,189453.0,190227.0,189681.0,188802.0,188594.0,188528.0,187872.0,187470.0,187424.0,187853.0,186996.0,186519.0,186244.0,185966.0,185753.0,185473.0,185549.0,186416.0,186944.0,188004.0,189338.0,189695.0,189849.0,189904.0,189904.0,189969.0,190016.0,190099.0,190176.0,190038.0,190046.0,190395.0,190722.0,190872.0,190658.0,190560.0,190506.0,190325.0,190155.0,190020.0,189889.0,189839.0,192555.0,193823.0,194192.0,194100.0,194466.0,194992.0,197112.0,198271.0,199351.0,200188.0,200216.0,200624.0,201327.0
AT226,3,Westliche Obersteiermark,2024,TOTAL,TOTAL,NR,112792.0,113342.0,113692.0,114050.0,114467.0,114881.0,115261.0,115794.0,116283.0,116288.0,116369.0,116381.0,116874.0,117328.0,117699.0,117254.0,116603.0,116366.0,116218.0,115705.0,115350.0,115213.0,115069.0,114136.0,113437.0,112859.0,112280.0,111738.0,111156.0,110786.0,110883.0,110774.0,111100.0,111584.0,111487.0,111269.0,110991.0,110679.0,110404.0,110117.0,109849.0,109576.0,108777.0,108030.0,107614.0,107226.0,106766.0,106120.0,105426.0,104750.0,103972.0,103271.0,102776.0,102282.0,101781.0,101420.0,101540.0,101006.0,100390.0,99663.0,99241.0,98805.0,98497.0,98971.0,98642.0,98414.0,98615.0,98961.0
AT311,3,Innviertel,2024,TOTAL,TOTAL,NR,229298.0,230417.0,232124.0,233857.0,235727.0,237602.0,239420.0,241572.0,243646.0,244718.0,245958.0,247059.0,248923.0,250716.0,252339.0,252213.0,251643.0,251963.0,252474.0,252193.0,252252.0,252789.0,253912.0,253297.0,253196.0,253367.0,253536.0,253792.0,253960.0,254615.0,256360.0,258975.0,262654.0,265863.0,267747.0,268646.0,269018.0,269320.0,269520.0,269973.0,270665.0,271287.0,272316.0,272695.0,273030.0,273848.0,274272.0,274406.0,274784.0,275370.0,275043.0,275045.0,275410.0,276102.0,276781.0,278909.0,281728.0,284192.0,286047.0,287640.0,289509.0,290917.0,293141.0,296756.0,298577.0,299331.0,299941.0,300992.0
AT312,3,Linz-Wels,2024,TOTAL,TOTAL,NR,415496.0,417524.0,422306.0,427158.0,432280.0,437435.0,442508.0,448221.0,453816.0,457562.0,461635.0,465459.0,470102.0,474626.0,478839.0,479740.0,479786.0,481530.0,483635.0,484223.0,485460.0,487616.0,490641.0,490308.0,490966.0,492155.0,493337.0,494692.0,495872.0,498008.0,502284.0,508277.0,514592.0,519965.0,522729.0,523562.0,523365.0,523030.0,522497.0,522455.0,522873.0,523150.0,524856.0,528745.0,532296.0,536527.0,540016.0,542746.0,544613.0,546609.0,548003.0,549314.0,552172.0,555811.0,560587.0,567637.0,575644.0,581728.0,587029.0,591781.0,595637.0,598030.0,601998.0,609580.0,613698.0,617181.0,618439.0,620607.0
AT313,3,Mühlviertel,2024,TOTAL,TOTAL,NR,163045.0,163841.0,164927.0,166030.0,167229.0,168429.0,169588.0,170981.0,172317.0,172943.0,173687.0,174332.0,175994.0,177610.0,179110.0,179370.0,179311.0,179886.0,180597.0,180741.0,181127.0,181857.0,182853.0,182598.0,182713.0,183024.0,183334.0,183707.0,184016.0,184678.0,186134.0,188223.0,191289.0,194022.0,195795.0,196851.0,197523.0,198144.0,198690.0,199422.0,200333.0,201193.0,202144.0,202397.0,202588.0,203425.0,203743.0,203964.0,204092.0,204230.0,204071.0,203954.0,204184.0,204242.0,204708.0,205212.0,207282.0,208083.0,208483.0,209304.0,210133.0,210515.0,211657.0,213934.0,214741.0,215016.0,215454.0,216209.0
AT314,3,Steyr-Kirchdorf,2024,TOTAL,TOTAL,NR,133075.0,133724.0,134531.0,135352.0,136250.0,137147.0,138010.0,139063.0,140067.0,140494.0,141016.0,141457.0,142192.0,142883.0,143474.0,143069.0,142414.0,142264.0,142221.0,141733.0,141437.0,141409.0,141876.0,141370.0,141153.0,141088.0,141020.0,141002.0,140934.0,141136.0,141941.0,143225.0,145442.0,147404.0,148633.0,149318.0,149711.0,150065.0,150362.0,150800.0,151373.0,151907.0,152423.0,152312.0,152591.0,153023.0,153296.0,153329.0,153019.0,152964.0,152817.0,152607.0,152314.0,152147.0,152309.0,152997.0,154263.0,154978.0,155445.0,155486.0,155844.0,156051.0,156593.0,158099.0,158566.0,158848.0,159172.0,159730.0
AT315,3,Traunviertel,2024,TOTAL,TOTAL,NR,183665.0,184561.0,185927.0,187315.0,188811.0,190312.0,191768.0,193490.0,195150.0,196008.0,197000.0,197881.0,199555.0,201175.0,202661.0,202743.0,202466.0,202905.0,203498.0,203452.0,203680.0,204294.0,205525.0,205348.0,205588.0,206049.0,206508.0,207038.0,207497.0,208354.0,210107.0,212577.0,215881.0,218805.0,220644.0,221674.0,222271.0,222809.0,223263.0,223928.0,224791.0,225597.0,226063.0,226383.0,226983.0,227903.0,228960.0,229218.0,229254.0,229446.0,229319.0,229302.0,229786.0,230196.0,231037.0,232496.0,235031.0,236064.0,236572.0,237884.0,239156.0,240095.0,241751.0,244456.0,244767.0,245143.0,245643.0,246504.0
AT321,3,Lungau,2024,TOTAL,TOTAL,NR,17399.0,17484.0,17643.0,17804.0,17976.0,18149.0,18318.0,18513.0,18702.0,18815.0,18941.0,19056.0,19257.0,19453.0,19636.0,19683.0,19696.0,19778.0,19874.0,19909.0,19970.0,20069.0,20156.0,20105.0,20096.0,20108.0,20119.0,20138.0,20150.0,20201.0,20338.0,20602.0,20880.0,21229.0,21382.0,21431.0,21431.0,21437.0,21408.0,21351.0,21351.0,21366.0,21313.0,21177.0,21156.0,21179.0,21078.0,21056.0,21017.0,20889.0,20919.0,20827.0,20751.0,20668.0,20450.0,20458.0,20547.0,20426.0,20344.0,20320.0,20251.0,20118.0,20159.0,20437.0,20483.0,20460.0,20502.0,20574.0
AT322,3,Pinzgau-Pongau,2024,TOTAL,TOTAL,NR,114328.0,114886.0,116325.0,117784.0,119319.0,120865.0,122390.0,124094.0,125767.0,126929.0,128182.0,129367.0,130990.0,132584.0,134095.0,134680.0,135023.0,135842.0,136763.0,137255.0,137930.0,138866.0,140087.0,140350.0,140897.0,141595.0,142292.0,143040.0,143738.0,144714.0,146316.0,148841.0,151577.0,154851.0,156721.0,157828.0,158577.0,159371.0,159909.0,160230.0,160977.0,161842.0,161909.0,161948.0,162433.0,162841.0,163271.0,162962.0,162787.0,162471.0,162245.0,162391.0,162816.0,163125.0,163578.0,164390.0,166024.0,166795.0,167438.0,168035.0,168822.0,169560.0,170352.0,172190.0,173325.0,173404.0,173757.0,174366.0
AT323,3,Salzburg und Umgebung,2024,TOTAL,TOTAL,NR,213123.0,214163.0,218108.0,222108.0,226268.0,230464.0,234636.0,239169.0,243661.0,247176.0,250878.0,254455.0,258524.0,262547.0,266415.0,268444.0,269987.0,272479.0,275180.0,277012.0,279211.0,281938.0,285316.0,286743.0,288744.0,291056.0,293367.0,295781.0,298094.0,300984.0,305181.0,311323.0,316376.0,322531.0,325745.0,327367.0,328245.0,329215.0,329656.0,329652.0,330526.0,331643.0,333828.0,333959.0,336102.0,338349.0,340571.0,342030.0,342140.0,343339.0,343566.0,344668.0,346137.0,348105.0,350242.0,353727.0,359244.0,362042.0,364797.0,366866.0,369337.0,371032.0,372095.0,375719.0,377671.0,378982.0,379754.0,381085.0
AT331,3,Außerfern,2024,TOTAL,TOTAL,NR,22324.0,22433.0,22778.0,23127.0,23492.0,23860.0,24225.0,24626.0,25021.0,25316.0,25630.0,25930.0,26204.0,26471.0,26722.0,26787.0,26805.0,26917.0,27050.0,27097.0,27181.0,27317.0,27536.0,27566.0,27652.0,27768.0,27883.0,28008.0,28124.0,28294.0,28585.0,28815.0,29248.0,29642.0,29964.0,30198.0,30408.0,30657.0,30852.0,31050.0,31256.0,31492.0,31578.0,31719.0,31717.0,31795.0,31766.0,31778.0,31837.0,31761.0,31676.0,31607.0,31654.0,31647.0,31672.0,31691.0,32036.0,32399.0,32532.0,32670.0,32838.0,33054.0,33284.0,33607.0,33859.0,33946.0,34015.0,34134.0
AT332,3,Innsbruck,2024,TOTAL,TOTAL,NR,185484.0,186389.0,189911.0,193482.0,197192.0,200936.0,204661.0,208701.0,212706.0,215860.0,219177.0,222386.0,225484.0,228536.0,231447.0,232759.0,233654.0,235372.0,237266.0,238417.0,239882.0,241801.0,243878.0,244290.0,245192.0,246358.0,247522.0,248773.0,249937.0,251584.0,254317.0,256500.0,259033.0,261192.0,262691.0,263417.0,263927.0,264767.0,265138.0,265519.0,265974.0,266680.0,268356.0,269409.0,271231.0,273919.0,276604.0,278503.0,279509.0,281024.0,282833.0,284514.0,286877.0,290412.0,294259.0,299006.0,305226.0,308290.0,310297.0,311428.0,312414.0,312757.0,313503.0,316099.0,318309.0,319242.0,319893.0,321014.0
AT333,3,Osttirol,2024,TOTAL,TOTAL,NR,40813.0,41012.0,41455.0,41905.0,42380.0,42859.0,43329.0,43862.0,44382.0,44722.0,45093.0,45440.0,45875.0,46298.0,46691.0,46761.0,46748.0,46899.0,47087.0,47126.0,47229.0,47421.0,47590.0,47432.0,47371.0,47360.0,47349.0,47354.0,47342.0,47420.0,47701.0,47876.0,48410.0,48874.0,49217.0,49415.0,49572.0,49792.0,49925.0,50059.0,50207.0,50403.0,50365.0,50202.0,50199.0,50326.0,50430.0,50468.0,50209.0,49881.0,49662.0,49453.0,49329.0,49071.0,48990.0,48896.0,49026.0,48879.0,48833.0,48753.0,48738.0,48814.0,48818.0,48854.0,48841.0,49011.0,49111.0,49283.0
AT334,3,Tiroler Oberland,2024,TOTAL,TOTAL,NR,63790.0,64101.0,65037.0,65987.0,66980.0,67982.0,68973.0,70067.0,71146.0,71937.0,72780.0,73586.0,74578.0,75555.0,76485.0,76887.0,77150.0,77685.0,78279.0,78627.0,79080.0,79682.0,80512.0,80791.0,81233.0,81763.0,82292.0,82850.0,83380.0,84071.0,85127.0,86000.0,87473.0,88832.0,89975.0,90858.0,91670.0,92600.0,93369.0,94144.0,94946.0,95841.0,96802.0,97750.0,98720.0,99017.0,99863.0,99644.0,100384.0,100762.0,100795.0,101091.0,101428.0,101074.0,101177.0,101547.0,102419.0,103190.0,103949.0,104418.0,104860.0,105268.0,106037.0,107373.0,107727.0,107718.0,107938.0,108316.0
AT335,3,Tiroler Unterland,2024,TOTAL,TOTAL,NR,147042.0,147760.0,150329.0,152934.0,155647.0,158383.0,161102.0,164065.0,166998.0,169260.0,171649.0,173952.0,176336.0,178684.0,180922.0,181911.0,182572.0,183876.0,185320.0,186180.0,187288.0,188751.0,190836.0,191616.0,192781.0,194154.0,195527.0,196968.0,198343.0,200102.0,202729.0,204923.0,208307.0,211416.0,214011.0,215987.0,217792.0,219878.0,221580.0,223295.0,225076.0,227076.0,228600.0,230377.0,231772.0,233897.0,235590.0,236860.0,237649.0,239074.0,239696.0,240852.0,242293.0,243684.0,245940.0,247686.0,250432.0,253395.0,255529.0,257436.0,258784.0,260212.0,262460.0,265371.0,267234.0,267743.0,268289.0,269229.0
AT341,3,Bludenz-Bregenzer Wald,2024,TOTAL,TOTAL,NR,62340.0,62644.0,63446.0,64259.0,65114.0,65974.0,66824.0,67772.0,68702.0,69354.0,70056.0,70721.0,71616.0,72495.0,73328.0,73655.0,73850.0,74305.0,74817.0,75093.0,75469.0,75988.0,76684.0,76856.0,77182.0,77592.0,78001.0,78437.0,78847.0,79409.0,80314.0,81599.0,82872.0,83639.0,84056.0,84499.0,84751.0,85030.0,85306.0,85672.0,86099.0,86510.0,87154.0,87370.0,87830.0,88406.0,88763.0,88728.0,88331.0,88332.0,88239.0,87874.0,87863.0,87792.0,87974.0,88571.0,89934.0,90847.0,91399.0,91889.0,92362.0,92656.0,93293.0,94304.0,95016.0,95029.0,95223.0,95557.0
AT342,3,Rheintal-Bodenseegebiet,2024,TOTAL,TOTAL,NR,161912.0,162702.0,166752.0,170857.0,175097.0,179380.0,183658.0,188232.0,192789.0,196584.0,200534.0,204391.0,207822.0,211218.0,214493.0,216286.0,217688.0,219853.0,222186.0,223819.0,225747.0,228103.0,230465.0,231250.0,232500.0,234001.0,235500.0,237082.0,238583.0,240545.0,243549.0,247711.0,251671.0,254099.0,255465.0,256909.0,257774.0,258719.0,259657.0,260870.0,262267.0,263619.0,265420.0,267235.0,269238.0,271648.0,273867.0,275541.0,277247.0,278724.0,280127.0,281426.0,283063.0,284811.0,287308.0,290021.0,294213.0,297905.0,300342.0,302408.0,304777.0,306581.0,308381.0,312091.0,314957.0,316755.0,317400.0,318512.0
BE100,3,Arr. de Bruxelles-Capitale / Arr. van Brussel-Hoofdstad,2024,TOTAL,TOTAL,NR,1016114.0,1021605.0,1022982.0,1029935.0,1038559.0,1049782.0,1057792.0,1064246.0,1069812.0,1072834.0,1076074.0,1075136.0,1070419.0,1064193.0,1057720.0,1051392.0,1044282.0,1035569.0,1027246.0,1017875.0,1009441.0,1000452.0,994590.0,989968.0,984504.0,980004.0,975151.0,970762.0,966865.0,966944.0,964385.0,955716.0,951217.0,950339.0,949038.0,951546.0,948087.0,950597.0,953175.0,954460.0,959318.0,964405.0,978384.0,992041.0,999899.0,1006749.0,1018804.0,1031215.0,1048491.0,1068532.0,1089538.0,1136778.0,1151317.0,1165208.0,1172751.0,1184101.0,1201285.0,1199095.0,1205492.0,1215289.0,1223364.0,1226329.0,1228655.0,1253178.0,1264371.0,1271709.0,1279394.0,1283518.0
BE211,3,Arr. Antwerpen,2024,TOTAL,TOTAL,NR,864902.0,869576.0,870977.0,877128.0,884710.0,894503.0,901566.0,907305.0,912296.0,915113.0,918115.0,917559.0,920011.0,921218.0,922251.0,923453.0,924008.0,923168.0,922695.0,921293.0,920751.0,919719.0,918417.0,918253.0,917304.0,917258.0,916884.0,916946.0,917481.0,921816.0,922998.0,926870.0,928080.0,932269.0,933803.0,933386.0,932989.0,933245.0,931718.0,931369.0,932103.0,931567.0,935381.0,940681.0,944921.0,948858.0,954680.0,961131.0,969563.0,977612.0,985332.0,1005002.0,1014016.0,1020901.0,1024987.0,1030055.0,1036031.0,1041811.0,1047030.0,1053033.0,1059946.0,1062427.0,1067117.0,1081771.0,1091855.0,1101687.0,1108345.0,1111918.0
BE212,3,Arr. Mechelen,2024,TOTAL,TOTAL,NR,273755.0,275234.0,275420.0,277105.0,279239.0,282065.0,284026.0,285567.0,286869.0,287485.0,288158.0,287713.0,288915.0,289730.0,290493.0,291312.0,291929.0,292107.0,292403.0,292405.0,292680.0,292801.0,292491.0,292544.0,292347.0,292437.0,292423.0,292548.0,292824.0,294314.0,294798.0,296141.0,297168.0,298377.0,299299.0,300692.0,301060.0,302361.0,303856.0,305156.0,305670.0,306413.0,307433.0,308665.0,309865.0,311472.0,314243.0,316224.0,319107.0,321788.0,324311.0,327928.0,329885.0,331806.0,333592.0,335794.0,337680.0,340671.0,343101.0,344980.0,347576.0,348999.0,351562.0,357030.0,360257.0,362480.0,364669.0,365845.0
BE213,3,Arr. Turnhout,2024,TOTAL,TOTAL,NR,295060.0,296654.0,299008.0,303008.0,307530.0,312858.0,317265.0,321232.0,324956.0,327921.0,330964.0,332728.0,336185.0,339207.0,342181.0,345235.0,348062.0,350372.0,352828.0,354934.0,357376.0,359634.0,361173.0,363159.0,364833.0,366867.0,368770.0,370849.0,373124.0,376956.0,379514.0,383191.0,385447.0,388967.0,391925.0,394589.0,397142.0,400034.0,402283.0,404441.0,406199.0,407672.0,409636.0,411773.0,414026.0,416528.0,419570.0,423215.0,427037.0,431774.0,435219.0,440337.0,443589.0,445898.0,448055.0,451184.0,455216.0,456381.0,459392.0,462457.0,465573.0,467892.0,471948.0,477120.0,480764.0,483806.0,486730.0,488299.0
BE223,3,Arr. Tongeren,2024,TOTAL,TOTAL,NR,149382.0,150189.0,151183.0,153007.0,155091.0,157578.0,159598.0,161395.0,163066.0,164356.0,165683.0,166369.0,167779.0,168969.0,170133.0,171335.0,172422.0,173252.0,174154.0,174883.0,175776.0,176578.0,176753.0,177146.0,177388.0,177805.0,178158.0,178596.0,179127.0,180403.0,181134.0,182256.0,183415.0,184503.0,185593.0,186494.0,187167.0,188039.0,188614.0,189199.0,189464.0,190051.0,190720.0,191266.0,191672.0,192168.0,193023.0,194183.0,195330.0,196292.0,197400.0,199377.0,200217.0,200645.0,200958.0,201379.0,202034.0,202722.0,203694.0,204289.0,205335.0,205913.0,207436.0,209283.0,210610.0,211654.0,212933.0,213619.0
BE224,3,Arr. Hasselt,2024,TOTAL,TOTAL,NR,268993.0,270447.0,273600.0,278266.0,283427.0,289349.0,294438.0,299133.0,303612.0,307391.0,311247.0,313903.0,317778.0,321248.0,324676.0,328183.0,331477.0,334282.0,337228.0,339840.0,342775.0,345535.0,345998.0,346888.0,347483.0,348419.0,349231.0,350209.0,351369.0,353991.0,355546.0,357869.0,359600.0,362090.0,364211.0,365974.0,367163.0,368768.0,370312.0,371836.0,373850.0,375303.0,377055.0,379165.0,380882.0,383035.0,385425.0,388337.0,392117.0,395545.0,398317.0,401528.0,405423.0,407545.0,409105.0,411309.0,414384.0,415812.0,417361.0,419257.0,421700.0,423545.0,425762.0,430313.0,433275.0,436040.0,438675.0,440089.0
BE225,3,Arr. Maaseik,2024,TOTAL,TOTAL,NR,143962.0,144740.0,146835.0,149745.0,152927.0,156528.0,159685.0,162634.0,165470.0,167927.0,170430.0,172275.0,174934.0,177373.0,179793.0,182259.0,184611.0,186692.0,188853.0,190828.0,192985.0,195045.0,196149.0,197496.0,198673.0,200046.0,201348.0,202746.0,204251.0,206611.0,208354.0,210553.0,212578.0,214972.0,217023.0,219142.0,220972.0,223162.0,225001.0,226456.0,227864.0,229431.0,230808.0,232097.0,233232.0,234739.0,236210.0,237752.0,239273.0,241323.0,242788.0,244297.0,245918.0,247023.0,247781.0,248692.0,250552.0,251130.0,251684.0,252296.0,253567.0,253770.0,255715.0,259023.0,260426.0,261761.0,263343.0,264192.0
BE231,3,Arr. Aalst,2024,TOTAL,TOTAL,NR,253965.0,255337.0,255217.0,256484.0,258161.0,260474.0,261982.0,263098.0,263990.0,264249.0,264559.0,263842.0,264402.0,264603.0,264753.0,264951.0,264962.0,264573.0,264288.0,263737.0,263432.0,262987.0,262021.0,261380.0,260516.0,259908.0,259207.0,258629.0,258183.0,258803.0,258416.0,259014.0,259244.0,259697.0,260198.0,260547.0,260877.0,261378.0,261792.0,262043.0,262294.0,262337.0,262193.0,262542.0,262945.0,263914.0,265665.0,267274.0,269489.0,271466.0,273544.0,276973.0,279054.0,280845.0,282457.0,283885.0,285328.0,287018.0,289279.0,291351.0,293832.0,296259.0,298743.0,302438.0,305220.0,307873.0,309734.0,310732.0
BE232,3,Arr. Dendermonde,2024,TOTAL,TOTAL,NR,169037.0,169950.0,169862.0,170698.0,171806.0,173338.0,174333.0,175067.0,175653.0,175817.0,176015.0,175530.0,176484.0,177203.0,177891.0,178615.0,179217.0,179550.0,179956.0,180181.0,180575.0,180875.0,180675.0,180699.0,180569.0,180616.0,180599.0,180667.0,180829.0,181740.0,181948.0,182851.0,183280.0,184009.0,184191.0,184699.0,185090.0,185703.0,186276.0,186284.0,186484.0,186553.0,186988.0,186991.0,187328.0,187783.0,188882.0,189638.0,190338.0,191527.0,192521.0,194310.0,195642.0,196241.0,197260.0,197945.0,198841.0,199772.0,200423.0,201299.0,202502.0,203110.0,204378.0,206414.0,207736.0,208652.0,209913.0,210590.0
BE233,3,Arr. Eeklo,2024,TOTAL,TOTAL,NR,75055.0,75461.0,75481.0,75912.0,76466.0,77208.0,77713.0,78103.0,78427.0,78563.0,78715.0,78561.0,78899.0,79132.0,79351.0,79585.0,79764.0,79823.0,79914.0,79925.0,80011.0,80054.0,79778.0,79602.0,79357.0,79191.0,78996.0,78838.0,78721.0,78929.0,78830.0,79032.0,78916.0,79127.0,79309.0,79429.0,79474.0,79451.0,79584.0,79463.0,79484.0,79428.0,79357.0,79374.0,79464.0,79671.0,80262.0,80547.0,80864.0,81422.0,81921.0,82741.0,83134.0,83259.0,83372.0,83755.0,83862.0,84308.0,84732.0,85378.0,85868.0,86756.0,87576.0,88926.0,89594.0,89887.0,90430.0,90722.0
BE234,3,Arr. Gent,2024,TOTAL,TOTAL,NR,463684.0,466190.0,465726.0,467792.0,470603.0,474567.0,477059.0,478835.0,480201.0,480413.0,480716.0,479152.0,481028.0,482259.0,483402.0,484637.0,485536.0,485705.0,486068.0,485943.0,486272.0,486344.0,485417.0,485092.0,484352.0,484089.0,483653.0,483446.0,483489.0,485533.0,485694.0,487710.0,488763.0,489883.0,490283.0,490790.0,491741.0,492517.0,493329.0,494440.0,495368.0,496608.0,498631.0,500794.0,502492.0,505267.0,508996.0,512407.0,516609.0,521796.0,527248.0,534419.0,536794.0,538778.0,542030.0,545427.0,550863.0,554633.0,557050.0,560691.0,563982.0,565571.0,569089.0,575067.0,578667.0,583606.0,587133.0,589026.0
BE235,3,Arr. Oudenaarde,2024,TOTAL,TOTAL,NR,114861.0,115482.0,114905.0,114949.0,115169.0,115663.0,115789.0,115734.0,115575.0,115135.0,114713.0,113845.0,114014.0,114027.0,114018.0,114029.0,113959.0,113716.0,113519.0,113207.0,113000.0,112733.0,112464.0,112334.0,112108.0,111993.0,111837.0,111735.0,111690.0,112106.0,112088.0,112498.0,112772.0,113089.0,113496.0,113707.0,113646.0,113811.0,113912.0,114135.0,114345.0,114390.0,114433.0,114609.0,114801.0,115379.0,116098.0,117125.0,118101.0,119140.0,119995.0,120700.0,121395.0,121865.0,122221.0,122732.0,123141.0,123415.0,123923.0,124402.0,124661.0,125095.0,126000.0,127476.0,128271.0,128922.0,129701.0,130119.0
BE236,3,Arr. Sint-Niklaas,2024,TOTAL,TOTAL,NR,190480.0,191509.0,191542.0,192618.0,194004.0,195869.0,197131.0,198100.0,198903.0,199229.0,199594.0,199185.0,200767.0,202086.0,203373.0,204704.0,205897.0,206784.0,207756.0,208520.0,209481.0,210333.0,210437.0,210801.0,210985.0,211377.0,211693.0,212110.0,212638.0,214048.0,214632.0,216039.0,217081.0,218458.0,219284.0,220210.0,220913.0,221877.0,222683.0,223337.0,223648.0,224356.0,225050.0,225826.0,226690.0,228058.0,229547.0,231262.0,233083.0,235064.0,237097.0,239785.0,241409.0,242626.0,243786.0,245305.0,247049.0,249337.0,250825.0,253163.0,255641.0,257085.0,259683.0,263025.0,265519.0,267496.0,269112.0,269979.0
BE241,3,Arr. Halle-Vilvoorde,2024,TOTAL,TOTAL,NR,405749.0,407942.0,412559.0,419456.0,427098.0,435883.0,443411.0,450344.0,456951.0,462501.0,468169.0,472030.0,477737.0,482833.0,487866.0,493016.0,497848.0,501943.0,506250.0,510055.0,514345.0,518371.0,519187.0,520646.0,521659.0,523185.0,524525.0,526115.0,527979.0,532040.0,533889.0,538111.0,541131.0,543831.0,546567.0,549163.0,550506.0,552505.0,554110.0,556321.0,558220.0,560138.0,563370.0,565759.0,568791.0,572697.0,576008.0,580407.0,584416.0,588743.0,593455.0,600350.0,605055.0,609754.0,613421.0,618154.0,623252.0,628001.0,632717.0,638030.0,644543.0,649912.0,656399.0,664977.0,670409.0,674772.0,678850.0,681038.0
BE242,3,Arr. Leuven,2024,TOTAL,TOTAL,NR,359982.0,361927.0,363230.0,366520.0,370418.0,375257.0,378963.0,382123.0,384976.0,386918.0,388942.0,389460.0,392927.0,395883.0,398778.0,401762.0,404479.0,406594.0,408877.0,410753.0,413016.0,415066.0,415929.0,417307.0,418328.0,419760.0,421043.0,422526.0,424231.0,427701.0,429394.0,432998.0,435825.0,439112.0,442685.0,446101.0,448679.0,452187.0,453772.0,455267.0,456484.0,458265.0,459451.0,462080.0,463113.0,465089.0,468125.0,472060.0,475816.0,480095.0,483469.0,488342.0,491229.0,493153.0,494987.0,496436.0,499348.0,502643.0,505829.0,508613.0,511927.0,513274.0,517557.0,523102.0,527282.0,530971.0,534180.0,535902.0
BE251,3,Arr. Brugge,2024,TOTAL,TOTAL,NR,218823.0,220006.0,221281.0,223770.0,226638.0,230090.0,232857.0,235295.0,237549.0,239245.0,240995.0,241813.0,243649.0,245166.0,246643.0,248173.0,249537.0,250527.0,251621.0,252464.0,253544.0,254492.0,254895.0,255614.0,256114.0,256866.0,257526.0,258309.0,259227.0,261223.0,262668.0,264209.0,265130.0,266440.0,267172.0,267590.0,268021.0,268514.0,269158.0,270096.0,270866.0,271437.0,272011.0,272305.0,272987.0,273613.0,274435.0,274772.0,275599.0,275974.0,276313.0,277889.0,279081.0,280121.0,279956.0,280535.0,280713.0,281564.0,282020.0,282520.0,283079.0,283590.0,283997.0,286273.0,287333.0,288078.0,289819.0,290753.0
BE252,3,Arr. Diksmuide,2024,TOTAL,TOTAL,NR,49692.0,49962.0,49707.0,49720.0,49809.0,50016.0,50064.0,50034.0,49959.0,49762.0,49573.0,49191.0,49174.0,49089.0,48993.0,48906.0,48784.0,48587.0,48409.0,48183.0,48001.0,47793.0,47647.0,47559.0,47431.0,47350.0,47252.0,47176.0,47124.0,47267.0,47309.0,47366.0,47442.0,47596.0,47704.0,47752.0,47669.0,47708.0,47841.0,48058.0,47992.0,48082.0,48036.0,48037.0,48109.0,48259.0,48357.0,48570.0,49012.0,49352.0,49675.0,50029.0,50330.0,50636.0,50755.0,50885.0,51079.0,51293.0,51449.0,51560.0,51724.0,51800.0,51992.0,52481.0,52562.0,52740.0,53059.0,53230.0
BE253,3,Arr. Ieper,2024,TOTAL,TOTAL,NR,104623.0,105188.0,104807.0,104994.0,105343.0,105945.0,106214.0,106319.0,106330.0,106083.0,105854.0,105214.0,105362.0,105367.0,105350.0,105353.0,105280.0,105048.0,104858.0,104562.0,104363.0,104108.0,103887.0,103795.0,103615.0,103536.0,103421.0,103354.0,103341.0,103755.0,103947.0,104175.0,104042.0,104287.0,104331.0,104372.0,104342.0,104389.0,104237.0,104357.0,104278.0,104320.0,104168.0,104168.0,104030.0,104272.0,104506.0,104798.0,105144.0,105508.0,105828.0,106449.0,106736.0,106545.0,106460.0,106506.0,106582.0,106556.0,106511.0,106551.0,106928.0,106751.0,107320.0,108132.0,108483.0,109063.0,109722.0,110076.0
BE254,3,Arr. Kortrijk,2024,TOTAL,TOTAL,NR,244392.0,245713.0,246544.0,248723.0,251314.0,254542.0,257001.0,259088.0,260967.0,262228.0,263544.0,263840.0,265286.0,266378.0,267425.0,268526.0,269443.0,269955.0,270577.0,270928.0,271533.0,271996.0,271860.0,272060.0,272028.0,272264.0,272402.0,272670.0,273079.0,274621.0,275579.0,276633.0,277373.0,278030.0,278435.0,278596.0,279039.0,278571.0,278552.0,278541.0,278311.0,277786.0,277893.0,277430.0,277126.0,277190.0,277515.0,278160.0,278672.0,280049.0,281112.0,283019.0,283858.0,284475.0,285149.0,285969.0,286983.0,288248.0,289349.0,290930.0,292690.0,293593.0,296179.0,299959.0,302683.0,304883.0,306725.0,307714.0
BE255,3,Arr. Oostende,2024,TOTAL,TOTAL,NR,120041.0,120690.0,121141.0,122255.0,123571.0,125202.0,126455.0,127527.0,128496.0,129161.0,129853.0,130043.0,130593.0,130969.0,131320.0,131698.0,131984.0,132071.0,132212.0,132220.0,132351.0,132413.0,132666.0,133083.0,133386.0,133821.0,134207.0,134658.0,135179.0,136263.0,137059.0,137906.0,138968.0,139936.0,140683.0,141135.0,141153.0,141353.0,141586.0,141756.0,142430.0,142946.0,143899.0,144903.0,145701.0,146496.0,147292.0,148325.0,149287.0,150291.0,150841.0,152571.0,153471.0,153597.0,154278.0,154924.0,155256.0,155982.0,156638.0,157293.0,157925.0,158320.0,158339.0,159568.0,160429.0,161284.0,162259.0,162782.0
BE256,3,Arr. Roeselare,2024,TOTAL,TOTAL,NR,125813.0,126493.0,126716.0,127629.0,128752.0,130196.0,131243.0,132098.0,132845.0,133274.0,133731.0,133670.0,134347.0,134845.0,135319.0,135821.0,136228.0,136432.0,136690.0,136812.0,137061.0,137239.0,137014.0,136959.0,136786.0,136749.0,136662.0,136640.0,136689.0,137304.0,137625.0,137994.0,138405.0,138827.0,139058.0,139289.0,139612.0,139720.0,140113.0,140416.0,140465.0,140684.0,140949.0,141211.0,141306.0,141542.0,142060.0,142776.0,143616.0,144154.0,145024.0,146429.0,147130.0,147934.0,148531.0,149106.0,150052.0,150936.0,151962.0,153394.0,154619.0,155190.0,156426.0,158224.0,159795.0,160971.0,161944.0,162466.0
BE257,3,Arr. Tielt,2024,TOTAL,TOTAL,NR,82505.0,82951.0,82715.0,82927.0,83269.0,83811.0,84092.0,84243.0,84321.0,84194.0,84083.0,83645.0,83969.0,84181.0,84378.0,84590.0,84744.0,84770.0,84830.0,84805.0,84860.0,84869.0,84807.0,84849.0,84820.0,84873.0,84897.0,84960.0,85068.0,85528.0,85807.0,86115.0,86372.0,86620.0,86855.0,87162.0,87412.0,87641.0,87671.0,87731.0,88061.0,88034.0,88085.0,88192.0,88330.0,88527.0,88787.0,89178.0,89584.0,90042.0,90274.0,90947.0,91305.0,91592.0,91864.0,92042.0,92347.0,92546.0,92738.0,93040.0,93595.0,93847.0,94528.0,95314.0,95781.0,96253.0,96835.0,97147.0
BE258,3,Arr. Veurne,2024,TOTAL,TOTAL,NR,45464.0,45710.0,45668.0,45874.0,46153.0,46545.0,46793.0,46970.0,47108.0,47132.0,47165.0,47015.0,47222.0,47366.0,47501.0,47645.0,47757.0,47797.0,47856.0,47867.0,47923.0,47953.0,48360.0,48827.0,49253.0,49726.0,50182.0,50662.0,51169.0,51891.0,52507.0,53143.0,53825.0,54508.0,54847.0,55238.0,55601.0,55890.0,55982.0,56136.0,56371.0,56751.0,57234.0,57685.0,58213.0,58604.0,58914.0,59299.0,59573.0,59920.0,60299.0,60669.0,60884.0,61003.0,60942.0,60990.0,61406.0,61282.0,61587.0,61707.0,61792.0,62010.0,62041.0,62053.0,61918.0,61392.0,61763.0,61962.0
BE310,3,Arr. Nivelles,2024,TOTAL,TOTAL,NR,204872.0,205979.0,207928.0,211024.0,214488.0,218520.0,221915.0,225006.0,227931.0,230325.0,232776.0,234328.0,240423.0,246235.0,252036.0,257918.0,263651.0,269005.0,274481.0,279691.0,285172.0,290514.0,292700.0,295247.0,297541.0,300127.0,302607.0,305232.0,308020.0,312099.0,315358.0,320968.0,325621.0,329614.0,332960.0,336503.0,339058.0,341565.0,344508.0,347423.0,349884.0,352018.0,355207.0,358012.0,360717.0,363776.0,366481.0,370460.0,373492.0,375645.0,379515.0,383648.0,386683.0,389308.0,391609.0,394344.0,397745.0,399735.0,401508.0,404270.0,406794.0,408325.0,410619.0,413959.0,415265.0,416504.0,419021.0,420372.0
BE323,3,Arr. Mons,2024,TOTAL,TOTAL,NR,259154.0,260554.0,259655.0,260161.0,261072.0,262610.0,263321.0,263628.0,263703.0,263138.0,262618.0,261078.0,261391.0,261347.0,261251.0,261200.0,260965.0,260333.0,259805.0,259014.0,258464.0,257776.0,256706.0,255954.0,254984.0,254265.0,253455.0,252764.0,252203.0,252682.0,252193.0,252633.0,253180.0,253408.0,252988.0,252872.0,252136.0,251614.0,250748.0,249850.0,249334.0,249153.0,248818.0,248832.0,249054.0,248986.0,249500.0,249878.0,250431.0,250684.0,251901.0,253751.0,254803.0,256157.0,257481.0,258320.0,258285.0,258721.0,258817.0,259175.0,259406.0,259351.0,260350.0,260958.0,261179.0,262177.0,263761.0,264611.0
BE328,3,Arr. Tournai-Mouscron,2024,TOTAL,TOTAL,NR,215893.0,217060.0,216232.0,216574.0,217252.0,218450.0,218960.0,219131.0,219108.0,218554.0,218037.0,216672.0,217024.0,217081.0,217096.0,217149.0,217048.0,216619.0,216276.0,215714.0,215353.0,214877.0,214144.0,213677.0,213027.0,212587.0,212070.0,211654.0,211347.0,211912.0,211666.0,212202.0,212366.0,212350.0,212344.0,211905.0,211457.0,211383.0,211091.0,210894.0,210606.0,210689.0,210567.0,210505.0,210696.0,211303.0,212135.0,212914.0,214369.0,215621.0,216866.0,218238.0,219900.0,221024.0,221486.0,222142.0,223505.0,223431.0,223981.0,224154.0,225624.0,225286.0,225948.0,226990.0,227739.0,228420.0,229800.0,230541.0
BE329,3,Arr. La Louvière,2024,TOTAL,TOTAL,NR,136992.0,137732.0,137229.0,137469.0,137923.0,138707.0,139054.0,139187.0,139197.0,138869.0,138566.0,137723.0,137876.0,137841.0,137778.0,137740.0,137603.0,137258.0,136967.0,136538.0,136235.0,135860.0,135440.0,135189.0,134822.0,134588.0,134305.0,134086.0,133936.0,134340.0,134229.0,134614.0,134923.0,135449.0,135456.0,135419.0,135037.0,134989.0,134856.0,135011.0,134708.0,134741.0,134883.0,134776.0,134857.0,135096.0,135627.0,136148.0,136608.0,136866.0,137299.0,137788.0,139045.0,139744.0,140422.0,140794.0,141260.0,141354.0,141252.0,141344.0,141841.0,141689.0,141914.0,142599.0,142427.0,142964.0,143828.0,144292.0
BE32A,3,Arr. Ath,2024,TOTAL,TOTAL,NR,112034.0,112639.0,111941.0,111846.0,111920.0,112257.0,112235.0,112036.0,111735.0,111160.0,110602.0,109614.0,109928.0,110093.0,110237.0,110402.0,110489.0,110410.0,110374.0,110228.0,110184.0,110082.0,109799.0,109653.0,109413.0,109280.0,109109.0,108989.0,108925.0,109312.0,109280.0,109653.0,110191.0,110755.0,111184.0,111834.0,112430.0,112876.0,113369.0,113875.0,114597.0,115287.0,116081.0,116628.0,117224.0,117903.0,118830.0,120216.0,121306.0,122037.0,122915.0,124050.0,124681.0,125440.0,126035.0,126539.0,127075.0,127318.0,127534.0,127931.0,128570.0,128732.0,129495.0,130236.0,130561.0,130872.0,131663.0,132087.0
BE32B,3,Arr. Charleroi,2024,TOTAL,TOTAL,NR,428979.0,431297.0,429334.0,429691.0,430709.0,432752.0,433425.0,433425.0,433037.0,431595.0,430224.0,427181.0,426966.0,426164.0,425271.0,424449.0,423320.0,421548.0,419940.0,417906.0,416260.0,414390.0,411615.0,409351.0,406738.0,404526.0,402168.0,400000.0,398035.0,397704.0,395841.0,395432.0,395623.0,395958.0,395894.0,395400.0,393972.0,393316.0,392093.0,389941.0,388719.0,387797.0,387971.0,387828.0,387699.0,388381.0,388717.0,389591.0,389969.0,391110.0,392167.0,393910.0,396152.0,396996.0,396714.0,397022.0,397564.0,396695.0,396981.0,397123.0,397722.0,397002.0,397731.0,399827.0,401194.0,403346.0,405783.0,407091.0
BE32C,3,Arr. Soignies,2024,TOTAL,TOTAL,NR,81187.0,81626.0,81617.0,82053.0,82620.0,83391.0,83905.0,84294.0,84611.0,84726.0,84857.0,84659.0,85180.0,85588.0,85981.0,86392.0,86745.0,86967.0,87225.0,87396.0,87648.0,87855.0,87942.0,88138.0,88258.0,88466.0,88642.0,88860.0,89124.0,89759.0,90052.0,90681.0,91165.0,91849.0,92111.0,92334.0,92588.0,92771.0,92976.0,93089.0,93557.0,94147.0,94644.0,95109.0,95532.0,96179.0,96710.0,97261.0,98120.0,98700.0,98878.0,99766.0,100457.0,100960.0,101028.0,101685.0,102340.0,102974.0,103488.0,104562.0,105268.0,105737.0,106686.0,107691.0,108633.0,109221.0,109881.0,110235.0
BE32D,3,Arr. Thuin,2024,TOTAL,TOTAL,NR,79283.0,79711.0,79450.0,79619.0,79913.0,80398.0,80631.0,80740.0,80779.0,80621.0,80477.0,80021.0,80538.0,80948.0,81345.0,81759.0,82117.0,82353.0,82622.0,82808.0,83072.0,83293.0,83310.0,83429.0,83478.0,83608.0,83709.0,83850.0,84034.0,84567.0,84778.0,85304.0,85804.0,86165.0,86541.0,86885.0,87061.0,87398.0,87650.0,87767.0,87946.0,88009.0,88078.0,88028.0,88138.0,88427.0,88560.0,88836.0,89202.0,89418.0,89854.0,90159.0,90781.0,91134.0,91257.0,91278.0,91238.0,91560.0,91703.0,91793.0,91864.0,92064.0,92543.0,92725.0,92816.0,92741.0,93301.0,93602.0
BE331,3,Arr. Huy,2024,TOTAL,TOTAL,NR,87012.0,87482.0,87010.0,87007.0,87137.0,87473.0,87530.0,87451.0,87292.0,86920.0,86563.0,85868.0,86321.0,86659.0,86981.0,87321.0,87602.0,87750.0,87935.0,88031.0,88210.0,88342.0,88719.0,89205.0,89615.0,90113.0,90579.0,91088.0,91646.0,92585.0,93294.0,94114.0,94729.0,95576.0,96246.0,96821.0,97022.0,97634.0,98417.0,99245.0,100020.0,100543.0,101224.0,102135.0,102709.0,103565.0,103972.0,104756.0,105770.0,106793.0,107832.0,109199.0,109959.0,110895.0,111522.0,112015.0,112674.0,112976.0,113165.0,113528.0,114036.0,114476.0,115082.0,115896.0,116043.0,116478.0,117182.0,117560.0
BE332,3,Arr. Liège,2024,TOTAL,TOTAL,NR,602675.0,605932.0,604896.0,607142.0,610348.0,615041.0,617820.0,619664.0,620973.0,620785.0,620712.0,618229.0,618575.0,618074.0,617447.0,616926.0,615965.0,614068.0,612413.0,610138.0,608431.0,606397.0,603414.0,601180.0,598433.0,596276.0,593904.0,591812.0,590023.0,590665.0,589787.0,589581.0,591977.0,594091.0,594697.0,592598.0,589887.0,588946.0,588312.0,587214.0,585678.0,584398.0,585726.0,585444.0,587033.0,588287.0,590972.0,594579.0,597478.0,600269.0,604062.0,612363.0,615592.0,618934.0,620167.0,621764.0,623887.0,625131.0,626222.0,626627.0,628363.0,627304.0,628067.0,630743.0,633801.0,637220.0,641071.0,643137.0
BE334,3,Arr. Waremme,2024,TOTAL,TOTAL,NR,60058.0,60383.0,60070.0,60080.0,60183.0,60428.0,60481.0,60440.0,60344.0,60101.0,59867.0,59401.0,59693.0,59906.0,60107.0,60321.0,60494.0,60575.0,60681.0,60726.0,60828.0,60898.0,61008.0,61193.0,61325.0,61518.0,61690.0,61890.0,62123.0,62614.0,62948.0,63356.0,63760.0,64360.0,64746.0,65231.0,65774.0,66224.0,66827.0,67631.0,68198.0,68767.0,69380.0,69759.0,70497.0,71350.0,72267.0,73106.0,73905.0,74831.0,75588.0,76684.0,77396.0,78122.0,78477.0,78955.0,79569.0,80330.0,80969.0,81498.0,82005.0,82393.0,83088.0,83938.0,84193.0,84223.0,84732.0,85005.0
BE335,3,Arr. Verviers - communes francophones,2024,TOTAL,TOTAL,NR,175122.0,176068.0,175541.0,175965.0,176664.0,177788.0,178355.0,178649.0,178786.0,178491.0,178227.0,177270.0,178032.0,178555.0,179047.0,179573.0,179975.0,180106.0,180310.0,180332.0,180524.0,180620.0,180755.0,181115.0,181319.0,181702.0,182020.0,182424.0,182924.0,184183.0,184977.0,185989.0,187238.0,188502.0,189879.0,190746.0,191371.0,192015.0,192798.0,193504.0,194512.0,195090.0,196164.0,196679.0,197467.0,198310.0,199967.0,201298.0,202400.0,203602.0,204981.0,207631.0,208486.0,208648.0,208840.0,209429.0,210028.0,210298.0,210486.0,210512.0,211131.0,210672.0,210811.0,211971.0,212985.0,213760.0,215052.0,215745.0
BE336,3,Bezirk Verviers - Deutschsprachige Gemeinschaft,2024,TOTAL,TOTAL,NR,57439.0,57749.0,57941.0,58449.0,59055.0,59809.0,60384.0,60870.0,61308.0,61601.0,61906.0,61972.0,62419.0,62784.0,63139.0,63508.0,63833.0,64064.0,64320.0,64512.0,64765.0,64984.0,65105.0,65306.0,65452.0,65661.0,65848.0,66066.0,66318.0,66846.0,67207.0,67646.0,68377.0,68839.0,69358.0,69698.0,69883.0,70122.0,70408.0,70665.0,71034.0,71244.0,71636.0,71825.0,71899.0,72512.0,73119.0,73675.0,74169.0,74540.0,75222.0,76259.0,76641.0,76592.0,76655.0,76740.0,77332.0,77304.0,77529.0,77903.0,78408.0,78479.0,79039.0,79812.0,79971.0,80006.0,80489.0,80748.0
BE341,3,Arr. Arlon,2024,TOTAL,TOTAL,NR,44858.0,45100.0,45172.0,45491.0,45884.0,46392.0,46758.0,47055.0,47314.0,47460.0,47615.0,47586.0,47684.0,47718.0,47742.0,47775.0,47774.0,47701.0,47646.0,47544.0,47486.0,47403.0,47454.0,47564.0,47633.0,47749.0,47848.0,47970.0,48117.0,48464.0,48604.0,48970.0,49387.0,49920.0,50213.0,50713.0,51012.0,51254.0,51356.0,51603.0,51902.0,52301.0,52749.0,53232.0,53648.0,54241.0,54911.0,55593.0,56392.0,57376.0,57850.0,58597.0,59289.0,59924.0,60330.0,60675.0,61186.0,62318.0,62520.0,63062.0,63642.0,64086.0,64937.0,65917.0,66355.0,66866.0,67270.0,67487.0
BE342,3,Arr. Bastogne,2024,TOTAL,TOTAL,NR,37993.0,38198.0,37891.0,37788.0,37741.0,37782.0,37700.0,37557.0,37380.0,37110.0,36846.0,36438.0,36510.0,36533.0,36549.0,36571.0,36568.0,36509.0,36465.0,36384.0,36337.0,36270.0,36347.0,36469.0,36559.0,36686.0,36800.0,36931.0,37081.0,37386.0,37532.0,37852.0,38047.0,38382.0,38558.0,39047.0,39210.0,39536.0,39859.0,40114.0,40574.0,41103.0,41505.0,41906.0,42097.0,42466.0,42801.0,43444.0,44012.0,44555.0,45061.0,46003.0,46224.0,46686.0,46701.0,47210.0,48484.0,48745.0,48828.0,49125.0,50228.0,50438.0,50896.0,51653.0,51899.0,52244.0,52560.0,52729.0
BE343,3,Arr. Marche-en-Famenne,2024,TOTAL,TOTAL,NR,39305.0,39517.0,39365.0,39427.0,39549.0,39766.0,39858.0,39889.0,39883.0,39782.0,39686.0,39437.0,39856.0,40223.0,40585.0,40956.0,41301.0,41584.0,41884.0,42143.0,42442.0,42719.0,43000.0,43333.0,43630.0,43970.0,44294.0,44639.0,45008.0,45565.0,45929.0,46509.0,46778.0,47204.0,47531.0,48114.0,48573.0,49002.0,49403.0,49871.0,50359.0,50911.0,51101.0,51486.0,51998.0,52108.0,52806.0,53123.0,53593.0,54003.0,54214.0,55656.0,56014.0,56226.0,56079.0,56525.0,57122.0,56836.0,56870.0,57283.0,57734.0,57971.0,58388.0,58725.0,58846.0,58824.0,59179.0,59370.0
BE344,3,Arr. Neufchâteau,2024,TOTAL,TOTAL,NR,51837.0,52117.0,51854.0,51870.0,51966.0,52185.0,52239.0,52210.0,52135.0,51933.0,51739.0,51344.0,51493.0,51572.0,51641.0,51720.0,51763.0,51727.0,51712.0,51646.0,51627.0,51581.0,51679.0,51842.0,51960.0,52129.0,52279.0,52455.0,52657.0,53079.0,53274.0,53719.0,54109.0,54541.0,54783.0,54935.0,54991.0,55055.0,55189.0,55380.0,55598.0,55743.0,56039.0,56331.0,56687.0,57231.0,57660.0,58151.0,58726.0,59385.0,59861.0,60460.0,61265.0,61691.0,61888.0,62500.0,62864.0,63162.0,63105.0,63424.0,63821.0,64806.0,65358.0,66150.0,66376.0,66634.0,67037.0,67253.0
BE345,3,Arr. Virton,2024,TOTAL,TOTAL,NR,42997.0,43229.0,43064.0,43132.0,43266.0,43505.0,43606.0,43640.0,43635.0,43524.0,43421.0,43149.0,43367.0,43527.0,43680.0,43841.0,43972.0,44037.0,44120.0,44159.0,44239.0,44296.0,44351.0,44462.0,44534.0,44650.0,44750.0,44872.0,45017.0,45349.0,45488.0,45838.0,46343.0,46803.0,47049.0,47472.0,47552.0,47679.0,47983.0,48172.0,48387.0,48692.0,49012.0,49340.0,49690.0,49958.0,50369.0,50867.0,51361.0,51631.0,52037.0,52489.0,52921.0,53163.0,53221.0,53351.0,53601.0,53556.0,53687.0,53791.0,54181.0,54429.0,54821.0,55209.0,55215.0,55244.0,55578.0,55757.0
BE351,3,Arr. Dinant,2024,TOTAL,TOTAL,NR,86974.0,87444.0,87044.0,87115.0,87320.0,87732.0,87867.0,87865.0,87785.0,87490.0,87211.0,86592.0,87045.0,87382.0,87704.0,88044.0,88323.0,88470.0,88652.0,88745.0,88922.0,89052.0,89306.0,89670.0,89957.0,90333.0,90677.0,91064.0,91499.0,92315.0,92977.0,93594.0,94482.0,95349.0,96199.0,96905.0,97277.0,97890.0,98322.0,99100.0,99683.0,100298.0,100719.0,101295.0,101705.0,102570.0,103118.0,104017.0,104719.0,105378.0,105998.0,108301.0,108863.0,109332.0,109031.0,109782.0,111128.0,111521.0,111566.0,112159.0,112757.0,113157.0,113877.0,114458.0,114641.0,114775.0,115469.0,115841.0
BE352,3,Arr. Namur,2024,TOTAL,TOTAL,NR,233960.0,235224.0,235343.0,236743.0,238526.0,240899.0,242533.0,243807.0,244877.0,245361.0,245893.0,245472.0,247625.0,249456.0,251248.0,253096.0,254776.0,256076.0,257482.0,258631.0,260025.0,261284.0,261654.0,262347.0,262816.0,263544.0,264177.0,264937.0,265834.0,267838.0,269392.0,270811.0,272448.0,274287.0,275897.0,277255.0,277870.0,278773.0,279675.0,280908.0,282727.0,283793.0,285181.0,286930.0,288659.0,290576.0,292318.0,294320.0,296494.0,298835.0,301472.0,304968.0,307347.0,308970.0,310628.0,312113.0,313321.0,315190.0,316606.0,317552.0,319132.0,319928.0,321698.0,324117.0,325477.0,326860.0,328835.0,329895.0
BE353,3,Arr. Philippeville,2024,TOTAL,TOTAL,NR,53866.0,54157.0,54058.0,54253.0,54533.0,54946.0,55187.0,55346.0,55456.0,55433.0,55419.0,55191.0,55552.0,55839.0,56117.0,56407.0,56658.0,56825.0,57015.0,57148.0,57334.0,57491.0,57526.0,57632.0,57690.0,57803.0,57897.0,58017.0,58168.0,58561.0,58855.0,59119.0,59375.0,59950.0,60007.0,60284.0,60530.0,60763.0,60867.0,61197.0,61493.0,61733.0,61875.0,62170.0,62492.0,62717.0,63138.0,63646.0,64167.0,64392.0,64811.0,66117.0,66518.0,66578.0,66571.0,66981.0,67625.0,67416.0,66986.0,67180.0,67544.0,67404.0,67833.0,68075.0,68240.0,68136.0,68548.0,68769.0
BG311,3,Vidin,2024,TOTAL,TOTAL,NR,183333.0,185119.0,184504.0,183598.0,182688.0,181749.0,180481.0,179209.0,177804.0,176773.0,175518.0,174032.0,173738.0,173302.0,173183.0,173243.0,172471.0,172339.0,171851.0,170310.0,169889.0,169252.0,167800.0,166408.0,165023.0,163643.0,162269.0,160900.0,159538.0,158181.0,156831.0,155510.0,150863.0,148498.0,146149.0,143819.0,141505.0,139209.0,136931.0,134669.0,132425.0,130074.0,127020.0,123667.0,120630.0,117687.0,114695.0,111818.0,109146.0,106417.0,103836.0,101200.0,99481.0,95976.0,93370.0,90770.0,88118.0,85468.0,82884.0,80333.0,77795.0,76166.0,74237.0,72754.0,71773.0,70542.0,70387.0,70079.0
BG312,3,Montana,2024,TOTAL,TOTAL,NR,240730.0,243075.0,243072.0,242700.0,242337.0,241948.0,241135.0,240329.0,239354.0,238896.0,238151.0,237104.0,237106.0,236919.0,237170.0,237670.0,237033.0,237280.0,237042.0,235351.0,235210.0,234773.0,232352.0,230019.0,227698.0,225388.0,223090.0,220803.0,218527.0,216263.0,214010.0,211802.0,206010.0,203318.0,200644.0,197989.0,195352.0,192732.0,190131.0,187546.0,184981.0,182258.0,178115.0,174164.0,170470.0,166876.0,163467.0,160139.0,156996.0,154088.0,151254.0,148263.0,145984.0,142639.0,139877.0,136978.0,134079.0,131224.0,128409.0,125520.0,122604.0,120978.0,118113.0,116172.0,114526.0,112737.0,112489.0,111996.0
BG313,3,Vratsa,2024,TOTAL,TOTAL,NR,268383.0,270997.0,271275.0,271145.0,271030.0,270892.0,270283.0,269685.0,268903.0,268704.0,268188.0,267337.0,267723.0,267898.0,268574.0,269536.0,269213.0,269898.0,270034.0,268517.0,268768.0,268686.0,266887.0,265181.0,263479.0,261783.0,260091.0,258405.0,256723.0,255047.0,253375.0,251748.0,245747.0,243422.0,241109.0,238808.0,236519.0,234241.0,231977.0,229723.0,227482.0,225036.0,221636.0,217240.0,212948.0,208848.0,204870.0,201079.0,197421.0,193977.0,190606.0,187099.0,184662.0,180517.0,177066.0,173507.0,169884.0,166515.0,162849.0,159356.0,155922.0,154009.0,151030.0,148874.0,147619.0,146002.0,145681.0,145043.0
BG314,3,Pleven,2024,TOTAL,TOTAL,NR,384797.0,388545.0,389067.0,389006.0,388968.0,388899.0,388156.0,387431.0,386443.0,386296.0,385694.0,384612.0,385951.0,386995.0,388768.0,390968.0,391312.0,393126.0,394152.0,392765.0,393967.0,394687.0,392034.0,389516.0,387006.0,384503.0,382008.0,379520.0,377040.0,374567.0,372102.0,369701.0,360836.0,357371.0,353925.0,350495.0,347085.0,343693.0,340317.0,336961.0,333622.0,329985.0,322064.0,315473.0,309336.0,303760.0,297401.0,291695.0,285905.0,280660.0,275579.0,270115.0,266865.0,261229.0,257138.0,252743.0,248369.0,244126.0,239819.0,235447.0,231019.0,228051.0,223510.0,220346.0,217881.0,215326.0,214853.0,213912.0
BG315,3,Lovech,2024,TOTAL,TOTAL,NR,212794.0,214867.0,216085.0,216996.0,217936.0,218873.0,219446.0,220042.0,220501.0,221455.0,222164.0,222611.0,221797.0,220798.0,220199.0,219820.0,218381.0,217750.0,216664.0,214248.0,213240.0,211958.0,210028.0,208176.0,206332.0,204495.0,202667.0,200848.0,199036.0,197233.0,195438.0,193681.0,188730.0,186610.0,184504.0,182410.0,180329.0,178260.0,176205.0,174162.0,172132.0,169951.0,166468.0,163234.0,160169.0,157224.0,154322.0,151577.0,148903.0,146431.0,144057.0,141553.0,139609.0,136516.0,133892.0,131190.0,128517.0,125726.0,122827.0,120098.0,117236.0,117124.0,115146.0,113356.0,112225.0,110823.0,110579.0,110093.0
BG321,3,Veliko Tarnovo,2024,TOTAL,TOTAL,NR,336730.0,340010.0,340244.0,339964.0,339701.0,339407.0,338521.0,337648.0,336542.0,336165.0,335389.0,334192.0,335882.0,337320.0,339400.0,341859.0,342700.0,344834.0,346281.0,345610.0,347220.0,348408.0,345038.0,341797.0,338571.0,335360.0,332165.0,328984.0,325819.0,322668.0,319533.0,316462.0,316629.0,314475.0,312325.0,310175.0,308027.0,305881.0,303737.0,301592.0,299453.0,293172.0,289505.0,285576.0,281698.0,277770.0,273859.0,270078.0,266888.0,263821.0,261441.0,258838.0,256279.0,248709.0,243673.0,238456.0,233193.0,228077.0,222746.0,217496.0,212069.0,209158.0,206395.0,204033.0,202232.0,200413.0,199972.0,199096.0
BG322,3,Gabrovo,2024,TOTAL,TOTAL,NR,156387.0,157910.0,161352.0,164609.0,167930.0,171292.0,174408.0,177577.0,180669.0,184206.0,187582.0,190773.0,189638.0,188341.0,187381.0,186602.0,184919.0,183915.0,182522.0,180008.0,178676.0,177110.0,175597.0,174147.0,172704.0,171267.0,169835.0,168410.0,166991.0,165577.0,164170.0,162794.0,162162.0,160345.0,158537.0,156740.0,154952.0,153174.0,151406.0,149648.0,147900.0,144125.0,142036.0,139624.0,137212.0,135101.0,132803.0,130706.0,128716.0,126654.0,124779.0,122842.0,121389.0,118180.0,115631.0,113110.0,110469.0,107820.0,105080.0,102463.0,99867.0,99061.0,97408.0,95957.0,94862.0,93817.0,93611.0,93201.0
BG323,3,Ruse,2024,TOTAL,TOTAL,NR,261981.0,264533.0,268598.0,272326.0,276131.0,279978.0,283396.0,286880.0,290221.0,294251.0,297999.0,301432.0,302342.0,303018.0,304265.0,305844.0,305969.0,307243.0,307899.0,306670.0,307462.0,307877.0,306685.0,305591.0,304496.0,303400.0,302302.0,301202.0,300101.0,298998.0,297894.0,296834.0,296042.0,293086.0,290143.0,287213.0,284297.0,281394.0,278505.0,275629.0,272766.0,266157.0,262576.0,259036.0,255670.0,252717.0,249467.0,246494.0,243580.0,240808.0,238173.0,235477.0,233767.0,227354.0,223275.0,219109.0,214998.0,210812.0,206652.0,202270.0,197841.0,194978.0,192314.0,189623.0,187830.0,186093.0,185684.0,184870.0
BG324,3,Razgrad,2024,TOTAL,TOTAL,NR,175186.0,176892.0,178225.0,179310.0,180425.0,181543.0,182363.0,183208.0,183943.0,185095.0,186049.0,186788.0,186336.0,185731.0,185464.0,185386.0,184417.0,184132.0,183465.0,181672.0,181074.0,180245.0,178131.0,176087.0,174054.0,172032.0,170020.0,168020.0,166030.0,164051.0,162084.0,160152.0,160672.0,160012.0,159347.0,158678.0,158005.0,157327.0,156645.0,155958.0,155266.0,152417.0,149093.0,146056.0,143164.0,140433.0,137714.0,135080.0,132438.0,130097.0,127825.0,125369.0,123600.0,120971.0,118781.0,116478.0,114176.0,111865.0,109460.0,107049.0,104634.0,103632.0,102029.0,101107.0,100696.0,99459.0,99240.0,98805.0
BG325,3,Silistra,2024,TOTAL,TOTAL,NR,165604.0,167217.0,167914.0,168368.0,168839.0,169305.0,169485.0,169679.0,169765.0,170227.0,170498.0,170563.0,171052.0,171409.0,172089.0,172956.0,173000.0,173694.0,174038.0,173317.0,173738.0,173945.0,172940.0,171993.0,171048.0,170105.0,169164.0,168225.0,167288.0,166352.0,165419.0,164513.0,163482.0,161259.0,159051.0,156857.0,154679.0,152514.0,150365.0,148231.0,146111.0,142000.0,139290.0,136677.0,134281.0,132052.0,129800.0,127604.0,125453.0,123477.0,121583.0,119594.0,118433.0,115037.0,112979.0,110812.0,108586.0,106512.0,104370.0,101999.0,99664.0,98412.0,96826.0,95614.0,94739.0,93549.0,93343.0,92934.0
BG331,3,Varna,2024,TOTAL,TOTAL,NR,330699.0,333920.0,341532.0,348760.0,356127.0,363587.0,370528.0,377587.0,384488.0,392338.0,399851.0,406974.0,413059.0,418872.0,425523.0,432705.0,437878.0,444739.0,450757.0,454027.0,460304.0,466056.0,465346.0,464776.0,464195.0,463603.0,462999.0,462383.0,461756.0,461117.0,460467.0,459877.0,459610.0,458588.0,457524.0,456414.0,455263.0,454069.0,452831.0,451551.0,450231.0,462013.0,463883.0,465035.0,466366.0,467632.0,468834.0,470123.0,471315.0,472503.0,474004.0,474776.0,474344.0,466001.0,461376.0,456668.0,451734.0,446673.0,441668.0,436237.0,430798.0,430784.0,431203.0,430847.0,434191.0,437521.0,436559.0,434646.0
BG332,3,Dobrich,2024,TOTAL,TOTAL,NR,231282.0,233535.0,234876.0,235884.0,236922.0,237959.0,238600.0,239266.0,239784.0,240839.0,241629.0,242134.0,243281.0,244245.0,245672.0,247374.0,247903.0,249367.0,250335.0,249770.0,250853.0,251631.0,249637.0,247732.0,245834.0,243944.0,242061.0,240185.0,238316.0,236455.0,234601.0,232790.0,230670.0,228208.0,225762.0,223333.0,220920.0,218522.0,216142.0,213777.0,211428.0,215217.0,212386.0,209380.0,206487.0,204037.0,201622.0,199138.0,196852.0,194519.0,192296.0,189862.0,188088.0,181595.0,177676.0,173667.0,169418.0,165427.0,161262.0,156954.0,152665.0,151085.0,149003.0,147208.0,146635.0,145207.0,144888.0,144253.0
BG333,3,Shumen,2024,TOTAL,TOTAL,NR,231269.0,233521.0,235449.0,237052.0,238696.0,240349.0,241610.0,242905.0,244057.0,245766.0,247213.0,248377.0,248886.0,249201.0,249983.0,251034.0,250890.0,251685.0,251972.0,250715.0,251110.0,251195.0,247766.0,244437.0,241129.0,237839.0,234568.0,231317.0,228085.0,224872.0,221679.0,218539.0,216798.0,214730.0,212672.0,210626.0,208589.0,206563.0,204548.0,202543.0,200549.0,204378.0,201861.0,199233.0,196797.0,194506.0,192040.0,189716.0,187476.0,185108.0,183090.0,180710.0,179668.0,174702.0,171747.0,168654.0,165475.0,162457.0,159212.0,155819.0,152477.0,151948.0,150415.0,149628.0,149699.0,149279.0,148951.0,148298.0
BG334,3,Targovishte,2024,TOTAL,TOTAL,NR,170993.0,172658.0,173248.0,173586.0,173939.0,174285.0,174334.0,174396.0,174345.0,174678.0,174813.0,174735.0,174674.0,174473.0,174594.0,174898.0,174364.0,174480.0,174239.0,172929.0,172758.0,172369.0,171073.0,169838.0,168608.0,167381.0,166159.0,164942.0,163728.0,162519.0,161315.0,160140.0,157580.0,154805.0,152063.0,149354.0,146678.0,144033.0,141421.0,138840.0,136291.0,137689.0,135743.0,133931.0,131997.0,130358.0,128721.0,127148.0,125500.0,123932.0,122542.0,120980.0,119865.0,116296.0,114048.0,111710.0,109353.0,106956.0,104506.0,102069.0,99492.0,98509.0,97019.0,96201.0,95609.0,94735.0,94527.0,94113.0
BG341,3,Burgas,2024,TOTAL,TOTAL,NR,367433.0,371012.0,375650.0,379798.0,384038.0,388317.0,391987.0,395733.0,399268.0,403737.0,407802.0,411422.0,414130.0,416532.0,419733.0,423412.0,425093.0,428384.0,430829.0,430639.0,433292.0,435425.0,435906.0,436508.0,437090.0,437651.0,438193.0,438713.0,439214.0,439694.0,440155.0,440663.0,437752.0,436344.0,434915.0,433464.0,431993.0,430498.0,428983.0,427445.0,425886.0,423547.0,422575.0,421288.0,420360.0,419631.0,418884.0,418229.0,417668.0,417082.0,416880.0,415909.0,414947.0,408621.0,404524.0,400440.0,396236.0,391912.0,387376.0,382724.0,377968.0,378405.0,379023.0,378596.0,384446.0,388919.0,388064.0,386364.0
BG342,3,Sliven,2024,TOTAL,TOTAL,NR,199045.0,200984.0,203716.0,206186.0,208710.0,211258.0,213478.0,215743.0,217896.0,220561.0,223009.0,225217.0,226151.0,226913.0,228104.0,229548.0,229903.0,231124.0,231883.0,231222.0,232087.0,232668.0,232654.0,232708.0,232753.0,232789.0,232816.0,232835.0,232846.0,232848.0,232841.0,232862.0,230756.0,229451.0,228143.0,226830.0,225513.0,224192.0,222867.0,221537.0,220204.0,218474.0,216041.0,213572.0,211253.0,209284.0,207210.0,205246.0,203437.0,201521.0,199784.0,197640.0,196712.0,193248.0,190794.0,188331.0,185667.0,183046.0,180421.0,177604.0,174813.0,173110.0,171495.0,170583.0,170051.0,169299.0,168927.0,168187.0
BG343,3,Yambol,2024,TOTAL,TOTAL,NR,183539.0,185327.0,185759.0,185917.0,186089.0,186248.0,186088.0,185939.0,185666.0,185800.0,185719.0,185409.0,185327.0,185096.0,185206.0,185510.0,184926.0,185031.0,184756.0,183349.0,183148.0,182717.0,181926.0,181194.0,180461.0,179729.0,178996.0,178263.0,177530.0,176796.0,176063.0,175356.0,172872.0,171003.0,169143.0,167290.0,165446.0,163610.0,161783.0,159963.0,158153.0,156070.0,152954.0,150196.0,147490.0,145058.0,142626.0,140244.0,137955.0,135833.0,133775.0,131552.0,130056.0,127397.0,125219.0,123034.0,120553.0,118294.0,115924.0,113505.0,111205.0,110264.0,108654.0,107379.0,106320.0,105429.0,105197.0,104736.0
BG344,3,Stara Zagora,2024,TOTAL,TOTAL,NR,332883.0,336125.0,341778.0,347010.0,352350.0,357749.0,362609.0,367560.0,372332.0,377996.0,383306.0,388216.0,390829.0,393154.0,396235.0,399767.0,401413.0,404580.0,406948.0,406828.0,409394.0,411469.0,409792.0,408248.0,406703.0,405156.0,403608.0,402058.0,400508.0,398955.0,397402.0,395908.0,392239.0,389934.0,387623.0,385306.0,382984.0,380655.0,378320.0,375979.0,373633.0,370615.0,366141.0,362041.0,357925.0,354129.0,350330.0,346625.0,343039.0,339817.0,336742.0,333496.0,331135.0,326961.0,323359.0,319443.0,315494.0,311696.0,307652.0,303649.0,299668.0,297552.0,294469.0,291852.0,290350.0,288736.0,288101.0,286839.0
BG411,3,Sofia (stolitsa),2024,TOTAL,TOTAL,NR,799338.0,807123.0,828018.0,848024.0,868410.0,889058.0,908474.0,928212.0,947592.0,969350.0,990307.0,1010326.0,1024077.0,1037138.0,1052267.0,1068683.0,1080131.0,1095729.0,1109238.0,1115978.0,1130108.0,1142940.0,1147824.0,1152995.0,1158082.0,1163083.0,1168006.0,1172837.0,1177597.0,1182264.0,1186852.0,1191539.0,1178182.0,1176983.0,1175687.0,1174291.0,1172798.0,1171205.0,1169516.0,1167728.0,1165843.0,1170842.0,1190675.0,1207281.0,1221916.0,1234271.0,1245295.0,1255122.0,1264405.0,1273869.0,1283266.0,1291795.0,1296615.0,1290654.0,1289179.0,1287747.0,1285879.0,1284147.0,1282475.0,1280497.0,1278137.0,1271214.0,1274538.0,1280334.0,1286965.0,1295931.0,1293082.0,1287416.0
BG412,3,Sofia,2024,TOTAL,TOTAL,NR,319787.0,322902.0,322160.0,320915.0,319669.0,318378.0,316516.0,314653.0,312560.0,311128.0,309310.0,307090.0,307711.0,308091.0,309049.0,310339.0,310151.0,311125.0,311470.0,309907.0,310386.0,310481.0,309153.0,307926.0,306699.0,305470.0,304242.0,303012.0,301783.0,300552.0,299322.0,298137.0,292715.0,290361.0,288009.0,285659.0,283312.0,280966.0,278624.0,276283.0,273945.0,273240.0,269875.0,266547.0,263622.0,260936.0,258283.0,255954.0,253486.0,251462.0,249668.0,247625.0,245616.0,243626.0,242506.0,241413.0,240259.0,239149.0,238069.0,236950.0,235778.0,233785.0,230160.0,227610.0,226420.0,224701.0,224207.0,223225.0
BG413,3,Blagoevgrad,2024,TOTAL,TOTAL,NR,289060.0,291875.0,294208.0,296134.0,298110.0,300095.0,301590.0,303126.0,304484.0,306534.0,308257.0,309626.0,312266.0,314681.0,317706.0,321100.0,322986.0,326099.0,328575.0,329043.0,331685.0,333934.0,335296.0,336743.0,338166.0,339565.0,340941.0,342292.0,343620.0,344923.0,346203.0,347513.0,343586.0,343204.0,342795.0,342357.0,341891.0,341397.0,340874.0,340323.0,339745.0,341173.0,339178.0,336983.0,334994.0,333295.0,331392.0,329699.0,328070.0,326745.0,325417.0,323728.0,322025.0,318042.0,314859.0,311418.0,308021.0,304704.0,301109.0,297379.0,293692.0,292149.0,290216.0,288161.0,287077.0,286333.0,285703.0,284451.0
BG414,3,Pernik,2024,TOTAL,TOTAL,NR,184342.0,186137.0,186112.0,185804.0,185502.0,185181.0,184534.0,183892.0,183122.0,182745.0,182149.0,181322.0,180900.0,180330.0,180088.0,180030.0,179107.0,178848.0,178218.0,176495.0,175933.0,175146.0,173893.0,172702.0,171514.0,170330.0,169150.0,167974.0,166802.0,165633.0,164469.0,163334.0,160378.0,159103.0,157829.0,156555.0,155283.0,154012.0,152742.0,151472.0,150205.0,149832.0,147964.0,145969.0,144124.0,142347.0,140789.0,139201.0,137728.0,136272.0,135055.0,133696.0,131987.0,129475.0,127255.0,125115.0,122772.0,120542.0,118343.0,116107.0,113756.0,115045.0,113283.0,111746.0,111032.0,109886.0,109644.0,109164.0
BG415,3,Kyustendil,2024,TOTAL,TOTAL,NR,193045.0,194925.0,195755.0,196301.0,196869.0,197431.0,197659.0,197904.0,198023.0,198582.0,198916.0,199012.0,199235.0,199300.0,199737.0,200386.0,200079.0,200520.0,200554.0,199359.0,199476.0,199346.0,197871.0,196466.0,195066.0,193671.0,192280.0,190895.0,189514.0,188138.0,186767.0,185430.0,181276.0,179040.0,176815.0,174602.0,172400.0,170209.0,168031.0,165863.0,163708.0,162534.0,159572.0,156543.0,153754.0,151256.0,148690.0,146206.0,143809.0,141507.0,139228.0,136887.0,134990.0,131920.0,129281.0,126682.0,123967.0,121258.0,118452.0,115743.0,113054.0,112784.0,110303.0,108703.0,107673.0,106131.0,105898.0,105434.0
BG421,3,Plovdiv,2024,TOTAL,TOTAL,NR,603415.0,609292.0,616755.0,623413.0,630217.0,637083.0,642948.0,648937.0,654577.0,661745.0,668250.0,674023.0,682715.0,690942.0,700541.0,710993.0,718132.0,728027.0,736529.0,740538.0,749446.0,757491.0,754978.0,752703.0,750422.0,748133.0,745837.0,743533.0,741223.0,738904.0,736580.0,734361.0,746431.0,744411.0,742346.0,740236.0,738083.0,735883.0,733642.0,731353.0,729023.0,715816.0,711933.0,707748.0,703830.0,700627.0,697194.0,693734.0,690683.0,687879.0,685860.0,683298.0,680884.0,673310.0,668255.0,663073.0,657444.0,651886.0,646063.0,640277.0,634286.0,633757.0,631760.0,631516.0,633586.0,635630.0,634233.0,631454.0
BG422,3,Haskovo,2024,TOTAL,TOTAL,NR,330614.0,333834.0,334074.0,333809.0,333561.0,333283.0,332423.0,331576.0,330501.0,330142.0,329391.0,328227.0,328747.0,329010.0,329886.0,331116.0,330768.0,331658.0,331875.0,330059.0,330417.0,330366.0,328063.0,325874.0,323692.0,321517.0,319349.0,317188.0,315034.0,312886.0,310746.0,308660.0,311195.0,307843.0,304510.0,301195.0,297898.0,294618.0,291356.0,288112.0,284885.0,277478.0,273252.0,269289.0,266122.0,262903.0,259764.0,256852.0,254012.0,251319.0,248944.0,246534.0,243955.0,240416.0,236940.0,233212.0,229411.0,225667.0,221777.0,217969.0,213980.0,212175.0,210364.0,207439.0,207114.0,207356.0,206900.0,205993.0
BG423,3,Pazardzhik,2024,TOTAL,TOTAL,NR,288904.0,291718.0,293991.0,295858.0,297773.0,299696.0,301129.0,302602.0,303896.0,305881.0,307538.0,308841.0,310291.0,311506.0,313314.0,315470.0,316132.0,317985.0,319204.0,318471.0,319838.0,320816.0,320894.0,321064.0,321222.0,321367.0,321499.0,321618.0,321725.0,321819.0,321901.0,322020.0,326969.0,325745.0,324506.0,323252.0,321984.0,320701.0,319404.0,318092.0,316766.0,310723.0,306506.0,302647.0,298770.0,295132.0,291607.0,288142.0,284786.0,281642.0,278765.0,275768.0,273803.0,266403.0,261945.0,257225.0,252327.0,247445.0,242410.0,237643.0,232578.0,230946.0,227625.0,226209.0,225261.0,223494.0,223003.0,222026.0
BG424,3,Smolyan,2024,TOTAL,TOTAL,NR,140973.0,142346.0,145067.0,147616.0,150215.0,152846.0,155250.0,157698.0,160073.0,162836.0,165451.0,167899.0,167804.0,167574.0,167653.0,167907.0,167356.0,167429.0,167159.0,165863.0,165659.0,165247.0,164120.0,163050.0,161983.0,160919.0,159859.0,158801.0,157747.0,156697.0,155649.0,154629.0,156014.0,154448.0,152890.0,151339.0,149795.0,148259.0,146730.0,145207.0,143693.0,140066.0,137703.0,135776.0,133809.0,131907.0,130034.0,128362.0,126657.0,124988.0,123446.0,121887.0,120456.0,117203.0,114738.0,112159.0,109549.0,106992.0,104267.0,101572.0,98880.0,97217.0,95152.0,93354.0,92107.0,90534.0,90335.0,89939.0
BG425,3,Kardzhali,2024,TOTAL,TOTAL,NR,246700.0,249103.0,252250.0,255069.0,257950.0,260858.0,263357.0,265908.0,268317.0,271354.0,274121.0,276589.0,276258.0,275704.0,275656.0,275893.0,274807.0,274742.0,274113.0,271802.0,271279.0,270414.0,263290.0,256304.0,249366.0,242479.0,235641.0,228852.0,222112.0,215422.0,208782.0,202222.0,201953.0,197856.0,193799.0,189781.0,185803.0,181864.0,177964.0,174104.0,170283.0,164019.0,162770.0,161300.0,159953.0,158796.0,157658.0,156662.0,155678.0,154691.0,153871.0,152938.0,152009.0,149558.0,148070.0,146546.0,144811.0,143122.0,141336.0,139448.0,137397.0,139819.0,140794.0,142508.0,146562.0,149478.0,149149.0,148495.0
CH011,3,Vaud,2024,TOTAL,TOTAL,NR,433585.0,438879.0,451020.0,461726.0,470741.0,477280.0,481753.0,487356.0,493836.0,499790.0,505081.0,507076.0,511085.0,516996.0,516318.0,519608.0,517967.0,515929.0,515872.0,516939.0,519059.0,522340.0,526552.0,531413.0,535239.0,539627.0,543667.0,550336.0,556942.0,565181.0,571973.0,577524.0,587283.0,593007.0,596736.0,602099.0,605677.0,606471.0,608153.0,611613.0,616275.0,619097.0,624980.0,631039.0,639105.0,647382.0,654093.0,662145.0,672039.0,688245.0,701526.0,713281.0,725944.0,734356.0,749373.0,761446.0,773407.0,784822.0,793129.0,799145.0,805098.0,814762.0,822968.0,830431.0,845870.0,855106.0,862027.0,871119.0
CH012,3,Valais,2024,TOTAL,TOTAL,NR,172925.0,175036.0,179878.0,184148.0,187743.0,190351.0,192135.0,194371.0,196955.0,199330.0,201440.0,202236.0,203743.0,207237.0,210538.0,212856.0,213265.0,213713.0,214466.0,215140.0,216249.0,217795.0,219953.0,222668.0,225094.0,227274.0,229470.0,232550.0,235390.0,239048.0,243705.0,251962.0,257730.0,262389.0,266713.0,269341.0,271291.0,272315.0,273362.0,274458.0,275632.0,276314.0,278419.0,281345.0,285008.0,287976.0,291575.0,294608.0,298580.0,303241.0,307392.0,312684.0,317022.0,321732.0,327011.0,331763.0,335696.0,339176.0,341463.0,343955.0,345525.0,348503.0,353209.0,357282.0,365844.0,371288.0,374293.0,378241.0
CH013,3,Genève,2024,TOTAL,TOTAL,NR,282733.0,286185.0,294102.0,301083.0,306962.0,311226.0,314143.0,317796.0,322021.0,325904.0,329355.0,330656.0,332595.0,335973.0,339541.0,342276.0,342104.0,341796.0,342876.0,344170.0,346500.0,349562.0,352461.0,355806.0,357752.0,360462.0,362157.0,363550.0,365525.0,371356.0,373019.0,378655.0,381404.0,383911.0,387606.0,391699.0,395466.0,394588.0,396659.0,398910.0,403067.0,408146.0,413618.0,418747.0,423993.0,427396.0,430638.0,433235.0,438177.0,446106.0,453292.0,457715.0,460534.0,463101.0,469433.0,477385.0,484736.0,489524.0,495249.0,499480.0,504128.0,506343.0,509448.0,514114.0,524410.0,531102.0,535401.0,541048.0
CH021,3,Bern,2024,TOTAL,TOTAL,NR,777967.0,787465.0,809249.0,828459.0,844634.0,856366.0,864392.0,874445.0,886071.0,896755.0,906249.0,909828.0,913187.0,917409.0,920370.0,922882.0,916818.0,911104.0,909184.0,908267.0,908820.0,911016.0,914753.0,918323.0,919980.0,921476.0,922863.0,925463.0,928758.0,932577.0,937365.0,942425.0,949770.0,953458.0,941147.0,941747.0,941879.0,940928.0,938647.0,941144.0,943427.0,944024.0,946310.0,949590.0,951957.0,955378.0,957064.0,958897.0,962982.0,969299.0,974235.0,979802.0,985046.0,992617.0,1001281.0,1009418.0,1017483.0,1026513.0,1031126.0,1034977.0,1039474.0,1043132.0,1047473.0,1051437.0,1063533.0,1071216.0,1079886.0,1091275.0
CH022,3,Freiburg,2024,TOTAL,TOTAL,NR,151963.0,153818.0,158073.0,161825.0,164985.0,167277.0,168845.0,170809.0,173080.0,175167.0,177022.0,177721.0,180316.0,181915.0,183106.0,184654.0,183866.0,183451.0,183099.0,183209.0,183727.0,184497.0,185901.0,187597.0,188882.0,190394.0,192440.0,194645.0,197175.0,200166.0,204328.0,206674.0,210783.0,214555.0,218704.0,222227.0,224552.0,227866.0,229947.0,232086.0,234307.0,237044.0,240339.0,243400.0,246656.0,250377.0,253954.0,258252.0,263241.0,268537.0,273159.0,278493.0,284668.0,291395.0,297622.0,303377.0,307461.0,311914.0,315074.0,318714.0,321783.0,325496.0,329809.0,334465.0,341537.0,346674.0,349480.0,353166.0
CH023,3,Solothurn,2024,TOTAL,TOTAL,NR,189877.0,192195.0,197512.0,202201.0,206149.0,209012.0,210971.0,213425.0,216263.0,218869.0,221186.0,222060.0,222073.0,223086.0,223036.0,223564.0,221387.0,218470.0,217052.0,216276.0,215890.0,216563.0,217784.0,217942.0,217804.0,218148.0,218662.0,219458.0,220252.0,221464.0,223534.0,229086.0,232600.0,234878.0,236389.0,237338.0,239264.0,240777.0,241559.0,243450.0,243908.0,243668.0,245264.0,246280.0,246807.0,247379.0,247937.0,248613.0,250240.0,251830.0,252748.0,255284.0,256990.0,259283.0,261437.0,263719.0,266418.0,269441.0,271432.0,273194.0,275247.0,277462.0,280245.0,282408.0,286844.0,289792.0,292138.0,295219.0
CH024,3,Neuchâtel,2024,TOTAL,TOTAL,NR,142445.0,144184.0,148173.0,151690.0,154652.0,156800.0,158270.0,160111.0,162240.0,164196.0,165934.0,166589.0,167222.0,167121.0,167533.0,166813.0,164146.0,161058.0,159334.0,158551.0,157551.0,157091.0,156803.0,156020.0,154790.0,154719.0,154909.0,156216.0,156943.0,157436.0,158569.0,159722.0,161774.0,162581.0,163884.0,164176.0,165258.0,165232.0,165410.0,165594.0,165649.0,165456.0,166227.0,166767.0,167047.0,167910.0,168444.0,168912.0,169782.0,170924.0,171647.0,172085.0,173183.0,174554.0,176402.0,177327.0,178107.0,178567.0,177964.0,176850.0,176496.0,175894.0,176166.0,176571.0,178291.0,179518.0,180971.0,182880.0
CH025,3,Jura,2024,TOTAL,TOTAL,NR,57187.0,57885.0,59486.0,60898.0,62087.0,62949.0,63539.0,64278.0,65133.0,65918.0,66616.0,66879.0,66900.0,67076.0,67185.0,67137.0,66312.0,65531.0,65108.0,64767.0,64565.0,64311.0,64294.0,64460.0,64372.0,64431.0,64645.0,64711.0,64645.0,64681.0,64942.0,66789.0,67528.0,68323.0,68626.0,68979.0,69261.0,68948.0,68964.0,68995.0,68818.0,68923.0,68930.0,69074.0,69064.0,69091.0,69110.0,69292.0,69555.0,69822.0,70134.0,70032.0,70542.0,70942.0,71738.0,72410.0,72782.0,73122.0,73290.0,73419.0,73584.0,73709.0,73798.0,73865.0,74548.0,74840.0,75446.0,76242.0
CH031,3,Basel-Stadt,2024,TOTAL,TOTAL,NR,199663.0,202101.0,207692.0,212622.0,216773.0,219784.0,221844.0,224424.0,227408.0,230150.0,232587.0,233506.0,230356.0,229264.0,227059.0,224297.0,220685.0,215249.0,211518.0,208309.0,205574.0,203598.0,202121.0,201139.0,199203.0,197470.0,195858.0,194340.0,192559.0,190854.0,190347.0,193828.0,195647.0,196634.0,197403.0,197054.0,195759.0,194913.0,193053.0,190505.0,188458.0,187422.0,186469.0,186719.0,186653.0,186753.0,185601.0,184822.0,185227.0,186672.0,187898.0,184950.0,186255.0,187425.0,189335.0,190580.0,191817.0,193070.0,193908.0,194766.0,195844.0,196735.0,196036.0,196786.0,200031.0,201384.0,203014.0,205155.0
CH032,3,Basel-Landschaft,2024,TOTAL,TOTAL,NR,171044.0,173132.0,177921.0,182145.0,185701.0,188280.0,190045.0,192255.0,194811.0,197160.0,199247.0,200034.0,203237.0,207187.0,211201.0,213956.0,213986.0,213470.0,214136.0,215419.0,216976.0,218975.0,220053.0,221167.0,222155.0,223492.0,224972.0,225836.0,227126.0,228151.0,229030.0,231303.0,232333.0,233151.0,250380.0,251259.0,252331.0,253911.0,255305.0,256761.0,258602.0,259634.0,261083.0,262949.0,264402.0,265305.0,266089.0,267166.0,269145.0,271214.0,272815.0,274404.0,275360.0,276537.0,278656.0,281301.0,283231.0,285624.0,287023.0,288132.0,289468.0,290969.0,292817.0,294417.0,298837.0,301323.0,303762.0,306966.0
CH033,3,Aargau,2024,TOTAL,TOTAL,NR,364624.0,369076.0,379286.0,388290.0,395871.0,401370.0,405132.0,409844.0,415293.0,420300.0,424750.0,426428.0,430611.0,436261.0,441650.0,445500.0,441946.0,440075.0,440998.0,443739.0,447021.0,450794.0,455379.0,458992.0,461968.0,464626.0,468163.0,472685.0,478511.0,484308.0,490412.0,498035.0,506818.0,511979.0,518945.0,523114.0,528887.0,531665.0,534028.0,536462.0,540639.0,543685.0,550298.0,555782.0,560674.0,565122.0,569344.0,574813.0,581562.0,591632.0,600040.0,611466.0,618298.0,627340.0,636362.0,645277.0,653675.0,663462.0,670988.0,678207.0,685845.0,694072.0,703086.0,711232.0,726894.0,735808.0,741764.0,749587.0
CH040,3,Zürich,2024,TOTAL,TOTAL,NR,933917.0,945319.0,971470.0,994531.0,1013949.0,1028033.0,1037668.0,1049736.0,1063693.0,1076518.0,1087916.0,1092213.0,1099732.0,1110395.0,1119276.0,1124225.0,1117622.0,1109126.0,1107266.0,1109774.0,1115356.0,1120815.0,1123840.0,1127659.0,1124690.0,1126848.0,1128248.0,1131484.0,1136566.0,1141494.0,1144899.0,1143249.0,1151718.0,1158077.0,1162083.0,1168567.0,1175457.0,1178848.0,1181614.0,1187609.0,1198569.0,1211647.0,1226931.0,1241312.0,1249893.0,1261810.0,1272590.0,1284052.0,1307567.0,1332727.0,1351297.0,1373068.0,1392396.0,1408575.0,1425538.0,1446354.0,1466424.0,1487969.0,1504346.0,1520968.0,1539275.0,1553423.0,1564662.0,1579967.0,1605508.0,1620020.0,1633132.0,1650356.0
CH051,3,Glarus,2024,TOTAL,TOTAL,NR,32305.0,32699.0,33604.0,34402.0,35074.0,35561.0,35894.0,36311.0,36794.0,37238.0,37632.0,37781.0,37583.0,37542.0,37648.0,37556.0,36912.0,36509.0,36266.0,36081.0,36021.0,36138.0,36249.0,36196.0,36240.0,36423.0,36419.0,36580.0,36674.0,36953.0,37253.0,38200.0,38720.0,38976.0,39138.0,39388.0,39410.0,39161.0,38735.0,38698.0,38708.0,38196.0,38216.0,38322.0,38502.0,38317.0,38173.0,38084.0,38237.0,38370.0,38479.0,38608.0,39217.0,39369.0,39593.0,39794.0,40028.0,40147.0,40349.0,40403.0,40590.0,40851.0,41190.0,41471.0,42056.0,42371.0,42714.0,43164.0
CH052,3,Schaffhausen,2024,TOTAL,TOTAL,NR,61546.0,62297.0,64020.0,65540.0,66820.0,67748.0,68383.0,69178.0,70098.0,70943.0,71694.0,71977.0,72081.0,72198.0,72047.0,71853.0,70716.0,69721.0,69231.0,69006.0,68849.0,69043.0,69610.0,69735.0,69650.0,69630.0,69643.0,69781.0,70094.0,70317.0,70949.0,71677.0,72457.0,73028.0,73588.0,73894.0,74035.0,73835.0,73741.0,73725.0,73552.0,73025.0,73229.0,73834.0,73968.0,73788.0,73764.0,73866.0,74527.0,75303.0,75657.0,76356.0,77139.0,77955.0,78783.0,79417.0,79836.0,80769.0,81351.0,81991.0,82348.0,83107.0,83995.0,85214.0,87111.0,88667.0,89385.0,90328.0
CH053,3,Appenzell Ausserrhoden,2024,TOTAL,TOTAL,NR,41357.0,41862.0,43020.0,44041.0,44901.0,45525.0,45952.0,46486.0,47104.0,47672.0,48177.0,48367.0,48286.0,48324.0,48187.0,47984.0,47602.0,47074.0,46916.0,46910.0,46940.0,47185.0,47702.0,48223.0,48582.0,48803.0,49140.0,49342.0,49782.0,50328.0,50882.0,51553.0,52437.0,53449.0,54087.0,54227.0,54104.0,54136.0,54011.0,53816.0,53737.0,53479.0,53138.0,53097.0,52976.0,52841.0,52561.0,52509.0,52654.0,53054.0,53043.0,53017.0,53313.0,53438.0,53691.0,54064.0,54543.0,54954.0,55178.0,55234.0,55445.0,55309.0,55585.0,55759.0,56495.0,56705.0,57164.0,57767.0
CH054,3,Appenzell Innerrhoden,2024,TOTAL,TOTAL,NR,11097.0,11234.0,11545.0,11819.0,12050.0,12217.0,12331.0,12474.0,12640.0,12792.0,12927.0,12978.0,12961.0,13031.0,13004.0,13003.0,12865.0,12853.0,12791.0,12771.0,12742.0,12757.0,12781.0,12904.0,13014.0,13042.0,13128.0,13137.0,13140.0,13333.0,13504.0,14108.0,14251.0,14548.0,14680.0,14742.0,14750.0,14833.0,14887.0,14873.0,14946.0,15012.0,14977.0,14985.0,15010.0,15029.0,15220.0,15300.0,15471.0,15549.0,15681.0,15688.0,15743.0,15717.0,15778.0,15854.0,15974.0,16003.0,16105.0,16145.0,16128.0,16293.0,16360.0,16416.0,16585.0,16733.0,16868.0,17046.0
CH055,3,St. Gallen,2024,TOTAL,TOTAL,NR,324831.0,328797.0,337893.0,345914.0,352668.0,357566.0,360917.0,365114.0,369968.0,374429.0,378393.0,379888.0,382224.0,385087.0,387960.0,390179.0,386716.0,384442.0,384480.0,385123.0,386179.0,388975.0,391671.0,394387.0,396520.0,398626.0,401216.0,403931.0,407012.0,410773.0,414718.0,421176.0,427648.0,432819.0,436967.0,440744.0,442350.0,443839.0,443880.0,444891.0,447609.0,450239.0,452904.0,455251.0,457289.0,458821.0,459999.0,461810.0,465937.0,471152.0,474676.0,478907.0,483156.0,487060.0,491699.0,495824.0,499065.0,502552.0,504686.0,507697.0,510734.0,514504.0,519245.0,525967.0,535114.0,540036.0,544407.0,550149.0
CH056,3,Graubünden,2024,TOTAL,TOTAL,NR,134043.0,135680.0,139433.0,142743.0,145530.0,147551.0,148934.0,150666.0,152669.0,154510.0,156146.0,156763.0,157184.0,158204.0,158950.0,159677.0,159622.0,159457.0,159328.0,159230.0,159791.0,161253.0,162582.0,163503.0,163949.0,164836.0,165589.0,166494.0,167143.0,167904.0,169005.0,173523.0,176188.0,179279.0,181957.0,184155.0,185063.0,185999.0,185532.0,186118.0,186026.0,185889.0,185225.0,185771.0,186943.0,187812.0,187803.0,187920.0,188762.0,190459.0,191861.0,192621.0,193388.0,193920.0,194959.0,195886.0,196610.0,197550.0,197888.0,198379.0,199021.0,200096.0,201376.0,202538.0,204888.0,206138.0,207806.0,209998.0
CH057,3,Thurgau,2024,TOTAL,TOTAL,NR,153938.0,155817.0,160128.0,163929.0,167130.0,169451.0,171039.0,173028.0,175327.0,177441.0,179320.0,180028.0,180618.0,182091.0,184108.0,184705.0,182416.0,181028.0,180895.0,181097.0,181568.0,182677.0,184872.0,186557.0,187706.0,189155.0,190699.0,192439.0,195219.0,198371.0,201620.0,206320.0,210542.0,213167.0,217129.0,220335.0,223372.0,224822.0,225395.0,226479.0,227285.0,227481.0,228206.0,229904.0,231836.0,232978.0,234332.0,235764.0,238316.0,241811.0,244805.0,248444.0,251973.0,256213.0,260278.0,263733.0,267429.0,270709.0,273801.0,276472.0,279547.0,282909.0,285964.0,289650.0,295220.0,299509.0,301933.0,305117.0
CH061,3,Luzern,2024,TOTAL,TOTAL,NR,245963.0,248966.0,255853.0,261926.0,267040.0,270749.0,273285.0,276463.0,280139.0,283517.0,286519.0,287651.0,289900.0,292092.0,293814.0,295017.0,293441.0,292358.0,292396.0,292620.0,293197.0,294421.0,296378.0,298597.0,300237.0,302245.0,303901.0,306132.0,308741.0,311761.0,314837.0,321424.0,326283.0,331830.0,335385.0,337941.0,340536.0,341809.0,342916.0,343254.0,345357.0,346473.0,350017.0,351889.0,353175.0,354731.0,356384.0,359110.0,363475.0,368742.0,372964.0,377610.0,381966.0,386082.0,390349.0,394604.0,398762.0,403397.0,406506.0,409557.0,413120.0,416347.0,420326.0,424851.0,432744.0,437944.0,441489.0,446145.0
CH062,3,Uri,2024,TOTAL,TOTAL,NR,28456.0,28803.0,29600.0,30303.0,30895.0,31324.0,31618.0,31986.0,32411.0,32802.0,33149.0,33280.0,33466.0,33672.0,33903.0,34020.0,33848.0,33880.0,33988.0,33713.0,33546.0,33523.0,33471.0,33595.0,33552.0,33589.0,33517.0,33456.0,33435.0,33544.0,33511.0,35029.0,35363.0,35544.0,35727.0,35933.0,35876.0,35861.0,35769.0,35612.0,35487.0,35190.0,34992.0,35209.0,35118.0,35083.0,35087.0,34948.0,34989.0,35162.0,35335.0,35422.0,35382.0,35693.0,35865.0,36008.0,35973.0,36145.0,36299.0,36433.0,36703.0,36819.0,37047.0,37317.0,37931.0,38275.0,38585.0,38992.0
CH063,3,Schwyz,2024,TOTAL,TOTAL,NR,77701.0,78650.0,80826.0,82745.0,84361.0,85533.0,86335.0,87339.0,88500.0,89567.0,90515.0,90871.0,92028.0,93097.0,94142.0,94800.0,94700.0,94490.0,94824.0,95132.0,95667.0,96597.0,97519.0,98566.0,99834.0,100875.0,102063.0,103358.0,104634.0,106409.0,108063.0,111075.0,113553.0,116090.0,118528.0,120576.0,122409.0,123788.0,125149.0,126479.0,128248.0,128855.0,131264.0,133227.0,134903.0,135989.0,137522.0,138832.0,141024.0,143719.0,144686.0,146730.0,147904.0,149830.0,151396.0,152759.0,154093.0,155863.0,157301.0,159165.0,160480.0,162157.0,163689.0,164920.0,167403.0,168931.0,170298.0,172094.0
CH064,3,Obwalden,2024,TOTAL,TOTAL,NR,20874.0,21129.0,21714.0,22229.0,22663.0,22978.0,23193.0,23463.0,23775.0,24062.0,24317.0,24413.0,24677.0,24862.0,25057.0,25233.0,25229.0,25257.0,25343.0,25356.0,25488.0,25731.0,26191.0,26569.0,26813.0,27046.0,27330.0,27594.0,27749.0,27896.0,28323.0,29017.0,29712.0,30247.0,30837.0,30958.0,31310.0,31440.0,31831.0,31989.0,32225.0,32356.0,32678.0,32961.0,33142.0,33162.0,33269.0,33755.0,33997.0,34429.0,35032.0,35585.0,35885.0,36115.0,36507.0,36834.0,37076.0,37378.0,37575.0,37841.0,37930.0,38108.0,38435.0,38700.0,39272.0,39662.0,39983.0,40405.0
CH065,3,Nidwalden,2024,TOTAL,TOTAL,NR,21619.0,21883.0,22488.0,23022.0,23470.0,23796.0,24019.0,24298.0,24621.0,24918.0,25182.0,25281.0,25592.0,25941.0,26320.0,26651.0,26834.0,27046.0,27423.0,27695.0,27982.0,28321.0,28888.0,29278.0,29765.0,30153.0,30601.0,31041.0,31347.0,31619.0,32030.0,33678.0,34344.0,34866.0,35393.0,35983.0,36466.0,36794.0,37232.0,37320.0,37657.0,37810.0,38389.0,38736.0,39070.0,39497.0,39803.0,40012.0,40287.0,40737.0,40794.0,41024.0,41311.0,41584.0,41888.0,42080.0,42420.0,42556.0,42969.0,43223.0,43087.0,43520.0,43894.0,44420.0,45016.0,45345.0,45712.0,46194.0
CH066,3,Zug,2024,TOTAL,TOTAL,NR,57808.0,58514.0,60133.0,61560.0,62762.0,63634.0,64230.0,64977.0,65841.0,66635.0,67341.0,67607.0,68912.0,70029.0,71149.0,72093.0,72141.0,72442.0,73231.0,73868.0,74691.0,75677.0,76348.0,77184.0,77864.0,78978.0,80273.0,81634.0,82790.0,83419.0,84009.0,84412.0,85882.0,87065.0,88583.0,90412.0,92392.0,93737.0,95098.0,96517.0,97758.0,99714.0,101022.0,102407.0,103642.0,105244.0,106496.0,107171.0,109141.0,110384.0,110890.0,113105.0,115104.0,116575.0,118118.0,120089.0,122134.0,123948.0,125421.0,126837.0,127642.0,128794.0,129787.0,131164.0,132556.0,133739.0,134822.0,136244.0
CH070,3,Ticino,2024,TOTAL,TOTAL,NR,206032.0,208547.0,214316.0,219404.0,223688.0,226795.0,228921.0,231583.0,234662.0,237491.0,240005.0,240953.0,247175.0,252078.0,253423.0,255746.0,257832.0,258500.0,260298.0,261994.0,263624.0,265588.0,268748.0,271233.0,272178.0,273528.0,275261.0,277220.0,278647.0,280630.0,283023.0,286744.0,290000.0,294108.0,297955.0,302131.0,305199.0,304830.0,305588.0,306179.0,308498.0,310215.0,312528.0,315256.0,317315.0,319931.0,322276.0,324851.0,328580.0,332736.0,335720.0,333753.0,336943.0,341652.0,346539.0,350363.0,351946.0,354375.0,353709.0,353343.0,351491.0,350986.0,352181.0,354023.0,357720.0,358903.0,361808.0,365624.0
CY000,3,Kypros,2024,TOTAL,TOTAL,NR,441056.0,442519.0,444598.0,448294.0,451990.0,454916.0,458227.0,461615.0,465311.0,469238.0,473165.0,477400.0,483098.0,488796.0,485100.0,505700.0,497879.0,497600.0,498000.0,501300.0,505800.0,512300.0,522845.0,524623.0,531518.0,538397.0,544605.0,550888.0,556584.0,562693.0,572655.0,587141.0,603069.0,619231.0,632944.0,645399.0,656333.0,666313.0,675215.0,682862.0,690497.0,697549.0,705539.0,713720.0,722893.0,733067.0,744013.0,757916.0,776333.0,796930.0,819140.0,839751.0,862011.0,862854.0,860032.0,860846.0,863764.0,869878.0,878601.0,890194.0,902429.0,914476.0,929764.0,949084.0,966365.0,982966.0,996571.0,1012574.0
CZ010,3,Hlavní mesto Praha,2024,TOTAL,TOTAL,NR,1140497.0,1132016.0,1134914.0,1137100.0,1141853.0,1146614.0,1150015.0,1152420.0,1153486.0,1153898.0,1154200.0,1140931.0,1143555.0,1147682.0,1153487.0,1160263.0,1166950.0,1173030.0,1178179.0,1182963.0,1186907.0,1182839.0,1187634.0,1192089.0,1195696.0,1199542.0,1203284.0,1206720.0,1210464.0,1214577.0,1217820.0,1214047.0,1216889.0,1217315.0,1217023.0,1214584.0,1209855.0,1204953.0,1200455.0,1193270.0,1186855.0,1170476.0,1157876.0,1157443.0,1158738.0,1161334.0,1169892.0,1173933.0,1195521.0,1214300.0,1227932.0,1230983.0,1233337.0,1234742.0,1234440.0,1237632.0,1239604.0,1242695.0,1246534.0,1251396.0,1256793.0,1259413.0,1275406.0,1357326.0,1384732.0,1397880.0,1398692.0,1401366.0
CZ020,3,Stredoceský kraj,2024,TOTAL,TOTAL,NR,1150196.0,1141643.0,1142493.0,1142607.0,1145279.0,1147937.0,1149212.0,1149471.0,1148385.0,1146635.0,1144764.0,1129452.0,1130112.0,1132242.0,1136005.0,1140698.0,1145276.0,1149232.0,1152251.0,1154892.0,1156692.0,1150680.0,1148616.0,1146204.0,1142966.0,1139948.0,1136821.0,1133399.0,1130260.0,1127455.0,1123836.0,1113777.0,1111244.0,1110114.0,1108935.0,1108007.0,1106738.0,1105234.0,1105964.0,1108465.0,1111354.0,1121591.0,1123895.0,1128603.0,1135690.0,1143925.0,1157881.0,1174964.0,1201524.0,1230405.0,1247330.0,1258886.0,1269733.0,1279593.0,1287659.0,1299354.0,1309771.0,1321369.0,1333776.0,1347302.0,1361439.0,1372588.0,1386824.0,1439391.0,1455940.0,1466215.0,1467067.0,1469872.0
CZ031,3,Jihocecký kraj,2024,TOTAL,TOTAL,NR,577569.0,573274.0,574734.0,575833.0,578233.0,580636.0,582351.0,583560.0,584094.0,584295.0,584439.0,577712.0,580419.0,583900.0,588251.0,593115.0,597953.0,602500.0,606585.0,610498.0,613992.0,613344.0,615163.0,616804.0,618005.0,619329.0,620598.0,621708.0,622977.0,624434.0,625444.0,622854.0,624111.0,625097.0,626324.0,626879.0,626519.0,626257.0,626051.0,626116.0,625886.0,625293.0,624223.0,624394.0,624488.0,624302.0,626000.0,627899.0,630870.0,633679.0,634814.0,635062.0,634949.0,634349.0,632877.0,633198.0,632894.0,633162.0,633809.0,634973.0,636402.0,636422.0,637047.0,652303.0,654505.0,653227.0,653608.0,654858.0
CZ032,3,Plzenský kraj,2024,TOTAL,TOTAL,NR,553688.0,549571.0,550652.0,551386.0,553361.0,555336.0,556649.0,557476.0,557656.0,557516.0,557321.0,550576.0,551562.0,553271.0,555785.0,558763.0,561694.0,564330.0,566514.0,568520.0,570118.0,567868.0,567744.0,567451.0,566751.0,566160.0,565517.0,564729.0,564081.0,563603.0,562717.0,558603.0,557444.0,556837.0,557147.0,556857.0,555758.0,554748.0,553788.0,553071.0,552096.0,550804.0,549492.0,549143.0,549769.0,549155.0,550931.0,553820.0,560286.0,568798.0,571020.0,571595.0,571847.0,571659.0,570684.0,571325.0,571404.0,571998.0,572935.0,574339.0,575986.0,576358.0,578707.0,605388.0,613374.0,614640.0,614997.0,616173.0
CZ041,3,Karlovarský kraj,2024,TOTAL,TOTAL,NR,282768.0,280665.0,282879.0,284927.0,287634.0,290359.0,292757.0,294914.0,296739.0,298403.0,300044.0,298146.0,299095.0,300440.0,302227.0,304272.0,306297.0,308166.0,309795.0,311330.0,312647.0,311854.0,311331.0,310713.0,309872.0,309090.0,308279.0,307388.0,306573.0,305850.0,304905.0,302213.0,303180.0,303987.0,304414.0,304692.0,304867.0,305126.0,305443.0,305887.0,306169.0,304433.0,303371.0,303521.0,303179.0,303132.0,302418.0,302347.0,304823.0,305406.0,304305.0,302605.0,300733.0,298633.0,296127.0,294463.0,292509.0,290819.0,289300.0,288011.0,286835.0,285020.0,283210.0,293595.0,295077.0,293195.0,293365.0,293926.0
CZ042,3,Ústecký kraj,2024,TOTAL,TOTAL,NR,787948.0,782089.0,784931.0,787288.0,791430.0,795587.0,798810.0,801347.0,802962.0,804124.0,805212.0,796826.0,799256.0,802742.0,807409.0,812762.0,818062.0,822945.0,827182.0,831170.0,834574.0,832345.0,832759.0,832927.0,832497.0,832230.0,831886.0,831328.0,830980.0,830880.0,830182.0,824717.0,824433.0,825174.0,825576.0,825575.0,825293.0,825242.0,825346.0,825796.0,825805.0,820380.0,818718.0,818213.0,818577.0,819010.0,819172.0,818408.0,825512.0,829481.0,829120.0,826756.0,823924.0,820460.0,815877.0,813612.0,810543.0,808205.0,806347.0,805139.0,804257.0,801586.0,798898.0,812337.0,811169.0,808356.0,808826.0,810372.0
CZ051,3,Liberecký kraj,2024,TOTAL,TOTAL,NR,384331.0,381473.0,382184.0,382654.0,383985.0,385315.0,386186.0,386719.0,386803.0,386665.0,386488.0,381770.0,384141.0,387030.0,390502.0,394322.0,398133.0,401758.0,405082.0,408299.0,411240.0,411409.0,413346.0,415164.0,416689.0,418297.0,419868.0,421334.0,422907.0,424609.0,426008.0,424951.0,425959.0,427405.0,428303.0,428468.0,428515.0,428617.0,428623.0,428737.0,428565.0,428247.0,427165.0,426857.0,427009.0,426600.0,427821.0,429343.0,432312.0,435507.0,437070.0,437181.0,437044.0,436572.0,435499.0,435661.0,435393.0,435518.0,435904.0,436644.0,437568.0,437522.0,437570.0,449177.0,450728.0,449494.0,449755.0,450615.0
CZ052,3,Královéhradecký kraj,2024,TOTAL,TOTAL,NR,544521.0,540472.0,541434.0,542054.0,543893.0,545731.0,546917.0,547626.0,547697.0,547454.0,547156.0,540429.0,541769.0,543823.0,546673.0,549983.0,553254.0,556238.0,558781.0,561153.0,563127.0,561300.0,561274.0,561080.0,560484.0,559997.0,559458.0,558774.0,558231.0,557855.0,557077.0,553101.0,553439.0,554055.0,554682.0,554359.0,553885.0,553486.0,552961.0,552579.0,551827.0,550892.0,549268.0,548306.0,547368.0,547024.0,548024.0,549250.0,551785.0,554097.0,554027.0,553225.0,552110.0,550571.0,548279.0,547541.0,546265.0,545480.0,545021.0,545003.0,545209.0,544205.0,542583.0,555267.0,556949.0,555923.0,556246.0,557310.0
CZ053,3,Pardubický kraj,2024,TOTAL,TOTAL,NR,486428.0,482811.0,484267.0,485421.0,487674.0,489932.0,491611.0,492866.0,493552.0,493958.0,494316.0,488862.0,490534.0,492856.0,495904.0,499377.0,502820.0,506008.0,508802.0,511445.0,513730.0,512548.0,512908.0,513117.0,512958.0,512899.0,512793.0,512556.0,512447.0,512492.0,512169.0,508903.0,509283.0,510297.0,510985.0,510799.0,510473.0,510214.0,509840.0,509598.0,509015.0,508261.0,507050.0,506270.0,505091.0,504754.0,505370.0,506982.0,510534.0,514261.0,515370.0,515366.0,515069.0,514378.0,512979.0,513035.0,512585.0,512597.0,512916.0,513652.0,514603.0,514413.0,514518.0,528761.0,530560.0,530469.0,530777.0,531792.0
CZ063,3,Kraj Vysocina,2024,TOTAL,TOTAL,NR,484224.0,480623.0,482076.0,483229.0,485475.0,487727.0,489402.0,490656.0,491342.0,491750.0,492111.0,486685.0,488227.0,490415.0,493324.0,496654.0,499953.0,502997.0,505647.0,508145.0,510287.0,508985.0,510180.0,511225.0,511906.0,512689.0,513425.0,514030.0,514765.0,515657.0,516177.0,513729.0,514227.0,514917.0,515662.0,516202.0,516144.0,515980.0,515830.0,515809.0,515546.0,512233.0,511002.0,510069.0,509694.0,509045.0,509437.0,510071.0,511867.0,513386.0,512788.0,512073.0,511069.0,509673.0,507578.0,506924.0,505770.0,505071.0,504675.0,504686.0,504905.0,504004.0,504025.0,514777.0,517960.0,517647.0,517948.0,518938.0
CZ064,3,Jihomoravský kraj,2024,TOTAL,TOTAL,NR,1069076.0,1061126.0,1065340.0,1068897.0,1074881.0,1080891.0,1085635.0,1089452.0,1092016.0,1093965.0,1095815.0,1084770.0,1088940.0,1094556.0,1101791.0,1109975.0,1118098.0,1125663.0,1132355.0,1138716.0,1144285.0,1142134.0,1143981.0,1145493.0,1146186.0,1147104.0,1147918.0,1148439.0,1149249.0,1150406.0,1150736.0,1144451.0,1145287.0,1147649.0,1148474.0,1148840.0,1147874.0,1146677.0,1145511.0,1144632.0,1143215.0,1135045.0,1132200.0,1130156.0,1131603.0,1132975.0,1133821.0,1136827.0,1145726.0,1153392.0,1159205.0,1161386.0,1162909.0,1163540.0,1162563.0,1164877.0,1166044.0,1168262.0,1171183.0,1175063.0,1179444.0,1181216.0,1184568.0,1217200.0,1226749.0,1229343.0,1230057.0,1232409.0
CZ071,3,Olomoucký kraj,2024,TOTAL,TOTAL,NR,604270.0,599777.0,602394.0,604642.0,608265.0,611905.0,614831.0,617234.0,618929.0,620277.0,621569.0,615545.0,617945.0,621167.0,625307.0,629986.0,634632.0,638961.0,642795.0,646441.0,649639.0,648453.0,649281.0,649917.0,650089.0,650388.0,650628.0,650701.0,650938.0,651372.0,651336.0,647558.0,647911.0,649757.0,650773.0,651204.0,648102.0,647417.0,646430.0,645539.0,644769.0,644066.0,642448.0,640492.0,639672.0,638079.0,637477.0,637896.0,639522.0,639660.0,639418.0,638207.0,636634.0,634573.0,631645.0,630508.0,628750.0,627559.0,626742.0,626431.0,626376.0,624931.0,622930.0,631802.0,632864.0,631500.0,631867.0,633075.0
CZ072,3,Zlínský kraj,2024,TOTAL,TOTAL,NR,536005.0,532019.0,534797.0,537251.0,540932.0,544633.0,547703.0,550311.0,552291.0,553964.0,555588.0,550670.0,553904.0,557883.0,562700.0,568016.0,573317.0,578348.0,582943.0,587381.0,591421.0,591474.0,592863.0,594078.0,594870.0,595780.0,596636.0,597340.0,598195.0,599231.0,599837.0,596992.0,598110.0,599586.0,600610.0,601095.0,598319.0,597773.0,596947.0,596211.0,595586.0,595023.0,593940.0,592884.0,591516.0,590240.0,589568.0,589184.0,590096.0,590777.0,590513.0,589085.0,587322.0,585111.0,582099.0,580741.0,578809.0,577399.0,576333.0,575731.0,575364.0,573718.0,572432.0,580531.0,580744.0,578998.0,579334.0,580442.0
CZ080,3,Moravskoslezský kraj,2024,TOTAL,TOTAL,NR,1036319.0,1028613.0,1044034.0,1058902.0,1076284.0,1093826.0,1110208.0,1125740.0,1140054.0,1153782.0,1167451.0,1167293.0,1174503.0,1183295.0,1193865.0,1205502.0,1217112.0,1228151.0,1238272.0,1248059.0,1257010.0,1257484.0,1261385.0,1264924.0,1267557.0,1270447.0,1273224.0,1275673.0,1278450.0,1281613.0,1283858.0,1278711.0,1281031.0,1283507.0,1285105.0,1285600.0,1289002.0,1287413.0,1285936.0,1283911.0,1281410.0,1265283.0,1260534.0,1256298.0,1252953.0,1249280.0,1245765.0,1243309.0,1243044.0,1242634.0,1239176.0,1234321.0,1228765.0,1222271.0,1214113.0,1209404.0,1203502.0,1198686.0,1194580.0,1191430.0,1188758.0,1183440.0,1177989.0,1189674.0,1189204.0,1182613.0,1183300.0,1185562.0
DE111,3,"Stuttgart, Stadtkreis",2024,TOTAL,TOTAL,NR,626188.0,630882.0,632146.0,634485.0,636309.0,637079.0,639466.0,639969.0,637490.0,637771.0,639691.0,634078.0,632420.0,628920.0,625124.0,618142.0,609267.0,601694.0,595358.0,589495.0,584716.0,580746.0,579826.0,577499.0,574657.0,571391.0,569970.0,569784.0,569591.0,572102.0,571684.0,579962.0,586913.0,591926.0,591970.0,589656.0,589072.0,588310.0,585586.0,583295.0,582443.0,583874.0,583906.0,583930.0,583948.0,583960.0,583962.0,583957.0,583949.0,583927.0,583900.0,583868.0,591015.0,597939.0,604297.0,612441.0,623738.0,628032.0,632743.0,634830.0,635911.0,630305.0,626275.0,612041.0,613111.0,612663.0,611856.0,610624.0
DE112,3,Böblingen,2024,TOTAL,TOTAL,NR,185004.0,186391.0,194079.0,202227.0,210349.0,218245.0,226826.0,234869.0,241889.0,250028.0,258938.0,264853.0,270495.0,275410.0,280236.0,283639.0,286124.0,289164.0,292768.0,296593.0,300970.0,305791.0,308180.0,309816.0,311160.0,312255.0,314345.0,317119.0,319897.0,324217.0,326900.0,334604.0,341461.0,347265.0,350196.0,351735.0,354310.0,356787.0,358074.0,359617.0,362048.0,364987.0,364856.0,364720.0,364581.0,364438.0,364292.0,364141.0,363986.0,363828.0,363666.0,363500.0,364458.0,367208.0,370392.0,374279.0,381281.0,385888.0,389548.0,391640.0,392807.0,392898.0,393195.0,391368.0,394261.0,395167.0,394647.0,393852.0
DE113,3,Esslingen,2024,TOTAL,TOTAL,NR,332014.0,334503.0,343966.0,354169.0,364251.0,373877.0,384610.0,394366.0,402371.0,412203.0,423249.0,429377.0,434969.0,439359.0,443585.0,445557.0,446111.0,447559.0,449894.0,452575.0,456095.0,460275.0,461592.0,461784.0,461554.0,460969.0,461863.0,463760.0,465657.0,469782.0,471518.0,480459.0,487893.0,493760.0,495507.0,495282.0,496512.0,497597.0,497024.0,496811.0,497826.0,500666.0,500878.0,501083.0,501281.0,501471.0,501654.0,501830.0,501999.0,502161.0,502315.0,502462.0,504961.0,508577.0,512279.0,516779.0,524127.0,528792.0,532447.0,533859.0,535024.0,533617.0,533388.0,533434.0,536027.0,536601.0,535895.0,534816.0
DE114,3,Göppingen,2024,TOTAL,TOTAL,NR,200068.0,201568.0,204316.0,207452.0,210465.0,213168.0,216454.0,219145.0,220837.0,223508.0,226795.0,227428.0,229108.0,230143.0,231084.0,230850.0,229891.0,229402.0,229375.0,229525.0,230100.0,231003.0,231857.0,232145.0,232220.0,232116.0,232755.0,233900.0,235045.0,237316.0,238382.0,243094.0,247321.0,250766.0,252125.0,252481.0,253580.0,254606.0,254783.0,255145.0,256136.0,256792.0,255874.0,254957.0,254042.0,253128.0,252216.0,251305.0,250395.0,249487.0,248580.0,247675.0,247194.0,247835.0,248813.0,250117.0,252749.0,254618.0,256345.0,257253.0,258145.0,258781.0,259046.0,257269.0,259232.0,258809.0,258468.0,257947.0
DE115,3,Ludwigsburg,2024,TOTAL,TOTAL,NR,308818.0,311133.0,320199.0,329960.0,339612.0,348843.0,359111.0,368471.0,376197.0,385634.0,396211.0,402184.0,407885.0,412462.0,416889.0,419198.0,420169.0,421978.0,424623.0,427592.0,431354.0,435743.0,438030.0,439247.0,440059.0,440524.0,442398.0,445233.0,448072.0,453062.0,455756.0,465432.0,474077.0,481237.0,484402.0,485641.0,488309.0,490839.0,491732.0,492978.0,495443.0,497764.0,498943.0,500111.0,501266.0,502409.0,503541.0,504660.0,505768.0,506863.0,507947.0,509018.0,512086.0,516748.0,521633.0,526377.0,534074.0,537902.0,542630.0,543984.0,545423.0,544971.0,544679.0,532109.0,534808.0,535374.0,534669.0,533592.0
DE116,3,Rems-Murr-Kreis,2024,TOTAL,TOTAL,NR,261167.0,263125.0,270158.0,277766.0,285272.0,292414.0,300415.0,307647.0,313508.0,320791.0,329013.0,333408.0,337633.0,340924.0,344087.0,345500.0,345816.0,346826.0,348524.0,350489.0,353104.0,356230.0,358132.0,359159.0,359853.0,360265.0,361828.0,364178.0,366531.0,370644.0,372878.0,380826.0,388100.0,394163.0,396957.0,398173.0,400562.0,402837.0,403769.0,404991.0,407213.0,409296.0,409065.0,408829.0,408590.0,408347.0,408100.0,407849.0,407594.0,407335.0,407073.0,406806.0,407150.0,408827.0,411025.0,414016.0,419456.0,422698.0,424878.0,426158.0,427248.0,427286.0,427316.0,438079.0,440103.0,440696.0,440116.0,439229.0
DE117,3,"Heilbronn, Stadtkreis",2024,TOTAL,TOTAL,NR,97279.0,98008.0,99728.0,101644.0,103506.0,105223.0,107234.0,108956.0,110186.0,111907.0,113943.0,114648.0,115045.0,115114.0,115134.0,114567.0,113643.0,112957.0,112499.0,112130.0,111967.0,111962.0,112181.0,112127.0,111972.0,111730.0,111848.0,112208.0,112569.0,113466.0,113787.0,115844.0,117581.0,118939.0,119304.0,119194.0,119434.0,119639.0,119445.0,119338.0,119526.0,119305.0,118913.0,118522.0,118131.0,117740.0,117350.0,116960.0,116571.0,116183.0,115795.0,115407.0,116716.0,117531.0,118122.0,119841.0,122567.0,123771.0,125113.0,125960.0,126592.0,126458.0,125613.0,129931.0,131653.0,131986.0,131812.0,131547.0
DE118,3,"Heilbronn, Landkreis",2024,TOTAL,TOTAL,NR,186306.0,187703.0,191522.0,195729.0,199841.0,203680.0,208098.0,211964.0,214876.0,218752.0,223251.0,225146.0,228413.0,231051.0,233606.0,234973.0,235591.0,236677.0,238232.0,239969.0,242151.0,244685.0,247051.0,248812.0,250337.0,251657.0,253778.0,256452.0,259130.0,263061.0,265666.0,272359.0,280445.0,287731.0,292671.0,296453.0,301110.0,305691.0,309253.0,313028.0,317578.0,320955.0,321160.0,321359.0,321554.0,321744.0,321929.0,322108.0,322283.0,322453.0,322618.0,322778.0,323168.0,324543.0,326035.0,329250.0,334388.0,337571.0,340772.0,343068.0,344456.0,346363.0,347798.0,351402.0,353609.0,353877.0,353411.0,352699.0
DE119,3,Hohenlohekreis,2024,TOTAL,TOTAL,NR,74559.0,75118.0,76057.0,77138.0,78173.0,79090.0,80223.0,81134.0,81674.0,82575.0,83702.0,83850.0,84341.0,84594.0,84811.0,84597.0,84118.0,83813.0,83676.0,83605.0,83688.0,83890.0,84655.0,85213.0,85690.0,86097.0,86779.0,87649.0,88521.0,89821.0,90667.0,92908.0,95513.0,97841.0,99369.0,100505.0,101936.0,103342.0,104402.0,105536.0,106930.0,107754.0,107709.0,107664.0,107617.0,107569.0,107520.0,107470.0,107418.0,107366.0,107313.0,107258.0,107200.0,107498.0,107866.0,108816.0,110181.0,110689.0,111392.0,112010.0,112655.0,112765.0,113318.0,114553.0,115335.0,115644.0,115492.0,115259.0
DE11A,3,Schwäbisch Hall,2024,TOTAL,TOTAL,NR,135441.0,136456.0,137847.0,139492.0,141044.0,142382.0,144102.0,145416.0,146064.0,147356.0,149045.0,148988.0,150019.0,150627.0,151173.0,150949.0,150253.0,149864.0,149777.0,149807.0,150113.0,150633.0,151742.0,152480.0,153075.0,153547.0,154510.0,155808.0,157109.0,159166.0,160418.0,164134.0,168288.0,171944.0,174188.0,175741.0,177813.0,179838.0,181263.0,182815.0,184819.0,185728.0,185804.0,185877.0,185947.0,186015.0,186080.0,186143.0,186203.0,186260.0,186314.0,186366.0,186427.0,186928.0,187682.0,188974.0,191614.0,192958.0,194203.0,195861.0,196761.0,197860.0,199398.0,198650.0,200597.0,200902.0,200638.0,200234.0
DE11B,3,Main-Tauber-Kreis,2024,TOTAL,TOTAL,NR,118551.0,119440.0,120423.0,121624.0,122740.0,123665.0,124918.0,125815.0,126134.0,127006.0,128218.0,127925.0,128018.0,127743.0,127410.0,126429.0,125057.0,123948.0,123092.0,122333.0,121799.0,121436.0,121932.0,122131.0,122217.0,122209.0,122591.0,123241.0,123890.0,125134.0,125742.0,128274.0,130721.0,132760.0,133699.0,134105.0,134907.0,135670.0,135981.0,136389.0,137135.0,137057.0,136421.0,135787.0,135154.0,134522.0,133892.0,133264.0,132636.0,132011.0,131387.0,130764.0,130431.0,129842.0,129857.0,130299.0,132181.0,132274.0,132189.0,132321.0,132399.0,132684.0,132956.0,132793.0,133459.0,133169.0,132994.0,132726.0
DE11C,3,Heidenheim,2024,TOTAL,TOTAL,NR,111577.0,112413.0,113940.0,115685.0,117359.0,118862.0,120689.0,122184.0,123122.0,124607.0,126434.0,126782.0,127273.0,127400.0,127474.0,126898.0,125927.0,125218.0,124762.0,124404.0,124276.0,124323.0,124805.0,124983.0,125046.0,125011.0,125378.0,126016.0,126655.0,127901.0,128498.0,131060.0,133207.0,134930.0,135529.0,135588.0,136046.0,136464.0,136428.0,136490.0,136890.0,136976.0,136069.0,135164.0,134263.0,133364.0,132468.0,131575.0,130684.0,129797.0,128912.0,128030.0,127691.0,127608.0,127947.0,128894.0,130527.0,131498.0,132006.0,132472.0,132777.0,132812.0,132958.0,134766.0,135241.0,135235.0,135057.0,134785.0
DE11D,3,Ostalbkreis,2024,TOTAL,TOTAL,NR,237951.0,239735.0,242952.0,246630.0,250160.0,253321.0,257175.0,260319.0,262277.0,265398.0,269249.0,269949.0,272110.0,273505.0,274791.0,274679.0,273703.0,273286.0,273417.0,273761.0,274610.0,275852.0,277251.0,277973.0,278438.0,278685.0,279823.0,281569.0,283317.0,286425.0,288081.0,294150.0,299636.0,304183.0,306206.0,307011.0,308720.0,310341.0,310928.0,311738.0,313318.0,314198.0,313449.0,312701.0,311952.0,311203.0,310453.0,309704.0,308954.0,308205.0,307455.0,306705.0,306425.0,306484.0,306933.0,308205.0,312650.0,311587.0,312422.0,314002.0,314025.0,314294.0,315009.0,316343.0,317263.0,317427.0,317009.0,316370.0
DE121,3,"Baden-Baden, Stadtkreis",2024,TOTAL,TOTAL,NR,50909.0,51291.0,51370.0,51537.0,51661.0,51699.0,51868.0,51884.0,51658.0,51655.0,51784.0,51304.0,51385.0,51318.0,51228.0,50878.0,50370.0,49968.0,49667.0,49406.0,49235.0,49134.0,49328.0,49401.0,49429.0,49419.0,49567.0,49822.0,50078.0,50574.0,50837.0,51829.0,52511.0,52998.0,53250.0,53179.0,52929.0,52940.0,52784.0,52660.0,52627.0,52729.0,52697.0,52664.0,52630.0,52596.0,52562.0,52527.0,52492.0,52456.0,52420.0,52383.0,52424.0,52585.0,53012.0,53342.0,54160.0,54307.0,54718.0,55123.0,55185.0,55449.0,55527.0,56094.0,56526.0,56881.0,56806.0,56692.0
DE122,3,"Karlsruhe, Stadtkreis",2024,TOTAL,TOTAL,NR,260834.0,262789.0,265520.0,268742.0,271788.0,274420.0,277788.0,280377.0,281681.0,284227.0,287541.0,287486.0,287601.0,286886.0,286042.0,283741.0,280564.0,277979.0,275962.0,274162.0,272867.0,271953.0,271864.0,271114.0,270121.0,268927.0,268599.0,268853.0,269105.0,270637.0,270916.0,275061.0,278451.0,280803.0,281905.0,281293.0,279740.0,279563.0,278501.0,277612.0,277204.0,278558.0,279652.0,280737.0,281814.0,282881.0,283940.0,284990.0,286030.0,287062.0,288086.0,289100.0,291995.0,296033.0,299103.0,300051.0,307755.0,309999.0,311919.0,313092.0,312060.0,308436.0,306502.0,306630.0,308197.0,309050.0,308643.0,308021.0
DE123,3,"Karlsruhe, Landkreis",2024,TOTAL,TOTAL,NR,273515.0,275565.0,281498.0,288005.0,294380.0,300357.0,307194.0,313221.0,317841.0,323890.0,330865.0,333985.0,338446.0,341972.0,345372.0,347016.0,347556.0,348791.0,350717.0,352913.0,355762.0,359127.0,360728.0,361448.0,361836.0,361941.0,363205.0,365258.0,367313.0,371129.0,373240.0,380707.0,388983.0,395902.0,401121.0,403926.0,405367.0,408799.0,410938.0,413326.0,416429.0,419555.0,420009.0,420455.0,420893.0,421325.0,421749.0,422165.0,422574.0,422976.0,423370.0,423757.0,424510.0,427106.0,429186.0,431315.0,435841.0,440337.0,442673.0,444232.0,445101.0,446852.0,448487.0,453378.0,455350.0,456264.0,455663.0,454745.0
DE124,3,Rastatt,2024,TOTAL,TOTAL,NR,155067.0,156229.0,159335.0,162761.0,166108.0,169227.0,172826.0,175964.0,178311.0,181456.0,185117.0,186619.0,187961.0,188773.0,189508.0,189279.0,188455.0,188019.0,187959.0,188046.0,188481.0,189184.0,190425.0,191201.0,191799.0,192244.0,193303.0,194782.0,196263.0,198688.0,200204.0,204599.0,209018.0,212706.0,215481.0,216958.0,217703.0,219517.0,220637.0,221891.0,223529.0,223328.0,223205.0,223079.0,222951.0,222822.0,222690.0,222556.0,222419.0,222281.0,222141.0,221998.0,222201.0,222472.0,223311.0,224687.0,227474.0,228907.0,230216.0,231018.0,231420.0,232091.0,232296.0,230698.0,231356.0,230737.0,230433.0,229969.0
DE125,3,"Heidelberg, Stadtkreis",2024,TOTAL,TOTAL,NR,132088.0,133078.0,133001.0,133144.0,133173.0,132975.0,133109.0,132844.0,131957.0,131638.0,131651.0,130111.0,131183.0,131886.0,132536.0,132512.0,132071.0,131899.0,131992.0,132188.0,132628.0,133257.0,133412.0,133242.0,132951.0,132560.0,132595.0,132918.0,133240.0,134197.0,134535.0,136796.0,138680.0,140052.0,140804.0,140702.0,140128.0,140243.0,139914.0,139672.0,139672.0,140259.0,140866.0,141468.0,142066.0,142659.0,143247.0,143830.0,144409.0,144983.0,145552.0,146116.0,148415.0,150335.0,152113.0,154715.0,156267.0,159914.0,160601.0,160355.0,161485.0,158741.0,159245.0,154570.0,155175.0,155756.0,155551.0,155238.0
DE126,3,"Mannheim, Stadtkreis",2024,TOTAL,TOTAL,NR,307501.0,309806.0,312318.0,315395.0,318251.0,320612.0,323821.0,326110.0,326897.0,329118.0,332218.0,331420.0,330553.0,328722.0,326738.0,323088.0,318448.0,314489.0,311177.0,308112.0,305613.0,303537.0,303689.0,303102.0,302242.0,301154.0,301036.0,301571.0,302103.0,304076.0,304642.0,309559.0,312910.0,315082.0,315845.0,314684.0,312470.0,311795.0,310132.0,308665.0,307730.0,306729.0,305006.0,303288.0,301575.0,299867.0,298163.0,296464.0,294770.0,293081.0,291397.0,289717.0,291458.0,294627.0,296690.0,299844.0,305780.0,304781.0,307997.0,309370.0,310658.0,309721.0,311831.0,314961.0,316256.0,318035.0,317616.0,316976.0
DE127,3,Neckar-Odenwald-Kreis,2024,TOTAL,TOTAL,NR,113264.0,114113.0,115883.0,117877.0,119804.0,121559.0,123650.0,125405.0,126590.0,128338.0,130443.0,131023.0,131659.0,131920.0,132126.0,131659.0,130782.0,130175.0,129831.0,129588.0,129585.0,129765.0,130438.0,130793.0,131026.0,131157.0,131707.0,132544.0,133381.0,134859.0,135717.0,138525.0,141254.0,143482.0,145090.0,145822.0,146063.0,147021.0,147515.0,148098.0,148938.0,149424.0,148805.0,148187.0,147571.0,146956.0,146342.0,145729.0,145117.0,144507.0,143898.0,143290.0,142435.0,141847.0,141584.0,141651.0,142936.0,143278.0,143376.0,143535.0,143633.0,143797.0,143929.0,145039.0,145681.0,145263.0,145072.0,144780.0
DE128,3,Rhein-Neckar-Kreis,2024,TOTAL,TOTAL,NR,334460.0,336967.0,345240.0,354236.0,363087.0,371464.0,380920.0,389389.0,396119.0,404637.0,414329.0,419198.0,426131.0,431899.0,437517.0,440911.0,442892.0,445748.0,449482.0,453558.0,458476.0,464064.0,465831.0,466462.0,466665.0,466505.0,467840.0,470192.0,472545.0,477162.0,479583.0,488882.0,498108.0,505563.0,510822.0,512995.0,513443.0,516413.0,517750.0,519404.0,521954.0,524028.0,524033.0,524032.0,524024.0,524008.0,523987.0,523962.0,523928.0,523886.0,523838.0,523787.0,525204.0,527287.0,531013.0,534729.0,541859.0,544400.0,546745.0,547625.0,548355.0,548233.0,549030.0,556316.0,557819.0,558561.0,557826.0,556702.0
DE129,3,"Pforzheim, Stadtkreis",2024,TOTAL,TOTAL,NR,94104.0,94809.0,96123.0,97621.0,99060.0,100355.0,101924.0,103213.0,104032.0,105313.0,106883.0,107204.0,107756.0,108002.0,108203.0,107853.0,107167.0,106702.0,106452.0,106285.0,106315.0,106495.0,106972.0,107187.0,107304.0,107337.0,107713.0,108324.0,108935.0,110069.0,110697.0,112913.0,114680.0,116030.0,116870.0,117001.0,116740.0,117053.0,116995.0,117010.0,117227.0,117156.0,116866.0,116576.0,116287.0,115997.0,115707.0,115417.0,115127.0,114838.0,114548.0,114258.0,115211.0,116425.0,117754.0,119291.0,122247.0,123493.0,124289.0,125542.0,125957.0,126016.0,125529.0,133896.0,135087.0,134912.0,134734.0,134463.0
DE12A,3,Calw,2024,TOTAL,TOTAL,NR,94948.0,95660.0,98039.0,100623.0,103166.0,105576.0,108293.0,110729.0,112671.0,115122.0,117908.0,119321.0,121337.0,123022.0,124664.0,125673.0,126279.0,127134.0,128239.0,129442.0,130885.0,132519.0,133856.0,134865.0,135746.0,136516.0,137719.0,139223.0,140729.0,142916.0,144452.0,148073.0,150890.0,153170.0,154786.0,155468.0,155625.0,156548.0,156975.0,157498.0,158294.0,158959.0,158185.0,157413.0,156643.0,155874.0,155108.0,154343.0,153581.0,152820.0,152061.0,151304.0,150990.0,150709.0,151461.0,152766.0,155359.0,155960.0,157424.0,158397.0,159201.0,160149.0,160686.0,160139.0,161181.0,161251.0,161039.0,160715.0
DE12B,3,Enzkreis,2024,TOTAL,TOTAL,NR,118287.0,119174.0,122051.0,125183.0,128263.0,131174.0,134466.0,137408.0,139737.0,142696.0,146067.0,147739.0,150048.0,151945.0,153788.0,154850.0,155416.0,156291.0,157474.0,158777.0,160375.0,162206.0,163288.0,163970.0,164500.0,164898.0,165823.0,167109.0,168397.0,170494.0,171811.0,175600.0,179364.0,182501.0,184853.0,186093.0,186704.0,188232.0,189165.0,190213.0,191590.0,192852.0,192722.0,192590.0,192456.0,192321.0,192184.0,192045.0,191905.0,191763.0,191619.0,191473.0,191461.0,192092.0,192811.0,193728.0,196066.0,197246.0,198369.0,198905.0,199556.0,199752.0,200237.0,198950.0,199878.0,199745.0,199482.0,199080.0
DE12C,3,Freudenstadt,2024,TOTAL,TOTAL,NR,82869.0,83490.0,84748.0,86170.0,87542.0,88787.0,90278.0,91522.0,92350.0,93588.0,95086.0,95473.0,96453.0,97165.0,97838.0,98014.0,97880.0,97944.0,98204.0,98540.0,99058.0,99718.0,100580.0,101196.0,101717.0,102155.0,102918.0,103906.0,104895.0,106390.0,107400.0,109958.0,112435.0,114521.0,116117.0,117015.0,117518.0,118597.0,119302.0,120078.0,121063.0,120848.0,120400.0,119954.0,119507.0,119062.0,118617.0,118173.0,117730.0,117288.0,116846.0,116405.0,115220.0,115055.0,114793.0,115147.0,116233.0,116692.0,117456.0,117935.0,118243.0,118364.0,119183.0,121450.0,121901.0,121958.0,121797.0,121552.0
DE131,3,"Freiburg im Breisgau, Stadtkreis",2024,TOTAL,TOTAL,NR,151208.0,152342.0,154787.0,157533.0,160191.0,162620.0,165501.0,167932.0,169601.0,172025.0,174929.0,175789.0,176744.0,177197.0,177577.0,177053.0,175975.0,175261.0,174900.0,174676.0,174774.0,175120.0,176427.0,177303.0,178013.0,178580.0,179716.0,181244.0,182773.0,185184.0,186335.0,190999.0,194079.0,196487.0,197875.0,198763.0,199994.0,200909.0,201264.0,201716.0,202455.0,205102.0,205535.0,205964.0,206388.0,206807.0,207221.0,207631.0,208036.0,208437.0,208833.0,209224.0,214234.0,218043.0,220286.0,222203.0,226393.0,227590.0,229636.0,230241.0,231195.0,230940.0,231848.0,235003.0,236236.0,237460.0,237147.0,236669.0
DE132,3,Breisgau-Hochschwarzwald,2024,TOTAL,TOTAL,NR,136642.0,137666.0,140426.0,143469.0,146442.0,149215.0,152410.0,155201.0,157293.0,160090.0,163343.0,164690.0,169184.0,173232.0,177231.0,180331.0,182840.0,185696.0,188910.0,192265.0,195978.0,199984.0,201396.0,202315.0,203046.0,203614.0,204832.0,206495.0,208161.0,210829.0,212064.0,217294.0,221720.0,225399.0,227920.0,229869.0,232219.0,234206.0,235541.0,236987.0,238770.0,240545.0,241056.0,241561.0,242061.0,242555.0,243044.0,243528.0,244005.0,244478.0,244945.0,245406.0,246437.0,247711.0,250137.0,252749.0,257343.0,260416.0,262405.0,262795.0,263601.0,264867.0,265792.0,269631.0,271977.0,272558.0,272199.0,271651.0
DE133,3,Emmendingen,2024,TOTAL,TOTAL,NR,102913.0,103684.0,105563.0,107652.0,109684.0,111563.0,113756.0,115642.0,117007.0,118894.0,121116.0,121924.0,123635.0,125005.0,126329.0,127011.0,127288.0,127820.0,128604.0,129487.0,130610.0,131922.0,132451.0,132656.0,132740.0,132720.0,133126.0,133821.0,134516.0,135856.0,136270.0,139245.0,141797.0,143865.0,145191.0,146150.0,147364.0,148346.0,148914.0,149554.0,150406.0,151414.0,151923.0,152428.0,152929.0,153425.0,153917.0,154404.0,154887.0,155366.0,155840.0,156310.0,156723.0,157399.0,158177.0,159708.0,162082.0,163251.0,164712.0,165383.0,166408.0,166862.0,167945.0,168004.0,169470.0,169787.0,169563.0,169221.0
DE134,3,Ortenaukreis,2024,TOTAL,TOTAL,NR,302625.0,304894.0,309494.0,314692.0,319709.0,324264.0,329714.0,334262.0,337293.0,341823.0,347301.0,348719.0,351423.0,353138.0,354710.0,354477.0,353131.0,352507.0,352590.0,352947.0,353956.0,355471.0,356553.0,356767.0,356654.0,356266.0,357021.0,358552.0,360082.0,363336.0,364113.0,371724.0,378984.0,384960.0,388955.0,391971.0,395668.0,398749.0,400716.0,402874.0,405607.0,408126.0,408344.0,408556.0,408761.0,408960.0,409154.0,409340.0,409522.0,409696.0,409865.0,410028.0,410408.0,411700.0,412678.0,415639.0,420106.0,423359.0,425932.0,429479.0,430953.0,432580.0,434535.0,440768.0,443482.0,444858.0,444272.0,443377.0
DE135,3,Rottweil,2024,TOTAL,TOTAL,NR,114139.0,114995.0,116556.0,118339.0,120050.0,121586.0,123453.0,124981.0,125939.0,127456.0,129323.0,129678.0,130223.0,130398.0,130517.0,129972.0,129021.0,128339.0,127916.0,127593.0,127505.0,127598.0,127950.0,127990.0,127913.0,127738.0,127972.0,128485.0,128997.0,130127.0,130369.0,133058.0,135159.0,136790.0,137712.0,138285.0,139096.0,139687.0,139889.0,140159.0,140628.0,140873.0,140448.0,140024.0,139599.0,139176.0,138752.0,138329.0,137907.0,137484.0,137063.0,136641.0,136049.0,135553.0,135319.0,135912.0,137500.0,138327.0,138858.0,139455.0,139878.0,140166.0,140446.0,139968.0,140344.0,140237.0,140052.0,139770.0
DE136,3,Schwarzwald-Baar-Kreis,2024,TOTAL,TOTAL,NR,164178.0,165409.0,168354.0,171632.0,174820.0,177762.0,181203.0,184156.0,186276.0,189229.0,192713.0,193948.0,195644.0,196790.0,197859.0,197921.0,197359.0,197200.0,197436.0,197824.0,198578.0,199617.0,199564.0,199026.0,198309.0,197444.0,197215.0,197415.0,197612.0,198749.0,198528.0,202023.0,204785.0,206828.0,207791.0,208225.0,209016.0,209476.0,209351.0,209329.0,209605.0,210347.0,209740.0,209133.0,208527.0,207921.0,207316.0,206711.0,206106.0,205502.0,204898.0,204295.0,203978.0,204585.0,205090.0,206116.0,209648.0,210084.0,211207.0,212381.0,212506.0,212872.0,213385.0,212293.0,213922.0,214065.0,213783.0,213352.0
DE137,3,Tuttlingen,2024,TOTAL,TOTAL,NR,91564.0,92250.0,93931.0,95799.0,97617.0,99298.0,101259.0,102947.0,104171.0,105860.0,107847.0,108576.0,109485.0,110086.0,110643.0,110638.0,110284.0,110155.0,110247.0,110424.0,110806.0,111346.0,112069.0,112519.0,112864.0,113118.0,113735.0,114598.0,115463.0,116883.0,117508.0,120346.0,122801.0,124842.0,126242.0,127326.0,128631.0,129735.0,130478.0,131283.0,132274.0,132916.0,132846.0,132775.0,132702.0,132628.0,132553.0,132477.0,132399.0,132320.0,132240.0,132158.0,132192.0,132476.0,133198.0,134607.0,136606.0,138119.0,139397.0,140152.0,140766.0,141682.0,142414.0,143677.0,144955.0,145208.0,145017.0,144725.0
DE138,3,Konstanz,2024,TOTAL,TOTAL,NR,182953.0,184325.0,188179.0,192415.0,196560.0,200438.0,204888.0,208796.0,211765.0,215685.0,220220.0,222188.0,224273.0,225731.0,227100.0,227313.0,226810.0,226767.0,227178.0,227764.0,228772.0,230108.0,231342.0,232012.0,232466.0,232738.0,233754.0,235278.0,236804.0,239467.0,240499.0,246057.0,250432.0,253948.0,256152.0,257710.0,259714.0,261311.0,262178.0,263172.0,264540.0,266183.0,266245.0,266304.0,266359.0,266411.0,266459.0,266503.0,266544.0,266581.0,266615.0,266645.0,268263.0,270568.0,273407.0,275785.0,280288.0,282191.0,284015.0,285325.0,286305.0,286876.0,288097.0,289613.0,291397.0,291841.0,291457.0,290870.0
DE139,3,Lörrach,2024,TOTAL,TOTAL,NR,165418.0,166658.0,169317.0,172306.0,175198.0,177840.0,180974.0,183617.0,185426.0,188062.0,191221.0,192146.0,193136.0,193578.0,193938.0,193311.0,192081.0,191247.0,190800.0,190501.0,190555.0,190878.0,191683.0,192020.0,192181.0,192191.0,192818.0,193863.0,194909.0,196889.0,197528.0,201880.0,205367.0,208148.0,209853.0,211027.0,212566.0,213772.0,214381.0,215093.0,216111.0,217175.0,217355.0,217531.0,217704.0,217873.0,218039.0,218201.0,218359.0,218514.0,218665.0,218813.0,219481.0,220606.0,221943.0,223692.0,226708.0,227545.0,228314.0,228639.0,228736.0,228842.0,229445.0,235252.0,237212.0,238263.0,237949.0,237470.0
DE13A,3,Waldshut,2024,TOTAL,TOTAL,NR,120926.0,121833.0,123504.0,125411.0,127242.0,128887.0,130885.0,132522.0,133556.0,135182.0,137180.0,137574.0,138986.0,140010.0,140979.0,141232.0,141038.0,141129.0,141503.0,141985.0,142730.0,143681.0,144607.0,145180.0,145618.0,145940.0,146727.0,147835.0,148943.0,150768.0,151567.0,155221.0,157772.0,159777.0,160954.0,161724.0,162774.0,163566.0,163903.0,164319.0,164968.0,164944.0,164775.0,164605.0,164434.0,164262.0,164088.0,163914.0,163738.0,163561.0,163382.0,163203.0,163141.0,163699.0,164265.0,165211.0,167861.0,168852.0,170198.0,170619.0,171003.0,171237.0,171249.0,170765.0,171777.0,171579.0,171353.0,171008.0
DE141,3,Reutlingen,2024,TOTAL,TOTAL,NR,190353.0,191780.0,195473.0,199557.0,203542.0,207245.0,211533.0,215257.0,218010.0,221740.0,226097.0,227817.0,230122.0,231784.0,233357.0,233742.0,233389.0,233509.0,234095.0,234861.0,236062.0,237603.0,239348.0,240507.0,241441.0,242182.0,243695.0,245739.0,247785.0,251025.0,252434.0,258852.0,263639.0,267625.0,270340.0,271324.0,272825.0,274201.0,274656.0,275411.0,276671.0,277995.0,277536.0,277074.0,276614.0,276151.0,275688.0,275222.0,274758.0,274289.0,273822.0,273352.0,273646.0,274691.0,276019.0,278031.0,282113.0,284082.0,285754.0,286748.0,287034.0,287497.0,288158.0,291335.0,293385.0,293483.0,293097.0,292507.0
DE142,3,"Tübingen, Landkreis",2024,TOTAL,TOTAL,NR,125770.0,126713.0,129464.0,132480.0,135436.0,138209.0,141377.0,144174.0,146323.0,149130.0,152364.0,153823.0,156623.0,158998.0,161319.0,162820.0,163797.0,165096.0,166719.0,168469.0,170531.0,172844.0,174608.0,175944.0,177113.0,178136.0,179726.0,181707.0,183691.0,186564.0,188079.0,193334.0,196952.0,199972.0,202043.0,202821.0,203985.0,205056.0,205439.0,206045.0,207030.0,208535.0,208909.0,209278.0,209643.0,210003.0,210359.0,210711.0,211058.0,211401.0,211739.0,212073.0,212800.0,214894.0,216535.0,218355.0,221837.0,224635.0,225755.0,227331.0,228678.0,228471.0,229806.0,230987.0,232897.0,233546.0,233239.0,232769.0
DE143,3,Zollernalbkreis,2024,TOTAL,TOTAL,NR,145948.0,147042.0,149513.0,152277.0,154958.0,157419.0,160319.0,162785.0,164514.0,166976.0,169906.0,170851.0,172088.0,172839.0,173521.0,173319.0,172573.0,172181.0,172135.0,172223.0,172629.0,173281.0,173851.0,173997.0,173984.0,173837.0,174247.0,175035.0,175824.0,177454.0,177786.0,181635.0,184861.0,187522.0,189289.0,189844.0,190761.0,191590.0,191776.0,192171.0,192920.0,192891.0,192175.0,191461.0,190747.0,190035.0,189324.0,188614.0,187905.0,187198.0,186491.0,185786.0,185129.0,184658.0,184615.0,186360.0,188595.0,187401.0,188170.0,188935.0,189363.0,189862.0,190545.0,192726.0,193339.0,193326.0,193073.0,192684.0
DE144,3,"Ulm, Stadtkreis",2024,TOTAL,TOTAL,NR,98393.0,99131.0,99547.0,100135.0,100647.0,100995.0,101604.0,101918.0,101758.0,102041.0,102590.0,101933.0,102402.0,102579.0,102713.0,102324.0,101615.0,101118.0,100825.0,100610.0,100581.0,100695.0,101516.0,102088.0,102565.0,102958.0,103680.0,104628.0,105577.0,107035.0,107712.0,110529.0,112350.0,113825.0,114755.0,114949.0,115362.0,115722.0,115694.0,115792.0,116103.0,117233.0,117176.0,117119.0,117059.0,116999.0,116938.0,116876.0,116812.0,116747.0,116681.0,116614.0,117541.0,117977.0,119218.0,120714.0,122636.0,123953.0,125596.0,126329.0,126790.0,126405.0,126949.0,127932.0,128998.0,129882.0,129711.0,129450.0
DE145,3,Alb-Donau-Kreis,2024,TOTAL,TOTAL,NR,125320.0,126259.0,128563.0,131123.0,133615.0,135920.0,138606.0,140921.0,142599.0,144915.0,147639.0,148640.0,150697.0,152339.0,153925.0,154729.0,155039.0,155660.0,156588.0,157636.0,158977.0,160548.0,161152.0,161362.0,161425.0,161362.0,161816.0,162622.0,163429.0,165018.0,165401.0,169056.0,172632.0,175695.0,177930.0,179029.0,180469.0,181828.0,182576.0,183521.0,184803.0,185929.0,185984.0,186037.0,186086.0,186134.0,186178.0,186221.0,186260.0,186297.0,186332.0,186364.0,186444.0,187123.0,187892.0,189129.0,192104.0,193318.0,194629.0,196047.0,197076.0,198204.0,199732.0,200294.0,201769.0,202354.0,202088.0,201681.0
DE146,3,Biberach,2024,TOTAL,TOTAL,NR,126342.0,127289.0,129276.0,131513.0,133676.0,135647.0,137993.0,139964.0,141299.0,143263.0,145625.0,146286.0,147679.0,148658.0,149579.0,149739.0,149427.0,149418.0,149708.0,150114.0,150797.0,151697.0,152563.0,153057.0,153409.0,153639.0,154361.0,155418.0,156477.0,158287.0,158941.0,162746.0,166572.0,169912.0,172458.0,173905.0,175684.0,177385.0,178489.0,179784.0,181409.0,182979.0,183429.0,183875.0,184316.0,184752.0,185185.0,185612.0,186035.0,186454.0,186868.0,187278.0,187508.0,187747.0,188696.0,190438.0,194019.0,196206.0,198265.0,199742.0,201282.0,202250.0,203244.0,205073.0,206783.0,207415.0,207142.0,206725.0
DE147,3,Bodenseekreis,2024,TOTAL,TOTAL,NR,120422.0,121325.0,124520.0,127980.0,131392.0,134635.0,138273.0,141556.0,144208.0,147514.0,151251.0,153228.0,155839.0,158025.0,160156.0,161473.0,162272.0,163391.0,164832.0,166398.0,168273.0,170394.0,171462.0,172112.0,172601.0,172953.0,173858.0,175141.0,176425.0,178558.0,179388.0,183774.0,187347.0,190357.0,192464.0,193339.0,194584.0,195740.0,196239.0,196950.0,198024.0,199181.0,199592.0,199999.0,200401.0,200799.0,201192.0,201581.0,201965.0,202345.0,202720.0,203091.0,204483.0,205843.0,207450.0,209386.0,212201.0,213070.0,214655.0,216227.0,217470.0,217901.0,218885.0,219641.0,221208.0,220804.0,220513.0,220069.0
DE148,3,Ravensburg,2024,TOTAL,TOTAL,NR,183626.0,185003.0,188084.0,191534.0,194879.0,197946.0,201565.0,204638.0,206785.0,209853.0,213507.0,214668.0,217526.0,219784.0,221960.0,223008.0,223347.0,224132.0,225361.0,226764.0,228586.0,230740.0,232070.0,232834.0,233381.0,233744.0,234854.0,236475.0,238098.0,240864.0,241872.0,247674.0,252519.0,256605.0,259475.0,260685.0,262392.0,263980.0,264682.0,265670.0,267147.0,268770.0,268830.0,268886.0,268939.0,268988.0,269033.0,269075.0,269113.0,269148.0,269179.0,269206.0,270129.0,272425.0,273540.0,275339.0,279296.0,281627.0,283264.0,284285.0,285424.0,285888.0,287011.0,287393.0,289725.0,291102.0,290719.0,290133.0
DE149,3,Sigmaringen,2024,TOTAL,TOTAL,NR,95189.0,95903.0,97412.0,99110.0,100752.0,102250.0,104031.0,105528.0,106547.0,108040.0,109834.0,110344.0,111353.0,112050.0,112703.0,112782.0,112506.0,112459.0,112636.0,112901.0,113375.0,114011.0,114534.0,114777.0,114914.0,114961.0,115377.0,116043.0,116710.0,117936.0,118301.0,121008.0,123635.0,125897.0,127567.0,128422.0,129522.0,130564.0,131168.0,131912.0,132899.0,133500.0,132924.0,132349.0,131775.0,131203.0,130631.0,130061.0,129492.0,128925.0,128358.0,127793.0,127409.0,127272.0,127101.0,127716.0,130772.0,130275.0,130192.0,130873.0,130849.0,130946.0,131725.0,132507.0,132758.0,132167.0,131993.0,131727.0
DE211,3,"Ingolstadt, Kreisfreie Stadt",2024,TOTAL,TOTAL,NR,68036.0,68546.0,70301.0,72204.0,74080.0,75859.0,77861.0,79661.0,81107.0,82919.0,84973.0,86038.0,86986.0,87693.0,88366.0,88589.0,88532.0,88653.0,88952.0,89318.0,89850.0,90512.0,91853.0,92969.0,93993.0,94938.0,96183.0,97638.0,99096.0,101036.0,102167.0,105489.0,107099.0,109393.0,110523.0,111155.0,111998.0,112693.0,113017.0,113445.0,114826.0,115722.0,116623.0,117517.0,118406.0,119289.0,120166.0,121037.0,121903.0,122762.0,123615.0,124463.0,126076.0,127886.0,129136.0,131002.0,132438.0,133639.0,135244.0,136981.0,137392.0,136952.0,138016.0,138263.0,139536.0,141185.0,140999.0,140715.0
DE212,3,"München, Kreisfreie Stadt",2024,TOTAL,TOTAL,NR,1092591.0,1100782.0,1122377.0,1146225.0,1169509.0,1191179.0,1216223.0,1238027.0,1254252.0,1276098.0,1301563.0,1311845.0,1318219.0,1320846.0,1322916.0,1318252.0,1309474.0,1303407.0,1299972.0,1297553.0,1297528.0,1299342.0,1290550.0,1278637.0,1265622.0,1251718.0,1241886.0,1234740.0,1227557.0,1226150.0,1214810.0,1229094.0,1232259.0,1242924.0,1240056.0,1231560.0,1225374.0,1217550.0,1205766.0,1195177.0,1194560.0,1210223.0,1223629.0,1236950.0,1250196.0,1263355.0,1276432.0,1289430.0,1302348.0,1315181.0,1327933.0,1340607.0,1364920.0,1388308.0,1407836.0,1429584.0,1450381.0,1464301.0,1456039.0,1471508.0,1484226.0,1488202.0,1487708.0,1490516.0,1488719.0,1505005.0,1503024.0,1499997.0
DE213,3,"Rosenheim, Kreisfreie Stadt",2024,TOTAL,TOTAL,NR,39315.0,39610.0,40341.0,41151.0,41941.0,42672.0,43523.0,44257.0,44792.0,45527.0,46390.0,46712.0,47473.0,48103.0,48717.0,49084.0,49293.0,49600.0,50004.0,50446.0,50982.0,51593.0,51982.0,52245.0,52458.0,52629.0,52968.0,53422.0,53877.0,54592.0,54867.0,56314.0,56893.0,57829.0,58144.0,58196.0,58358.0,58443.0,58336.0,58284.0,58721.0,58908.0,58954.0,58999.0,59043.0,59087.0,59129.0,59170.0,59211.0,59250.0,59289.0,59326.0,59543.0,59935.0,60464.0,60889.0,61844.0,62672.0,63080.0,63324.0,63551.0,63591.0,63508.0,63641.0,64453.0,65274.0,65188.0,65057.0
DE214,3,Altötting,2024,TOTAL,TOTAL,NR,77007.0,77584.0,78953.0,80477.0,81959.0,83325.0,84925.0,86296.0,87277.0,88648.0,90267.0,90833.0,91523.0,91956.0,92351.0,92277.0,91912.0,91736.0,91744.0,91823.0,92072.0,92452.0,92926.0,93172.0,93333.0,93420.0,93806.0,94396.0,94987.0,96034.0,96307.0,98633.0,100202.0,102412.0,103533.0,104189.0,105042.0,105756.0,106122.0,106586.0,107945.0,108268.0,108037.0,107806.0,107575.0,107343.0,107111.0,106879.0,106647.0,106415.0,106183.0,105950.0,106342.0,106515.0,106965.0,107465.0,108485.0,109422.0,110338.0,111210.0,111516.0,111654.0,112116.0,112296.0,113018.0,113938.0,113788.0,113559.0
DE215,3,Berchtesgadener Land,2024,TOTAL,TOTAL,NR,80804.0,81410.0,82013.0,82764.0,83455.0,84016.0,84798.0,85338.0,85484.0,86005.0,86755.0,86486.0,87422.0,88114.0,88772.0,88979.0,88905.0,89009.0,89292.0,89643.0,90160.0,90807.0,91127.0,91224.0,91238.0,91181.0,91417.0,91851.0,92285.0,93161.0,93287.0,95398.0,96358.0,97921.0,98433.0,98500.0,98753.0,98874.0,98672.0,98564.0,99281.0,99848.0,99932.0,100014.0,100094.0,100173.0,100250.0,100326.0,100399.0,100472.0,100542.0,100611.0,101263.0,101875.0,102346.0,102976.0,103907.0,104480.0,105052.0,105722.0,105929.0,106327.0,106389.0,104372.0,105108.0,105292.0,105153.0,104941.0
DE216,3,Bad Tölz-Wolfratshausen,2024,TOTAL,TOTAL,NR,69219.0,69738.0,71388.0,73186.0,74953.0,76621.0,78511.0,80196.0,81522.0,83217.0,85151.0,86094.0,87718.0,89104.0,90460.0,91357.0,91960.0,92742.0,93707.0,94742.0,95954.0,97306.0,97913.0,98281.0,98558.0,98756.0,99270.0,100000.0,100731.0,101946.0,102341.0,104918.0,106581.0,108925.0,110111.0,110802.0,111703.0,112456.0,112839.0,113327.0,114765.0,116017.0,116336.0,116653.0,116966.0,117276.0,117584.0,117888.0,118189.0,118488.0,118783.0,119075.0,119733.0,120664.0,122118.0,123340.0,124930.0,125668.0,126572.0,127227.0,127917.0,128212.0,127919.0,129062.0,129787.0,130248.0,130077.0,129815.0
DE217,3,Dachau,2024,TOTAL,TOTAL,NR,73781.0,74334.0,75949.0,77718.0,79453.0,81080.0,82939.0,84580.0,85842.0,87489.0,89387.0,90243.0,91961.0,93430.0,94867.0,95823.0,96469.0,97305.0,98331.0,99432.0,100717.0,102151.0,102986.0,103569.0,104054.0,104456.0,105191.0,106154.0,107119.0,108600.0,109209.0,112150.0,114503.0,117603.0,119463.0,120788.0,122342.0,123736.0,124721.0,125817.0,127972.0,129547.0,130436.0,131320.0,132197.0,133068.0,133934.0,134793.0,135646.0,136494.0,137335.0,138170.0,139921.0,142021.0,144407.0,146279.0,149370.0,150839.0,152703.0,153884.0,154899.0,155117.0,155449.0,151041.0,151925.0,153595.0,153393.0,153084.0
DE218,3,Ebersberg,2024,TOTAL,TOTAL,NR,55159.0,55572.0,57548.0,59654.0,61748.0,63770.0,65988.0,68044.0,69802.0,71880.0,74175.0,75611.0,78065.0,80318.0,82550.0,84363.0,85898.0,87592.0,89453.0,91381.0,93480.0,95719.0,96192.0,96429.0,96578.0,96651.0,97033.0,97626.0,98220.0,99285.0,99550.0,101937.0,104086.0,106913.0,108613.0,109827.0,111249.0,112525.0,113429.0,114435.0,116404.0,118764.0,119617.0,120465.0,121307.0,122144.0,122974.0,123799.0,124618.0,125432.0,126240.0,127042.0,128870.0,131011.0,133007.0,134873.0,137421.0,139016.0,140800.0,142142.0,143649.0,144091.0,144562.0,142205.0,143011.0,144225.0,144035.0,143745.0
DE219,3,Eichstätt,2024,TOTAL,TOTAL,NR,76124.0,76695.0,77684.0,78820.0,79908.0,80877.0,82067.0,83029.0,83613.0,84567.0,85753.0,85936.0,87296.0,88417.0,89506.0,90141.0,90487.0,91013.0,91718.0,92493.0,93439.0,94522.0,95349.0,95943.0,96447.0,96872.0,97606.0,98552.0,99500.0,100928.0,101545.0,104332.0,106454.0,109268.0,110929.0,112093.0,113469.0,114697.0,115545.0,116498.0,118430.0,119561.0,119955.0,120345.0,120732.0,121116.0,121496.0,121873.0,122246.0,122616.0,122982.0,123345.0,123961.0,125039.0,125858.0,127189.0,128805.0,130808.0,131646.0,132341.0,132881.0,133169.0,133634.0,134201.0,135220.0,135668.0,135489.0,135216.0
DE21A,3,Erding,2024,TOTAL,TOTAL,NR,72699.0,73244.0,73948.0,74788.0,75577.0,76251.0,77128.0,77788.0,78091.0,78737.0,79596.0,79521.0,80696.0,81650.0,82574.0,83078.0,83318.0,83722.0,84293.0,84928.0,85720.0,86637.0,87314.0,87778.0,88160.0,88470.0,89063.0,89849.0,90637.0,91861.0,92347.0,94805.0,97369.0,100581.0,102744.0,104449.0,106352.0,108116.0,109522.0,111023.0,113460.0,115939.0,116911.0,117877.0,118836.0,119790.0,120737.0,121677.0,122612.0,123540.0,124462.0,125378.0,126676.0,128289.0,130238.0,131839.0,133747.0,135429.0,136884.0,137660.0,138182.0,138891.0,139622.0,138647.0,139547.0,140127.0,139943.0,139661.0
DE21B,3,Freising,2024,TOTAL,TOTAL,NR,79612.0,80209.0,81960.0,83878.0,85758.0,87523.0,89539.0,91319.0,92689.0,94476.0,96533.0,97466.0,99640.0,101546.0,103421.0,104771.0,105781.0,106995.0,108417.0,109921.0,111630.0,113504.0,114842.0,115898.0,116842.0,117690.0,118911.0,120392.0,121875.0,123948.0,125028.0,128784.0,131787.0,135656.0,138100.0,139927.0,142020.0,143926.0,145357.0,146916.0,149712.0,152307.0,153341.0,154369.0,155389.0,156403.0,157409.0,158409.0,159401.0,160386.0,161365.0,162336.0,164232.0,166286.0,169010.0,170357.0,173225.0,175803.0,177997.0,179116.0,180007.0,180313.0,181144.0,181568.0,183535.0,184564.0,184321.0,183950.0
DE21C,3,Fürstenfeldbruck,2024,TOTAL,TOTAL,NR,81122.0,81730.0,85809.0,90103.0,94398.0,98602.0,103126.0,107416.0,111245.0,115593.0,120307.0,123633.0,128946.0,133937.0,138901.0,143162.0,146941.0,150984.0,155310.0,159749.0,164487.0,169478.0,170310.0,170725.0,170984.0,171108.0,171779.0,172824.0,173870.0,175751.0,176216.0,180436.0,182602.0,185919.0,187246.0,187728.0,188565.0,189153.0,189120.0,189264.0,190995.0,193092.0,193896.0,194693.0,195484.0,196268.0,197047.0,197818.0,198584.0,199343.0,200096.0,200842.0,203029.0,205194.0,208272.0,210278.0,213481.0,216857.0,217831.0,219320.0,219311.0,218740.0,218579.0,215511.0,216912.0,218227.0,217940.0,217501.0
DE21D,3,Garmisch-Partenkirchen,2024,TOTAL,TOTAL,NR,71840.0,72379.0,72865.0,73480.0,74043.0,74489.0,75129.0,75555.0,75632.0,76039.0,76648.0,76357.0,77363.0,78155.0,78918.0,79280.0,79390.0,79658.0,80085.0,80573.0,81210.0,81965.0,81981.0,81799.0,81542.0,81224.0,81168.0,81288.0,81408.0,81915.0,81761.0,83342.0,84124.0,85432.0,85821.0,85822.0,85986.0,86034.0,85802.0,85651.0,86217.0,86577.0,86312.0,86048.0,85784.0,85520.0,85257.0,84994.0,84731.0,84468.0,84205.0,83943.0,84234.0,84710.0,85443.0,85931.0,87385.0,87877.0,88155.0,88467.0,88424.0,88279.0,88232.0,89224.0,89322.0,89296.0,89178.0,88998.0
DE21E,3,Landsberg am Lech,2024,TOTAL,TOTAL,NR,63179.0,63653.0,64446.0,65360.0,66234.0,67009.0,67966.0,68735.0,69190.0,69951.0,70903.0,71026.0,72148.0,73071.0,73970.0,74492.0,74775.0,75207.0,75788.0,76426.0,77206.0,78098.0,79187.0,80081.0,80897.0,81645.0,82651.0,83838.0,85027.0,86629.0,87537.0,90322.0,92345.0,94972.0,96601.0,97797.0,99179.0,100431.0,101351.0,102361.0,104233.0,105939.0,106659.0,107375.0,108085.0,108791.0,109492.0,110188.0,110879.0,111565.0,112247.0,112923.0,113539.0,114223.0,114926.0,116118.0,117657.0,118725.0,119141.0,120071.0,120302.0,121019.0,121466.0,119654.0,120966.0,122107.0,121946.0,121700.0
DE21F,3,Miesbach,2024,TOTAL,TOTAL,NR,69149.0,69667.0,70149.0,70756.0,71312.0,71755.0,72387.0,72812.0,72901.0,73308.0,73911.0,73645.0,74753.0,75655.0,76530.0,77017.0,77257.0,77651.0,78198.0,78805.0,79558.0,80427.0,80883.0,81141.0,81324.0,81443.0,81822.0,82379.0,82937.0,83893.0,84175.0,86250.0,87217.0,88732.0,89296.0,89457.0,89787.0,89998.0,89914.0,89915.0,90669.0,91654.0,91853.0,92050.0,92244.0,92437.0,92627.0,92816.0,93002.0,93186.0,93368.0,93548.0,93971.0,94759.0,96049.0,96773.0,98286.0,98828.0,99189.0,99726.0,100010.0,100183.0,99978.0,96557.0,96730.0,97152.0,97024.0,96829.0
DE21G,3,Mühldorf am Inn,2024,TOTAL,TOTAL,NR,71568.0,72105.0,73393.0,74825.0,76219.0,77505.0,79009.0,80300.0,81228.0,82519.0,84042.0,84584.0,85667.0,86512.0,87326.0,87695.0,87786.0,88053.0,88494.0,89004.0,89678.0,90482.0,91189.0,91672.0,92069.0,92393.0,93011.0,93831.0,94653.0,95931.0,96437.0,99003.0,100530.0,102698.0,103774.0,104383.0,105190.0,105858.0,106177.0,106595.0,107907.0,108480.0,108270.0,108060.0,107849.0,107638.0,107427.0,107216.0,107004.0,106792.0,106580.0,106367.0,106803.0,107363.0,109227.0,110296.0,112034.0,113222.0,114486.0,115250.0,115872.0,116483.0,117606.0,120317.0,121263.0,122037.0,121876.0,121632.0
DE21H,3,"München, Landkreis",2024,TOTAL,TOTAL,NR,125131.0,126069.0,130838.0,135909.0,140955.0,145844.0,151183.0,156158.0,160449.0,165479.0,171014.0,174568.0,183042.0,191069.0,199063.0,206050.0,212337.0,218998.0,226066.0,233297.0,240966.0,249008.0,250384.0,251149.0,251682.0,252015.0,253155.0,254845.0,256537.0,259461.0,260297.0,266681.0,270688.0,276422.0,279213.0,280747.0,282812.0,284504.0,285260.0,286280.0,289702.0,295247.0,297362.0,299464.0,301551.0,303625.0,305684.0,307729.0,309759.0,311776.0,313779.0,315767.0,320855.0,325744.0,329981.0,332800.0,340003.0,343405.0,346433.0,348871.0,350473.0,349685.0,349837.0,350047.0,352771.0,354396.0,353929.0,353216.0
DE21I,3,Neuburg-Schrobenhausen,2024,TOTAL,TOTAL,NR,66433.0,66931.0,67677.0,68550.0,69378.0,70101.0,71014.0,71728.0,72114.0,72818.0,73720.0,73758.0,74244.0,74520.0,74766.0,74631.0,74262.0,74046.0,73979.0,73969.0,74096.0,74329.0,74813.0,75113.0,75344.0,75515.0,75926.0,76504.0,77081.0,78030.0,78351.0,80343.0,81692.0,83565.0,84551.0,85158.0,85925.0,86579.0,86949.0,87397.0,88580.0,89215.0,89349.0,89481.0,89611.0,89739.0,89866.0,89991.0,90114.0,90236.0,90355.0,90473.0,90973.0,91783.0,92700.0,93505.0,94654.0,95759.0,96164.0,96680.0,97303.0,97730.0,98503.0,97792.0,98967.0,99364.0,99233.0,99033.0
DE21J,3,Pfaffenhofen an der Ilm,2024,TOTAL,TOTAL,NR,66255.0,66752.0,67830.0,69040.0,70212.0,71283.0,72553.0,73625.0,74363.0,75433.0,76713.0,77097.0,78174.0,79035.0,79868.0,80294.0,80465.0,80796.0,81287.0,81840.0,82545.0,83370.0,84468.0,85359.0,86167.0,86903.0,87915.0,89117.0,90323.0,91967.0,92873.0,95770.0,97904.0,100679.0,102395.0,103653.0,105108.0,106424.0,107389.0,108450.0,110423.0,111669.0,112121.0,112570.0,113014.0,113456.0,113893.0,114327.0,114758.0,115184.0,115608.0,116027.0,116973.0,118349.0,119987.0,121594.0,124128.0,125085.0,126244.0,127151.0,128227.0,129128.0,129772.0,128537.0,129497.0,130781.0,130609.0,130346.0
DE21K,3,"Rosenheim, Landkreis",2024,TOTAL,TOTAL,NR,143147.0,144220.0,146000.0,148054.0,150016.0,151755.0,153906.0,155630.0,156643.0,158349.0,160488.0,160748.0,163989.0,166787.0,169531.0,171414.0,172743.0,174409.0,176415.0,178555.0,181027.0,183766.0,185716.0,187211.0,188527.0,189688.0,191452.0,193633.0,195818.0,198950.0,200486.0,206310.0,210429.0,215913.0,219118.0,221341.0,223984.0,226332.0,227933.0,229740.0,233478.0,236480.0,237247.0,238007.0,238761.0,239507.0,240247.0,240981.0,241707.0,242427.0,243141.0,243847.0,245264.0,247133.0,249810.0,251850.0,256074.0,257466.0,259449.0,260983.0,261330.0,261721.0,263367.0,255306.0,256815.0,258637.0,258297.0,257777.0
DE21L,3,Starnberg,2024,TOTAL,TOTAL,NR,73269.0,73818.0,75289.0,76911.0,78496.0,79973.0,81677.0,83164.0,84276.0,85766.0,87500.0,88213.0,90576.0,92701.0,94798.0,96415.0,97716.0,99202.0,100881.0,102634.0,104579.0,106680.0,107304.0,107666.0,107927.0,108104.0,108626.0,109384.0,110143.0,111431.0,111823.0,114599.0,116164.0,118465.0,119503.0,120002.0,120728.0,121294.0,121462.0,121743.0,123045.0,124956.0,125151.0,125344.0,125535.0,125723.0,125908.0,126091.0,126271.0,126449.0,126624.0,126797.0,128111.0,129530.0,130811.0,131873.0,133621.0,134732.0,135545.0,136092.0,136667.0,136610.0,136747.0,138488.0,138926.0,139329.0,139146.0,138866.0
DE21M,3,Traunstein,2024,TOTAL,TOTAL,NR,119049.0,119941.0,121528.0,123346.0,125090.0,126648.0,128553.0,130102.0,131059.0,132596.0,134497.0,134825.0,136301.0,137399.0,138443.0,138783.0,138684.0,138865.0,139322.0,139887.0,140711.0,141738.0,142752.0,143417.0,143949.0,144365.0,145241.0,146434.0,147628.0,149533.0,150236.0,154145.0,156377.0,159603.0,161129.0,161930.0,163036.0,163927.0,164280.0,164785.0,166672.0,167646.0,167736.0,167824.0,167909.0,167992.0,168072.0,168150.0,168225.0,168298.0,168368.0,168436.0,168827.0,169464.0,170364.0,171978.0,174162.0,175431.0,176290.0,177089.0,177319.0,177485.0,178447.0,170984.0,172021.0,175144.0,174913.0,174561.0
DE21N,3,Weilheim-Schongau,2024,TOTAL,TOTAL,NR,87573.0,88229.0,89195.0,90327.0,91401.0,92336.0,93520.0,94443.0,94933.0,95842.0,97011.0,97043.0,98378.0,99442.0,100469.0,100985.0,101180.0,101577.0,102175.0,102852.0,103718.0,104736.0,105337.0,105681.0,105926.0,106088.0,106590.0,107322.0,108056.0,109309.0,109682.0,112394.0,114469.0,117284.0,118857.0,119896.0,121163.0,122270.0,122974.0,123790.0,125646.0,127018.0,127194.0,127369.0,127540.0,127709.0,127876.0,128040.0,128202.0,128362.0,128519.0,128673.0,129060.0,129568.0,130387.0,131190.0,132906.0,133859.0,134252.0,135348.0,135478.0,136134.0,136642.0,136811.0,138052.0,138957.0,138774.0,138494.0
DE221,3,"Landshut, Kreisfreie Stadt",2024,TOTAL,TOTAL,NR,53076.0,53474.0,54026.0,54678.0,55294.0,55825.0,56507.0,57030.0,57291.0,57805.0,58475.0,58460.0,58533.0,58437.0,58316.0,57898.0,57300.0,56823.0,56462.0,56145.0,55931.0,55796.0,56035.0,56138.0,56189.0,56196.0,56383.0,56693.0,57003.0,57586.0,58031.0,59054.0,59258.0,59532.0,59552.0,59511.0,59529.0,59372.0,59100.0,58743.0,58515.0,58746.0,59215.0,59681.0,60145.0,60605.0,61062.0,61516.0,61967.0,62414.0,62859.0,63301.0,64277.0,65322.0,66179.0,67509.0,69211.0,70025.0,71193.0,72404.0,73411.0,73065.0,73150.0,68743.0,68741.0,71863.0,71768.0,71623.0
DE222,3,"Passau, Kreisfreie Stadt",2024,TOTAL,TOTAL,NR,47380.0,47735.0,47937.0,48221.0,48469.0,48638.0,48933.0,49086.0,49010.0,49148.0,49414.0,49099.0,49546.0,49854.0,50143.0,50176.0,50052.0,50029.0,50106.0,50222.0,50431.0,50712.0,50601.0,50367.0,50089.0,49774.0,49619.0,49573.0,49525.0,49712.0,49777.0,50332.0,50552.0,50831.0,50895.0,50906.0,50969.0,50883.0,50697.0,50439.0,50291.0,50536.0,50348.0,50160.0,49972.0,49785.0,49598.0,49411.0,49224.0,49038.0,48852.0,48667.0,48623.0,49038.0,49454.0,49952.0,50566.0,51074.0,51781.0,52469.0,52803.0,52415.0,53093.0,52361.0,52894.0,53039.0,52969.0,52862.0
DE223,3,"Straubing, Kreisfreie Stadt",2024,TOTAL,TOTAL,NR,40024.0,40324.0,40751.0,41253.0,41729.0,42141.0,42666.0,43072.0,43280.0,43679.0,44196.0,44196.0,44302.0,44281.0,44240.0,43974.0,43572.0,43261.0,43037.0,42848.0,42737.0,42687.0,42530.0,42270.0,41972.0,41645.0,41452.0,41349.0,41245.0,41336.0,41325.0,41719.0,42142.0,42620.0,42919.0,43177.0,43481.0,43658.0,43751.0,43781.0,43906.0,44014.0,44053.0,44090.0,44128.0,44164.0,44200.0,44235.0,44269.0,44302.0,44335.0,44367.0,44642.0,45099.0,45502.0,46027.0,46806.0,47142.0,47586.0,47794.0,47791.0,47612.0,47854.0,46953.0,47524.0,49002.0,48937.0,48838.0
DE224,3,Deggendorf,2024,TOTAL,TOTAL,NR,88133.0,88794.0,89652.0,90675.0,91637.0,92459.0,93527.0,94332.0,94704.0,95493.0,96540.0,96454.0,97412.0,98098.0,98746.0,98891.0,98724.0,98757.0,98988.0,99294.0,99785.0,100419.0,100887.0,101108.0,101236.0,101285.0,101658.0,102252.0,102847.0,103935.0,104773.0,106656.0,108069.0,109627.0,110730.0,111729.0,112848.0,113643.0,114219.0,114629.0,115288.0,115532.0,115424.0,115315.0,115205.0,115094.0,114982.0,114869.0,114756.0,114641.0,114526.0,114410.0,114690.0,114733.0,115374.0,115699.0,116596.0,117601.0,118741.0,119326.0,119478.0,119479.0,120521.0,120091.0,121137.0,121844.0,121684.0,121439.0
DE225,3,Freyung-Grafenau,2024,TOTAL,TOTAL,NR,68095.0,68605.0,69081.0,69680.0,70229.0,70668.0,71291.0,71711.0,71800.0,72203.0,72798.0,72538.0,72978.0,73211.0,73414.0,73243.0,72843.0,72594.0,72490.0,72443.0,72529.0,72719.0,73219.0,73540.0,73792.0,73985.0,74415.0,75006.0,75599.0,76555.0,77329.0,78876.0,79615.0,80456.0,80958.0,81383.0,81892.0,82164.0,82278.0,82271.0,82445.0,82434.0,82009.0,81585.0,81162.0,80740.0,80320.0,79900.0,79482.0,79064.0,78648.0,78233.0,78130.0,77817.0,77626.0,77927.0,78122.0,78180.0,78345.0,78355.0,78362.0,78355.0,78632.0,78155.0,78512.0,78710.0,78606.0,78448.0
DE226,3,Kelheim,2024,TOTAL,TOTAL,NR,78437.0,79025.0,79758.0,80637.0,81461.0,82159.0,83077.0,83760.0,84058.0,84726.0,85622.0,85514.0,86094.0,86432.0,86733.0,86594.0,86183.0,85949.0,85887.0,85893.0,86057.0,86344.0,87079.0,87601.0,88040.0,88408.0,89058.0,89901.0,90746.0,92029.0,93094.0,95093.0,96998.0,99042.0,100685.0,102239.0,103908.0,105283.0,106455.0,107471.0,108721.0,109510.0,109828.0,110143.0,110456.0,110765.0,111072.0,111375.0,111676.0,111973.0,112268.0,112560.0,113191.0,113996.0,115232.0,116495.0,118965.0,119969.0,121119.0,122258.0,123058.0,123390.0,123899.0,124673.0,125597.0,126037.0,125871.0,125617.0
DE227,3,"Landshut, Landkreis",2024,TOTAL,TOTAL,NR,89991.0,90666.0,91439.0,92378.0,93253.0,93983.0,94963.0,95673.0,95944.0,96635.0,97585.0,97391.0,99139.0,100618.0,102062.0,102987.0,103582.0,104380.0,105383.0,106466.0,107747.0,109186.0,110351.0,111246.0,112035.0,112732.0,113787.0,115089.0,116394.0,118262.0,119853.0,122650.0,125145.0,127822.0,129980.0,132024.0,134217.0,136030.0,137581.0,138931.0,140582.0,142442.0,142923.0,143400.0,143872.0,144340.0,144805.0,145265.0,145721.0,146173.0,146620.0,147064.0,147758.0,148862.0,150316.0,151819.0,154577.0,155442.0,157239.0,158698.0,159895.0,161191.0,162331.0,160256.0,161180.0,162170.0,161957.0,161631.0
DE228,3,"Passau, Landkreis",2024,TOTAL,TOTAL,NR,138226.0,139262.0,140436.0,141865.0,143195.0,144303.0,145794.0,146871.0,147272.0,148320.0,149764.0,149452.0,150823.0,151771.0,152659.0,152771.0,152401.0,152341.0,152586.0,152948.0,153594.0,154460.0,155910.0,156978.0,157898.0,158689.0,159985.0,161630.0,163277.0,165713.0,167758.0,171488.0,173789.0,176321.0,178124.0,179758.0,181589.0,182897.0,183852.0,184536.0,185627.0,186509.0,186290.0,186070.0,185848.0,185625.0,185400.0,185178.0,184950.0,184725.0,184496.0,184265.0,184531.0,184905.0,185671.0,186284.0,188336.0,188904.0,190504.0,192043.0,192656.0,193454.0,194090.0,193080.0,194068.0,194699.0,194443.0,194051.0
DE229,3,Regen,2024,TOTAL,TOTAL,NR,72120.0,72661.0,72954.0,73374.0,73737.0,73981.0,74415.0,74632.0,74503.0,74698.0,75088.0,74594.0,75014.0,75221.0,75397.0,75189.0,74746.0,74457.0,74318.0,74238.0,74294.0,74456.0,74888.0,75137.0,75316.0,75435.0,75796.0,76322.0,76848.0,77743.0,78453.0,79946.0,80582.0,81319.0,81714.0,82028.0,82427.0,82586.0,82586.0,82466.0,82526.0,82512.0,81954.0,81398.0,80844.0,80292.0,79741.0,79192.0,78645.0,78100.0,77556.0,77014.0,76525.0,76329.0,76257.0,76265.0,76812.0,77187.0,77489.0,77656.0,77410.0,77313.0,77176.0,77503.0,77439.0,77267.0,77165.0,77010.0
DE22A,3,Rottal-Inn,2024,TOTAL,TOTAL,NR,99293.0,100037.0,100372.0,100881.0,101310.0,101574.0,102098.0,102323.0,102073.0,102267.0,102725.0,101975.0,102415.0,102563.0,102667.0,102249.0,101512.0,100986.0,100664.0,100421.0,100363.0,100447.0,101037.0,101381.0,101631.0,101800.0,102294.0,103011.0,103729.0,104945.0,105911.0,107934.0,109466.0,111147.0,112368.0,113484.0,114724.0,115634.0,116322.0,116840.0,117612.0,118167.0,118027.0,117886.0,117744.0,117602.0,117458.0,117314.0,117170.0,117024.0,116878.0,116731.0,116849.0,117437.0,117654.0,118164.0,119218.0,119617.0,120371.0,120659.0,121502.0,121800.0,122252.0,119864.0,120475.0,120497.0,120338.0,120096.0
DE22B,3,Straubing-Bogen,2024,TOTAL,TOTAL,NR,74088.0,74643.0,75109.0,75709.0,76253.0,76676.0,77299.0,77700.0,77742.0,78124.0,78712.0,78376.0,78824.0,79048.0,79239.0,79028.0,78569.0,78272.0,78133.0,78054.0,78120.0,78297.0,78822.0,79154.0,79412.0,79607.0,80056.0,80679.0,81303.0,82318.0,83137.0,84788.0,86223.0,87779.0,88975.0,90090.0,91305.0,92259.0,93035.0,93676.0,94520.0,95242.0,95305.0,95367.0,95427.0,95486.0,95544.0,95599.0,95654.0,95707.0,95758.0,95808.0,96140.0,96667.0,97323.0,97967.0,98806.0,99221.0,99838.0,100649.0,101120.0,101745.0,102398.0,102914.0,103329.0,103041.0,102905.0,102698.0
DE22C,3,Dingolfing-Landau,2024,TOTAL,TOTAL,NR,71130.0,71663.0,71816.0,72091.0,72308.0,72406.0,72687.0,72754.0,72483.0,72525.0,72754.0,72126.0,72623.0,72914.0,73176.0,73065.0,72725.0,72535.0,72490.0,72502.0,72648.0,72897.0,73451.0,73825.0,74130.0,74376.0,74858.0,75504.0,76151.0,77164.0,77995.0,79606.0,81105.0,82720.0,83998.0,85200.0,86498.0,87551.0,88434.0,89189.0,90137.0,90562.0,90515.0,90468.0,90419.0,90370.0,90320.0,90268.0,90216.0,90163.0,90110.0,90055.0,90567.0,91267.0,92565.0,93450.0,94104.0,95035.0,95831.0,96217.0,96683.0,97244.0,98045.0,99509.0,100727.0,101035.0,100902.0,100699.0
DE231,3,"Amberg, Kreisfreie Stadt",2024,TOTAL,TOTAL,NR,46379.0,46727.0,46933.0,47221.0,47473.0,47648.0,47946.0,48104.0,48040.0,48185.0,48455.0,48156.0,48047.0,47798.0,47527.0,47013.0,46355.0,45797.0,45332.0,44903.0,44557.0,44273.0,44095.0,43810.0,43486.0,43131.0,42916.0,42794.0,42670.0,42749.0,42654.0,43113.0,43325.0,43549.0,43624.0,43628.0,43652.0,43605.0,43523.0,43429.0,43367.0,43794.0,43616.0,43439.0,43262.0,43086.0,42910.0,42734.0,42558.0,42383.0,42208.0,42034.0,41790.0,41578.0,41592.0,41535.0,41861.0,42348.0,42248.0,41970.0,42207.0,42052.0,41994.0,42080.0,42217.0,42553.0,42497.0,42411.0
DE232,3,"Regensburg, Kreisfreie Stadt",2024,TOTAL,TOTAL,NR,124860.0,125796.0,126792.0,128017.0,129153.0,130087.0,131364.0,132268.0,132562.0,133438.0,134670.0,134321.0,134915.0,135125.0,135278.0,134742.0,133787.0,133108.0,132699.0,132393.0,132332.0,132458.0,131194.0,129613.0,127922.0,126144.0,124778.0,123682.0,122581.0,122053.0,121024.0,121553.0,122472.0,123431.0,123972.0,124314.0,124713.0,124913.0,125011.0,125077.0,125236.0,125676.0,126661.0,127640.0,128612.0,129578.0,130538.0,131491.0,132437.0,133377.0,134311.0,135238.0,136352.0,138296.0,140276.0,142292.0,145465.0,148638.0,150894.0,152610.0,153094.0,152270.0,153542.0,147509.0,149664.0,151389.0,151190.0,150885.0
DE233,3,"Weiden in der Oberpfalz, Kreisfreie Stadt",2024,TOTAL,TOTAL,NR,44017.0,44347.0,44642.0,45016.0,45357.0,45627.0,46016.0,46274.0,46318.0,46564.0,46934.0,46752.0,46738.0,46588.0,46417.0,46010.0,45461.0,45008.0,44647.0,44321.0,44078.0,43895.0,43668.0,43336.0,42965.0,42564.0,42302.0,42130.0,41958.0,41984.0,41839.0,42236.0,42499.0,42775.0,42905.0,42966.0,43047.0,43059.0,43035.0,43000.0,42997.0,43030.0,42900.0,42770.0,42641.0,42511.0,42382.0,42252.0,42123.0,41994.0,41865.0,41736.0,41734.0,41684.0,41726.0,41817.0,42055.0,42494.0,42543.0,42520.0,42743.0,42535.0,42472.0,42251.0,42430.0,42444.0,42388.0,42303.0
DE234,3,Amberg-Sulzbach,2024,TOTAL,TOTAL,NR,88282.0,88944.0,89672.0,90562.0,91388.0,92073.0,93001.0,93665.0,93898.0,94543.0,95440.0,95218.0,95604.0,95717.0,95790.0,95375.0,94663.0,94147.0,93822.0,93571.0,93492.0,93545.0,94020.0,94265.0,94423.0,94507.0,94893.0,95486.0,96079.0,97134.0,97801.0,99754.0,101116.0,102520.0,103584.0,104487.0,105441.0,106229.0,106933.0,107610.0,108368.0,108899.0,108411.0,107925.0,107439.0,106954.0,106471.0,105989.0,105507.0,105027.0,104548.0,104070.0,103597.0,103352.0,103074.0,103045.0,103568.0,103009.0,102836.0,103109.0,103049.0,102998.0,103277.0,103621.0,104127.0,103982.0,103845.0,103636.0
DE235,3,Cham,2024,TOTAL,TOTAL,NR,108576.0,109390.0,110224.0,111257.0,112211.0,112989.0,114066.0,114817.0,115039.0,115765.0,116799.0,116463.0,117028.0,117260.0,117442.0,117027.0,116246.0,115707.0,115401.0,115185.0,115181.0,115341.0,116229.0,116833.0,117328.0,117728.0,118504.0,119537.0,120572.0,122188.0,123320.0,126078.0,127146.0,128257.0,128934.0,129406.0,129938.0,130263.0,130482.0,130668.0,130951.0,131035.0,130506.0,129977.0,129450.0,128924.0,128398.0,127874.0,127351.0,126829.0,126307.0,125787.0,125504.0,125620.0,125553.0,125844.0,126359.0,126918.0,127339.0,127882.0,127998.0,128094.0,128444.0,127452.0,128230.0,128534.0,128365.0,128106.0
DE236,3,Neumarkt in der Oberpfalz,2024,TOTAL,TOTAL,NR,79704.0,80302.0,81633.0,83123.0,84568.0,85892.0,87455.0,88782.0,89706.0,91030.0,92608.0,93105.0,94283.0,95201.0,96083.0,96476.0,96563.0,96844.0,97316.0,97864.0,98593.0,99464.0,100552.0,101393.0,102137.0,102797.0,103784.0,104996.0,106211.0,107940.0,109244.0,111994.0,113921.0,115902.0,117503.0,118924.0,120406.0,121700.0,122899.0,124067.0,125329.0,126369.0,126388.0,126406.0,126422.0,126437.0,126450.0,126461.0,126470.0,126478.0,126484.0,126489.0,126746.0,127145.0,127826.0,128975.0,130385.0,131662.0,132644.0,133561.0,134573.0,135225.0,136062.0,136901.0,138214.0,138693.0,138510.0,138231.0
DE237,3,Neustadt an der Waldnaab,2024,TOTAL,TOTAL,NR,87353.0,88008.0,88562.0,89274.0,89920.0,90424.0,91164.0,91642.0,91697.0,92153.0,92852.0,92460.0,92803.0,92881.0,92919.0,92484.0,91761.0,91229.0,90882.0,90606.0,90497.0,90516.0,90939.0,91141.0,91258.0,91304.0,91643.0,92180.0,92718.0,93701.0,94309.0,96158.0,97066.0,98009.0,98621.0,99077.0,99580.0,99924.0,100188.0,100425.0,100738.0,101011.0,100559.0,100108.0,99658.0,99209.0,98761.0,98314.0,97868.0,97423.0,96979.0,96536.0,96094.0,95849.0,95447.0,95184.0,95078.0,94528.0,94486.0,94352.0,94450.0,94645.0,94838.0,95742.0,96209.0,96049.0,95923.0,95730.0
DE238,3,"Regensburg, Landkreis",2024,TOTAL,TOTAL,NR,102192.0,102958.0,104883.0,107017.0,109097.0,111025.0,113265.0,115203.0,116620.0,118559.0,120833.0,121697.0,124090.0,126148.0,128164.0,129529.0,130477.0,131679.0,133138.0,134699.0,136509.0,138521.0,139785.0,140706.0,141494.0,142167.0,143293.0,144730.0,146170.0,148316.0,149875.0,153415.0,156319.0,159300.0,161766.0,163984.0,166286.0,168332.0,170245.0,172118.0,174119.0,176067.0,176686.0,177298.0,177907.0,178508.0,179106.0,179698.0,180286.0,180868.0,181445.0,182015.0,183161.0,184344.0,185980.0,187205.0,189390.0,190481.0,192200.0,193572.0,194070.0,194275.0,195225.0,191651.0,193801.0,196213.0,195955.0,195560.0
DE239,3,Schwandorf,2024,TOTAL,TOTAL,NR,120618.0,121522.0,123000.0,124710.0,126341.0,127784.0,129573.0,131003.0,131834.0,133248.0,135027.0,135224.0,135564.0,135517.0,135409.0,134613.0,133399.0,132463.0,131797.0,131234.0,130913.0,130776.0,131027.0,130960.0,130773.0,130486.0,130619.0,131036.0,131451.0,132495.0,133007.0,135262.0,136660.0,138108.0,139092.0,139857.0,140688.0,141296.0,141790.0,142248.0,142812.0,143343.0,143261.0,143178.0,143093.0,143007.0,142919.0,142831.0,142741.0,142649.0,142556.0,142462.0,142630.0,142947.0,143060.0,143614.0,144864.0,145382.0,146487.0,147189.0,147872.0,148477.0,149239.0,147982.0,148698.0,149312.0,149115.0,148815.0
DE23A,3,Tirschenreuth,2024,TOTAL,TOTAL,NR,79595.0,80192.0,80659.0,81269.0,81818.0,82238.0,82871.0,83266.0,83275.0,83649.0,84242.0,83846.0,83735.0,83381.0,82989.0,82174.0,81106.0,80211.0,79480.0,78812.0,78289.0,77875.0,77917.0,77770.0,77553.0,77277.0,77250.0,77391.0,77531.0,78041.0,78236.0,79455.0,79899.0,80367.0,80560.0,80624.0,80723.0,80693.0,80596.0,80479.0,80421.0,79993.0,79493.0,78994.0,78496.0,78001.0,77506.0,77013.0,76522.0,76032.0,75544.0,75057.0,74483.0,73923.0,73457.0,73250.0,73314.0,72918.0,72730.0,72504.0,72046.0,71696.0,71648.0,72561.0,72545.0,72210.0,72115.0,71970.0
DE241,3,"Bamberg, Kreisfreie Stadt",2024,TOTAL,TOTAL,NR,79091.0,79684.0,79580.0,79607.0,79564.0,79385.0,79403.0,79182.0,78590.0,78335.0,78277.0,77295.0,77208.0,76897.0,76551.0,75815.0,74845.0,74035.0,73376.0,72775.0,72308.0,71942.0,71698.0,71280.0,70799.0,70267.0,69963.0,69809.0,69655.0,69830.0,69560.0,70521.0,70674.0,70896.0,70832.0,70655.0,70584.0,70329.0,69879.0,69434.0,69004.0,69036.0,69199.0,69360.0,69520.0,69677.0,69834.0,69988.0,70141.0,70292.0,70442.0,70590.0,70712.0,70863.0,71167.0,71952.0,73331.0,75743.0,77179.0,77592.0,77373.0,76674.0,77749.0,74405.0,75087.0,77150.0,77048.0,76893.0
DE242,3,"Bayreuth, Kreisfreie Stadt",2024,TOTAL,TOTAL,NR,64764.0,65249.0,65702.0,66273.0,66797.0,67215.0,67809.0,68209.0,68295.0,68680.0,69246.0,69000.0,69566.0,69937.0,70279.0,70265.0,70029.0,69936.0,69983.0,70084.0,70315.0,70647.0,70711.0,70604.0,70433.0,70208.0,70209.0,70363.0,70516.0,71005.0,71044.0,72345.0,72847.0,73427.0,73715.0,73887.0,74174.0,74270.0,74161.0,74056.0,73967.0,74153.0,73821.0,73489.0,73158.0,72828.0,72498.0,72170.0,71842.0,71514.0,71188.0,70862.0,71214.0,71482.0,71572.0,71601.0,72148.0,73065.0,73999.0,74657.0,74783.0,74048.0,73909.0,72661.0,73074.0,72940.0,72844.0,72697.0
DE243,3,"Coburg, Kreisfreie Stadt",2024,TOTAL,TOTAL,NR,49172.0,49541.0,49572.0,49685.0,49757.0,49746.0,49859.0,49825.0,49557.0,49503.0,49576.0,49064.0,49006.0,48807.0,48584.0,48115.0,47497.0,46980.0,46559.0,46176.0,45877.0,45642.0,45439.0,45125.0,44772.0,44387.0,44145.0,44000.0,43853.0,43914.0,43693.0,44246.0,44340.0,44476.0,44434.0,44320.0,44273.0,44111.0,43826.0,43544.0,43272.0,42756.0,42593.0,42431.0,42269.0,42107.0,41946.0,41785.0,41624.0,41463.0,41303.0,41143.0,40991.0,41022.0,40994.0,41062.0,41257.0,41071.0,41236.0,41249.0,41072.0,40842.0,40955.0,40618.0,40907.0,41064.0,41010.0,40927.0
DE244,3,"Hof, Kreisfreie Stadt",2024,TOTAL,TOTAL,NR,58125.0,58561.0,58461.0,58456.0,58400.0,58243.0,58231.0,58042.0,57582.0,57368.0,57298.0,56552.0,56544.0,56372.0,56175.0,55692.0,55037.0,54499.0,54071.0,53687.0,53401.0,53190.0,53086.0,52852.0,52572.0,52253.0,52103.0,52066.0,52028.0,52237.0,52113.0,52913.0,52958.0,53054.0,52935.0,52730.0,52604.0,52340.0,51932.0,51527.0,51133.0,50741.0,50146.0,49554.0,48964.0,48376.0,47791.0,47208.0,46627.0,46049.0,45473.0,44899.0,44511.0,44461.0,44522.0,44325.0,44660.0,45183.0,45950.0,45930.0,45825.0,45173.0,45125.0,46151.0,46484.0,46778.0,46716.0,46622.0
DE245,3,"Bamberg, Landkreis",2024,TOTAL,TOTAL,NR,93493.0,94194.0,95594.0,97178.0,98706.0,100090.0,101751.0,103133.0,104046.0,105422.0,107090.0,107506.0,108916.0,110025.0,111093.0,111596.0,111744.0,112116.0,112711.0,113392.0,114282.0,115339.0,116233.0,116843.0,117343.0,117748.0,118530.0,119569.0,120609.0,122231.0,123080.0,126133.0,128393.0,130809.0,132728.0,134448.0,136387.0,137988.0,139207.0,140430.0,141687.0,142372.0,142506.0,142636.0,142764.0,142891.0,143014.0,143135.0,143254.0,143370.0,143484.0,143596.0,143746.0,143758.0,144425.0,144695.0,145570.0,146042.0,146584.0,147086.0,147163.0,147497.0,147697.0,147269.0,148017.0,147777.0,147582.0,147285.0
DE246,3,"Bayreuth, Landkreis",2024,TOTAL,TOTAL,NR,90957.0,91639.0,92308.0,93143.0,93911.0,94532.0,95401.0,95998.0,96153.0,96728.0,97561.0,97248.0,97713.0,97901.0,98047.0,97694.0,97037.0,96580.0,96318.0,96132.0,96123.0,96250.0,96670.0,96854.0,96949.0,96969.0,97298.0,97840.0,98381.0,99395.0,99778.0,101942.0,103157.0,104490.0,105415.0,106178.0,107111.0,107771.0,108135.0,108503.0,108895.0,109124.0,108763.0,108402.0,108042.0,107682.0,107323.0,106964.0,106606.0,106248.0,105890.0,105533.0,105227.0,104901.0,104637.0,104615.0,104306.0,103876.0,103805.0,103656.0,103664.0,103679.0,103648.0,103106.0,103269.0,103215.0,103079.0,102871.0
DE247,3,"Coburg, Landkreis",2024,TOTAL,TOTAL,NR,79334.0,79929.0,80557.0,81330.0,82046.0,82634.0,83440.0,84008.0,84190.0,84740.0,85517.0,85290.0,85548.0,85561.0,85538.0,85079.0,84355.0,83808.0,83430.0,83118.0,82959.0,82917.0,83083.0,83047.0,82936.0,82761.0,82853.0,83124.0,83394.0,84063.0,84199.0,85833.0,86923.0,88114.0,88961.0,89673.0,90528.0,91153.0,91527.0,91905.0,92304.0,92243.0,91799.0,91355.0,90913.0,90472.0,90032.0,89592.0,89155.0,88718.0,88282.0,87847.0,87404.0,87006.0,86719.0,86715.0,86599.0,86734.0,86885.0,86906.0,86747.0,86571.0,86544.0,84341.0,84518.0,84468.0,84357.0,84187.0
DE248,3,Forchheim,2024,TOTAL,TOTAL,NR,78674.0,79264.0,80234.0,81354.0,82424.0,83371.0,84544.0,85483.0,86031.0,86959.0,88126.0,88260.0,89431.0,90356.0,91246.0,91673.0,91809.0,92128.0,92629.0,93202.0,93947.0,94829.0,95532.0,96001.0,96380.0,96682.0,97292.0,98114.0,98937.0,100236.0,100903.0,103374.0,104761.0,106270.0,107366.0,108299.0,109406.0,110235.0,110762.0,111293.0,111848.0,112500.0,112533.0,112565.0,112595.0,112624.0,112651.0,112676.0,112700.0,112723.0,112744.0,112763.0,112986.0,113331.0,113424.0,113900.0,114834.0,115259.0,115681.0,116099.0,116203.0,116600.0,116753.0,115457.0,116284.0,116184.0,116031.0,115797.0
DE249,3,"Hof, Landkreis",2024,TOTAL,TOTAL,NR,119037.0,119929.0,120132.0,120539.0,120847.0,120955.0,121368.0,121424.0,120913.0,120926.0,121248.0,120143.0,119935.0,119379.0,118767.0,117550.0,115972.0,114642.0,113546.0,112540.0,111742.0,111098.0,110663.0,109960.0,109160.0,108282.0,107754.0,107460.0,107163.0,107373.0,106898.0,108314.0,108949.0,109697.0,110008.0,110145.0,110452.0,110474.0,110191.0,109914.0,109661.0,109026.0,108095.0,107167.0,106243.0,105321.0,104403.0,103489.0,102577.0,101669.0,100764.0,99863.0,98787.0,97873.0,97096.0,96608.0,96429.0,95915.0,95773.0,95311.0,94801.0,94522.0,93907.0,92905.0,92675.0,92191.0,92070.0,91885.0
DE24A,3,Kronach,2024,TOTAL,TOTAL,NR,78501.0,79089.0,79353.0,79754.0,80093.0,80300.0,80713.0,80891.0,80692.0,80844.0,81205.0,80611.0,80660.0,80476.0,80256.0,79627.0,78752.0,78044.0,77494.0,77006.0,76659.0,76420.0,76334.0,76062.0,75722.0,75327.0,75174.0,75184.0,75193.0,75560.0,75446.0,76670.0,76932.0,77272.0,77301.0,77206.0,77229.0,77052.0,76661.0,76274.0,75905.0,75591.0,75039.0,74488.0,73939.0,73392.0,72847.0,72304.0,71763.0,71223.0,70685.0,70149.0,69599.0,69095.0,68484.0,67998.0,67916.0,67613.0,67474.0,67135.0,66743.0,66355.0,66091.0,65087.0,65009.0,64545.0,64460.0,64330.0
DE24B,3,Kulmbach,2024,TOTAL,TOTAL,NR,77447.0,78028.0,78220.0,78546.0,78808.0,78941.0,79274.0,79375.0,79106.0,79180.0,79458.0,78801.0,78923.0,78818.0,78678.0,78138.0,77355.0,76736.0,76272.0,75868.0,75604.0,75446.0,75325.0,75021.0,74650.0,74224.0,74037.0,74011.0,73984.0,74309.0,74160.0,75326.0,76045.0,76847.0,77347.0,77727.0,78230.0,78532.0,78618.0,78708.0,78815.0,78825.0,78362.0,77901.0,77441.0,76982.0,76524.0,76068.0,75613.0,75160.0,74708.0,74257.0,73710.0,73211.0,72898.0,72541.0,72468.0,71993.0,72012.0,71845.0,71566.0,71428.0,71328.0,71439.0,71752.0,71518.0,71424.0,71280.0
DE24C,3,Lichtenfels,2024,TOTAL,TOTAL,NR,64892.0,65378.0,65706.0,66149.0,66543.0,66829.0,67289.0,67554.0,67506.0,67752.0,68176.0,67798.0,68004.0,68015.0,67997.0,67633.0,67058.0,66623.0,66324.0,66076.0,65951.0,65918.0,66011.0,65942.0,65815.0,65637.0,65670.0,65846.0,66021.0,66512.0,66580.0,67832.0,68472.0,69188.0,69631.0,69966.0,70412.0,70677.0,70747.0,70821.0,70910.0,70840.0,70488.0,70137.0,69787.0,69438.0,69090.0,68742.0,68395.0,68050.0,67705.0,67361.0,67245.0,67109.0,66644.0,66540.0,66655.0,66640.0,66777.0,66838.0,66776.0,66722.0,66741.0,67466.0,67716.0,67379.0,67290.0,67154.0
DE24D,3,Wunsiedel im Fichtelgebirge,2024,TOTAL,TOTAL,NR,104564.0,105348.0,105256.0,105337.0,105327.0,105137.0,105209.0,104966.0,104230.0,103943.0,103917.0,102666.0,102285.0,101604.0,100875.0,99632.0,98084.0,96748.0,95610.0,94549.0,93661.0,92903.0,92426.0,91724.0,90943.0,90097.0,89544.0,89184.0,88822.0,88879.0,88368.0,89418.0,89531.0,89731.0,89568.0,89260.0,89087.0,88680.0,88028.0,87381.0,86754.0,86044.0,85068.0,84097.0,83129.0,82165.0,81204.0,80248.0,79295.0,78346.0,77400.0,76459.0,75441.0,74599.0,73783.0,73403.0,73185.0,73260.0,73485.0,73178.0,72655.0,71974.0,71482.0,70963.0,70959.0,70549.0,70456.0,70314.0
DE251,3,"Ansbach, Kreisfreie Stadt",2024,TOTAL,TOTAL,NR,41394.0,41704.0,41643.0,41650.0,41621.0,41520.0,41522.0,41400.0,41082.0,40942.0,40904.0,40383.0,40398.0,40297.0,40177.0,39853.0,39406.0,39042.0,38758.0,38504.0,38321.0,38192.0,38107.0,37930.0,37719.0,37481.0,37363.0,37327.0,37290.0,37430.0,37323.0,37894.0,38460.0,38960.0,39248.0,39469.0,39664.0,39861.0,39967.0,40021.0,40163.0,40165.0,40104.0,40043.0,39982.0,39921.0,39859.0,39797.0,39735.0,39673.0,39611.0,39548.0,39600.0,39684.0,39839.0,40010.0,41159.0,41532.0,41652.0,41847.0,41798.0,41681.0,41662.0,39596.0,39700.0,40742.0,40688.0,40606.0
DE252,3,"Erlangen, Kreisfreie Stadt",2024,TOTAL,TOTAL,NR,74973.0,75535.0,77607.0,79845.0,82054.0,84159.0,86513.0,88646.0,90385.0,92533.0,94954.0,96270.0,97390.0,98240.0,99053.0,99362.0,99356.0,99550.0,99942.0,100411.0,101066.0,101867.0,101776.0,101437.0,101007.0,100503.0,100323.0,100360.0,100396.0,100909.0,100760.0,102440.0,103116.0,103596.0,103504.0,103226.0,102878.0,102531.0,101950.0,101237.0,100750.0,100778.0,101067.0,101354.0,101638.0,101920.0,102198.0,102475.0,102748.0,103019.0,103287.0,103552.0,104312.0,105412.0,105624.0,106423.0,108336.0,110238.0,110998.0,111962.0,112528.0,112385.0,113292.0,113911.0,115314.0,115928.0,115775.0,115542.0
DE253,3,"Fürth, Kreisfreie Stadt",2024,TOTAL,TOTAL,NR,105387.0,106177.0,106227.0,106456.0,106595.0,106554.0,106781.0,106691.0,106102.0,105970.0,106109.0,104996.0,105010.0,104722.0,104386.0,103518.0,102331.0,101360.0,100596.0,99911.0,99411.0,99049.0,99323.0,99355.0,99297.0,99162.0,99345.0,99744.0,100143.0,101021.0,101237.0,103299.0,104873.0,106267.0,107086.0,107719.0,108283.0,108851.0,109173.0,109351.0,109771.0,110477.0,110943.0,111405.0,111864.0,112319.0,112770.0,113218.0,113662.0,114102.0,114539.0,114972.0,116640.0,118358.0,119808.0,121519.0,124171.0,125403.0,126526.0,127748.0,128497.0,128223.0,129122.0,131060.0,131712.0,132036.0,131862.0,131596.0
DE254,3,"Nürnberg, Kreisfreie Stadt",2024,TOTAL,TOTAL,NR,474547.0,478104.0,481813.0,486390.0,490625.0,494093.0,498864.0,502215.0,503252.0,506495.0,511088.0,509683.0,510130.0,509107.0,507857.0,504020.0,498625.0,494281.0,490943.0,487993.0,485941.0,484570.0,484770.0,483791.0,482377.0,480599.0,480369.0,481180.0,481989.0,485093.0,485014.0,493755.0,497126.0,499552.0,499222.0,497997.0,496430.0,494872.0,492190.0,488864.0,486628.0,488400.0,488053.0,487700.0,487342.0,486981.0,486616.0,486246.0,485872.0,485495.0,485110.0,484725.0,490085.0,495121.0,498876.0,501072.0,509975.0,511628.0,515201.0,518365.0,518370.0,515543.0,510632.0,523734.0,526606.0,529508.0,528811.0,527746.0
DE255,3,"Schwabach, Kreisfreie Stadt",2024,TOTAL,TOTAL,NR,26167.0,26363.0,26866.0,27422.0,27965.0,28469.0,29054.0,29560.0,29934.0,30441.0,31035.0,31266.0,31861.0,32370.0,32869.0,33200.0,33424.0,33714.0,34070.0,34452.0,34897.0,35394.0,35354.0,35229.0,35072.0,34889.0,34819.0,34824.0,34829.0,34999.0,34939.0,35514.0,36078.0,36580.0,36885.0,37126.0,37343.0,37562.0,37695.0,37779.0,37947.0,38213.0,38230.0,38247.0,38263.0,38278.0,38293.0,38307.0,38321.0,38334.0,38347.0,38359.0,38610.0,39137.0,39546.0,39941.0,40428.0,40707.0,40781.0,40792.0,40981.0,41056.0,41146.0,40812.0,40994.0,40835.0,40781.0,40699.0
DE256,3,"Ansbach, Landkreis",2024,TOTAL,TOTAL,NR,145594.0,146685.0,147785.0,149150.0,150410.0,151434.0,152857.0,153844.0,154122.0,155075.0,156440.0,155970.0,156823.0,157231.0,157573.0,157113.0,156163.0,155535.0,155220.0,155026.0,155119.0,155432.0,156177.0,156540.0,156759.0,156856.0,157454.0,158395.0,159336.0,161042.0,161695.0,165300.0,168545.0,171515.0,173567.0,175324.0,176970.0,178627.0,179879.0,180893.0,182307.0,183207.0,182744.0,182280.0,181817.0,181354.0,180890.0,180427.0,179964.0,179501.0,179038.0,178575.0,178262.0,178289.0,178914.0,179419.0,181314.0,182178.0,183256.0,183949.0,184591.0,185316.0,186279.0,186359.0,187340.0,187633.0,187386.0,187009.0
DE257,3,Erlangen-Höchstadt,2024,TOTAL,TOTAL,NR,66422.0,66920.0,68315.0,69850.0,71351.0,72755.0,74366.0,75781.0,76855.0,78274.0,79916.0,80627.0,82969.0,85093.0,87194.0,88852.0,90219.0,91755.0,93468.0,95251.0,97211.0,99317.0,100665.0,101766.0,102768.0,103683.0,104927.0,106400.0,107875.0,109875.0,111161.0,114492.0,116947.0,119216.0,120851.0,122280.0,123634.0,124995.0,126074.0,126985.0,128177.0,128939.0,129066.0,129191.0,129314.0,129434.0,129553.0,129669.0,129783.0,129894.0,130004.0,130111.0,130747.0,131227.0,132012.0,132830.0,134136.0,134640.0,135334.0,136271.0,137262.0,138105.0,139323.0,137981.0,138581.0,138325.0,138143.0,137865.0
DE258,3,"Fürth, Landkreis",2024,TOTAL,TOTAL,NR,61273.0,61732.0,63158.0,64715.0,66243.0,67684.0,69320.0,70775.0,71913.0,73374.0,75048.0,75847.0,77815.0,79578.0,81317.0,82644.0,83700.0,84916.0,86296.0,87741.0,89350.0,91091.0,91699.0,92083.0,92382.0,92606.0,93127.0,93849.0,94573.0,95752.0,96306.0,98621.0,101059.0,103343.0,105081.0,106643.0,108140.0,109645.0,110903.0,112012.0,113369.0,112896.0,112862.0,112827.0,112791.0,112753.0,112715.0,112675.0,112634.0,112591.0,112548.0,112503.0,113259.0,113959.0,114513.0,113847.0,114291.0,115971.0,116193.0,117387.0,117853.0,118695.0,119432.0,117602.0,117617.0,117719.0,117564.0,117327.0
DE259,3,Nürnberger Land,2024,TOTAL,TOTAL,NR,117471.0,118352.0,120354.0,122592.0,124763.0,126758.0,129106.0,131105.0,132510.0,134507.0,136880.0,137654.0,139461.0,140883.0,142253.0,142899.0,143091.0,143569.0,144332.0,145206.0,146349.0,147704.0,148443.0,148820.0,149059.0,149181.0,149781.0,150706.0,151632.0,153285.0,153937.0,157400.0,159823.0,161971.0,163244.0,164234.0,165117.0,166008.0,166523.0,166818.0,167483.0,168024.0,167627.0,167229.0,166831.0,166434.0,166036.0,165638.0,165240.0,164842.0,164443.0,164045.0,164079.0,164564.0,165000.0,165918.0,167643.0,168893.0,169752.0,170365.0,170792.0,171143.0,171424.0,168856.0,169193.0,168813.0,168591.0,168251.0
DE25A,3,Neustadt an der Aisch-Bad Windsheim,2024,TOTAL,TOTAL,NR,85187.0,85826.0,86071.0,86464.0,86789.0,86970.0,87374.0,87522.0,87262.0,87382.0,87727.0,87039.0,87306.0,87324.0,87304.0,86839.0,86104.0,85549.0,85168.0,84853.0,84695.0,84656.0,84979.0,85094.0,85131.0,85102.0,85346.0,85775.0,86205.0,87047.0,87320.0,89186.0,90919.0,92504.0,93593.0,94523.0,95393.0,96269.0,96927.0,97456.0,98201.0,98671.0,98563.0,98455.0,98346.0,98237.0,98127.0,98016.0,97904.0,97792.0,97679.0,97565.0,97518.0,97409.0,97482.0,97808.0,98751.0,99332.0,99641.0,100364.0,101014.0,101272.0,101788.0,100568.0,100982.0,101043.0,100910.0,100707.0
DE25B,3,Roth,2024,TOTAL,TOTAL,NR,73239.0,73788.0,75486.0,77339.0,79159.0,80874.0,82822.0,84554.0,85907.0,87646.0,89639.0,90587.0,92264.0,93692.0,95087.0,95999.0,96603.0,97396.0,98379.0,99438.0,100681.0,102072.0,102763.0,103203.0,103546.0,103807.0,104400.0,105219.0,106040.0,107371.0,108000.0,110606.0,112942.0,115097.0,116639.0,117983.0,119254.0,120532.0,121538.0,122381.0,123496.0,124187.0,124106.0,124024.0,123941.0,123856.0,123771.0,123684.0,123596.0,123507.0,123417.0,123326.0,123120.0,123168.0,123431.0,123890.0,125140.0,125563.0,126101.0,126958.0,126749.0,127168.0,127520.0,127472.0,128438.0,128632.0,128463.0,128204.0
DE25C,3,Weißenburg-Gunzenhausen,2024,TOTAL,TOTAL,NR,83988.0,84618.0,85081.0,85694.0,86244.0,86655.0,87291.0,87676.0,87655.0,88016.0,88609.0,88160.0,88340.0,88266.0,88154.0,87593.0,86760.0,86109.0,85633.0,85225.0,84973.0,84841.0,85261.0,85472.0,85605.0,85671.0,86010.0,86537.0,87064.0,88009.0,88378.0,90362.0,91626.0,92730.0,93332.0,93770.0,94148.0,94529.0,94696.0,94738.0,94990.0,95109.0,94854.0,94600.0,94346.0,94091.0,93837.0,93583.0,93329.0,93075.0,92822.0,92568.0,92182.0,92187.0,92331.0,92518.0,93342.0,93974.0,94208.0,94393.0,94734.0,95117.0,95523.0,94468.0,94670.0,94695.0,94570.0,94380.0
DE261,3,"Aschaffenburg, Kreisfreie Stadt",2024,TOTAL,TOTAL,NR,58320.0,58757.0,58942.0,59228.0,59468.0,59610.0,59904.0,60024.0,59864.0,59964.0,60219.0,59766.0,60064.0,60191.0,60292.0,60087.0,59694.0,59425.0,59276.0,59173.0,59179.0,59269.0,59658.0,59901.0,60088.0,60228.0,60560.0,61023.0,61487.0,62247.0,62712.0,64099.0,64737.0,65467.0,65893.0,66212.0,66596.0,66777.0,66892.0,66902.0,67028.0,67592.0,67569.0,67545.0,67520.0,67494.0,67468.0,67441.0,67413.0,67385.0,67356.0,67326.0,67470.0,67681.0,67844.0,68167.0,68986.0,69187.0,69928.0,70527.0,71002.0,70858.0,71381.0,72054.0,72554.0,73091.0,72995.0,72848.0
DE262,3,"Schweinfurt, Kreisfreie Stadt",2024,TOTAL,TOTAL,NR,56176.0,56597.0,56840.0,57182.0,57481.0,57686.0,58040.0,58225.0,58140.0,58309.0,58629.0,58260.0,58023.0,57616.0,57182.0,56456.0,55558.0,54779.0,54113.0,53491.0,52966.0,52515.0,52639.0,52634.0,52582.0,52489.0,52565.0,52755.0,52945.0,53387.0,53576.0,54548.0,54816.0,55156.0,55237.0,55226.0,55268.0,55139.0,54955.0,54685.0,54511.0,54325.0,54116.0,53908.0,53700.0,53493.0,53285.0,53079.0,52872.0,52666.0,52460.0,52255.0,52118.0,52098.0,51851.0,51610.0,51969.0,52724.0,53437.0,54032.0,53426.0,53319.0,53585.0,53539.0,53938.0,54481.0,54409.0,54299.0
DE263,3,"Würzburg, Kreisfreie Stadt",2024,TOTAL,TOTAL,NR,123592.0,124519.0,125055.0,125809.0,126467.0,126920.0,127700.0,128109.0,127923.0,128295.0,129001.0,128190.0,128981.0,129407.0,129780.0,129492.0,128798.0,128370.0,128201.0,128131.0,128298.0,128647.0,128375.0,127791.0,127095.0,126304.0,125922.0,125812.0,125701.0,126186.0,126066.0,127779.0,128370.0,129129.0,129280.0,129217.0,129275.0,128934.0,128466.0,127796.0,127350.0,127966.0,127623.0,127280.0,126937.0,126595.0,126252.0,125910.0,125568.0,125226.0,124884.0,124542.0,124449.0,124577.0,124698.0,124219.0,124873.0,126010.0,126635.0,127880.0,127934.0,126954.0,126933.0,131271.0,131759.0,133258.0,133083.0,132815.0
DE264,3,"Aschaffenburg, Landkreis",2024,TOTAL,TOTAL,NR,115094.0,115957.0,118607.0,121502.0,124344.0,127020.0,130063.0,132765.0,134872.0,137587.0,140697.0,142169.0,143643.0,144716.0,145733.0,146008.0,145822.0,145932.0,146332.0,146845.0,147630.0,148628.0,149651.0,150308.0,150825.0,151222.0,152101.0,153311.0,154523.0,156478.0,157692.0,161226.0,163389.0,165793.0,167437.0,168816.0,170363.0,171389.0,172253.0,172840.0,173730.0,173915.0,173811.0,173708.0,173600.0,173489.0,173380.0,173268.0,173156.0,173041.0,172924.0,172806.0,172351.0,172575.0,172791.0,172776.0,173695.0,173504.0,173969.0,174208.0,174200.0,174658.0,174965.0,170651.0,170856.0,170945.0,170720.0,170376.0
DE265,3,Bad Kissingen,2024,TOTAL,TOTAL,NR,96550.0,97274.0,97982.0,98865.0,99678.0,100335.0,101255.0,101886.0,102047.0,102655.0,103536.0,103202.0,103708.0,103920.0,104088.0,103726.0,103040.0,102567.0,102302.0,102116.0,102119.0,102267.0,102346.0,102177.0,101915.0,101576.0,101565.0,101773.0,101981.0,102675.0,102879.0,104584.0,105631.0,106826.0,107527.0,108054.0,108687.0,108987.0,109181.0,109201.0,109413.0,109328.0,108808.0,108289.0,107772.0,107256.0,106741.0,106227.0,105714.0,105203.0,104693.0,104184.0,103653.0,103124.0,102865.0,102901.0,103106.0,103100.0,103265.0,103218.0,103235.0,103169.0,103454.0,103088.0,103447.0,103489.0,103353.0,103145.0
DE266,3,Rhön-Grabfeld,2024,TOTAL,TOTAL,NR,74344.0,74901.0,75468.0,76171.0,76819.0,77348.0,78080.0,78590.0,78738.0,79230.0,79934.0,79699.0,79981.0,80034.0,80053.0,79665.0,79028.0,78556.0,78244.0,77992.0,77885.0,77887.0,78124.0,78171.0,78146.0,78062.0,78227.0,78562.0,78898.0,79611.0,79945.0,81449.0,82467.0,83605.0,84359.0,84977.0,85681.0,86124.0,86482.0,86703.0,87076.0,86609.0,86048.0,85488.0,84931.0,84375.0,83821.0,83268.0,82717.0,82168.0,81621.0,81075.0,80469.0,80224.0,79965.0,79676.0,79723.0,79855.0,79796.0,79690.0,79635.0,79510.0,79376.0,79216.0,79430.0,79375.0,79271.0,79111.0
DE267,3,Haßberge,2024,TOTAL,TOTAL,NR,75547.0,76113.0,76737.0,77500.0,78209.0,78796.0,79591.0,80161.0,80361.0,80915.0,81684.0,81495.0,81550.0,81371.0,81155.0,80525.0,79647.0,78937.0,78387.0,77900.0,77556.0,77320.0,77795.0,78079.0,78291.0,78441.0,78841.0,79413.0,79985.0,80943.0,81516.0,83287.0,84255.0,85345.0,86041.0,86598.0,87242.0,87620.0,87912.0,88065.0,88371.0,88509.0,88126.0,87743.0,87362.0,86981.0,86601.0,86222.0,85843.0,85466.0,85089.0,84713.0,84440.0,84226.0,84090.0,84152.0,84581.0,84373.0,84464.0,84599.0,84384.0,84275.0,84284.0,83258.0,83673.0,83869.0,83759.0,83590.0
DE268,3,Kitzingen,2024,TOTAL,TOTAL,NR,78130.0,78716.0,79055.0,79531.0,79947.0,80233.0,80726.0,80984.0,80867.0,81101.0,81548.0,81035.0,81361.0,81456.0,81515.0,81160.0,80552.0,80111.0,79832.0,79616.0,79547.0,79590.0,79773.0,79762.0,79678.0,79533.0,79644.0,79928.0,80211.0,80878.0,81159.0,82627.0,83703.0,84901.0,85710.0,86381.0,87139.0,87633.0,88040.0,88308.0,88730.0,88986.0,88858.0,88730.0,88601.0,88472.0,88343.0,88213.0,88082.0,87951.0,87820.0,87688.0,87731.0,87899.0,88097.0,88492.0,89306.0,89748.0,90429.0,90909.0,91155.0,91696.0,91980.0,90576.0,91197.0,91287.0,91167.0,90983.0
DE269,3,Miltenberg,2024,TOTAL,TOTAL,NR,92687.0,93382.0,94964.0,96731.0,98447.0,100023.0,101878.0,103457.0,104568.0,106145.0,108020.0,108633.0,109620.0,110299.0,110935.0,111007.0,110728.0,110675.0,110844.0,111098.0,111557.0,112177.0,112816.0,113179.0,113437.0,113606.0,114137.0,114917.0,115698.0,117035.0,117817.0,120328.0,122049.0,123951.0,125287.0,126423.0,127688.0,128565.0,129317.0,129863.0,130635.0,131261.0,130995.0,130728.0,130462.0,130195.0,129927.0,129659.0,129392.0,129123.0,128855.0,128586.0,128122.0,127944.0,127909.0,127941.0,128446.0,128543.0,128484.0,128756.0,128743.0,128743.0,128782.0,126649.0,127204.0,127547.0,127379.0,127122.0
DE26A,3,Main-Spessart,2024,TOTAL,TOTAL,NR,112360.0,113202.0,114141.0,115287.0,116352.0,117237.0,118432.0,119291.0,119601.0,120436.0,121593.0,121323.0,121906.0,122143.0,122328.0,121890.0,121072.0,120505.0,120181.0,119951.0,119943.0,120104.0,120584.0,120769.0,120844.0,120824.0,121192.0,121823.0,122454.0,123672.0,124302.0,126754.0,127958.0,129342.0,130125.0,130697.0,131397.0,131695.0,131863.0,131823.0,132014.0,132012.0,131578.0,131144.0,130711.0,130279.0,129847.0,129415.0,128985.0,128554.0,128124.0,127695.0,127154.0,126496.0,126295.0,125915.0,126123.0,126301.0,126523.0,126365.0,126158.0,125976.0,126105.0,125270.0,125814.0,125282.0,125117.0,124865.0
DE26B,3,"Schweinfurt, Landkreis",2024,TOTAL,TOTAL,NR,86162.0,86808.0,88057.0,89475.0,90840.0,92073.0,93559.0,94789.0,95587.0,96810.0,98300.0,98641.0,99575.0,100231.0,100847.0,100950.0,100735.0,100725.0,100915.0,101184.0,101640.0,102242.0,102657.0,102821.0,102891.0,102880.0,103200.0,103743.0,104287.0,105331.0,105874.0,107968.0,109411.0,111016.0,112111.0,113027.0,114057.0,114741.0,115312.0,115700.0,116290.0,116569.0,116226.0,115882.0,115539.0,115197.0,114854.0,114512.0,114170.0,113828.0,113487.0,113146.0,112991.0,112857.0,113007.0,113747.0,114813.0,114823.0,115105.0,115106.0,115445.0,115652.0,116134.0,114749.0,114404.0,113977.0,113827.0,113598.0
DE26C,3,"Würzburg, Landkreis",2024,TOTAL,TOTAL,NR,107278.0,108082.0,109630.0,111387.0,113080.0,114607.0,116450.0,117973.0,118959.0,120473.0,122320.0,122737.0,124663.0,126248.0,127787.0,128678.0,129156.0,129891.0,130882.0,131972.0,133308.0,134838.0,135578.0,135987.0,136270.0,136446.0,137057.0,137967.0,138878.0,140456.0,141368.0,144354.0,146629.0,149126.0,150944.0,152523.0,154259.0,155528.0,156645.0,157513.0,158655.0,158919.0,158847.0,158774.0,158698.0,158622.0,158544.0,158464.0,158382.0,158299.0,158214.0,158128.0,158128.0,158026.0,158580.0,159253.0,160427.0,161041.0,161340.0,161834.0,162302.0,162697.0,163534.0,160240.0,160879.0,162216.0,162002.0,161676.0
DE271,3,"Augsburg, Kreisfreie Stadt",2024,TOTAL,TOTAL,NR,239718.0,241515.0,243305.0,245532.0,247584.0,249248.0,251569.0,253171.0,253606.0,255153.0,257377.0,256581.0,257253.0,257188.0,257011.0,255526.0,253247.0,251498.0,250259.0,249216.0,248633.0,248400.0,248873.0,248739.0,248380.0,247831.0,248079.0,248865.0,249650.0,251628.0,252179.0,256873.0,259043.0,261296.0,261629.0,260827.0,260288.0,259122.0,257432.0,255768.0,254867.0,254982.0,256262.0,257531.0,258791.0,260044.0,261284.0,262515.0,263739.0,264952.0,266154.0,267350.0,269402.0,272699.0,276542.0,281111.0,286374.0,289584.0,292851.0,295135.0,296582.0,295830.0,296478.0,296706.0,298972.0,301105.0,300709.0,300103.0
DE272,3,"Kaufbeuren, Kreisfreie Stadt",2024,TOTAL,TOTAL,NR,39366.0,39661.0,40039.0,40490.0,40914.0,41275.0,41746.0,42100.0,42260.0,42606.0,43067.0,43023.0,43173.0,43199.0,43207.0,42995.0,42650.0,42393.0,42221.0,42083.0,42023.0,42022.0,41805.0,41486.0,41131.0,40747.0,40495.0,40331.0,40166.0,40190.0,39985.0,40431.0,40954.0,41494.0,41733.0,41791.0,41893.0,41894.0,41809.0,41729.0,41772.0,41905.0,41873.0,41840.0,41806.0,41773.0,41739.0,41705.0,41670.0,41635.0,41600.0,41564.0,41460.0,41570.0,41759.0,42014.0,42731.0,43134.0,43478.0,43893.0,44398.0,44662.0,45118.0,45459.0,46071.0,46193.0,46132.0,46039.0
DE273,3,"Kempten (Allgäu), Kreisfreie Stadt",2024,TOTAL,TOTAL,NR,52180.0,52571.0,53041.0,53607.0,54137.0,54584.0,55175.0,55611.0,55790.0,56215.0,56791.0,56701.0,57099.0,57337.0,57551.0,57472.0,57213.0,57071.0,57044.0,57061.0,57184.0,57388.0,57749.0,57969.0,58134.0,58254.0,58560.0,58993.0,59427.0,60146.0,60527.0,61905.0,62420.0,62955.0,63027.0,62825.0,62687.0,62398.0,61982.0,61574.0,61348.0,61389.0,61674.0,61957.0,62238.0,62516.0,62793.0,63067.0,63339.0,63609.0,63876.0,64142.0,64300.0,64625.0,65044.0,65624.0,66947.0,67529.0,68330.0,68907.0,69151.0,68940.0,69053.0,65229.0,65933.0,67645.0,67556.0,67420.0
DE274,3,"Memmingen, Kreisfreie Stadt",2024,TOTAL,TOTAL,NR,35004.0,35266.0,35649.0,36099.0,36525.0,36895.0,37365.0,37731.0,37923.0,38283.0,38747.0,38757.0,38936.0,39004.0,39055.0,38908.0,38639.0,38450.0,38340.0,38259.0,38248.0,38292.0,38337.0,38289.0,38207.0,38095.0,38106.0,38200.0,38293.0,38569.0,38627.0,39318.0,39867.0,40434.0,40707.0,40806.0,40947.0,40989.0,40947.0,40910.0,40993.0,40849.0,40893.0,40936.0,40978.0,41019.0,41060.0,41100.0,41139.0,41178.0,41216.0,41253.0,41242.0,41551.0,41772.0,42201.0,42841.0,43293.0,43470.0,43837.0,44100.0,44360.0,44721.0,43696.0,44048.0,44192.0,44134.0,44045.0
DE275,3,Aichach-Friedberg,2024,TOTAL,TOTAL,NR,71627.0,72164.0,73352.0,74682.0,75972.0,77154.0,78550.0,79733.0,80555.0,81736.0,83145.0,83583.0,85416.0,87020.0,88597.0,89723.0,90559.0,91570.0,92760.0,94019.0,95454.0,97029.0,98043.0,98817.0,99497.0,100095.0,101011.0,102147.0,103286.0,104923.0,105973.0,108776.0,111214.0,113726.0,115430.0,116643.0,117981.0,119036.0,119845.0,120662.0,121833.0,123263.0,123567.0,123867.0,124165.0,124459.0,124751.0,125039.0,125325.0,125607.0,125887.0,126163.0,126720.0,127250.0,128435.0,129294.0,130916.0,131399.0,132596.0,133596.0,134655.0,135024.0,135538.0,135133.0,136430.0,136803.0,136623.0,136348.0
DE276,3,"Augsburg, Landkreis",2024,TOTAL,TOTAL,NR,134097.0,135102.0,138067.0,141314.0,144497.0,147486.0,150898.0,153913.0,156238.0,159265.0,162749.0,164336.0,167173.0,169555.0,171878.0,173328.0,174221.0,175458.0,177040.0,178756.0,180804.0,183117.0,184962.0,186353.0,187567.0,188628.0,190288.0,192363.0,194441.0,197460.0,199370.0,204579.0,209808.0,215194.0,219063.0,222003.0,225181.0,227823.0,229992.0,232173.0,235035.0,236422.0,236480.0,236535.0,236587.0,236636.0,236681.0,236723.0,236762.0,236798.0,236831.0,236860.0,237839.0,239004.0,240911.0,242697.0,245600.0,247539.0,249838.0,251534.0,253468.0,255900.0,257790.0,259302.0,261600.0,262811.0,262465.0,261936.0
DE277,3,Dillingen an der Donau,2024,TOTAL,TOTAL,NR,74995.0,75557.0,75972.0,76522.0,77014.0,77383.0,77953.0,78298.0,78281.0,78606.0,79137.0,78738.0,79143.0,79323.0,79469.0,79212.0,78706.0,78364.0,78180.0,78057.0,78077.0,78209.0,78608.0,78815.0,78949.0,79022.0,79347.0,79844.0,80342.0,81226.0,81651.0,83421.0,85296.0,87227.0,88539.0,89474.0,90505.0,91319.0,91945.0,92576.0,93479.0,93773.0,93751.0,93728.0,93703.0,93678.0,93652.0,93624.0,93596.0,93566.0,93536.0,93504.0,93212.0,93122.0,93129.0,93478.0,94575.0,94556.0,95159.0,96021.0,96562.0,97172.0,97985.0,97430.0,98474.0,98899.0,98769.0,98570.0
DE278,3,Günzburg,2024,TOTAL,TOTAL,NR,94478.0,95186.0,96240.0,97472.0,98642.0,99663.0,100952.0,101959.0,102500.0,103493.0,104766.0,104813.0,105801.0,106492.0,107142.0,107246.0,107013.0,106996.0,107194.0,107474.0,107954.0,108588.0,108701.0,108550.0,108301.0,107970.0,107986.0,108236.0,108486.0,109253.0,109401.0,111343.0,113465.0,115652.0,117012.0,117871.0,118855.0,119553.0,120006.0,120468.0,121284.0,121563.0,121441.0,121318.0,121195.0,121070.0,120945.0,120818.0,120691.0,120563.0,120434.0,120304.0,120134.0,120130.0,120696.0,121828.0,123153.0,123498.0,124519.0,125747.0,127027.0,127342.0,128436.0,128361.0,129696.0,129846.0,129675.0,129414.0
DE279,3,Neu-Ulm,2024,TOTAL,TOTAL,NR,102312.0,103079.0,105424.0,107985.0,110500.0,112867.0,115559.0,117949.0,119810.0,122211.0,124963.0,126260.0,128614.0,130619.0,132580.0,133868.0,134724.0,135845.0,137232.0,138723.0,140472.0,142427.0,142662.0,142550.0,142309.0,141959.0,142066.0,142481.0,142896.0,143992.0,144273.0,146922.0,149600.0,152361.0,154030.0,155039.0,156211.0,157008.0,157483.0,157970.0,158923.0,159670.0,160086.0,160499.0,160907.0,161311.0,161711.0,162108.0,162500.0,162888.0,163272.0,163652.0,164388.0,165270.0,166643.0,167847.0,170309.0,171011.0,172546.0,174200.0,175204.0,175823.0,177330.0,180320.0,182560.0,183595.0,183353.0,182984.0
DE27A,3,Lindau (Bodensee),2024,TOTAL,TOTAL,NR,62993.0,63465.0,64099.0,64851.0,65560.0,66170.0,66956.0,67554.0,67841.0,68428.0,69200.0,69160.0,69552.0,69746.0,69912.0,69721.0,69313.0,69047.0,68921.0,68849.0,68903.0,69056.0,69358.0,69492.0,69561.0,69576.0,69814.0,70203.0,70593.0,71321.0,71646.0,73151.0,74232.0,75348.0,75919.0,76163.0,76487.0,76626.0,76609.0,76599.0,76815.0,77106.0,77234.0,77360.0,77484.0,77607.0,77729.0,77849.0,77967.0,78083.0,78199.0,78312.0,78455.0,78641.0,78939.0,79387.0,80429.0,80961.0,81148.0,81669.0,81981.0,82085.0,82330.0,81874.0,82224.0,82411.0,82303.0,82137.0
DE27B,3,Ostallgäu,2024,TOTAL,TOTAL,NR,97815.0,98548.0,99321.0,100273.0,101155.0,101878.0,102871.0,103571.0,103794.0,104471.0,105428.0,105147.0,106269.0,107094.0,107878.0,108114.0,108007.0,108119.0,108446.0,108857.0,109470.0,110240.0,111211.0,111910.0,112503.0,113005.0,113867.0,114977.0,116088.0,117760.0,118770.0,121743.0,123848.0,126021.0,127287.0,128007.0,128861.0,129407.0,129686.0,129977.0,130650.0,131546.0,131746.0,131944.0,132140.0,132332.0,132522.0,132710.0,132894.0,133077.0,133256.0,133433.0,133607.0,134118.0,134771.0,135894.0,137709.0,138265.0,139278.0,140316.0,141182.0,141907.0,143236.0,140153.0,141137.0,142047.0,141860.0,141574.0
DE27C,3,Unterallgäu,2024,TOTAL,TOTAL,NR,103220.0,103994.0,104916.0,106029.0,107070.0,107945.0,109107.0,109960.0,110308.0,111140.0,112270.0,112084.0,113011.0,113620.0,114184.0,114167.0,113790.0,113646.0,113730.0,113902.0,114284.0,114830.0,115287.0,115463.0,115532.0,115512.0,115862.0,116464.0,117066.0,118229.0,118724.0,121172.0,123566.0,126035.0,127603.0,128625.0,129783.0,130631.0,131209.0,131797.0,132773.0,133709.0,133864.0,134017.0,134167.0,134314.0,134460.0,134603.0,134743.0,134881.0,135017.0,135150.0,135597.0,136383.0,137484.0,138712.0,140419.0,141165.0,142544.0,144041.0,145341.0,146164.0,147776.0,143384.0,145298.0,147255.0,147061.0,146765.0
DE27D,3,Donau-Ries,2024,TOTAL,TOTAL,NR,110076.0,110901.0,111630.0,112558.0,113404.0,114071.0,115037.0,115673.0,115774.0,116382.0,117298.0,116836.0,117400.0,117631.0,117812.0,117394.0,116609.0,116066.0,115757.0,115538.0,115533.0,115691.0,116057.0,116139.0,116116.0,116003.0,116261.0,116773.0,117284.0,118357.0,118760.0,121116.0,123113.0,125174.0,126334.0,126950.0,127700.0,128143.0,128323.0,128515.0,129085.0,129865.0,129671.0,129477.0,129282.0,129087.0,128890.0,128694.0,128496.0,128298.0,128099.0,127900.0,128072.0,128939.0,129422.0,130203.0,131345.0,132298.0,133043.0,133496.0,133783.0,134324.0,134986.0,133770.0,134677.0,135098.0,134920.0,134648.0
DE27E,3,Oberallgäu,2024,TOTAL,TOTAL,NR,106991.0,107793.0,109170.0,110753.0,112268.0,113617.0,115275.0,116614.0,117420.0,118747.0,120399.0,120642.0,122206.0,123432.0,124612.0,125159.0,125308.0,125707.0,126356.0,127102.0,128084.0,129251.0,129803.0,130039.0,130155.0,130170.0,130602.0,131317.0,132033.0,133381.0,133977.0,136777.0,139135.0,141568.0,142984.0,143785.0,144738.0,145344.0,145651.0,145970.0,146719.0,147405.0,147541.0,147675.0,147807.0,147936.0,148062.0,148186.0,148308.0,148427.0,148543.0,148657.0,148691.0,149457.0,150478.0,150981.0,152672.0,153759.0,154568.0,155362.0,156008.0,156308.0,157202.0,152664.0,153394.0,155413.0,155208.0,154895.0
DE300,3,Berlin,2024,TOTAL,TOTAL,NR,3254618.0,3279016.0,3276574.0,3279531.0,3279658.0,3274203.0,3276909.0,3269772.0,3247336.0,3238870.0,3238561.0,3200051.0,3204193.0,3199142.0,3192658.0,3169906.0,3137358.0,3111397.0,3091787.0,3074601.0,3063072.0,3055840.0,3091484.0,3119538.0,3144612.0,3167077.0,3199567.0,3239059.0,3278613.0,3334053.0,3400426.0,3433693.0,3446026.0,3465751.0,3475386.0,3472009.0,3471418.0,3458763.0,3425759.0,3398822.0,3386667.0,3382169.0,3371741.0,3361323.0,3350915.0,3340518.0,3330130.0,3319753.0,3309386.0,3299029.0,3288682.0,3278346.0,3326002.0,3375222.0,3421829.0,3469849.0,3520031.0,3574830.0,3613495.0,3644826.0,3669491.0,3664088.0,3677472.0,3632853.0,3662381.0,3685265.0,3680414.0,3673001.0
DE401,3,"Brandenburg an der Havel, Kreisfreie Stadt",2024,TOTAL,TOTAL,NR,89320.0,89990.0,90781.0,91738.0,92631.0,93382.0,94380.0,95111.0,95405.0,96118.0,97089.0,96921.0,97540.0,97883.0,98186.0,97989.0,97486.0,97183.0,97075.0,97043.0,97190.0,97476.0,96812.0,95914.0,94934.0,93886.0,93145.0,92604.0,92061.0,91951.0,94638.0,92163.0,89487.0,88078.0,86491.0,85043.0,83792.0,82759.0,81910.0,80978.0,79828.0,78404.0,77715.0,77028.0,76344.0,75662.0,74982.0,74305.0,73631.0,72959.0,72289.0,71622.0,71381.0,71149.0,71032.0,71032.0,71574.0,71664.0,71886.0,72124.0,72184.0,72040.0,72461.0,73612.0,73939.0,74113.0,74015.0,73866.0
DE402,3,"Cottbus, Kreisfreie Stadt",2024,TOTAL,TOTAL,NR,80976.0,81583.0,82933.0,84446.0,85912.0,87256.0,88843.0,90189.0,91127.0,92471.0,94073.0,94576.0,97890.0,100954.0,103992.0,106504.0,108662.0,111020.0,113590.0,116243.0,119113.0,122164.0,123088.0,123711.0,124219.0,124626.0,125431.0,126509.0,127588.0,129283.0,134989.0,133366.0,129542.0,127551.0,125303.0,123257.0,121497.0,120053.0,118877.0,117582.0,115970.0,113618.0,112246.0,110879.0,109518.0,108162.0,106812.0,105467.0,104127.0,102793.0,101464.0,100141.0,99974.0,99913.0,99595.0,99491.0,99687.0,100416.0,101036.0,100219.0,99678.0,98693.0,98359.0,94250.0,94778.0,95123.0,94998.0,94807.0
DE403,3,"Frankfurt (Oder), Kreisfreie Stadt",2024,TOTAL,TOTAL,NR,58363.0,58801.0,59427.0,60164.0,60861.0,61466.0,62236.0,62832.0,63140.0,63726.0,64486.0,64489.0,66356.0,68049.0,69723.0,71044.0,72131.0,73355.0,74719.0,76139.0,77701.0,79379.0,79870.0,80166.0,80387.0,80545.0,80960.0,81551.0,82142.0,83129.0,86691.0,85544.0,83032.0,81696.0,80195.0,78823.0,77633.0,76645.0,75826.0,74931.0,73832.0,72131.0,70833.0,69540.0,68252.0,66971.0,65694.0,64424.0,63159.0,61899.0,60645.0,59397.0,59063.0,58537.0,58018.0,57649.0,58092.0,58193.0,58237.0,57873.0,57751.0,57015.0,56679.0,56434.0,57065.0,57107.0,57032.0,56917.0
DE404,3,"Potsdam, Kreisfreie Stadt",2024,TOTAL,TOTAL,NR,115896.0,116765.0,117144.0,117726.0,118214.0,118509.0,119107.0,119358.0,119053.0,119265.0,119786.0,118898.0,121476.0,123728.0,125940.0,127513.0,128672.0,130081.0,131744.0,133505.0,135516.0,137726.0,138365.0,138665.0,138838.0,138903.0,139412.0,140224.0,141036.0,142526.0,148422.0,146252.0,143393.0,142551.0,141425.0,140530.0,139970.0,139792.0,139951.0,139999.0,139695.0,140668.0,142211.0,143745.0,145269.0,146784.0,148290.0,149786.0,151273.0,152750.0,154218.0,155677.0,157603.0,159456.0,161468.0,164042.0,167745.0,171810.0,175710.0,178089.0,180334.0,182112.0,183154.0,182987.0,184290.0,184754.0,184511.0,184139.0
DE405,3,Barnim,2024,TOTAL,TOTAL,NR,152363.0,153505.0,153828.0,154413.0,154873.0,155077.0,155675.0,155814.0,155227.0,155313.0,155798.0,154448.0,155459.0,156030.0,156537.0,156248.0,155468.0,155009.0,154861.0,154834.0,155093.0,155573.0,154663.0,153379.0,151962.0,150437.0,149401.0,148688.0,147971.0,147952.0,152439.0,148615.0,148477.0,150403.0,152035.0,153922.0,156196.0,158928.0,162095.0,165188.0,167914.0,170288.0,170526.0,170761.0,170993.0,171221.0,171446.0,171668.0,171886.0,172101.0,172313.0,172522.0,172572.0,173193.0,173754.0,174981.0,177411.0,179365.0,180864.0,182760.0,185244.0,187343.0,188835.0,191525.0,192776.0,194169.0,193913.0,193522.0
DE406,3,Dahme-Spreewald,2024,TOTAL,TOTAL,NR,152877.0,154023.0,154006.0,154245.0,154352.0,154199.0,154431.0,154202.0,153252.0,152961.0,153059.0,151351.0,151948.0,152112.0,152211.0,151535.0,150387.0,149552.0,149019.0,148603.0,148461.0,148529.0,147642.0,146398.0,145027.0,143553.0,142546.0,141847.0,141144.0,141107.0,145367.0,141700.0,141275.0,142815.0,144076.0,145578.0,147443.0,149739.0,152439.0,155065.0,157341.0,158994.0,159144.0,159291.0,159436.0,159578.0,159717.0,159853.0,159987.0,160118.0,160246.0,160372.0,160108.0,160314.0,160793.0,161952.0,164528.0,166074.0,167319.0,169067.0,170791.0,173316.0,175834.0,176373.0,177662.0,178793.0,178558.0,178198.0
DE407,3,Elbe-Elster,2024,TOTAL,TOTAL,NR,159539.0,160735.0,160601.0,160733.0,160725.0,160444.0,160562.0,160198.0,159083.0,158653.0,158623.0,156721.0,156947.0,156722.0,156428.0,155337.0,153765.0,152516.0,151577.0,150758.0,150217.0,149886.0,148827.0,147407.0,145861.0,144213.0,143034.0,142164.0,141290.0,141081.0,145161.0,141322.0,138334.0,137294.0,135980.0,134888.0,134115.0,133706.0,133616.0,133414.0,132873.0,131161.0,129083.0,127014.0,124953.0,122901.0,120858.0,118823.0,116797.0,114780.0,112772.0,110772.0,109087.0,107649.0,106157.0,104997.0,104673.0,104397.0,103455.0,102638.0,101827.0,101085.0,100317.0,99684.0,98750.0,97967.0,97838.0,97641.0
DE408,3,Havelland,2024,TOTAL,TOTAL,NR,152725.0,153870.0,153748.0,153880.0,153878.0,153615.0,153734.0,153392.0,152331.0,151926.0,151904.0,150089.0,150191.0,149860.0,149461.0,148301.0,146684.0,145375.0,144363.0,143465.0,142830.0,142396.0,141115.0,139494.0,137754.0,135919.0,134528.0,133428.0,132323.0,131837.0,135348.0,131470.0,131084.0,132522.0,133701.0,135103.0,136843.0,138982.0,141497.0,143942.0,146064.0,149285.0,149633.0,149978.0,150318.0,150656.0,150990.0,151320.0,151646.0,151970.0,152289.0,152605.0,152915.0,153294.0,153874.0,155408.0,158236.0,159685.0,160710.0,161909.0,162996.0,164693.0,165906.0,168494.0,169721.0,170834.0,170609.0,170265.0
DE409,3,Märkisch-Oderland,2024,TOTAL,TOTAL,NR,185724.0,187116.0,187426.0,188053.0,188527.0,188687.0,189326.0,189405.0,188601.0,188613.0,189108.0,187376.0,187739.0,187562.0,187303.0,186091.0,184301.0,182898.0,181867.0,180979.0,180424.0,180123.0,179234.0,177911.0,176433.0,174829.0,173792.0,173131.0,172466.0,172615.0,178030.0,173741.0,172543.0,173752.0,174619.0,175778.0,177370.0,179472.0,182049.0,184524.0,186573.0,188277.0,188247.0,188215.0,188181.0,188144.0,188106.0,188065.0,188022.0,187977.0,187929.0,187880.0,187085.0,186925.0,187668.0,188422.0,190714.0,191685.0,192921.0,194328.0,195751.0,197195.0,197965.0,196930.0,197785.0,197817.0,197557.0,197159.0
DE40A,3,Oberhavel,2024,TOTAL,TOTAL,NR,181331.0,182690.0,182728.0,183071.0,183259.0,183138.0,183476.0,183267.0,182201.0,181921.0,182103.0,180138.0,180716.0,180778.0,180762.0,179826.0,178330.0,177206.0,176442.0,175816.0,175514.0,175459.0,174445.0,173008.0,171422.0,169714.0,168557.0,167765.0,166969.0,166959.0,172036.0,167733.0,167543.0,169681.0,171489.0,173585.0,176115.0,179162.0,182699.0,186152.0,189191.0,192123.0,193030.0,193930.0,194823.0,195709.0,196589.0,197461.0,198327.0,199186.0,200038.0,200883.0,201199.0,202162.0,203012.0,204898.0,207524.0,208639.0,209893.0,211249.0,212914.0,214234.0,215795.0,216849.0,217290.0,217690.0,217403.0,216965.0
DE40B,3,Oberspreewald-Lausitz,2024,TOTAL,TOTAL,NR,175146.0,176459.0,177562.0,178981.0,180268.0,181269.0,182744.0,183694.0,183795.0,184699.0,186091.0,185297.0,185515.0,185199.0,184801.0,183462.0,181555.0,180030.0,178872.0,177854.0,177165.0,176723.0,175255.0,173364.0,171324.0,169167.0,167561.0,166317.0,165067.0,164591.0,169110.0,164400.0,160237.0,158337.0,156118.0,154153.0,152549.0,151349.0,150498.0,149507.0,148124.0,145110.0,142397.0,139696.0,137006.0,134328.0,131662.0,129007.0,126364.0,123733.0,121114.0,118506.0,116898.0,115212.0,113842.0,112896.0,112450.0,111962.0,111122.0,110476.0,109371.0,108396.0,107558.0,109091.0,108434.0,107793.0,107651.0,107434.0
DE40C,3,Oder-Spree,2024,TOTAL,TOTAL,NR,173244.0,174543.0,176418.0,178621.0,180707.0,182519.0,184822.0,186608.0,187539.0,189297.0,191568.0,191595.0,193022.0,193906.0,194711.0,194525.0,193728.0,193328.0,193316.0,193454.0,193950.0,194723.0,194167.0,193140.0,191942.0,190605.0,189883.0,189574.0,189260.0,189844.0,196237.0,191941.0,189621.0,189958.0,189920.0,190191.0,190929.0,192204.0,193973.0,195612.0,196784.0,196453.0,194656.0,192866.0,191083.0,189306.0,187535.0,185771.0,184014.0,182263.0,180518.0,178780.0,177764.0,177047.0,176850.0,177823.0,182397.0,178849.0,178347.0,178658.0,178803.0,179276.0,179245.0,179748.0,180499.0,179817.0,179580.0,179218.0
DE40D,3,Ostprignitz-Ruppin,2024,TOTAL,TOTAL,NR,130587.0,131566.0,131003.0,130649.0,130172.0,129467.0,129075.0,128288.0,126895.0,126044.0,125502.0,123476.0,123809.0,123787.0,123711.0,123005.0,121918.0,121085.0,120498.0,120005.0,119734.0,119631.0,119255.0,118591.0,117821.0,116966.0,116489.0,116265.0,116039.0,116362.0,120244.0,117576.0,115487.0,115021.0,114327.0,113819.0,113585.0,113662.0,114018.0,114287.0,114273.0,112930.0,111674.0,110423.0,109176.0,107935.0,106698.0,105467.0,104240.0,103018.0,101800.0,100588.0,99753.0,99125.0,98944.0,98886.0,99110.0,99414.0,99368.0,99078.0,98861.0,98808.0,98829.0,99294.0,99372.0,99152.0,99021.0,98822.0
DE40E,3,Potsdam-Mittelmark,2024,TOTAL,TOTAL,NR,185108.0,186496.0,186172.0,186152.0,185967.0,185463.0,185417.0,184813.0,183340.0,182654.0,182426.0,180044.0,180151.0,179739.0,179246.0,177840.0,175885.0,174301.0,173072.0,171980.0,171204.0,170668.0,169744.0,168410.0,166929.0,165329.0,164266.0,163559.0,162847.0,162904.0,167926.0,163793.0,164497.0,167478.0,170135.0,173080.0,176463.0,180375.0,184794.0,189144.0,193086.0,196644.0,197288.0,197926.0,198561.0,199189.0,199810.0,200427.0,201038.0,201644.0,202245.0,202837.0,203391.0,204388.0,205520.0,207498.0,210910.0,212207.0,213214.0,214664.0,216566.0,217954.0,219521.0,219092.0,220158.0,221268.0,220977.0,220532.0
DE40F,3,Prignitz,2024,TOTAL,TOTAL,NR,134196.0,135202.0,134778.0,134572.0,134242.0,133679.0,133443.0,132802.0,131534.0,130830.0,130449.0,128527.0,128234.0,127567.0,126841.0,125469.0,123712.0,122219.0,120977.0,119831.0,118905.0,118144.0,116989.0,115551.0,114016.0,112403.0,111158.0,110153.0,109143.0,108644.0,111433.0,108138.0,105362.0,104074.0,102576.0,101245.0,100151.0,99322.0,98721.0,98027.0,97076.0,95701.0,94177.0,92658.0,91147.0,89641.0,88143.0,86650.0,85164.0,83684.0,82211.0,80744.0,79574.0,78799.0,77993.0,77550.0,77573.0,77813.0,77263.0,76508.0,76158.0,76096.0,75574.0,76322.0,76148.0,75595.0,75495.0,75343.0
DE40G,3,Spree-Neiße,2024,TOTAL,TOTAL,NR,171456.0,172741.0,172683.0,172911.0,172992.0,172779.0,172998.0,172700.0,171592.0,171224.0,171289.0,169334.0,169993.0,170167.0,170269.0,169503.0,168210.0,167267.0,166662.0,166187.0,166019.0,166086.0,164586.0,162689.0,160654.0,158508.0,156880.0,155591.0,154296.0,153724.0,157811.0,153283.0,150687.0,150208.0,149430.0,148897.0,148722.0,148956.0,149559.0,150050.0,150171.0,148700.0,146107.0,143525.0,140954.0,138394.0,135845.0,133307.0,130780.0,128264.0,125760.0,123266.0,121571.0,120178.0,118899.0,118030.0,117635.0,116826.0,115456.0,114429.0,113720.0,113011.0,111955.0,111083.0,110580.0,109635.0,109491.0,109270.0
DE40H,3,Teltow-Fläming,2024,TOTAL,TOTAL,NR,160688.0,161893.0,162051.0,162482.0,162778.0,162802.0,163236.0,163186.0,162374.0,162263.0,162566.0,160954.0,161342.0,161267.0,161123.0,160157.0,158695.0,157565.0,156754.0,156067.0,155668.0,155487.0,154599.0,153337.0,151942.0,150439.0,149425.0,148734.0,148039.0,148042.0,152555.0,148751.0,147575.0,148458.0,149050.0,149890.0,151099.0,152740.0,154783.0,156736.0,158326.0,159735.0,159707.0,159678.0,159646.0,159613.0,159578.0,159542.0,159503.0,159462.0,159420.0,159376.0,159511.0,159686.0,160448.0,161488.0,163553.0,164771.0,166890.0,168296.0,169997.0,171554.0,172545.0,175569.0,177420.0,177688.0,177454.0,177097.0
DE40I,3,Uckermark,2024,TOTAL,TOTAL,NR,161703.0,162915.0,164093.0,165565.0,166918.0,168010.0,169543.0,170592.0,170854.0,171864.0,173331.0,172763.0,174020.0,174786.0,175480.0,175282.0,174534.0,174144.0,174103.0,174198.0,174614.0,175280.0,174358.0,173015.0,171520.0,169904.0,168839.0,168139.0,167435.0,167521.0,172715.0,168493.0,164469.0,162765.0,160735.0,158965.0,157570.0,156595.0,155986.0,155237.0,154086.0,151740.0,149042.0,146355.0,143679.0,141015.0,138363.0,135722.0,133093.0,130475.0,127869.0,125274.0,123731.0,122484.0,121326.0,120829.0,121014.0,120878.0,120349.0,119552.0,118947.0,118250.0,117336.0,117822.0,117797.0,117432.0,117277.0,117041.0
DE501,3,"Bremen, Kreisfreie Stadt",2024,TOTAL,TOTAL,NR,558769.0,562958.0,566610.0,571271.0,575516.0,578850.0,583699.0,586873.0,587336.0,590368.0,594961.0,592566.0,593015.0,591755.0,590230.0,585699.0,579358.0,574237.0,570288.0,566788.0,564332.0,562665.0,560726.0,557427.0,553638.0,549446.0,547034.0,545806.0,544568.0,545908.0,544658.0,551244.0,553352.0,555543.0,553779.0,551754.0,552001.0,550859.0,548176.0,543839.0,540330.0,539403.0,539797.0,540182.0,540559.0,540927.0,541287.0,541637.0,541980.0,542314.0,542639.0,542956.0,544043.0,546451.0,548547.0,551767.0,557464.0,565719.0,568006.0,569352.0,567559.0,566573.0,563290.0,576947.0,584332.0,586271.0,585499.0,584320.0
DE502,3,"Bremerhaven, Kreisfreie Stadt",2024,TOTAL,TOTAL,NR,139862.0,140910.0,141312.0,141956.0,142487.0,142785.0,143447.0,143688.0,143261.0,143456.0,144021.0,142891.0,142924.0,142545.0,142101.0,140933.0,139331.0,138023.0,136996.0,136078.0,135410.0,134931.0,134289.0,133322.0,132239.0,131061.0,130308.0,129837.0,129363.0,129500.0,129022.0,130396.0,130342.0,130297.0,129318.0,128275.0,127756.0,126911.0,125707.0,124126.0,122735.0,120822.0,119570.0,118322.0,117079.0,115841.0,114607.0,113379.0,112155.0,110935.0,109721.0,108511.0,108139.0,108323.0,108844.0,110121.0,114025.0,113034.0,113026.0,113634.0,113643.0,113557.0,113173.0,118811.0,118323.0,118610.0,118454.0,118215.0
DE600,3,Hamburg,2024,TOTAL,TOTAL,NR,1820907.0,1834557.0,1833343.0,1835161.0,1835397.0,1832511.0,1834191.0,1830378.0,1817985.0,1813419.0,1813426.0,1792043.0,1787840.0,1778432.0,1768193.0,1748942.0,1724331.0,1703401.0,1685969.0,1669877.0,1656856.0,1646128.0,1642693.0,1635269.0,1626395.0,1616325.0,1611478.0,1610123.0,1608743.0,1614996.0,1626222.0,1652360.0,1668758.0,1688789.0,1702889.0,1705872.0,1707901.0,1707986.0,1704731.0,1700089.0,1704735.0,1715392.0,1714498.0,1713587.0,1712659.0,1711715.0,1710754.0,1709777.0,1708783.0,1707772.0,1706744.0,1705700.0,1718187.0,1734272.0,1746342.0,1762791.0,1787408.0,1810438.0,1830584.0,1841179.0,1847253.0,1852478.0,1853935.0,1832675.0,1851596.0,1862565.0,1860113.0,1856366.0
DE711,3,"Darmstadt, Kreisfreie Stadt",2024,TOTAL,TOTAL,NR,137562.0,138593.0,139516.0,140687.0,141757.0,142603.0,143822.0,144629.0,144768.0,145540.0,146698.0,146133.0,146190.0,145826.0,145396.0,144225.0,142609.0,141294.0,140267.0,139351.0,138692.0,138226.0,138094.0,137626.0,137035.0,136343.0,136090.0,136132.0,136173.0,136861.0,137092.0,138920.0,139975.0,141189.0,141145.0,140235.0,139928.0,139437.0,138689.0,138032.0,137776.0,138242.0,138552.0,138860.0,139164.0,139465.0,139762.0,140056.0,140347.0,140635.0,140920.0,141201.0,145845.0,147925.0,149743.0,151879.0,155353.0,157437.0,158254.0,159207.0,159878.0,159174.0,159631.0,162329.0,164832.0,167029.0,166809.0,166473.0
DE712,3,"Frankfurt am Main, Kreisfreie Stadt",2024,TOTAL,TOTAL,NR,690293.0,695468.0,696599.0,698911.0,700649.0,701224.0,703574.0,703846.0,700835.0,700856.0,702674.0,696215.0,693576.0,688909.0,683913.0,675430.0,664886.0,655769.0,648004.0,640756.0,634686.0,629489.0,630088.0,629153.0,627650.0,625672.0,625708.0,627101.0,628490.0,632876.0,635160.0,644865.0,650229.0,656341.0,656610.0,652861.0,651911.0,650110.0,647106.0,644529.0,643821.0,646550.0,648469.0,650366.0,652249.0,654111.0,655958.0,657788.0,659599.0,661395.0,663171.0,664931.0,676533.0,687775.0,701350.0,717624.0,732688.0,736414.0,746878.0,753056.0,763380.0,764104.0,759224.0,747389.0,749596.0,756021.0,755026.0,753505.0
DE713,3,"Offenbach am Main, Kreisfreie Stadt",2024,TOTAL,TOTAL,NR,114127.0,114983.0,115522.0,116262.0,116914.0,117378.0,118145.0,118569.0,118444.0,118834.0,119536.0,118832.0,118739.0,118303.0,117812.0,116721.0,115271.0,114065.0,113093.0,112210.0,111534.0,111013.0,111243.0,111202.0,111061.0,110834.0,110963.0,111333.0,111703.0,112607.0,113138.0,114992.0,116147.0,117441.0,117693.0,117224.0,117258.0,117140.0,116805.0,116547.0,116627.0,117535.0,117052.0,116571.0,116090.0,115610.0,115131.0,114653.0,114176.0,113700.0,113225.0,112751.0,114855.0,116945.0,119203.0,120988.0,123734.0,124589.0,126658.0,128744.0,130280.0,130892.0,131295.0,130542.0,131845.0,132746.0,132571.0,132304.0
DE714,3,"Wiesbaden, Kreisfreie Stadt",2024,TOTAL,TOTAL,NR,257876.0,259809.0,260479.0,261594.0,262500.0,262974.0,264118.0,264486.0,263624.0,263904.0,264865.0,262708.0,265402.0,267356.0,269205.0,269686.0,269314.0,269487.0,270198.0,271118.0,272540.0,274353.0,272559.0,270105.0,267418.0,264543.0,262528.0,261081.0,259626.0,259394.0,258282.0,260150.0,263294.0,266766.0,267881.0,267355.0,267977.0,268252.0,268029.0,267983.0,268716.0,270109.0,269929.0,269746.0,269561.0,269374.0,269184.0,268992.0,268797.0,268600.0,268400.0,268198.0,270952.0,272636.0,273871.0,275116.0,276218.0,277619.0,278654.0,278342.0,278474.0,278609.0,278950.0,284787.0,287241.0,288850.0,288470.0,287889.0
DE715,3,Bergstraße,2024,TOTAL,TOTAL,NR,183686.0,185063.0,189219.0,193765.0,198224.0,202419.0,207195.0,211428.0,214713.0,218965.0,223846.0,226119.0,228752.0,230750.0,232660.0,233387.0,233374.0,233832.0,234754.0,235857.0,237397.0,239279.0,239894.0,239925.0,239737.0,239364.0,239760.0,240677.0,241594.0,243665.0,244932.0,249065.0,252659.0,256581.0,258246.0,258331.0,259524.0,260383.0,260759.0,261306.0,262613.0,263730.0,263465.0,263199.0,262930.0,262660.0,262387.0,262113.0,261836.0,261558.0,261278.0,260996.0,261158.0,261695.0,262322.0,263822.0,266928.0,267935.0,268780.0,269694.0,270340.0,271015.0,271166.0,273288.0,274484.0,274169.0,273808.0,273256.0
DE716,3,Darmstadt-Dieburg,2024,TOTAL,TOTAL,NR,168707.0,169972.0,174563.0,179526.0,184424.0,189087.0,194307.0,199030.0,202867.0,207624.0,212989.0,215878.0,220371.0,224271.0,228097.0,230766.0,232688.0,235063.0,237896.0,240909.0,244370.0,248192.0,249167.0,249534.0,249672.0,249616.0,250360.0,251647.0,252936.0,255436.0,257095.0,261769.0,266580.0,271763.0,274573.0,275704.0,278018.0,279976.0,281415.0,283036.0,285484.0,286780.0,286372.0,285963.0,285553.0,285140.0,284727.0,284312.0,283895.0,283477.0,283057.0,282636.0,283465.0,284413.0,285407.0,287966.0,292773.0,294744.0,296048.0,297399.0,297844.0,297701.0,296900.0,300928.0,302263.0,302021.0,301623.0,301015.0
DE717,3,Groß-Gerau,2024,TOTAL,TOTAL,NR,161185.0,162393.0,167844.0,173671.0,179454.0,185025.0,191158.0,196819.0,201613.0,207330.0,213670.0,217532.0,220366.0,222590.0,224732.0,225731.0,226013.0,226747.0,227930.0,229289.0,231073.0,233191.0,233016.0,232274.0,231325.0,230203.0,229824.0,229944.0,230060.0,231271.0,231711.0,234849.0,238300.0,242061.0,243695.0,243837.0,245025.0,245898.0,246315.0,246893.0,248190.0,249266.0,249406.0,249543.0,249675.0,249804.0,249930.0,250051.0,250169.0,250283.0,250393.0,250499.0,252770.0,254883.0,257301.0,260793.0,266042.0,269045.0,271403.0,274526.0,275726.0,275807.0,276307.0,266326.0,267920.0,268310.0,267957.0,267417.0
DE718,3,Hochtaunuskreis,2024,TOTAL,TOTAL,NR,137448.0,138478.0,142193.0,146210.0,150174.0,153946.0,158171.0,161991.0,165090.0,168937.0,173279.0,175606.0,179581.0,183075.0,186512.0,189002.0,190879.0,193124.0,195744.0,198513.0,201650.0,205086.0,205633.0,205679.0,205538.0,205239.0,205598.0,206404.0,207210.0,209006.0,210112.0,213678.0,216617.0,219833.0,221114.0,221041.0,221916.0,222505.0,222682.0,223004.0,223976.0,225638.0,225692.0,225743.0,225790.0,225835.0,225877.0,225915.0,225951.0,225983.0,226013.0,226039.0,226964.0,228098.0,229167.0,230798.0,233427.0,234991.0,235995.0,236564.0,236914.0,237281.0,237041.0,238534.0,240622.0,241664.0,241346.0,240860.0
DE719,3,Main-Kinzig-Kreis,2024,TOTAL,TOTAL,NR,270167.0,272192.0,278840.0,286070.0,293183.0,299912.0,307512.0,314315.0,319713.0,326555.0,334344.0,338240.0,342619.0,346050.0,349352.0,350878.0,351289.0,352403.0,354216.0,356302.0,359047.0,362313.0,363137.0,363076.0,362685.0,362016.0,362510.0,363790.0,365070.0,368095.0,369902.0,376037.0,382323.0,389128.0,392523.0,393518.0,396201.0,398376.0,399812.0,401508.0,404375.0,405942.0,405457.0,404970.0,404479.0,403987.0,403491.0,402993.0,402493.0,401990.0,401484.0,400976.0,401823.0,403134.0,404995.0,407619.0,411956.0,416715.0,418208.0,418950.0,420552.0,421689.0,423465.0,415753.0,419055.0,420914.0,420360.0,419513.0
DE71A,3,Main-Taunus-Kreis,2024,TOTAL,TOTAL,NR,110657.0,111487.0,117087.0,122981.0,128877.0,134650.0,140861.0,146752.0,152013.0,157984.0,164455.0,169030.0,173276.0,177062.0,180795.0,183611.0,185828.0,188400.0,191337.0,194417.0,197859.0,201596.0,201853.0,201618.0,201202.0,200632.0,200708.0,201219.0,201729.0,203202.0,204001.0,207183.0,210142.0,213373.0,214726.0,214766.0,215727.0,216409.0,216691.0,217114.0,218170.0,220264.0,220639.0,221010.0,221376.0,221738.0,222095.0,222448.0,222796.0,223139.0,223478.0,223812.0,224823.0,226113.0,228021.0,229976.0,232848.0,235708.0,236969.0,237735.0,238558.0,239264.0,239276.0,237671.0,238593.0,238775.0,238461.0,237981.0
DE71B,3,Odenwaldkreis,2024,TOTAL,TOTAL,NR,69609.0,70131.0,71155.0,72315.0,73433.0,74444.0,75660.0,76669.0,77329.0,78333.0,79554.0,79844.0,80794.0,81519.0,82214.0,82490.0,82505.0,82686.0,83031.0,83440.0,84004.0,84689.0,85254.0,85611.0,85887.0,86096.0,86579.0,87251.0,87923.0,89019.0,89823.0,91685.0,93303.0,95049.0,95964.0,96292.0,97033.0,97650.0,98086.0,98586.0,99373.0,99667.0,99401.0,99135.0,98870.0,98604.0,98338.0,98073.0,97808.0,97542.0,97277.0,97012.0,96785.0,96648.0,96201.0,96082.0,97000.0,96473.0,96597.0,96798.0,96703.0,96754.0,96953.0,94619.0,94246.0,93846.0,93722.0,93533.0
DE71C,3,"Offenbach, Landkreis",2024,TOTAL,TOTAL,NR,177248.0,178577.0,187169.0,196226.0,205278.0,214129.0,223670.0,232700.0,240726.0,249874.0,259809.0,266746.0,271158.0,274830.0,278406.0,280567.0,281828.0,283647.0,286024.0,288619.0,291749.0,295306.0,297006.0,297981.0,298679.0,299142.0,300561.0,302633.0,304707.0,308246.0,310774.0,316956.0,321436.0,326331.0,328353.0,328367.0,329789.0,330786.0,331170.0,331770.0,333336.0,335030.0,334740.0,334448.0,334153.0,333856.0,333556.0,333253.0,332947.0,332639.0,332328.0,332014.0,334019.0,336265.0,338300.0,341669.0,347357.0,349982.0,351692.0,354092.0,355813.0,356542.0,357466.0,353948.0,356578.0,358022.0,357551.0,356831.0
DE71D,3,Rheingau-Taunus-Kreis,2024,TOTAL,TOTAL,NR,117800.0,118683.0,120910.0,123377.0,125783.0,128013.0,130603.0,132845.0,134486.0,136730.0,139360.0,140363.0,143486.0,146225.0,148918.0,150855.0,152302.0,154044.0,156086.0,158245.0,160699.0,163390.0,164014.0,164238.0,164311.0,164257.0,164729.0,165559.0,166390.0,168017.0,169091.0,172148.0,174939.0,177966.0,179431.0,179800.0,180939.0,181846.0,182417.0,183105.0,184328.0,184576.0,184164.0,183752.0,183340.0,182928.0,182515.0,182102.0,181689.0,181275.0,180862.0,180448.0,180506.0,180911.0,181190.0,182117.0,184114.0,185668.0,186602.0,187157.0,187160.0,187433.0,187229.0,185684.0,186050.0,185651.0,185407.0,185034.0
DE71E,3,Wetteraukreis,2024,TOTAL,TOTAL,NR,203831.0,205359.0,208411.0,211865.0,215196.0,218215.0,221836.0,224850.0,226842.0,229842.0,233479.0,234386.0,237568.0,240094.0,242532.0,243737.0,244167.0,245084.0,246486.0,248078.0,250129.0,252543.0,253391.0,253622.0,253620.0,253422.0,254037.0,255204.0,256371.0,258765.0,260306.0,264897.0,270167.0,275823.0,279077.0,280625.0,283378.0,285769.0,287630.0,289676.0,292569.0,294260.0,294116.0,293968.0,293818.0,293665.0,293509.0,293350.0,293189.0,293024.0,292856.0,292686.0,293113.0,293940.0,295408.0,297369.0,301931.0,303914.0,305312.0,306460.0,308339.0,310353.0,311661.0,309348.0,310705.0,311593.0,311183.0,310556.0
DE721,3,"Gießen, Landkreis",2024,TOTAL,TOTAL,NR,191770.0,193208.0,196098.0,199367.0,202521.0,205381.0,208808.0,211663.0,213557.0,216401.0,219844.0,220717.0,223248.0,225158.0,226982.0,227652.0,227601.0,228008.0,228870.0,229907.0,231370.0,233167.0,233514.0,233293.0,232860.0,232250.0,232387.0,233028.0,233668.0,235424.0,234974.0,240137.0,243055.0,246737.0,249088.0,250517.0,251979.0,252902.0,252869.0,252748.0,253210.0,253587.0,253400.0,253211.0,253021.0,252827.0,252632.0,252434.0,252234.0,252033.0,251828.0,251622.0,252587.0,253041.0,253820.0,259834.0,262505.0,265699.0,267056.0,268876.0,270688.0,271667.0,272874.0,266314.0,268141.0,268418.0,268065.0,267525.0
DE722,3,Lahn-Dill-Kreis,2024,TOTAL,TOTAL,NR,214884.0,216495.0,219138.0,222194.0,225110.0,227691.0,230890.0,233447.0,234938.0,237468.0,240647.0,241009.0,242316.0,242936.0,243454.0,242733.0,241253.0,240272.0,239775.0,239465.0,239598.0,240070.0,240543.0,240430.0,240099.0,239584.0,239839.0,240614.0,241389.0,243317.0,242966.0,248421.0,251549.0,255471.0,258016.0,259606.0,261234.0,262301.0,262378.0,262361.0,262951.0,262859.0,261965.0,261072.0,260179.0,259289.0,258399.0,257510.0,256623.0,255736.0,254852.0,253968.0,252899.0,252106.0,251327.0,251440.0,253167.0,254074.0,254164.0,253777.0,253319.0,253373.0,253364.0,253208.0,254444.0,254074.0,253740.0,253229.0
DE723,3,Limburg-Weilburg,2024,TOTAL,TOTAL,NR,136519.0,137542.0,138888.0,140489.0,141997.0,143287.0,144960.0,146225.0,146819.0,148060.0,149699.0,149584.0,150608.0,151207.0,151744.0,151509.0,150799.0,150399.0,150301.0,150319.0,150616.0,151127.0,151695.0,151893.0,151952.0,151893.0,152321.0,153079.0,153838.0,155334.0,155376.0,159135.0,161862.0,165116.0,167495.0,169261.0,171055.0,172486.0,173264.0,173977.0,175089.0,175317.0,174865.0,174413.0,173962.0,173510.0,173059.0,172607.0,172156.0,171705.0,171254.0,170803.0,170471.0,169904.0,169964.0,170385.0,171922.0,172120.0,171971.0,172083.0,171912.0,172291.0,172759.0,173484.0,174281.0,173830.0,173601.0,173251.0
DE724,3,Marburg-Biedenkopf,2024,TOTAL,TOTAL,NR,193655.0,195107.0,198120.0,201516.0,204798.0,207784.0,211346.0,214331.0,216343.0,219317.0,222901.0,223880.0,226614.0,228719.0,230738.0,231584.0,231695.0,232271.0,233309.0,234526.0,236178.0,238171.0,238154.0,237558.0,236749.0,235762.0,235535.0,235818.0,236100.0,237505.0,236685.0,241512.0,244329.0,247913.0,250156.0,251472.0,252821.0,253627.0,253476.0,253237.0,253583.0,253279.0,252126.0,250976.0,249829.0,248684.0,247542.0,246403.0,245266.0,244132.0,243000.0,241871.0,241574.0,241279.0,241656.0,241598.0,245241.0,245013.0,246165.0,246648.0,247084.0,245903.0,246097.0,242197.0,243093.0,242805.0,242485.0,241997.0
DE725,3,Vogelsbergkreis,2024,TOTAL,TOTAL,NR,110277.0,111104.0,111372.0,111830.0,112198.0,112381.0,112851.0,112988.0,112599.0,112699.0,113089.0,112147.0,112548.0,112627.0,112658.0,112115.0,111224.0,110564.0,110128.0,109779.0,109631.0,109639.0,109915.0,109923.0,109831.0,109655.0,109831.0,110245.0,110659.0,111602.0,111500.0,114064.0,115275.0,116845.0,117782.0,118280.0,118793.0,119051.0,118860.0,118628.0,118670.0,118496.0,117521.0,116549.0,115580.0,114615.0,113653.0,112695.0,111740.0,110788.0,109840.0,108895.0,107994.0,106947.0,106383.0,105763.0,107256.0,106737.0,106451.0,105878.0,105643.0,105506.0,105671.0,101545.0,101494.0,101163.0,101030.0,100827.0
DE731,3,"Kassel, Kreisfreie Stadt",2024,TOTAL,TOTAL,NR,204385.0,205917.0,207068.0,208584.0,209944.0,210970.0,212544.0,213505.0,213478.0,214383.0,215852.0,214784.0,214148.0,212887.0,211525.0,209086.0,206006.0,203368.0,201148.0,199088.0,197393.0,195972.0,195522.0,194598.0,193502.0,192263.0,191646.0,191444.0,191239.0,191941.0,190777.0,194291.0,195494.0,197235.0,198487.0,198942.0,199384.0,199063.0,198414.0,197297.0,196211.0,194766.0,194381.0,193996.0,193610.0,193223.0,192837.0,192449.0,192061.0,191673.0,191284.0,190895.0,191854.0,192874.0,194087.0,194747.0,197984.0,199062.0,200736.0,201585.0,202137.0,201048.0,200406.0,196575.0,197065.0,197230.0,196970.0,196573.0
DE732,3,Fulda,2024,TOTAL,TOTAL,NR,170589.0,171868.0,173669.0,175791.0,177797.0,179534.0,181752.0,183461.0,184329.0,186010.0,188194.0,188173.0,189532.0,190357.0,191105.0,190880.0,190056.0,189622.0,189568.0,189662.0,190106.0,190822.0,191255.0,191222.0,191015.0,190662.0,190922.0,191595.0,192269.0,193861.0,193570.0,198042.0,201126.0,204800.0,208002.0,210394.0,212791.0,214382.0,215619.0,216339.0,217080.0,217710.0,217602.0,217492.0,217380.0,217266.0,217149.0,217031.0,216910.0,216787.0,216662.0,216535.0,215945.0,216093.0,216314.0,217326.0,220132.0,221170.0,221783.0,222584.0,223145.0,223023.0,223572.0,221445.0,222688.0,222283.0,221990.0,221543.0
DE733,3,Hersfeld-Rotenburg,2024,TOTAL,TOTAL,NR,126803.0,127754.0,128282.0,129033.0,129685.0,130126.0,130902.0,131298.0,131084.0,131441.0,132140.0,131285.0,131700.0,131738.0,131720.0,131030.0,129934.0,129108.0,128544.0,128081.0,127855.0,127808.0,127792.0,127465.0,127025.0,126488.0,126360.0,126505.0,126650.0,127397.0,126906.0,129532.0,130369.0,131565.0,132435.0,132775.0,133106.0,132928.0,132531.0,131821.0,131131.0,130654.0,129668.0,128684.0,127704.0,126728.0,125754.0,124784.0,123817.0,122854.0,121894.0,120937.0,120776.0,120165.0,119651.0,119394.0,121166.0,121037.0,121101.0,120829.0,120719.0,120304.0,120163.0,118183.0,118010.0,117414.0,117259.0,117023.0
DE734,3,"Kassel, Landkreis",2024,TOTAL,TOTAL,NR,165780.0,167023.0,170155.0,173626.0,177008.0,180145.0,183789.0,186941.0,189249.0,192404.0,196103.0,197513.0,201118.0,204176.0,207165.0,209102.0,210366.0,212043.0,214136.0,216392.0,219049.0,222028.0,222690.0,222810.0,222726.0,222471.0,222929.0,223871.0,224813.0,226831.0,226648.0,232041.0,234702.0,238032.0,240798.0,242611.0,244422.0,245304.0,245781.0,245671.0,245591.0,245997.0,244915.0,243835.0,242758.0,241682.0,240608.0,239539.0,238471.0,237404.0,236341.0,235279.0,234680.0,234206.0,233352.0,233451.0,235813.0,236905.0,236674.0,236633.0,236764.0,237007.0,237268.0,230318.0,230742.0,231073.0,230769.0,230304.0
DE735,3,Schwalm-Eder-Kreis,2024,TOTAL,TOTAL,NR,170335.0,171612.0,172826.0,174349.0,175747.0,176868.0,178454.0,179530.0,179777.0,180812.0,182326.0,181700.0,182721.0,183223.0,183649.0,183141.0,182060.0,181354.0,181014.0,180816.0,180951.0,181343.0,181320.0,180856.0,180230.0,179469.0,179287.0,179493.0,179697.0,180757.0,180061.0,183786.0,185768.0,188279.0,190339.0,191645.0,192948.0,193517.0,193766.0,193554.0,193367.0,193345.0,192239.0,191135.0,190035.0,188938.0,187845.0,186754.0,185666.0,184582.0,183500.0,182422.0,181327.0,180279.0,179429.0,179466.0,180310.0,181105.0,180754.0,180222.0,179673.0,179840.0,180052.0,179406.0,180368.0,180071.0,179834.0,179472.0
DE736,3,Waldeck-Frankenberg,2024,TOTAL,TOTAL,NR,136867.0,137893.0,139362.0,141088.0,142723.0,144142.0,145947.0,147344.0,148066.0,149441.0,151220.0,151228.0,152471.0,153287.0,154040.0,154010.0,153496.0,153294.0,153400.0,153625.0,154134.0,154864.0,154994.0,154747.0,154360.0,153856.0,153848.0,154173.0,154497.0,155558.0,155108.0,158470.0,160612.0,163219.0,165443.0,167020.0,168596.0,169533.0,170190.0,170440.0,170709.0,170568.0,169446.0,168328.0,167213.0,166102.0,164995.0,163890.0,162789.0,161692.0,160598.0,159508.0,158210.0,157293.0,156607.0,156460.0,157592.0,157967.0,157256.0,156953.0,156406.0,156528.0,156513.0,155068.0,155135.0,155126.0,154922.0,154610.0
DE737,3,Werra-Meißner-Kreis,2024,TOTAL,TOTAL,NR,126129.0,127075.0,127022.0,127180.0,127229.0,127061.0,127211.0,126981.0,126156.0,125874.0,125910.0,124461.0,124576.0,124332.0,124032.0,123100.0,121789.0,120733.0,119924.0,119209.0,118713.0,118384.0,118044.0,117417.0,116687.0,115871.0,115431.0,115240.0,115047.0,115400.0,114630.0,116670.0,117087.0,117821.0,118257.0,118214.0,118160.0,117653.0,116951.0,115975.0,115020.0,113962.0,112793.0,111629.0,110469.0,109314.0,108163.0,107016.0,105874.0,104736.0,103603.0,102474.0,101843.0,100913.0,100356.0,100206.0,100715.0,100965.0,101101.0,101017.0,100629.0,100046.0,99714.0,98044.0,98055.0,97695.0,97566.0,97369.0
DE803,3,"Rostock, Kreisfreie Stadt",2024,TOTAL,TOTAL,NR,163928.0,165157.0,168570.0,172325.0,175998.0,179431.0,183375.0,186834.0,189452.0,192920.0,196939.0,198661.0,203200.0,207196.0,211127.0,213986.0,216151.0,218732.0,221739.0,224912.0,228504.0,232435.0,233861.0,234716.0,235352.0,235802.0,237006.0,238724.0,240445.0,243322.0,253754.0,250369.0,242977.0,236324.0,230345.0,225641.0,221140.0,216995.0,212380.0,207754.0,203279.0,200506.0,200391.0,200403.0,200413.0,200420.0,200424.0,200427.0,200427.0,200425.0,200421.0,200414.0,201813.0,202887.0,203431.0,204167.0,206011.0,207513.0,208409.0,208886.0,209191.0,209061.0,208400.0,203909.0,204948.0,205307.0,205037.0,204624.0
DE804,3,"Schwerin, Kreisfreie Stadt",2024,TOTAL,TOTAL,NR,91406.0,92091.0,92731.0,93536.0,94274.0,94864.0,95703.0,96268.0,96388.0,96930.0,97730.0,97382.0,100194.0,102743.0,105264.0,107251.0,108886.0,110726.0,112779.0,114916.0,117267.0,119794.0,120486.0,120884.0,121169.0,121359.0,121936.0,122779.0,123623.0,125061.0,130380.0,128599.0,124638.0,121057.0,117823.0,115239.0,112758.0,110455.0,107911.0,105357.0,102878.0,101267.0,100198.0,99198.0,98201.0,97208.0,96219.0,95234.0,94252.0,93275.0,92300.0,91330.0,91327.0,91264.0,91583.0,92138.0,96800.0,95668.0,95797.0,95818.0,95653.0,95609.0,95740.0,97614.0,97850.0,98308.0,98179.0,97981.0
DE80J,3,Mecklenburgische Seenplatte,2024,TOTAL,TOTAL,NR,325274.0,327712.0,328349.0,329544.0,330471.0,330851.0,332070.0,332311.0,331002.0,331127.0,332102.0,329166.0,331856.0,333614.0,335238.0,335157.0,334021.0,333567.0,333782.0,334256.0,335348.0,336919.0,336671.0,335605.0,334239.0,332624.0,332082.0,332260.0,332434.0,334189.0,346224.0,339370.0,333706.0,329011.0,325236.0,323286.0,321681.0,320661.0,319023.0,317438.0,315732.0,312566.0,308140.0,303690.0,299260.0,294847.0,290453.0,286077.0,281718.0,277378.0,273056.0,268753.0,266593.0,264261.0,262412.0,261733.0,262517.0,261816.0,260574.0,259130.0,258074.0,258057.0,257525.0,247735.0,247575.0,246318.0,245994.0,245499.0
DE80K,3,Landkreis Rostock,2024,TOTAL,TOTAL,NR,242067.0,243882.0,243229.0,242970.0,242493.0,241594.0,241288.0,240251.0,238083.0,236935.0,236376.0,233025.0,233063.0,232428.0,231688.0,229768.0,227139.0,224989.0,223299.0,221786.0,220680.0,219883.0,219352.0,218289.0,217033.0,215618.0,214900.0,214647.0,214391.0,215152.0,222515.0,217731.0,216110.0,215099.0,214681.0,215474.0,216522.0,217996.0,219081.0,220229.0,221324.0,221413.0,220609.0,219777.0,218947.0,218119.0,217292.0,216467.0,215643.0,214821.0,214000.0,213181.0,211863.0,210732.0,210555.0,211878.0,213473.0,213945.0,214635.0,215113.0,215794.0,217072.0,217796.0,218132.0,218780.0,218721.0,218433.0,217993.0
DE80L,3,Vorpommern-Rügen,2024,TOTAL,TOTAL,NR,292661.0,294855.0,295467.0,296581.0,297456.0,297838.0,298976.0,299234.0,298097.0,298252.0,299173.0,296572.0,297428.0,297432.0,297308.0,295669.0,293113.0,291168.0,289814.0,288687.0,288093.0,287904.0,286917.0,285234.0,283300.0,281160.0,279931.0,279308.0,278680.0,279370.0,288622.0,282112.0,277539.0,273773.0,270773.0,269289.0,268095.0,267393.0,266176.0,265004.0,263736.0,261247.0,257706.0,254145.0,250599.0,247067.0,243549.0,240045.0,236557.0,233082.0,229622.0,226176.0,224751.0,223718.0,223109.0,223470.0,224820.0,224971.0,225123.0,224684.0,224702.0,225383.0,225900.0,215983.0,216175.0,215203.0,214920.0,214487.0
DE80M,3,Nordwestmecklenburg,2024,TOTAL,TOTAL,NR,181120.0,182478.0,182348.0,182520.0,182534.0,182238.0,182396.0,182007.0,180765.0,180301.0,180291.0,178155.0,178469.0,178270.0,177993.0,176809.0,175078.0,173713.0,172702.0,171827.0,171269.0,170951.0,170201.0,169039.0,167729.0,166298.0,165407.0,164873.0,164336.0,164576.0,169851.0,165848.0,164355.0,163328.0,162753.0,163094.0,163626.0,164476.0,165028.0,165624.0,166178.0,165973.0,165100.0,164207.0,163316.0,162428.0,161543.0,160659.0,159779.0,158901.0,158025.0,157152.0,156004.0,155801.0,155265.0,155424.0,156270.0,156825.0,156993.0,156729.0,157322.0,157975.0,158449.0,157108.0,157160.0,156692.0,156486.0,156171.0
DE80N,3,Vorpommern-Greifswald,2024,TOTAL,TOTAL,NR,321592.0,324003.0,323770.0,324072.0,324093.0,323564.0,323840.0,323146.0,320938.0,320110.0,320090.0,316294.0,317496.0,317793.0,317953.0,316495.0,314051.0,312261.0,311102.0,310188.0,309845.0,309940.0,308788.0,306886.0,304716.0,302325.0,300913.0,300152.0,299386.0,300036.0,309876.0,302792.0,297872.0,293819.0,290587.0,288982.0,287688.0,286922.0,285604.0,284334.0,282959.0,280276.0,276463.0,272630.0,268811.0,265009.0,261222.0,257450.0,253694.0,249953.0,246228.0,242518.0,240971.0,239291.0,238185.0,237697.0,238358.0,237374.0,237066.0,236697.0,235623.0,235773.0,235451.0,226324.0,226181.0,224956.0,224660.0,224207.0
DE80O,3,Ludwigslust-Parchim,2024,TOTAL,TOTAL,NR,267225.0,269228.0,268345.0,267894.0,267198.0,266035.0,265523.0,264203.0,261638.0,260191.0,259389.0,255521.0,255772.0,255286.0,254687.0,252790.0,250112.0,247960.0,246313.0,244861.0,243859.0,243199.0,242245.0,240704.0,238952.0,237027.0,235871.0,235224.0,234573.0,235032.0,242687.0,237087.0,234488.0,232560.0,231276.0,231293.0,231574.0,232298.0,232596.0,232949.0,233236.0,232455.0,230737.0,228995.0,227258.0,225527.0,223802.0,222083.0,220370.0,218662.0,216961.0,215265.0,213577.0,212373.0,211965.0,212631.0,214113.0,212562.0,212522.0,212618.0,211779.0,211844.0,211899.0,209244.0,209372.0,208092.0,207818.0,207399.0
DE911,3,"Braunschweig, Kreisfreie Stadt",2024,TOTAL,TOTAL,NR,274955.0,277016.0,276991.0,277428.0,277628.0,277358.0,277783.0,277378.0,275675.0,275160.0,275343.0,272278.0,272750.0,272439.0,272008.0,270192.0,267538.0,265446.0,263894.0,262549.0,261689.0,261195.0,260585.0,259342.0,257869.0,256207.0,255373.0,255093.0,254809.0,255733.0,255127.0,258840.0,259520.0,260061.0,258956.0,257752.0,256083.0,253985.0,251552.0,249105.0,246322.0,245816.0,246298.0,245889.0,245479.0,245067.0,244654.0,244239.0,243823.0,243405.0,242986.0,242376.0,243829.0,245798.0,247227.0,248502.0,251364.0,248667.0,248023.0,248292.0,249406.0,248561.0,248823.0,253194.0,253527.0,252962.0,252629.0,252120.0
DE912,3,"Salzgitter, Kreisfreie Stadt",2024,TOTAL,TOTAL,NR,110614.0,111443.0,112443.0,113647.0,114774.0,115725.0,116982.0,117909.0,118294.0,119199.0,120424.0,120236.0,120273.0,119963.0,119598.0,118625.0,117285.0,116193.0,115338.0,114574.0,114022.0,113628.0,113535.0,113167.0,112697.0,112143.0,111952.0,112002.0,112052.0,112634.0,112544.0,114362.0,115110.0,115806.0,115776.0,115706.0,115430.0,114962.0,114342.0,113715.0,112934.0,112302.0,111341.0,109980.0,108625.0,107275.0,105932.0,104594.0,103262.0,101935.0,100615.0,99223.0,98588.0,98095.0,98197.0,98966.0,101079.0,103668.0,104548.0,104948.0,104291.0,103866.0,103694.0,104564.0,105056.0,104970.0,104832.0,104621.0
DE913,3,"Wolfsburg, Kreisfreie Stadt",2024,TOTAL,TOTAL,NR,93266.0,93965.0,97671.0,101605.0,105524.0,109326.0,113469.0,117341.0,120700.0,124616.0,128914.0,131720.0,131909.0,131718.0,131469.0,130551.0,129228.0,128177.0,127387.0,126697.0,126241.0,125961.0,126029.0,125791.0,125439.0,124993.0,124949.0,125176.0,125402.0,126226.0,126297.0,128513.0,128813.0,129043.0,128456.0,127820.0,126953.0,125872.0,124626.0,123373.0,121954.0,121805.0,122012.0,121777.0,121542.0,121306.0,121070.0,120833.0,120596.0,120358.0,120119.0,119787.0,120889.0,121758.0,122457.0,123027.0,124045.0,123909.0,123914.0,124151.0,124371.0,123840.0,123949.0,127990.0,129347.0,129560.0,129389.0,129128.0
DE914,3,Gifhorn,2024,TOTAL,TOTAL,NR,103649.0,104426.0,105684.0,107139.0,108528.0,109755.0,111279.0,112493.0,113194.0,114395.0,115909.0,116065.0,117553.0,118717.0,119835.0,120345.0,120472.0,120841.0,121449.0,122151.0,123079.0,124185.0,125602.0,126711.0,127698.0,128580.0,129870.0,131443.0,133019.0,135239.0,136661.0,140428.0,144766.0,149114.0,152580.0,156022.0,159209.0,162143.0,164862.0,167567.0,170033.0,171501.0,172076.0,172028.0,171978.0,171925.0,171870.0,171813.0,171753.0,171691.0,171627.0,171426.0,170865.0,171015.0,171475.0,172541.0,174205.0,174749.0,175079.0,175920.0,176523.0,177227.0,177919.0,175361.0,175876.0,175943.0,175711.0,175357.0
DE916,3,Goslar,2024,TOTAL,TOTAL,NR,177385.0,178715.0,178738.0,179060.0,179230.0,179097.0,179413.0,179195.0,178138.0,177849.0,178011.0,176075.0,176641.0,176702.0,176686.0,175771.0,174310.0,173212.0,172464.0,171853.0,171558.0,171505.0,170324.0,168731.0,166993.0,165137.0,163819.0,162855.0,161886.0,161679.0,160499.0,162023.0,162757.0,163410.0,163034.0,162598.0,161871.0,160874.0,159665.0,158446.0,157013.0,156247.0,155163.0,153519.0,151883.0,150253.0,148631.0,147014.0,145405.0,143802.0,142206.0,140507.0,139575.0,138655.0,137833.0,137256.0,138236.0,137979.0,137563.0,137014.0,136292.0,134688.0,134050.0,127856.0,127712.0,126775.0,126608.0,126353.0
DE917,3,Helmstedt,2024,TOTAL,TOTAL,NR,111757.0,112595.0,112335.0,112258.0,112081.0,111710.0,111613.0,111180.0,110223.0,109739.0,109528.0,108024.0,107769.0,107199.0,106580.0,105417.0,103932.0,102668.0,101615.0,100643.0,99856.0,99207.0,99159.0,98870.0,98493.0,98042.0,97907.0,97984.0,98061.0,98604.0,98558.0,100184.0,101025.0,101824.0,101988.0,102117.0,102067.0,101847.0,101493.0,101133.0,100634.0,100033.0,99511.0,98631.0,97754.0,96880.0,96010.0,95143.0,94279.0,93419.0,92562.0,91637.0,90919.0,90391.0,90423.0,90908.0,91500.0,92079.0,91720.0,91307.0,91297.0,91518.0,91379.0,90985.0,90692.0,90227.0,90108.0,89927.0
DE918,3,Northeim,2024,TOTAL,TOTAL,NR,159066.0,160258.0,160432.0,160877.0,161188.0,161230.0,161679.0,161649.0,160863.0,160773.0,161094.0,159516.0,159626.0,159275.0,158853.0,157622.0,155904.0,154515.0,153441.0,152488.0,151815.0,151355.0,151075.0,150429.0,149649.0,148759.0,148349.0,148261.0,148170.0,148783.0,148506.0,150745.0,152056.0,153306.0,153599.0,153842.0,153814.0,153531.0,153045.0,152549.0,151845.0,151112.0,150273.0,148892.0,147517.0,146147.0,144783.0,143424.0,142070.0,140721.0,139378.0,137933.0,136516.0,135418.0,134661.0,133905.0,134896.0,133610.0,133046.0,132765.0,132285.0,131772.0,131765.0,126598.0,126310.0,125623.0,125458.0,125205.0
DE91A,3,Peine,2024,TOTAL,TOTAL,NR,116835.0,117711.0,118098.0,118689.0,119186.0,119489.0,120097.0,120355.0,120052.0,120272.0,120802.0,119912.0,120399.0,120542.0,120634.0,120112.0,119216.0,118568.0,118159.0,117843.0,117744.0,117812.0,117900.0,117700.0,117395.0,117001.0,116984.0,117220.0,117456.0,118251.0,118342.0,120442.0,122577.0,124686.0,126034.0,127350.0,128448.0,129338.0,130056.0,130764.0,131291.0,132243.0,132517.0,132312.0,132106.0,131898.0,131690.0,131481.0,131272.0,131061.0,130849.0,130535.0,130165.0,130047.0,130147.0,130601.0,132320.0,132979.0,133368.0,133965.0,134801.0,135844.0,136960.0,136719.0,136983.0,137045.0,136865.0,136589.0
DE91B,3,Wolfenbüttel,2024,TOTAL,TOTAL,NR,116111.0,116981.0,117574.0,118373.0,119083.0,119602.0,120431.0,120912.0,120832.0,121279.0,122044.0,121375.0,121594.0,121463.0,121279.0,120477.0,119302.0,118377.0,117693.0,117102.0,116726.0,116514.0,116480.0,116162.0,115741.0,115232.0,115096.0,115208.0,115320.0,115981.0,115949.0,117884.0,119656.0,121397.0,122392.0,123353.0,124102.0,124647.0,125027.0,125399.0,125597.0,126697.0,126530.0,125906.0,125283.0,124662.0,124042.0,123424.0,122808.0,122193.0,121579.0,120873.0,120425.0,120117.0,119900.0,120035.0,120981.0,120904.0,120437.0,119960.0,119622.0,119361.0,119224.0,118296.0,118540.0,118290.0,118134.0,117896.0
DE91C,3,Göttingen,2024,TOTAL,TOTAL,NR,323132.0,325554.0,327627.0,330283.0,332697.0,334584.0,337346.0,339139.0,339365.0,341075.0,343686.0,342261.0,345229.0,347228.0,349089.0,349174.0,348159.0,347855.0,348246.0,348907.0,350214.0,352022.0,350963.0,349053.0,346835.0,344364.0,343008.0,342394.0,341774.0,342774.0,341720.0,346448.0,349099.0,351606.0,351911.0,352099.0,351663.0,350643.0,349160.0,347657.0,352011.0,350847.0,343875.0,341679.0,339488.0,337307.0,335128.0,332959.0,330795.0,328640.0,326491.0,325326.0,324197.0,323233.0,322616.0,324013.0,329538.0,327065.0,328036.0,328074.0,326041.0,323900.0,323661.0,328039.0,328657.0,328028.0,327596.0,326936.0
DE922,3,Diepholz,2024,TOTAL,TOTAL,NR,160748.0,161953.0,163461.0,165267.0,166962.0,168400.0,170287.0,171693.0,172310.0,173686.0,175528.0,175312.0,177088.0,178370.0,179583.0,179882.0,179613.0,179707.0,180160.0,180753.0,181680.0,182868.0,183181.0,183047.0,182748.0,182309.0,182457.0,183000.0,183543.0,184962.0,185605.0,188746.0,192068.0,195958.0,198478.0,200824.0,203040.0,205194.0,206963.0,208205.0,210004.0,211227.0,211103.0,210977.0,210849.0,210719.0,210587.0,210453.0,210318.0,210180.0,210040.0,209898.0,209745.0,209671.0,209955.0,211093.0,213976.0,215082.0,216012.0,216886.0,217089.0,218072.0,218839.0,219641.0,220743.0,221202.0,220911.0,220466.0
DE923,3,Hameln-Pyrmont,2024,TOTAL,TOTAL,NR,157425.0,158605.0,159319.0,160311.0,161180.0,161789.0,162816.0,163370.0,163166.0,163673.0,164608.0,163607.0,164081.0,164086.0,164019.0,163117.0,161709.0,160638.0,159893.0,159273.0,158947.0,158845.0,158562.0,157893.0,157085.0,156160.0,155740.0,155657.0,155573.0,156226.0,156221.0,158307.0,159652.0,161441.0,162080.0,162566.0,162939.0,163256.0,163263.0,162858.0,162891.0,162663.0,161473.0,160288.0,159106.0,157928.0,156754.0,155583.0,154417.0,153255.0,152096.0,150942.0,149513.0,148532.0,147755.0,147813.0,148281.0,148265.0,148296.0,148559.0,148549.0,148580.0,148963.0,150717.0,150535.0,150203.0,150005.0,149703.0
DE925,3,Hildesheim,2024,TOTAL,TOTAL,NR,285834.0,287977.0,289018.0,290558.0,291872.0,292710.0,294299.0,295029.0,294389.0,295028.0,296434.0,294352.0,295106.0,295015.0,294795.0,293074.0,290443.0,288420.0,286982.0,285769.0,285084.0,284799.0,284433.0,283377.0,282068.0,280549.0,279937.0,279931.0,279921.0,281242.0,281377.0,285282.0,287589.0,290693.0,291725.0,292480.0,293031.0,293481.0,293374.0,292526.0,292466.0,292979.0,291487.0,289998.0,288513.0,287033.0,285555.0,284082.0,282613.0,281147.0,279685.0,278227.0,276383.0,275330.0,274519.0,274554.0,277055.0,277300.0,276640.0,276594.0,275817.0,275464.0,274773.0,268062.0,268318.0,267506.0,267154.0,266616.0
DE926,3,Holzminden,2024,TOTAL,TOTAL,NR,89463.0,90134.0,90175.0,90367.0,90483.0,90447.0,90639.0,90560.0,90058.0,89945.0,90060.0,89114.0,89106.0,88840.0,88535.0,87778.0,86750.0,85906.0,85238.0,84636.0,84191.0,83863.0,83501.0,82937.0,82300.0,81604.0,81173.0,80917.0,80659.0,80783.0,80564.0,81420.0,81904.0,82612.0,82728.0,82765.0,82743.0,82691.0,82482.0,82065.0,81870.0,81389.0,80632.0,79878.0,79127.0,78379.0,77633.0,76890.0,76150.0,75413.0,74678.0,73946.0,73155.0,72459.0,71877.0,71438.0,71659.0,71510.0,71144.0,70975.0,70458.0,70207.0,69862.0,66288.0,66088.0,65581.0,65495.0,65363.0
DE927,3,Nienburg (Weser),2024,TOTAL,TOTAL,NR,116139.0,117010.0,117446.0,118086.0,118633.0,118987.0,119648.0,119959.0,119713.0,119987.0,120573.0,119741.0,119819.0,119551.0,119230.0,118302.0,117008.0,115961.0,115150.0,114430.0,113921.0,113571.0,113733.0,113619.0,113401.0,113098.0,113157.0,113463.0,113768.0,114616.0,114983.0,116897.0,118485.0,120414.0,121494.0,122464.0,123351.0,124200.0,124814.0,125112.0,125745.0,125938.0,125476.0,125015.0,124555.0,124095.0,123637.0,123179.0,122721.0,122265.0,121809.0,121354.0,121390.0,120225.0,119848.0,119631.0,120632.0,121503.0,121470.0,121386.0,121390.0,121645.0,121773.0,121295.0,121723.0,121468.0,121308.0,121064.0
DE928,3,Schaumburg,2024,TOTAL,TOTAL,NR,138237.0,139273.0,140573.0,142129.0,143590.0,144830.0,146456.0,147668.0,148203.0,149389.0,150976.0,150794.0,151884.0,152545.0,153145.0,152965.0,152305.0,151957.0,151915.0,151991.0,152347.0,152921.0,152863.0,152433.0,151866.0,151186.0,150993.0,151128.0,151261.0,152114.0,152327.0,154583.0,156601.0,159068.0,160413.0,161612.0,162702.0,163740.0,164469.0,164780.0,165534.0,166020.0,165202.0,164386.0,163572.0,162760.0,161950.0,161142.0,160336.0,159532.0,158730.0,157930.0,157026.0,156039.0,155599.0,155847.0,156206.0,157616.0,157883.0,157781.0,157820.0,158406.0,158108.0,156747.0,157051.0,156841.0,156635.0,156320.0
DE929,3,Region Hannover,2024,TOTAL,TOTAL,NR,977656.0,984985.0,994962.0,1006774.0,1017919.0,1027512.0,1039858.0,1049282.0,1053894.0,1063148.0,1075275.0,1074799.0,1081544.0,1085230.0,1088468.0,1086167.0,1080464.0,1076985.0,1075674.0,1075201.0,1076714.0,1079758.0,1077766.0,1073157.0,1067595.0,1061246.0,1058324.0,1057697.0,1057054.0,1061429.0,1061324.0,1075429.0,1085406.0,1098412.0,1103607.0,1107769.0,1111159.0,1114180.0,1115085.0,1113167.0,1114249.0,1118091.0,1116473.0,1114848.0,1113218.0,1111582.0,1109941.0,1108294.0,1106641.0,1104981.0,1103318.0,1101648.0,1106219.0,1112675.0,1119526.0,1128037.0,1144481.0,1148700.0,1152675.0,1157624.0,1157115.0,1155330.0,1157541.0,1134284.0,1138943.0,1140888.0,1139386.0,1137091.0
DE931,3,Celle,2024,TOTAL,TOTAL,NR,149944.0,151068.0,152302.0,153812.0,155215.0,156376.0,157951.0,159077.0,159471.0,160564.0,162086.0,161707.0,163046.0,163928.0,164743.0,164721.0,164180.0,163975.0,164098.0,164348.0,164902.0,165692.0,165782.0,165468.0,165006.0,164419.0,164361.0,164660.0,164958.0,166042.0,166321.0,169050.0,170710.0,172578.0,174652.0,176224.0,177841.0,178694.0,179575.0,180528.0,181441.0,181792.0,181309.0,180826.0,180343.0,179861.0,179378.0,178896.0,178414.0,177932.0,177451.0,176969.0,176054.0,175706.0,175552.0,176157.0,177971.0,178370.0,178764.0,178936.0,179011.0,179386.0,179915.0,172477.0,172871.0,172449.0,172222.0,171875.0
DE932,3,Cuxhaven,2024,TOTAL,TOTAL,NR,177357.0,178687.0,179764.0,181159.0,182421.0,183393.0,184843.0,185762.0,185821.0,186693.0,188056.0,187211.0,188901.0,190061.0,191146.0,191259.0,190769.0,190667.0,190946.0,191374.0,192155.0,193212.0,192740.0,191799.0,190690.0,189440.0,188802.0,188574.0,188343.0,189005.0,188747.0,191258.0,192979.0,194934.0,197120.0,198737.0,200403.0,201208.0,202044.0,202962.0,203833.0,204843.0,204278.0,203713.0,203148.0,202584.0,202020.0,201456.0,200893.0,200330.0,199767.0,199204.0,198115.0,197433.0,196607.0,196787.0,198103.0,198670.0,198100.0,198213.0,198038.0,198826.0,199603.0,198898.0,199390.0,198842.0,198580.0,198180.0
DE933,3,Harburg,2024,TOTAL,TOTAL,NR,110894.0,111725.0,114919.0,118361.0,121762.0,125012.0,128633.0,131927.0,134636.0,137957.0,141684.0,143765.0,148817.0,153488.0,158122.0,161954.0,165248.0,168847.0,172767.0,176814.0,181192.0,185844.0,186731.0,187162.0,187420.0,187532.0,188244.0,189365.0,190487.0,192523.0,193631.0,197606.0,201484.0,205629.0,210048.0,213880.0,217790.0,220771.0,223789.0,226898.0,229961.0,232799.0,233367.0,233929.0,234487.0,235036.0,235581.0,236122.0,236654.0,237183.0,237703.0,238221.0,239269.0,240548.0,242871.0,245199.0,248122.0,250326.0,251511.0,252776.0,254431.0,256016.0,257548.0,262954.0,264767.0,265864.0,265514.0,264979.0
DE934,3,Lüchow-Dannenberg,2024,TOTAL,TOTAL,NR,52875.0,53271.0,53133.0,53082.0,52982.0,52791.0,52730.0,52508.0,52040.0,51795.0,51678.0,50951.0,51035.0,50973.0,50887.0,50543.0,50043.0,49647.0,49352.0,49096.0,48931.0,48834.0,48781.0,48610.0,48395.0,48144.0,48049.0,48057.0,48065.0,48302.0,48304.0,49016.0,49440.0,49923.0,50466.0,50862.0,51271.0,51460.0,51656.0,51874.0,52079.0,52100.0,51815.0,51531.0,51247.0,50965.0,50683.0,50402.0,50121.0,49842.0,49563.0,49285.0,49082.0,48928.0,48670.0,48728.0,50128.0,48825.0,48357.0,48424.0,48412.0,48503.0,48472.0,46791.0,46815.0,46502.0,46441.0,46347.0
DE935,3,"Lüneburg, Landkreis",2024,TOTAL,TOTAL,NR,116388.0,117261.0,118782.0,120529.0,122201.0,123693.0,125522.0,127004.0,127907.0,129376.0,131200.0,131489.0,133021.0,134183.0,135294.0,135717.0,135710.0,135977.0,136513.0,137155.0,138051.0,139146.0,139318.0,139151.0,138859.0,138461.0,138508.0,138856.0,139203.0,140214.0,140547.0,142951.0,145538.0,148316.0,151288.0,153837.0,156438.0,158372.0,160331.0,162357.0,164347.0,166661.0,167406.0,168145.0,168878.0,169606.0,170327.0,171043.0,171754.0,172458.0,173157.0,173850.0,174685.0,175640.0,176727.0,178122.0,180719.0,181605.0,182930.0,183372.0,184139.0,184235.0,185129.0,178099.0,179403.0,179448.0,179212.0,178851.0
DE936,3,Osterholz,2024,TOTAL,TOTAL,NR,70961.0,71493.0,72724.0,74098.0,75432.0,76660.0,78101.0,79332.0,80204.0,81434.0,82892.0,83382.0,84931.0,86249.0,87538.0,88382.0,88942.0,89676.0,90586.0,91565.0,92714.0,93999.0,94050.0,93872.0,93610.0,93277.0,93244.0,93414.0,93582.0,94197.0,94356.0,95904.0,97562.0,99346.0,101260.0,102890.0,104553.0,105770.0,107005.0,108283.0,109538.0,110582.0,110640.0,110697.0,110752.0,110805.0,110857.0,110907.0,110956.0,111002.0,111048.0,111091.0,110842.0,110816.0,110882.0,111484.0,113579.0,112695.0,113105.0,113517.0,113928.0,114640.0,115054.0,113800.0,113784.0,113598.0,113448.0,113219.0
DE937,3,Rotenburg (Wümme),2024,TOTAL,TOTAL,NR,120643.0,121547.0,122429.0,123531.0,124544.0,125362.0,126509.0,127295.0,127495.0,128252.0,129350.0,128930.0,130673.0,132055.0,133388.0,134043.0,134272.0,134769.0,135532.0,136400.0,137521.0,138841.0,138833.0,138488.0,138019.0,137446.0,137316.0,137484.0,137650.0,138472.0,138623.0,140813.0,143160.0,145694.0,148414.0,150719.0,153071.0,154770.0,156494.0,158282.0,160036.0,161692.0,161845.0,161996.0,162144.0,162289.0,162431.0,162570.0,162707.0,162841.0,162972.0,163101.0,162182.0,161780.0,161308.0,161842.0,163253.0,163372.0,163377.0,163455.0,163782.0,164486.0,165001.0,164657.0,165561.0,165904.0,165686.0,165352.0
DE938,3,Heidekreis,2024,TOTAL,TOTAL,NR,117826.0,118709.0,119683.0,120874.0,121980.0,122897.0,124138.0,125028.0,125341.0,126205.0,127406.0,127112.0,127830.0,128185.0,128487.0,128135.0,127383.0,126893.0,126659.0,126524.0,126623.0,126901.0,126601.0,125994.0,125275.0,124464.0,124056.0,123917.0,123775.0,124221.0,124062.0,125723.0,127416.0,129271.0,131286.0,132928.0,134609.0,135713.0,136840.0,138022.0,139173.0,140203.0,139875.0,139547.0,139219.0,138891.0,138563.0,138235.0,137907.0,137578.0,137250.0,136921.0,136072.0,135772.0,136251.0,136200.0,140264.0,139641.0,139099.0,139755.0,140673.0,140885.0,142912.0,143728.0,141627.0,141321.0,141135.0,140851.0
DE939,3,Stade,2024,TOTAL,TOTAL,NR,130209.0,131185.0,132613.0,134288.0,135875.0,137257.0,139008.0,140371.0,141090.0,142432.0,144161.0,144200.0,147121.0,149645.0,152120.0,153823.0,155029.0,156536.0,158350.0,160283.0,162514.0,164985.0,165124.0,164861.0,164449.0,163913.0,163905.0,164252.0,164598.0,165729.0,166057.0,168832.0,171522.0,174433.0,177566.0,180200.0,182891.0,184800.0,186739.0,188755.0,190729.0,191690.0,192065.0,192437.0,192803.0,193166.0,193525.0,193879.0,194229.0,194575.0,194917.0,195254.0,195606.0,195779.0,196516.0,197448.0,200054.0,201638.0,201887.0,203102.0,204512.0,205357.0,206496.0,206375.0,207659.0,207700.0,207427.0,207009.0
DE93A,3,Uelzen,2024,TOTAL,TOTAL,NR,95219.0,95933.0,96178.0,96588.0,96921.0,97093.0,97514.0,97647.0,97327.0,97428.0,97780.0,96982.0,97436.0,97614.0,97750.0,97388.0,96723.0,96258.0,95987.0,95792.0,95773.0,95890.0,95478.0,94835.0,94109.0,93315.0,92823.0,92533.0,92240.0,92384.0,92076.0,93116.0,93736.0,94468.0,95308.0,95871.0,96456.0,96624.0,96808.0,97031.0,97231.0,97285.0,96932.0,96579.0,96227.0,95875.0,95525.0,95174.0,94824.0,94475.0,94126.0,93778.0,93284.0,92801.0,92356.0,92533.0,93131.0,92961.0,92744.0,92572.0,92389.0,92566.0,92894.0,91059.0,91832.0,91638.0,91517.0,91333.0
DE93B,3,Verden,2024,TOTAL,TOTAL,NR,90377.0,91055.0,91804.0,92720.0,93571.0,94277.0,95232.0,95916.0,96159.0,96824.0,97748.0,97525.0,99399.0,101004.0,102575.0,103625.0,104341.0,105261.0,106387.0,107594.0,109001.0,110568.0,111040.0,111241.0,111339.0,111351.0,111719.0,112331.0,112942.0,114095.0,114698.0,116998.0,118874.0,120904.0,123088.0,124926.0,126803.0,128139.0,129495.0,130904.0,132285.0,132820.0,132777.0,132732.0,132686.0,132639.0,132590.0,132540.0,132488.0,132435.0,132381.0,132325.0,131936.0,132129.0,132459.0,133215.0,134645.0,135842.0,136590.0,136792.0,137133.0,137574.0,138507.0,137793.0,138273.0,138626.0,138444.0,138165.0
DE941,3,"Delmenhorst, Kreisfreie Stadt",2024,TOTAL,TOTAL,NR,59291.0,59735.0,60447.0,61272.0,62058.0,62751.0,63615.0,64301.0,64694.0,65373.0,66230.0,66311.0,67307.0,68118.0,68905.0,69341.0,69556.0,69909.0,70400.0,70945.0,71622.0,72403.0,72570.0,72561.0,72486.0,72355.0,72456.0,72715.0,72973.0,73581.0,74309.0,75174.0,75600.0,76220.0,76568.0,77037.0,77551.0,77405.0,77309.0,77057.0,76903.0,76644.0,76302.0,75961.0,75620.0,75280.0,74941.0,74603.0,74265.0,73928.0,73592.0,73257.0,73364.0,73588.0,74052.0,74804.0,76323.0,77045.0,77521.0,77607.0,77559.0,77503.0,77522.0,81148.0,81746.0,81406.0,81299.0,81135.0
DE942,3,"Emden, Kreisfreie Stadt",2024,TOTAL,TOTAL,NR,48573.0,48937.0,49371.0,49896.0,50386.0,50798.0,51345.0,51747.0,51911.0,52304.0,52836.0,52749.0,52900.0,52900.0,52876.0,52584.0,52128.0,51780.0,51538.0,51337.0,51230.0,51195.0,51075.0,50832.0,50543.0,50218.0,50054.0,49999.0,49944.0,50125.0,50385.0,50734.0,50942.0,51280.0,51435.0,51669.0,51932.0,51752.0,51607.0,51357.0,51173.0,50963.0,50859.0,50755.0,50651.0,50547.0,50443.0,50339.0,50234.0,50129.0,50025.0,49920.0,49848.0,49751.0,49790.0,50016.0,50694.0,50486.0,50607.0,50195.0,49913.0,49874.0,49523.0,49563.0,49701.0,49202.0,49137.0,49038.0
DE943,3,"Oldenburg (Oldenburg), Kreisfreie Stadt",2024,TOTAL,TOTAL,NR,124197.0,125128.0,125924.0,126945.0,127872.0,128597.0,129658.0,130347.0,130434.0,131091.0,132094.0,131546.0,132837.0,133757.0,134625.0,134808.0,134565.0,134595.0,134894.0,135297.0,135951.0,136800.0,137225.0,137315.0,137280.0,137139.0,137438.0,138035.0,138633.0,139894.0,141386.0,143140.0,144785.0,146817.0,148336.0,150099.0,151963.0,152537.0,153211.0,153571.0,154125.0,154832.0,155110.0,155385.0,155657.0,155925.0,156191.0,156452.0,156711.0,156966.0,157218.0,157467.0,157706.0,158658.0,159610.0,160907.0,163830.0,165711.0,167081.0,168210.0,169077.0,169605.0,170389.0,174445.0,176242.0,176614.0,176382.0,176027.0
DE944,3,"Osnabrück, Kreisfreie Stadt",2024,TOTAL,TOTAL,NR,161294.0,162503.0,163103.0,163985.0,164740.0,165226.0,166136.0,166562.0,166214.0,166589.0,167397.0,166235.0,166317.0,165919.0,165446.0,164131.0,162309.0,160829.0,159677.0,158651.0,157918.0,157405.0,157744.0,157699.0,157511.0,157202.0,157398.0,157935.0,158473.0,159767.0,161324.0,163177.0,163841.0,164924.0,165414.0,166161.0,167002.0,166418.0,165945.0,165136.0,164539.0,164101.0,163048.0,161999.0,160952.0,159909.0,158869.0,157833.0,156799.0,155769.0,154742.0,153718.0,154513.0,155625.0,156315.0,156897.0,162403.0,164070.0,164374.0,164748.0,165251.0,164223.0,165034.0,165741.0,165686.0,166057.0,165838.0,165504.0
DE945,3,"Wilhelmshaven, Kreisfreie Stadt",2024,TOTAL,TOTAL,NR,101733.0,102496.0,102910.0,103502.0,104015.0,104358.0,104971.0,105277.0,105095.0,105370.0,105920.0,105224.0,105237.0,104946.0,104608.0,103736.0,102545.0,101570.0,100803.0,100116.0,99612.0,99248.0,98250.0,97015.0,95698.0,94316.0,93242.0,92370.0,91494.0,91045.0,90730.0,90560.0,90401.0,90464.0,90195.0,90059.0,89967.0,89103.0,88300.0,87319.0,86453.0,85287.0,84497.0,83710.0,82926.0,82144.0,81366.0,80590.0,79817.0,79047.0,78280.0,77516.0,76926.0,76545.0,75728.0,75534.0,75995.0,76201.0,76316.0,76278.0,76089.0,75189.0,75027.0,75860.0,76010.0,75745.0,75645.0,75493.0
DE946,3,Ammerland,2024,TOTAL,TOTAL,NR,69303.0,69823.0,71169.0,72658.0,74111.0,75461.0,77024.0,78382.0,79386.0,80746.0,82334.0,82962.0,84205.0,85216.0,86196.0,86739.0,87004.0,87443.0,88054.0,88733.0,89576.0,90549.0,91025.0,91279.0,91449.0,91547.0,91937.0,92527.0,93118.0,94156.0,95353.0,96729.0,98417.0,100376.0,101993.0,103785.0,105654.0,106631.0,107677.0,108500.0,109458.0,110650.0,111316.0,111977.0,112633.0,113285.0,113932.0,114575.0,115213.0,115846.0,116474.0,117098.0,117951.0,118489.0,118865.0,119917.0,121435.0,122698.0,123377.0,124071.0,124859.0,125643.0,126475.0,126390.0,127292.0,127751.0,127583.0,127326.0
DE947,3,Aurich,2024,TOTAL,TOTAL,NR,144358.0,145440.0,147063.0,148960.0,150761.0,152334.0,154318.0,155872.0,156711.0,158243.0,160204.0,160289.0,161938.0,163136.0,164270.0,164568.0,164347.0,164458.0,164897.0,165464.0,166337.0,167449.0,167508.0,167159.0,166660.0,166036.0,165946.0,166216.0,166485.0,167547.0,168880.0,170518.0,172741.0,175428.0,177507.0,179881.0,182380.0,183332.0,184405.0,185098.0,186024.0,187403.0,187405.0,187404.0,187402.0,187396.0,187389.0,187379.0,187367.0,187353.0,187336.0,187317.0,186713.0,186673.0,187058.0,187998.0,189199.0,190066.0,189949.0,189848.0,189694.0,190178.0,190425.0,188402.0,188960.0,188816.0,188567.0,188187.0
DE948,3,Cloppenburg,2024,TOTAL,TOTAL,NR,92790.0,93486.0,94681.0,96055.0,97370.0,98541.0,99980.0,101142.0,101843.0,102994.0,104428.0,104640.0,105796.0,106658.0,107479.0,107753.0,107686.0,107837.0,108202.0,108651.0,109301.0,110108.0,110964.0,111549.0,112029.0,112418.0,113167.0,114161.0,115157.0,116708.0,118460.0,120439.0,123800.0,127522.0,130827.0,134371.0,138034.0,140538.0,143131.0,145424.0,147894.0,149647.0,150547.0,151440.0,152327.0,153208.0,154083.0,154951.0,155813.0,156669.0,157518.0,158361.0,159290.0,160033.0,160176.0,162350.0,164734.0,165930.0,167925.0,169348.0,170682.0,172632.0,173980.0,175549.0,176540.0,177025.0,176792.0,176436.0
DE949,3,Emsland,2024,TOTAL,TOTAL,NR,197438.0,198918.0,202075.0,205625.0,209059.0,212194.0,215917.0,219053.0,221194.0,224321.0,228073.0,229159.0,231656.0,233509.0,235271.0,235838.0,235657.0,235953.0,236719.0,237667.0,239055.0,240788.0,242710.0,244037.0,245136.0,246037.0,247722.0,249947.0,252175.0,255618.0,259501.0,263884.0,268756.0,274374.0,279060.0,284228.0,289612.0,292551.0,295678.0,298194.0,301079.0,303034.0,303873.0,304705.0,305529.0,306344.0,307152.0,307952.0,308744.0,309528.0,310305.0,311073.0,311634.0,312855.0,313689.0,315757.0,319488.0,321391.0,323636.0,325657.0,326954.0,328930.0,331397.0,331711.0,334203.0,334539.0,334099.0,333426.0
DE94A,3,Friesland,2024,TOTAL,TOTAL,NR,82786.0,83407.0,84368.0,85487.0,86552.0,87486.0,88657.0,89580.0,90094.0,91006.0,92166.0,92246.0,93166.0,93825.0,94448.0,94591.0,94434.0,94470.0,94693.0,94990.0,95463.0,96073.0,95755.0,95205.0,94571.0,93868.0,93469.0,93273.0,93075.0,93317.0,93706.0,94257.0,95215.0,96425.0,97297.0,98327.0,99421.0,99671.0,99987.0,100098.0,100335.0,100889.0,100621.0,100354.0,100086.0,99818.0,99551.0,99284.0,99016.0,98749.0,98482.0,98215.0,97857.0,97327.0,97093.0,96937.0,97900.0,98409.0,98509.0,98460.0,98704.0,98971.0,98971.0,100089.0,100461.0,100411.0,100279.0,100077.0
DE94B,3,Grafschaft Bentheim,2024,TOTAL,TOTAL,NR,102507.0,103275.0,104461.0,105843.0,107157.0,108310.0,109755.0,110894.0,111527.0,112651.0,114083.0,114178.0,115071.0,115641.0,116164.0,116096.0,115663.0,115467.0,115502.0,115627.0,115966.0,116470.0,116598.0,116441.0,116180.0,115831.0,115854.0,116128.0,116402.0,117231.0,118251.0,119486.0,120896.0,122630.0,123935.0,125446.0,127040.0,127557.0,128158.0,128495.0,128995.0,129759.0,130159.0,130555.0,130948.0,131337.0,131722.0,132104.0,132482.0,132857.0,133228.0,133596.0,133400.0,133652.0,133678.0,134329.0,135662.0,135770.0,135859.0,136511.0,137162.0,137891.0,138722.0,143472.0,144212.0,144543.0,144353.0,144062.0
DE94C,3,Leer,2024,TOTAL,TOTAL,NR,125002.0,125939.0,127440.0,129180.0,130839.0,132302.0,134124.0,135572.0,136401.0,137833.0,139640.0,139813.0,140818.0,141426.0,141977.0,141805.0,141188.0,140861.0,140816.0,140881.0,141206.0,141733.0,141882.0,141686.0,141362.0,140931.0,140954.0,141282.0,141609.0,142612.0,143847.0,145343.0,147428.0,149912.0,151879.0,154102.0,156433.0,157439.0,158548.0,159331.0,160313.0,161425.0,161667.0,161906.0,162142.0,162375.0,162604.0,162831.0,163054.0,163274.0,163490.0,163704.0,163991.0,164202.0,164792.0,165809.0,167548.0,168253.0,168946.0,169809.0,170756.0,171483.0,172421.0,169390.0,169111.0,169103.0,168880.0,168540.0
DE94D,3,"Oldenburg, Landkreis",2024,TOTAL,TOTAL,NR,75624.0,76191.0,77138.0,78231.0,79275.0,80202.0,81346.0,82264.0,82807.0,83717.0,84855.0,85000.0,86750.0,88266.0,89753.0,90784.0,91522.0,92438.0,93535.0,94702.0,96045.0,97530.0,97976.0,98182.0,98299.0,98338.0,98692.0,99261.0,99830.0,100878.0,102095.0,103503.0,105545.0,107882.0,109855.0,112019.0,114270.0,115557.0,116918.0,118037.0,119302.0,121017.0,121409.0,121797.0,122182.0,122563.0,122941.0,123316.0,123687.0,124055.0,124419.0,124780.0,125265.0,125413.0,125778.0,126798.0,128608.0,129484.0,129924.0,130144.0,130890.0,131467.0,132091.0,131228.0,131965.0,132008.0,131834.0,131568.0
DE94E,3,"Osnabrück, Landkreis",2024,TOTAL,TOTAL,NR,238671.0,240460.0,243712.0,247427.0,250993.0,254191.0,258083.0,261264.0,263255.0,266413.0,270303.0,271032.0,274271.0,276749.0,279123.0,280077.0,280142.0,280772.0,281959.0,283363.0,285292.0,287633.0,289400.0,290460.0,291249.0,291808.0,293299.0,295428.0,297560.0,301122.0,305193.0,309847.0,315516.0,322058.0,327507.0,333520.0,339789.0,343185.0,346805.0,349702.0,353038.0,353313.0,353052.0,352785.0,352517.0,352249.0,351973.0,351693.0,351415.0,351131.0,350845.0,350554.0,350418.0,350444.0,350302.0,351316.0,358079.0,354807.0,356140.0,357343.0,358080.0,359471.0,361550.0,356060.0,356194.0,354821.0,354354.0,353640.0
DE94F,3,Vechta,2024,TOTAL,TOTAL,NR,77877.0,78461.0,79666.0,81024.0,82337.0,83531.0,84956.0,86149.0,86951.0,88139.0,89573.0,89959.0,91373.0,92537.0,93669.0,94324.0,94677.0,95218.0,95947.0,96749.0,97731.0,98855.0,99357.0,99616.0,99783.0,99872.0,100281.0,100907.0,101534.0,102648.0,103935.0,105418.0,107840.0,110568.0,112927.0,115487.0,118141.0,119801.0,121537.0,123021.0,124655.0,126434.0,126970.0,127503.0,128031.0,128554.0,129074.0,129589.0,130100.0,130607.0,131110.0,131608.0,132752.0,133462.0,134188.0,136184.0,137866.0,139671.0,140540.0,141598.0,142814.0,143698.0,144805.0,145552.0,146400.0,146539.0,146346.0,146051.0
DE94G,3,Wesermarsch,2024,TOTAL,TOTAL,NR,94139.0,94845.0,95140.0,95600.0,95983.0,96209.0,96682.0,96871.0,96610.0,96769.0,97178.0,96443.0,96644.0,96568.0,96449.0,95839.0,94933.0,94225.0,93708.0,93265.0,92994.0,92854.0,92479.0,91880.0,91201.0,90455.0,90003.0,89746.0,89487.0,89650.0,89954.0,90412.0,91102.0,92029.0,92630.0,93379.0,94186.0,94192.0,94259.0,94135.0,94130.0,94084.0,93694.0,93306.0,92918.0,92531.0,92144.0,91759.0,91374.0,90990.0,90606.0,90224.0,89527.0,89126.0,88831.0,88765.0,89239.0,89282.0,89022.0,88624.0,88583.0,88524.0,88430.0,89127.0,89316.0,88936.0,88819.0,88640.0
DE94H,3,Wittmund,2024,TOTAL,TOTAL,NR,46686.0,47036.0,47600.0,48254.0,48877.0,49427.0,50112.0,50656.0,50970.0,51508.0,52188.0,52256.0,52666.0,52928.0,53169.0,53139.0,52943.0,52854.0,52872.0,52930.0,53087.0,53319.0,53193.0,52938.0,52637.0,52296.0,52125.0,52067.0,52008.0,52195.0,52465.0,52827.0,53479.0,54275.0,54882.0,55580.0,56316.0,56574.0,56869.0,57048.0,57298.0,57334.0,57288.0,57242.0,57195.0,57147.0,57099.0,57051.0,57002.0,56953.0,56903.0,56853.0,56572.0,56362.0,56400.0,56539.0,57173.0,56881.0,56731.0,56882.0,56926.0,57384.0,57455.0,55953.0,56013.0,55969.0,55895.0,55782.0
DEA11,3,"Düsseldorf, Kreisfreie Stadt",2024,TOTAL,TOTAL,NR,673241.0,678288.0,679424.0,681712.0,683442.0,684037.0,686365.0,686665.0,683763.0,683821.0,685631.0,679366.0,674415.0,667468.0,660188.0,649540.0,636928.0,625705.0,615783.0,606357.0,598043.0,590541.0,588230.0,584493.0,580244.0,575575.0,572771.0,571207.0,569631.0,570750.0,571534.0,575751.0,578077.0,581199.0,579434.0,577946.0,576988.0,575708.0,573724.0,570695.0,568855.0,569364.0,571095.0,572811.0,574511.0,576196.0,577865.0,579518.0,581157.0,582778.0,584384.0,585975.0,589649.0,593682.0,598686.0,604527.0,612178.0,613230.0,617280.0,619294.0,621877.0,620523.0,619477.0,614399.0,616319.0,618685.0,617871.0,616626.0
DEA12,3,"Duisburg, Kreisfreie Stadt",2024,TOTAL,TOTAL,NR,658257.0,663192.0,660179.0,658212.0,655629.0,651887.0,649723.0,645566.0,638358.0,633872.0,630939.0,620544.0,617904.0,613453.0,608708.0,600860.0,591179.0,582771.0,575565.0,568819.0,563118.0,558191.0,555145.0,550755.0,545887.0,540630.0,537128.0,534789.0,532436.0,532595.0,532430.0,535449.0,536606.0,538484.0,535823.0,533414.0,531488.0,529260.0,526382.0,522544.0,519793.0,514915.0,512317.0,509726.0,507141.0,504563.0,501991.0,499426.0,496867.0,494315.0,491770.0,489231.0,487470.0,486816.0,486855.0,485465.0,491231.0,499845.0,498110.0,498590.0,498686.0,495885.0,495152.0,501671.0,503185.0,502270.0,501609.0,500599.0
DEA13,3,"Essen, Kreisfreie Stadt",2024,TOTAL,TOTAL,NR,742180.0,747744.0,745625.0,744711.0,743124.0,740246.0,739182.0,735875.0,729103.0,725454.0,723605.0,713208.0,710796.0,706307.0,701483.0,693084.0,682566.0,673512.0,665844.0,658707.0,652781.0,647755.0,644772.0,640226.0,635122.0,629561.0,626042.0,623879.0,621700.0,622459.0,622849.0,626970.0,627333.0,628519.0,624395.0,620563.0,617286.0,613655.0,609264.0,603760.0,599515.0,595243.0,592416.0,589592.0,586780.0,583970.0,581171.0,578374.0,575586.0,572805.0,570031.0,567263.0,565900.0,566862.0,569884.0,573784.0,582624.0,583084.0,583393.0,583109.0,582760.0,582415.0,579432.0,572237.0,574082.0,574682.0,573925.0,572769.0
DEA14,3,"Krefeld, Kreisfreie Stadt",2024,TOTAL,TOTAL,NR,220710.0,222365.0,223971.0,225979.0,227825.0,229314.0,231405.0,232836.0,233192.0,234570.0,236570.0,235794.0,235983.0,235493.0,234897.0,233105.0,230593.0,228566.0,227005.0,225623.0,224657.0,224005.0,225648.0,226738.0,227617.0,228313.0,229737.0,231662.0,233589.0,236641.0,239585.0,244015.0,245074.0,246473.0,245799.0,245244.0,244913.0,244447.0,243682.0,242473.0,241769.0,239916.0,238157.0,236404.0,234656.0,232914.0,231178.0,229448.0,227724.0,226005.0,224292.0,222585.0,221864.0,222026.0,222058.0,222500.0,225144.0,226812.0,226699.0,227020.0,227417.0,226844.0,227050.0,230375.0,230393.0,231406.0,231101.0,230636.0
DEA15,3,"Mönchengladbach, Kreisfreie Stadt",2024,TOTAL,TOTAL,NR,255236.0,257149.0,258227.0,259753.0,261080.0,261984.0,263562.0,264375.0,263960.0,264694.0,266118.0,264413.0,265354.0,265538.0,265608.0,264326.0,262221.0,260662.0,259631.0,258804.0,258453.0,258468.0,258188.0,257281.0,256144.0,254817.0,254312.0,254359.0,254402.0,255655.0,256766.0,259434.0,261284.0,263508.0,263527.0,263674.0,264067.0,264317.0,264248.0,263697.0,263697.0,263014.0,262278.0,261543.0,260808.0,260074.0,259340.0,258607.0,257874.0,257141.0,256409.0,255677.0,254834.0,255087.0,255430.0,256853.0,259996.0,260925.0,262188.0,261454.0,261034.0,259665.0,261001.0,267333.0,267667.0,267213.0,266861.0,266323.0
DEA16,3,"Mülheim an der Ruhr, Kreisfreie Stadt",2024,TOTAL,TOTAL,NR,183781.0,185159.0,186160.0,187489.0,188678.0,189564.0,190944.0,191772.0,191712.0,192488.0,193771.0,192776.0,192747.0,192161.0,191488.0,189840.0,187606.0,185769.0,184312.0,183000.0,182025.0,181304.0,180684.0,179626.0,178410.0,177064.0,176291.0,175900.0,175506.0,175943.0,176278.0,177673.0,178211.0,178992.0,178265.0,177623.0,177142.0,176562.0,175765.0,174648.0,173895.0,172862.0,172276.0,171690.0,171105.0,170521.0,169938.0,169356.0,168774.0,168193.0,167613.0,167034.0,166804.0,166654.0,166640.0,167108.0,169278.0,170936.0,171265.0,170880.0,170632.0,170921.0,170739.0,172054.0,172887.0,173050.0,172822.0,172474.0
DEA17,3,"Oberhausen, Kreisfreie Stadt",2024,TOTAL,TOTAL,NR,254022.0,255926.0,255398.0,255286.0,254947.0,254169.0,254017.0,253098.0,250989.0,249957.0,249549.0,246195.0,245902.0,244897.0,243778.0,241418.0,238315.0,235719.0,233605.0,231677.0,230174.0,228992.0,228154.0,226762.0,225171.0,223417.0,222387.0,221838.0,221285.0,221779.0,222144.0,223844.0,224877.0,226223.0,225667.0,225221.0,224981.0,224616.0,223977.0,222931.0,222349.0,222151.0,220971.0,219794.0,218620.0,217449.0,216281.0,215117.0,213955.0,212797.0,211642.0,210490.0,210256.0,210005.0,209097.0,209292.0,210934.0,211382.0,211422.0,210829.0,210764.0,209566.0,208752.0,213252.0,213510.0,213646.0,213365.0,212935.0
DEA18,3,"Remscheid, Kreisfreie Stadt",2024,TOTAL,TOTAL,NR,127130.0,128083.0,129245.0,130644.0,131953.0,133059.0,134519.0,135599.0,136055.0,137110.0,138533.0,138331.0,138211.0,137691.0,137108.0,135826.0,134127.0,132712.0,131568.0,130529.0,129730.0,129111.0,128339.0,127256.0,126063.0,124780.0,123903.0,123295.0,122682.0,122648.0,122539.0,123161.0,123489.0,123983.0,123434.0,122942.0,122562.0,122113.0,121514.0,120694.0,120125.0,119287.0,118450.0,117616.0,116784.0,115955.0,115129.0,114305.0,113484.0,112666.0,111851.0,111038.0,110132.0,109352.0,108955.0,109009.0,109499.0,110611.0,110584.0,110994.0,111338.0,111516.0,111770.0,113731.0,114061.0,113828.0,113678.0,113449.0
DEA19,3,"Solingen, Kreisfreie Stadt",2024,TOTAL,TOTAL,NR,170019.0,171294.0,172322.0,173655.0,174859.0,175786.0,177171.0,178047.0,178099.0,178929.0,180231.0,179416.0,179132.0,178327.0,177440.0,175649.0,173318.0,171356.0,169746.0,168270.0,167103.0,166169.0,165858.0,165144.0,164283.0,163302.0,162848.0,162747.0,162643.0,163311.0,163888.0,165456.0,166354.0,167485.0,167211.0,167017.0,166978.0,166846.0,166512.0,165875.0,165583.0,164973.0,163996.0,163022.0,162050.0,161082.0,160116.0,159153.0,158193.0,157236.0,156282.0,155330.0,155080.0,155316.0,155768.0,156771.0,158726.0,158908.0,158803.0,159360.0,159245.0,159193.0,158957.0,165229.0,166078.0,165626.0,165408.0,165075.0
DEA1A,3,"Wuppertal, Kreisfreie Stadt",2024,TOTAL,TOTAL,NR,423649.0,426825.0,427273.0,428440.0,429252.0,429346.0,430523.0,430423.0,428314.0,428056.0,428890.0,424671.0,424010.0,422119.0,420032.0,415804.0,410300.0,405669.0,401869.0,398387.0,395639.0,393440.0,391906.0,389423.0,386598.0,383493.0,381631.0,380595.0,379551.0,380303.0,380831.0,383648.0,384103.0,385067.0,382781.0,380674.0,378909.0,376927.0,374480.0,371350.0,368993.0,366434.0,364034.0,361642.0,359257.0,356880.0,354510.0,352147.0,349792.0,347444.0,345104.0,342771.0,342570.0,342885.0,343488.0,345425.0,350046.0,352390.0,353590.0,354382.0,355100.0,355004.0,354572.0,358568.0,358592.0,358193.0,357721.0,357000.0
DEA1B,3,Kleve,2024,TOTAL,TOTAL,NR,216775.0,218400.0,221264.0,224547.0,227694.0,230504.0,233943.0,236735.0,238449.0,241218.0,244650.0,245219.0,248015.0,250122.0,252133.0,252862.0,252790.0,253228.0,254169.0,255306.0,256916.0,258897.0,259530.0,259530.0,259294.0,258859.0,259255.0,260214.0,261173.0,263380.0,265453.0,269151.0,273684.0,278659.0,281331.0,284151.0,287249.0,290206.0,292821.0,294906.0,297608.0,299362.0,299534.0,299702.0,299865.0,300024.0,300178.0,300328.0,300473.0,300614.0,300750.0,300881.0,301171.0,301977.0,302698.0,304963.0,310337.0,310329.0,311270.0,310974.0,312465.0,313586.0,314676.0,317411.0,319928.0,322018.0,321594.0,320946.0
DEA1C,3,Mettmann,2024,TOTAL,TOTAL,NR,368195.0,370955.0,377233.0,384252.0,391062.0,397318.0,404682.0,410952.0,415361.0,421622.0,429064.0,431495.0,439171.0,445653.0,451981.0,456014.0,458581.0,462050.0,466426.0,471157.0,476763.0,483067.0,483970.0,483694.0,482979.0,481896.0,482361.0,483873.0,485383.0,489212.0,492788.0,499376.0,502835.0,507014.0,506946.0,507126.0,507778.0,508156.0,507917.0,506755.0,506649.0,507699.0,504727.0,501764.0,498810.0,495864.0,492926.0,489997.0,487076.0,484165.0,481261.0,478366.0,477919.0,477397.0,476633.0,477760.0,483279.0,484770.0,485409.0,485684.0,485570.0,484322.0,484411.0,489246.0,489760.0,490910.0,490264.0,489276.0
DEA1D,3,Rhein-Kreis Neuss,2024,TOTAL,TOTAL,NR,269224.0,271242.0,280752.0,290898.0,300978.0,310709.0,321389.0,331283.0,339720.0,349717.0,360769.0,367639.0,374281.0,379906.0,385401.0,388938.0,391225.0,394280.0,398109.0,402241.0,407120.0,412595.0,412761.0,411923.0,410714.0,409196.0,408995.0,409682.0,410366.0,413004.0,415423.0,420370.0,425085.0,430442.0,432215.0,434207.0,436611.0,438789.0,440442.0,441296.0,443071.0,443865.0,443196.0,442525.0,441851.0,441176.0,440498.0,439818.0,439136.0,438453.0,437766.0,437078.0,437732.0,439225.0,440602.0,442522.0,450026.0,447431.0,449408.0,451007.0,451730.0,452001.0,452496.0,455818.0,457398.0,457077.0,456475.0,455556.0
DEA1E,3,Viersen,2024,TOTAL,TOTAL,NR,225048.0,226735.0,229849.0,233401.0,236815.0,239880.0,243602.0,246654.0,248582.0,251612.0,255336.0,256073.0,258161.0,259523.0,260781.0,260712.0,259824.0,259466.0,259627.0,259991.0,260835.0,262052.0,262625.0,262558.0,262253.0,261747.0,262082.0,262985.0,263888.0,266052.0,268080.0,271747.0,276185.0,281066.0,283623.0,286327.0,289312.0,292154.0,294651.0,296615.0,299199.0,300842.0,300415.0,299986.0,299555.0,299123.0,298689.0,298254.0,297817.0,297379.0,296939.0,296497.0,295982.0,295448.0,294921.0,295067.0,297661.0,298422.0,298733.0,298935.0,298863.0,298536.0,298761.0,295362.0,297504.0,297857.0,297465.0,296866.0
DEA1F,3,Wesel,2024,TOTAL,TOTAL,NR,322111.0,324526.0,331701.0,339555.0,347257.0,354493.0,362746.0,370047.0,375687.0,383017.0,391446.0,395314.0,399663.0,402900.0,405982.0,407000.0,406729.0,407280.0,408641.0,410318.0,412754.0,415785.0,417996.0,419186.0,419989.0,420460.0,422277.0,425011.0,427749.0,432540.0,437125.0,444406.0,449931.0,456145.0,458567.0,461223.0,464320.0,467179.0,469482.0,470932.0,473367.0,474390.0,473049.0,471708.0,470369.0,469030.0,467692.0,466355.0,465019.0,463683.0,462349.0,461015.0,459740.0,458329.0,457033.0,457244.0,462664.0,461715.0,460666.0,459809.0,459976.0,460113.0,460433.0,455854.0,457545.0,457918.0,457315.0,456394.0
DEA22,3,"Bonn, Kreisfreie Stadt",2024,TOTAL,TOTAL,NR,267600.0,269606.0,270590.0,272043.0,273283.0,274078.0,275576.0,276271.0,275682.0,276291.0,277619.0,275680.0,278537.0,280617.0,282589.0,283123.0,282762.0,282973.0,283749.0,284744.0,286266.0,288200.0,288180.0,287459.0,286479.0,285286.0,285011.0,285354.0,285695.0,287396.0,288043.0,292245.0,294406.0,296730.0,297803.0,298321.0,299271.0,300298.0,300742.0,300752.0,301048.0,302247.0,302337.0,302594.0,302847.0,303095.0,303337.0,303575.0,303808.0,304036.0,304258.0,304476.0,307530.0,309869.0,311287.0,313958.0,318809.0,322125.0,325490.0,327258.0,329673.0,330579.0,331885.0,322221.0,321680.0,323336.0,322910.0,322260.0
DEA23,3,"Köln, Kreisfreie Stadt",2024,TOTAL,TOTAL,NR,892061.0,898748.0,909687.0,922335.0,934406.0,945083.0,958324.0,968903.0,975056.0,985521.0,998679.0,1000144.0,1003613.0,1004216.0,1004387.0,999444.0,991393.0,985406.0,981415.0,978194.0,976776.0,976737.0,973029.0,966962.0,960046.0,952436.0,947910.0,945438.0,942946.0,944915.0,943385.0,953435.0,958351.0,963764.0,965089.0,964608.0,965505.0,966643.0,965890.0,963741.0,962507.0,962884.0,966523.0,970681.0,974806.0,978899.0,982962.0,986990.0,990986.0,994951.0,998884.0,1002785.0,1013665.0,1024373.0,1034175.0,1046680.0,1060582.0,1075935.0,1080394.0,1085664.0,1087863.0,1083498.0,1073096.0,1021253.0,1024408.0,1024621.0,1023272.0,1021211.0
DEA24,3,"Leverkusen, Kreisfreie Stadt",2024,TOTAL,TOTAL,NR,132581.0,133575.0,136702.0,140111.0,143461.0,146621.0,150205.0,153397.0,155902.0,159110.0,162777.0,164549.0,165133.0,165245.0,165286.0,164486.0,163174.0,162201.0,161558.0,161040.0,160820.0,160827.0,160600.0,159983.0,159224.0,158347.0,157981.0,157958.0,157932.0,158657.0,158797.0,160894.0,161552.0,162290.0,162338.0,162082.0,162056.0,162069.0,161765.0,161227.0,160841.0,161047.0,160759.0,160562.0,160363.0,160164.0,159964.0,159763.0,159560.0,159357.0,159152.0,158947.0,159373.0,159926.0,160819.0,161540.0,163487.0,163113.0,163577.0,163838.0,163729.0,163905.0,163851.0,167174.0,167850.0,168581.0,168359.0,168020.0
DEA26,3,Düren,2024,TOTAL,TOTAL,NR,205252.0,206791.0,209674.0,212958.0,216115.0,218956.0,222397.0,225227.0,227031.0,229842.0,233287.0,234004.0,235685.0,236701.0,237620.0,237331.0,236297.0,235747.0,235671.0,235778.0,236320.0,237200.0,237556.0,237334.0,236897.0,236279.0,236421.0,237077.0,237731.0,239520.0,240434.0,244321.0,247733.0,251307.0,253840.0,255909.0,258355.0,260879.0,262905.0,264555.0,266457.0,268564.0,267472.0,266536.0,265601.0,264666.0,263734.0,262802.0,261872.0,260942.0,260015.0,259088.0,258524.0,258651.0,258385.0,259073.0,262828.0,262072.0,262889.0,263722.0,264638.0,265140.0,266771.0,276675.0,278462.0,279285.0,278917.0,278355.0
DEA27,3,Rhein-Erft-Kreis,2024,TOTAL,TOTAL,NR,277549.0,279630.0,286127.0,293216.0,300179.0,306744.0,314195.0,320825.0,326019.0,332682.0,340304.0,343963.0,351519.0,358132.0,364631.0,369279.0,372731.0,376903.0,381809.0,387004.0,392918.0,399413.0,400802.0,401214.0,401258.0,400992.0,402011.0,403904.0,405797.0,409633.0,411979.0,419434.0,424756.0,430346.0,434149.0,437154.0,440803.0,444580.0,447506.0,449789.0,452503.0,455487.0,454819.0,454408.0,453993.0,453575.0,453153.0,452727.0,452298.0,451865.0,451428.0,450988.0,452792.0,454792.0,456602.0,459448.0,466657.0,465549.0,467209.0,470089.0,470615.0,469611.0,471891.0,473669.0,476412.0,477988.0,477359.0,476397.0
DEA28,3,Euskirchen,2024,TOTAL,TOTAL,NR,134277.0,135284.0,137017.0,139009.0,140916.0,142614.0,144701.0,146387.0,147405.0,149075.0,151155.0,151465.0,152990.0,154087.0,155124.0,155372.0,155130.0,155202.0,155583.0,156085.0,156876.0,157892.0,158864.0,159448.0,159884.0,160193.0,161014.0,162185.0,163357.0,165315.0,166675.0,170109.0,172742.0,175491.0,177516.0,179218.0,181186.0,183210.0,184885.0,186296.0,187885.0,189316.0,189111.0,189013.0,188914.0,188812.0,188708.0,188603.0,188495.0,188386.0,188275.0,188162.0,187801.0,187724.0,187437.0,188158.0,191165.0,191202.0,192127.0,192840.0,193656.0,194359.0,194701.0,199228.0,201841.0,202609.0,202342.0,201934.0
DEA29,3,Heinsberg,2024,TOTAL,TOTAL,NR,172645.0,173939.0,176913.0,180234.0,183458.0,186423.0,189907.0,192879.0,194978.0,197947.0,201470.0,202641.0,204994.0,206778.0,208483.0,209127.0,209109.0,209512.0,210332.0,211314.0,212687.0,214367.0,214669.0,214448.0,214033.0,213455.0,213564.0,214136.0,214708.0,216303.0,217109.0,220599.0,224516.0,228592.0,231731.0,234451.0,237521.0,240668.0,243359.0,245703.0,248283.0,250400.0,250064.0,249868.0,249671.0,249471.0,249270.0,249066.0,248860.0,248652.0,248441.0,248229.0,248161.0,247827.0,248233.0,249310.0,252527.0,252651.0,253106.0,254322.0,255555.0,256458.0,258306.0,261239.0,262149.0,263681.0,263334.0,262804.0
DEA2A,3,Oberbergischer Kreis,2024,TOTAL,TOTAL,NR,203830.0,205358.0,208221.0,211481.0,214616.0,217436.0,220853.0,223662.0,225453.0,228244.0,231665.0,232376.0,235225.0,237421.0,239529.0,240418.0,240544.0,241154.0,242242.0,243517.0,245243.0,247323.0,248533.0,249136.0,249509.0,249686.0,250663.0,252184.0,253707.0,256447.0,258257.0,263276.0,266874.0,270644.0,273292.0,275440.0,277995.0,280633.0,282734.0,284430.0,286398.0,288170.0,286540.0,285079.0,283621.0,282167.0,280716.0,279269.0,277826.0,276386.0,274950.0,273517.0,272287.0,271332.0,270290.0,270618.0,273452.0,273139.0,272968.0,272471.0,272057.0,271699.0,271621.0,273634.0,273963.0,274057.0,273696.0,273145.0
DEA2B,3,Rheinisch-Bergischer Kreis,2024,TOTAL,TOTAL,NR,172360.0,173652.0,178801.0,184340.0,189819.0,195065.0,200892.0,206212.0,210619.0,215984.0,221989.0,225415.0,228996.0,231950.0,234822.0,236501.0,237422.0,238814.0,240677.0,242724.0,245220.0,248075.0,248966.0,249250.0,249306.0,249168.0,249829.0,251033.0,252237.0,254649.0,256135.0,260798.0,263494.0,266346.0,268085.0,269329.0,270966.0,272678.0,273864.0,274657.0,275712.0,275474.0,275659.0,275997.0,276330.0,276658.0,276980.0,277298.0,277611.0,277918.0,278221.0,278518.0,277816.0,277997.0,278440.0,279497.0,282729.0,283304.0,283344.0,283455.0,283271.0,283275.0,283429.0,283037.0,283607.0,284273.0,283899.0,283327.0
DEA2C,3,Rhein-Sieg-Kreis,2024,TOTAL,TOTAL,NR,296115.0,298335.0,307484.0,317308.0,327036.0,336366.0,346702.0,356170.0,364061.0,373613.0,384274.0,390474.0,400074.0,408611.0,417024.0,423320.0,428238.0,433975.0,440554.0,447463.0,455206.0,463625.0,466950.0,469132.0,470876.0,472244.0,475118.0,479026.0,482939.0,489178.0,493652.0,504277.0,513783.0,523661.0,531399.0,538178.0,545763.0,553530.0,560250.0,566171.0,572637.0,576993.0,576818.0,576965.0,577104.0,577236.0,577359.0,577475.0,577583.0,577683.0,577775.0,577859.0,579594.0,580588.0,582280.0,585781.0,596213.0,597854.0,599056.0,599780.0,600764.0,600375.0,600732.0,602933.0,605283.0,605441.0,604644.0,603426.0
DEA2D,3,Städteregion Aachen,2024,TOTAL,TOTAL,NR,480619.0,484222.0,488188.0,493037.0,497543.0,501275.0,506333.0,509953.0,511225.0,514740.0,519631.0,518425.0,522869.0,525846.0,528613.0,528690.0,527104.0,526592.0,527134.0,528085.0,530013.0,532699.0,532244.0,530495.0,528272.0,525656.0,524736.0,524953.0,525165.0,527873.0,528642.0,535927.0,539959.0,544291.0,546329.0,547350.0,549162.0,551117.0,552003.0,552092.0,549404.0,550966.0,551828.0,550554.0,549280.0,548005.0,546729.0,545453.0,544176.0,542899.0,541621.0,540342.0,541521.0,542833.0,545067.0,547661.0,553922.0,552472.0,554068.0,555465.0,557026.0,556631.0,556673.0,580359.0,582463.0,582410.0,581643.0,580471.0
DEA31,3,"Bottrop, Kreisfreie Stadt",2024,TOTAL,TOTAL,NR,119433.0,120328.0,120339.0,120550.0,120659.0,120565.0,120773.0,120620.0,119903.0,119703.0,119807.0,118498.0,118792.0,118746.0,118648.0,117946.0,116878.0,116054.0,115466.0,114969.0,114683.0,114559.0,114820.0,114802.0,114679.0,114468.0,114624.0,115030.0,115435.0,116392.0,116897.0,118905.0,119815.0,120655.0,120916.0,120997.0,121261.0,121421.0,121367.0,121163.0,121097.0,120611.0,120297.0,119983.0,119669.0,119355.0,119042.0,118728.0,118414.0,118101.0,117787.0,117474.0,117074.0,116498.0,116055.0,116017.0,117143.0,117409.0,117364.0,117383.0,117565.0,117388.0,117311.0,118327.0,118912.0,118535.0,118379.0,118141.0
DEA32,3,"Gelsenkirchen, Kreisfreie Stadt",2024,TOTAL,TOTAL,NR,379789.0,382636.0,379863.0,377673.0,375110.0,371867.0,369504.0,365989.0,360734.0,357006.0,354134.0,347065.0,344811.0,341540.0,338099.0,332935.0,326761.0,321297.0,316500.0,311958.0,307987.0,304437.0,302941.0,300712.0,298220.0,295515.0,293769.0,292659.0,291541.0,291800.0,290908.0,293717.0,294099.0,294275.0,293019.0,291317.0,290043.0,288511.0,286462.0,284060.0,281979.0,278695.0,276735.0,274782.0,272835.0,270895.0,268960.0,267032.0,265110.0,263195.0,261286.0,259383.0,257994.0,257607.0,257850.0,257651.0,260368.0,262528.0,260305.0,260654.0,259645.0,259105.0,260126.0,264644.0,267284.0,267930.0,267577.0,267038.0
DEA33,3,"Münster, Kreisfreie Stadt",2024,TOTAL,TOTAL,NR,217662.0,219294.0,222866.0,226873.0,230755.0,234308.0,238511.0,242067.0,244526.0,248074.0,252315.0,253608.0,256699.0,259078.0,261360.0,262312.0,262433.0,263080.0,264250.0,265624.0,267489.0,269741.0,268337.0,266283.0,263998.0,261524.0,259899.0,258836.0,257767.0,257914.0,257043.0,259441.0,261476.0,263356.0,263976.0,264203.0,264828.0,265228.0,265159.0,264765.0,264670.0,265609.0,267275.0,268930.0,270572.0,272204.0,273824.0,275432.0,277029.0,278614.0,280188.0,281750.0,293393.0,296599.0,299708.0,302178.0,310039.0,311846.0,313559.0,314319.0,315293.0,316403.0,317713.0,305222.0,307071.0,308258.0,307852.0,307232.0
DEA34,3,Borken,2024,TOTAL,TOTAL,NR,241353.0,243162.0,246982.0,251281.0,255438.0,259229.0,263737.0,267528.0,270104.0,273883.0,278424.0,279711.0,283333.0,286171.0,288903.0,290166.0,290507.0,291429.0,292930.0,294655.0,296927.0,299628.0,301254.0,302144.0,302754.0,303126.0,304467.0,306470.0,308476.0,311962.0,314245.0,320584.0,326326.0,331931.0,335984.0,339556.0,343657.0,347486.0,350711.0,353508.0,356706.0,359573.0,360098.0,360615.0,361126.0,361629.0,362125.0,362615.0,363097.0,363572.0,364041.0,364502.0,364093.0,363819.0,364271.0,365191.0,369666.0,369226.0,369718.0,370676.0,371339.0,371898.0,373582.0,377154.0,379787.0,380796.0,380295.0,379529.0
DEA35,3,Coesfeld,2024,TOTAL,TOTAL,NR,129171.0,130139.0,132209.0,134536.0,136787.0,138843.0,141283.0,143340.0,144746.0,146796.0,149256.0,149971.0,153017.0,155650.0,158232.0,160011.0,161273.0,162848.0,164742.0,166761.0,169089.0,171667.0,172655.0,173220.0,173625.0,173893.0,174717.0,175921.0,177126.0,179182.0,180547.0,184243.0,188389.0,192471.0,195662.0,198578.0,201807.0,204883.0,207604.0,210073.0,212780.0,214893.0,214981.0,215066.0,215148.0,215226.0,215302.0,215375.0,215444.0,215510.0,215574.0,215634.0,215031.0,215087.0,215282.0,215996.0,218401.0,219019.0,219360.0,219929.0,220586.0,220712.0,221352.0,224745.0,226217.0,227859.0,227559.0,227101.0
DEA36,3,Recklinghausen,2024,TOTAL,TOTAL,NR,601595.0,606105.0,609530.0,614030.0,618074.0,621131.0,625804.0,628673.0,628634.0,631338.0,635704.0,632600.0,635947.0,637488.0,638763.0,636786.0,632820.0,630162.0,628775.0,627879.0,628142.0,629296.0,630576.0,630319.0,629491.0,628181.0,628889.0,630962.0,633033.0,638129.0,640743.0,651595.0,656242.0,660492.0,661574.0,661672.0,662761.0,663288.0,662639.0,661172.0,660459.0,657592.0,653872.0,650163.0,646464.0,642775.0,639097.0,635429.0,631773.0,628125.0,624487.0,620862.0,617831.0,615778.0,613878.0,613092.0,617807.0,617195.0,616824.0,615261.0,614137.0,613599.0,612801.0,621933.0,622855.0,621305.0,620487.0,619237.0
DEA37,3,Steinfurt,2024,TOTAL,TOTAL,NR,313013.0,315359.0,320006.0,325269.0,330344.0,334939.0,340456.0,345041.0,348058.0,352621.0,358161.0,359513.0,363650.0,366776.0,369763.0,370869.0,370800.0,371478.0,372895.0,374599.0,376997.0,379939.0,380470.0,380075.0,379336.0,378308.0,378497.0,379508.0,380516.0,383341.0,384674.0,390946.0,397682.0,404247.0,408919.0,413003.0,417730.0,422125.0,425785.0,428925.0,432552.0,434885.0,434899.0,434908.0,434912.0,434910.0,434902.0,434889.0,434871.0,434848.0,434819.0,434784.0,433820.0,434170.0,434481.0,437127.0,443374.0,444409.0,446565.0,447614.0,448220.0,448197.0,450176.0,447192.0,450042.0,451712.0,451117.0,450208.0
DEA38,3,Warendorf,2024,TOTAL,TOTAL,NR,202416.0,203933.0,206979.0,210424.0,213748.0,216762.0,220374.0,223383.0,225378.0,228373.0,232002.0,232919.0,235782.0,237992.0,240113.0,241012.0,241147.0,241766.0,242865.0,244150.0,245888.0,247982.0,248512.0,248436.0,248135.0,247644.0,247948.0,248791.0,249633.0,251668.0,252725.0,257030.0,260822.0,264491.0,266915.0,268951.0,271403.0,273635.0,275388.0,276805.0,278536.0,280443.0,279797.0,279150.0,278503.0,277856.0,277209.0,276562.0,275914.0,275266.0,274618.0,273969.0,272985.0,272832.0,272623.0,273412.0,277431.0,277744.0,277458.0,277783.0,277840.0,277417.0,278176.0,281090.0,282216.0,282639.0,282267.0,281698.0
DEA41,3,"Bielefeld, Kreisfreie Stadt",2024,TOTAL,TOTAL,NR,298879.0,301120.0,303117.0,305655.0,307971.0,309800.0,312441.0,314185.0,314479.0,316149.0,318656.0,317420.0,318798.0,319269.0,319604.0,318312.0,316028.0,314399.0,313406.0,312659.0,312488.0,312759.0,312922.0,312324.0,311445.0,310331.0,310216.0,310775.0,311330.0,313370.0,312028.0,319035.0,321408.0,323684.0,324593.0,324628.0,325602.0,325250.0,324174.0,322498.0,321125.0,321758.0,322323.0,322881.0,323433.0,323977.0,324515.0,325046.0,325571.0,326088.0,326599.0,327103.0,327199.0,328314.0,328864.0,329782.0,333090.0,333451.0,332552.0,333786.0,334195.0,333509.0,334002.0,331385.0,331519.0,331605.0,331168.0,330501.0
DEA42,3,Gütersloh,2024,TOTAL,TOTAL,NR,230222.0,231948.0,235594.0,239698.0,243667.0,247285.0,251589.0,255208.0,257668.0,261276.0,265610.0,266841.0,270424.0,273261.0,275997.0,277330.0,277781.0,278786.0,280344.0,282118.0,284414.0,287122.0,288348.0,288871.0,289128.0,289159.0,290117.0,291705.0,293294.0,296289.0,296089.0,303830.0,310127.0,316410.0,321416.0,325592.0,330743.0,334577.0,337669.0,340124.0,342879.0,345379.0,345862.0,346338.0,346808.0,347271.0,347727.0,348177.0,348620.0,349056.0,349486.0,349909.0,350814.0,351624.0,352334.0,354463.0,360642.0,361828.0,363049.0,364083.0,364938.0,364818.0,366104.0,361931.0,363674.0,363982.0,363503.0,362771.0
DEA43,3,Herford,2024,TOTAL,TOTAL,NR,220460.0,222113.0,223585.0,225455.0,227161.0,228508.0,230454.0,231740.0,231955.0,233184.0,235031.0,234118.0,235320.0,235854.0,236290.0,235522.0,234019.0,233000.0,232451.0,232083.0,232144.0,232534.0,232757.0,232413.0,231859.0,231130.0,231145.0,231661.0,232176.0,233798.0,232897.0,238230.0,241546.0,244819.0,247082.0,248692.0,251035.0,252367.0,253138.0,253436.0,253964.0,254754.0,254404.0,254053.0,253701.0,253347.0,252991.0,252635.0,252277.0,251917.0,251556.0,251194.0,249947.0,249147.0,248988.0,249219.0,252122.0,251074.0,251539.0,250783.0,250578.0,250547.0,250635.0,254949.0,254593.0,254404.0,254069.0,253557.0
DEA44,3,Höxter,2024,TOTAL,TOTAL,NR,129527.0,130498.0,131756.0,133255.0,134666.0,135870.0,137436.0,138616.0,139159.0,140315.0,141848.0,141719.0,142769.0,143417.0,144006.0,143863.0,143268.0,142966.0,142952.0,143048.0,143409.0,143975.0,143989.0,143652.0,143186.0,142613.0,142499.0,142695.0,142889.0,143763.0,143086.0,146237.0,148248.0,150232.0,151595.0,152558.0,153971.0,154763.0,155210.0,155369.0,155668.0,155808.0,154828.0,153850.0,152875.0,151904.0,150935.0,149969.0,149007.0,148047.0,147090.0,146136.0,144891.0,143709.0,142788.0,142770.0,144010.0,141855.0,141565.0,140667.0,140251.0,139729.0,139994.0,138943.0,139042.0,139252.0,139069.0,138789.0
DEA45,3,Lippe,2024,TOTAL,TOTAL,NR,275233.0,277296.0,281202.0,285646.0,289922.0,293773.0,298430.0,302268.0,304729.0,308543.0,313209.0,314211.0,317431.0,319765.0,321975.0,322548.0,322101.0,322306.0,323154.0,324252.0,325950.0,328117.0,328829.0,328740.0,328353.0,327714.0,328127.0,329253.0,330378.0,333082.0,332193.0,340201.0,345175.0,350093.0,353570.0,356115.0,359709.0,361859.0,363202.0,363868.0,364863.0,365006.0,363457.0,361913.0,360369.0,358830.0,357295.0,355762.0,354231.0,352706.0,351183.0,349663.0,347729.0,346496.0,345374.0,345127.0,350750.0,348933.0,349069.0,348391.0,347514.0,346970.0,346151.0,348275.0,347613.0,347149.0,346692.0,345994.0
DEA46,3,Minden-Lübbecke,2024,TOTAL,TOTAL,NR,267859.0,269867.0,272047.0,274719.0,277198.0,279246.0,282033.0,284017.0,284694.0,286620.0,289311.0,288607.0,290121.0,290811.0,291380.0,290465.0,288643.0,287418.0,286772.0,286351.0,286458.0,286971.0,287715.0,287758.0,287538.0,287098.0,287579.0,288685.0,289791.0,292282.0,291620.0,298771.0,303312.0,307807.0,311036.0,313447.0,316785.0,318850.0,320207.0,320964.0,322011.0,322789.0,321794.0,320800.0,319808.0,318816.0,317825.0,316835.0,315846.0,314858.0,313871.0,312885.0,310932.0,309990.0,309356.0,309216.0,313050.0,311866.0,311207.0,310710.0,310409.0,310270.0,311214.0,320648.0,320925.0,320557.0,320135.0,319490.0
DEA47,3,Paderborn,2024,TOTAL,TOTAL,NR,168257.0,169518.0,172478.0,175778.0,178984.0,181938.0,185401.0,188364.0,190475.0,193437.0,196941.0,198146.0,202102.0,205512.0,208854.0,211136.0,212736.0,214751.0,217185.0,219785.0,222792.0,226128.0,228058.0,229430.0,230586.0,231556.0,233263.0,235478.0,237696.0,241061.0,241828.0,249097.0,255022.0,260950.0,265837.0,270042.0,275063.0,278994.0,282307.0,285084.0,288110.0,290301.0,290742.0,291176.0,291605.0,292028.0,292446.0,292858.0,293264.0,293664.0,294058.0,294447.0,295614.0,296135.0,296688.0,299071.0,304332.0,305198.0,305362.0,306890.0,307839.0,308335.0,309380.0,313921.0,315606.0,315912.0,315496.0,314862.0
DEA51,3,"Bochum, Kreisfreie Stadt",2024,TOTAL,TOTAL,NR,437140.0,440417.0,439633.0,439567.0,439113.0,437904.0,437777.0,436330.0,432833.0,431194.0,430634.0,424991.0,425043.0,423868.0,422501.0,418982.0,414171.0,410234.0,407135.0,404358.0,402325.0,400854.0,399846.0,397868.0,395538.0,392918.0,391569.0,391068.0,390560.0,391905.0,392441.0,396519.0,398026.0,399590.0,400336.0,400083.0,399760.0,398346.0,396485.0,394310.0,392830.0,391147.0,388299.0,385460.0,382630.0,379810.0,376999.0,374197.0,371405.0,368622.0,365848.0,363084.0,362585.0,362213.0,361734.0,361876.0,364742.0,364920.0,365529.0,364628.0,365587.0,364454.0,363441.0,356209.0,357024.0,358676.0,358204.0,357482.0
DEA52,3,"Dortmund, Kreisfreie Stadt",2024,TOTAL,TOTAL,NR,639643.0,644438.0,645773.0,648207.0,650116.0,650949.0,653436.0,653997.0,651511.0,651847.0,653859.0,648171.0,647953.0,645862.0,643477.0,637814.0,630185.0,623891.0,618871.0,614341.0,610942.0,608394.0,606593.0,603321.0,599517.0,595275.0,592959.0,591928.0,590886.0,592643.0,593177.0,599057.0,600979.0,602978.0,603743.0,602993.0,602136.0,599637.0,596460.0,592813.0,590213.0,588994.0,587206.0,585421.0,583638.0,581855.0,580074.0,578295.0,576516.0,574741.0,572967.0,571195.0,571403.0,572087.0,575944.0,580511.0,586181.0,585813.0,586600.0,587010.0,588250.0,587696.0,586852.0,599370.0,601343.0,603462.0,602668.0,601454.0
DEA53,3,"Hagen, Kreisfreie Stadt",2024,TOTAL,TOTAL,NR,227477.0,229182.0,230224.0,231668.0,232935.0,233826.0,235321.0,236133.0,235851.0,236595.0,237957.0,236522.0,236137.0,235067.0,233888.0,231517.0,228435.0,225839.0,223706.0,221750.0,220203.0,218961.0,218200.0,216909.0,215428.0,213791.0,212845.0,212361.0,211872.0,212387.0,212461.0,214449.0,214475.0,214520.0,214114.0,213164.0,212173.0,210598.0,208787.0,206811.0,205201.0,203151.0,201645.0,200143.0,198647.0,197155.0,195669.0,194187.0,192711.0,191239.0,189773.0,188311.0,187333.0,186243.0,185996.0,186716.0,189044.0,188266.0,187730.0,188814.0,188686.0,188687.0,188713.0,189957.0,190640.0,190384.0,190133.0,189750.0
DEA54,3,"Hamm, Kreisfreie Stadt",2024,TOTAL,TOTAL,NR,160335.0,161537.0,162607.0,163966.0,165206.0,166186.0,167600.0,168534.0,168690.0,169583.0,170926.0,170261.0,171415.0,172084.0,172683.0,172404.0,171584.0,171116.0,170992.0,171001.0,171327.0,171896.0,172408.0,172500.0,172434.0,172235.0,172589.0,173318.0,174046.0,175608.0,176817.0,179639.0,180739.0,181871.0,182638.0,182952.0,183238.0,183026.0,182609.0,182046.0,181804.0,182427.0,181787.0,181147.0,180509.0,179871.0,179234.0,178599.0,177964.0,177330.0,176697.0,176065.0,176474.0,176440.0,176048.0,176580.0,179397.0,179571.0,179185.0,179111.0,179916.0,178967.0,179238.0,179479.0,179380.0,179968.0,179731.0,179369.0
DEA55,3,"Herne, Kreisfreie Stadt",2024,TOTAL,TOTAL,NR,218739.0,220379.0,219036.0,218034.0,216821.0,215220.0,214133.0,212383.0,209625.0,207758.0,206394.0,202586.0,201755.0,200334.0,198816.0,196285.0,193155.0,190441.0,188120.0,185948.0,184119.0,182542.0,181841.0,180699.0,179399.0,177968.0,177115.0,176645.0,176171.0,176530.0,176523.0,178105.0,178696.0,179312.0,179559.0,179357.0,179124.0,178401.0,177477.0,176414.0,175661.0,174529.0,172588.0,170654.0,168728.0,166809.0,164898.0,162995.0,161099.0,159210.0,157329.0,155455.0,154887.0,154563.0,154417.0,154608.0,155851.0,156774.0,156490.0,156374.0,156449.0,156940.0,156621.0,155603.0,156154.0,155851.0,155646.0,155332.0
DEA56,3,Ennepe-Ruhr-Kreis,2024,TOTAL,TOTAL,NR,334845.0,337355.0,339701.0,342654.0,345360.0,347523.0,350597.0,352669.0,353113.0,355102.0,358033.0,356761.0,357857.0,357931.0,357849.0,355945.0,352935.0,350661.0,349099.0,347810.0,347162.0,347004.0,346737.0,345627.0,344208.0,342533.0,341963.0,342134.0,342302.0,344097.0,345189.0,349407.0,351306.0,353266.0,354510.0,354875.0,355183.0,354524.0,353467.0,352130.0,351413.0,350781.0,348350.0,345928.0,343512.0,341105.0,338706.0,336314.0,333930.0,331553.0,329185.0,326824.0,325145.0,324223.0,322731.0,322916.0,325954.0,325374.0,324670.0,324296.0,324106.0,323130.0,322143.0,315325.0,315069.0,314167.0,313753.0,313121.0
DEA57,3,Hochsauerlandkreis,2024,TOTAL,TOTAL,NR,234351.0,236108.0,239195.0,242735.0,246127.0,249155.0,252863.0,255872.0,257714.0,260698.0,264397.0,265003.0,266846.0,267936.0,268916.0,268528.0,267298.0,266616.0,266470.0,266532.0,267085.0,268020.0,267691.0,266711.0,265494.0,264080.0,263518.0,263528.0,263534.0,264792.0,265509.0,268627.0,271488.0,274419.0,276814.0,278537.0,280226.0,281158.0,281775.0,282167.0,283055.0,281830.0,280357.0,278889.0,277424.0,275963.0,274505.0,273052.0,271603.0,270157.0,268715.0,267277.0,265199.0,263720.0,261999.0,261561.0,263762.0,262269.0,261591.0,260475.0,259777.0,259030.0,258615.0,261006.0,261193.0,260843.0,260500.0,259975.0
DEA58,3,Märkischer Kreis,2024,TOTAL,TOTAL,NR,393870.0,396823.0,401124.0,406169.0,410951.0,415111.0,420388.0,424488.0,426645.0,430683.0,435889.0,435989.0,437459.0,437680.0,437712.0,435515.0,431964.0,429313.0,427531.0,426085.0,425425.0,425365.0,426485.0,426566.0,426257.0,425622.0,426352.0,428008.0,429664.0,433374.0,436215.0,443031.0,446966.0,451002.0,454148.0,456182.0,458154.0,458887.0,459105.0,458956.0,459615.0,457465.0,454175.0,450897.0,447628.0,444371.0,441124.0,437888.0,434663.0,431448.0,428244.0,425051.0,422614.0,419976.0,416240.0,413820.0,416171.0,414886.0,413383.0,412120.0,410222.0,408662.0,406793.0,410629.0,408899.0,408046.0,407509.0,406688.0
DEA59,3,Olpe,2024,TOTAL,TOTAL,NR,106448.0,107246.0,108634.0,110228.0,111755.0,113116.0,114785.0,116137.0,116959.0,118299.0,119964.0,120225.0,121166.0,121765.0,122316.0,122244.0,121789.0,121582.0,121619.0,121750.0,122107.0,122638.0,123230.0,123522.0,123699.0,123780.0,124256.0,125003.0,125750.0,127101.0,128200.0,130471.0,132235.0,134039.0,135587.0,136809.0,138017.0,138854.0,139536.0,140105.0,140921.0,141207.0,140751.0,140295.0,139840.0,139386.0,138932.0,138478.0,138026.0,137573.0,137121.0,136670.0,136144.0,135523.0,134947.0,134759.0,136365.0,134983.0,134808.0,134775.0,133955.0,133362.0,133120.0,132519.0,132426.0,132346.0,132172.0,131906.0
DEA5A,3,Siegen-Wittgenstein,2024,TOTAL,TOTAL,NR,253421.0,255321.0,258626.0,262420.0,266054.0,269294.0,273268.0,276487.0,278444.0,281634.0,285597.0,286218.0,287885.0,288737.0,289469.0,288727.0,287082.0,286030.0,285553.0,285299.0,285572.0,286251.0,286098.0,285250.0,284147.0,282831.0,282428.0,282637.0,282843.0,284394.0,285365.0,288922.0,291213.0,293565.0,295335.0,296378.0,297379.0,297574.0,297436.0,297060.0,297207.0,296256.0,294332.0,292414.0,290501.0,288595.0,286695.0,284800.0,282911.0,281029.0,279152.0,277281.0,276227.0,275594.0,274904.0,275909.0,280800.0,277933.0,277977.0,278210.0,276944.0,275491.0,274342.0,274634.0,274379.0,274074.0,273713.0,273162.0
DEA5B,3,Soest,2024,TOTAL,TOTAL,NR,229715.0,231437.0,234571.0,238151.0,241588.0,244670.0,248420.0,251487.0,253407.0,256451.0,260201.0,260906.0,263383.0,265123.0,266759.0,267038.0,266474.0,266452.0,266962.0,267679.0,268891.0,270489.0,270770.0,270391.0,269769.0,268942.0,268981.0,269603.0,270223.0,272132.0,273491.0,277335.0,281800.0,286362.0,290387.0,293722.0,297031.0,299546.0,301726.0,303661.0,306131.0,306377.0,305440.0,304504.0,303569.0,302635.0,301702.0,300770.0,299838.0,298908.0,297978.0,297049.0,296540.0,296029.0,294971.0,296742.0,302995.0,301655.0,301693.0,301902.0,301785.0,301016.0,302298.0,299749.0,300347.0,300297.0,299902.0,299298.0
DEA5C,3,Unna,2024,TOTAL,TOTAL,NR,336253.0,338774.0,341386.0,344614.0,347598.0,350038.0,353403.0,355760.0,356478.0,358758.0,361995.0,360983.0,365690.0,369387.0,372946.0,374609.0,375081.0,376304.0,378273.0,380533.0,383498.0,387018.0,388365.0,388765.0,388808.0,388551.0,389540.0,391374.0,393209.0,396927.0,399852.0,406426.0,410967.0,415616.0,419459.0,422284.0,425059.0,426687.0,427838.0,428645.0,430207.0,431740.0,428221.0,424713.0,421218.0,417735.0,414264.0,410806.0,407359.0,403925.0,400503.0,397093.0,394873.0,392940.0,391622.0,391774.0,396035.0,393869.0,393934.0,394782.0,394891.0,393618.0,393063.0,395619.0,396283.0,393784.0,393266.0,392474.0
DEB11,3,"Koblenz, Kreisfreie Stadt",2024,TOTAL,TOTAL,NR,115240.0,116104.0,116641.0,117381.0,118032.0,118492.0,119259.0,119680.0,119546.0,119932.0,120632.0,119914.0,119972.0,119685.0,119343.0,118394.0,117079.0,116011.0,115180.0,114439.0,113910.0,113539.0,112887.0,111962.0,110940.0,109839.0,109095.0,108587.0,108076.0,108075.0,107436.0,108585.0,109215.0,109972.0,110414.0,110461.0,110462.0,110221.0,109859.0,109231.0,108003.0,107950.0,108479.0,108444.0,108407.0,108369.0,108329.0,108288.0,108247.0,108203.0,108159.0,107756.0,107954.0,109779.0,110643.0,111434.0,112586.0,113605.0,113844.0,114024.0,114052.0,113388.0,113638.0,113294.0,113346.0,113378.0,113229.0,113001.0
DEB12,3,Ahrweiler,2024,TOTAL,TOTAL,NR,91429.0,92114.0,93442.0,94949.0,96401.0,97712.0,99292.0,100599.0,101449.0,102749.0,104334.0,104698.0,105906.0,106819.0,107692.0,108017.0,108000.0,108200.0,108616.0,109115.0,109816.0,110676.0,111096.0,111245.0,111292.0,111253.0,111570.0,112130.0,112690.0,113790.0,114225.0,116582.0,118673.0,120930.0,122870.0,124386.0,125862.0,127072.0,128145.0,128907.0,128947.0,129462.0,129790.0,129441.0,129093.0,128745.0,128397.0,128049.0,127702.0,127354.0,127007.0,126241.0,125951.0,125837.0,126102.0,126643.0,127770.0,128455.0,128914.0,129727.0,130086.0,130479.0,128146.0,127881.0,128546.0,129353.0,129183.0,128923.0
DEB13,3,Altenkirchen (Westerwald),2024,TOTAL,TOTAL,NR,111457.0,112293.0,113362.0,114638.0,115837.0,116858.0,118192.0,119192.0,119645.0,120624.0,121928.0,121802.0,122594.0,123039.0,123433.0,123200.0,122580.0,122213.0,122091.0,122064.0,122263.0,122636.0,122837.0,122739.0,122529.0,122227.0,122317.0,122672.0,123028.0,123970.0,124188.0,126489.0,128491.0,130668.0,132496.0,133865.0,135188.0,136224.0,137113.0,137669.0,137456.0,137223.0,137291.0,136644.0,135999.0,135355.0,134713.0,134073.0,133434.0,132797.0,132162.0,131093.0,129962.0,129166.0,128373.0,128228.0,129171.0,128961.0,128791.0,128705.0,128805.0,129087.0,129261.0,131657.0,132149.0,132125.0,131951.0,131685.0
DEB14,3,Bad Kreuznach,2024,TOTAL,TOTAL,NR,135735.0,136753.0,137991.0,139481.0,140876.0,142053.0,143609.0,144759.0,145243.0,146366.0,147881.0,147663.0,148434.0,148783.0,149070.0,148598.0,147662.0,147031.0,146696.0,146477.0,146527.0,146786.0,146849.0,146554.0,146128.0,145592.0,145524.0,145772.0,146019.0,146962.0,147043.0,149590.0,151362.0,153327.0,154872.0,155873.0,156817.0,157423.0,157858.0,157911.0,157087.0,157576.0,158163.0,157926.0,157688.0,157449.0,157210.0,156970.0,156729.0,156487.0,156244.0,155485.0,155404.0,155306.0,155297.0,155944.0,156821.0,157392.0,157549.0,158080.0,158345.0,158746.0,159402.0,163979.0,164564.0,164748.0,164531.0,164200.0
DEB15,3,Birkenfeld,2024,TOTAL,TOTAL,NR,91800.0,92488.0,92722.0,93114.0,93432.0,93595.0,93998.0,94124.0,93811.0,93906.0,94243.0,93470.0,93395.0,93050.0,92662.0,91802.0,90660.0,89710.0,88943.0,88247.0,87713.0,87301.0,87143.0,86774.0,86328.0,85818.0,85586.0,85538.0,85490.0,85847.0,85701.0,86987.0,87886.0,88895.0,89658.0,90104.0,90516.0,90733.0,90850.0,90748.0,90143.0,90294.0,90009.0,89256.0,88505.0,87757.0,87012.0,86270.0,85531.0,84795.0,84061.0,83055.0,82323.0,81135.0,80673.0,80591.0,80615.0,80799.0,80728.0,80720.0,80951.0,80830.0,80849.0,82350.0,82622.0,82611.0,82502.0,82336.0
DEB17,3,Mayen-Koblenz,2024,TOTAL,TOTAL,NR,171287.0,172571.0,174235.0,176219.0,178085.0,179678.0,181750.0,183311.0,184030.0,185559.0,187588.0,187418.0,188740.0,189529.0,190242.0,189986.0,189134.0,188670.0,188585.0,188647.0,189057.0,189737.0,189915.0,189631.0,189176.0,188578.0,188586.0,189004.0,189420.0,190740.0,190943.0,194349.0,197265.0,200441.0,203082.0,205016.0,206880.0,208302.0,209499.0,210190.0,209706.0,210812.0,211867.0,211818.0,211765.0,211713.0,211657.0,211596.0,211535.0,211471.0,211404.0,210637.0,210246.0,210035.0,209785.0,210441.0,211925.0,212968.0,213554.0,214259.0,214434.0,214786.0,215446.0,216056.0,216874.0,217228.0,216942.0,216505.0
DEB18,3,Neuwied,2024,TOTAL,TOTAL,NR,133033.0,134030.0,135617.0,137458.0,139212.0,140758.0,142685.0,144214.0,145085.0,146597.0,148508.0,148681.0,150173.0,151245.0,152259.0,152498.0,152255.0,152321.0,152691.0,153179.0,153950.0,154943.0,155567.0,155812.0,155913.0,155893.0,156373.0,157192.0,158012.0,159589.0,160235.0,163576.0,166837.0,170339.0,173398.0,175864.0,178277.0,180314.0,182158.0,183559.0,183929.0,184278.0,184869.0,184497.0,184125.0,183752.0,183378.0,183005.0,182630.0,182256.0,181881.0,180905.0,180497.0,179812.0,179454.0,179317.0,180655.0,181537.0,181655.0,181941.0,182811.0,183131.0,184390.0,187905.0,188656.0,189061.0,188812.0,188432.0
DEB1A,3,Rhein-Lahn-Kreis,2024,TOTAL,TOTAL,NR,115249.0,116113.0,116715.0,117523.0,118242.0,118771.0,119608.0,120100.0,120035.0,120494.0,121269.0,120619.0,121077.0,121189.0,121250.0,120693.0,119761.0,119077.0,118635.0,118286.0,118154.0,118190.0,118346.0,118213.0,117974.0,117645.0,117694.0,117999.0,118303.0,119172.0,119343.0,121517.0,123103.0,124849.0,126256.0,127221.0,128141.0,128785.0,129290.0,129482.0,128953.0,129082.0,129168.0,128581.0,127995.0,127411.0,126828.0,126247.0,125667.0,125088.0,124511.0,123526.0,122609.0,121838.0,121375.0,121487.0,123543.0,122553.0,122381.0,122308.0,122297.0,122574.0,122724.0,124860.0,125283.0,125588.0,125423.0,125170.0
DEB1B,3,Westerwaldkreis,2024,TOTAL,TOTAL,NR,135646.0,136663.0,139181.0,141976.0,144698.0,147218.0,150152.0,152684.0,154526.0,157059.0,160035.0,161143.0,162782.0,163966.0,165087.0,165368.0,165126.0,165219.0,165642.0,166193.0,167051.0,168149.0,168981.0,169400.0,169662.0,169792.0,170464.0,171508.0,172552.0,174424.0,175280.0,179087.0,182665.0,186505.0,189862.0,192569.0,195219.0,197456.0,199482.0,201024.0,201435.0,201840.0,202735.0,202573.0,202410.0,202245.0,202078.0,201910.0,201739.0,201567.0,201393.0,200552.0,199691.0,198852.0,198704.0,199131.0,200302.0,201027.0,201039.0,201597.0,201904.0,202830.0,203831.0,207154.0,207648.0,207803.0,207529.0,207111.0
DEB1C,3,Cochem-Zell,2024,TOTAL,TOTAL,NR,62491.0,62959.0,63182.0,63515.0,63797.0,63976.0,64319.0,64474.0,64329.0,64464.0,64767.0,64307.0,64271.0,64049.0,63798.0,63222.0,62451.0,61812.0,61300.0,60836.0,60484.0,60217.0,60180.0,59996.0,59759.0,59477.0,59387.0,59425.0,59463.0,59784.0,59754.0,60725.0,61387.0,62126.0,62693.0,63040.0,63363.0,63549.0,63666.0,63629.0,66317.0,66456.0,63625.0,63530.0,63436.0,63340.0,63245.0,63149.0,63053.0,62956.0,62859.0,64451.0,63879.0,63435.0,63202.0,62041.0,62391.0,61864.0,61662.0,61587.0,61375.0,61578.0,61735.0,61509.0,61538.0,61608.0,61527.0,61403.0
DEB1D,3,Rhein-Hunsrück-Kreis,2024,TOTAL,TOTAL,NR,82134.0,82750.0,83481.0,84364.0,85190.0,85883.0,86805.0,87482.0,87756.0,88415.0,89312.0,89161.0,89931.0,90448.0,90930.0,90949.0,90681.0,90599.0,90697.0,90866.0,91203.0,91671.0,91824.0,91753.0,91599.0,91375.0,91445.0,91714.0,91982.0,92689.0,92855.0,94578.0,95710.0,96964.0,97952.0,98597.0,99206.0,99601.0,99887.0,99933.0,104261.0,104588.0,100235.0,100188.0,100140.0,100090.0,100040.0,99989.0,99936.0,99883.0,99829.0,102459.0,101650.0,101042.0,100770.0,101945.0,102529.0,103026.0,102938.0,102937.0,103163.0,103401.0,103767.0,105740.0,106390.0,106705.0,106565.0,106350.0
DEB21,3,"Trier, Kreisfreie Stadt",2024,TOTAL,TOTAL,NR,105764.0,106557.0,106436.0,106490.0,106452.0,106231.0,106275.0,105999.0,105226.0,104905.0,104848.0,103554.0,103350.0,102846.0,102294.0,101220.0,99836.0,98665.0,97696.0,96805.0,96092.0,95512.0,95598.0,95451.0,95218.0,94913.0,94914.0,95120.0,95326.0,95987.0,96602.0,97795.0,98431.0,99108.0,99667.0,99987.0,100184.0,100259.0,100170.0,100063.0,99891.0,99410.0,100073.0,100731.0,101385.0,102034.0,102678.0,103319.0,103954.0,104585.0,105212.0,105834.0,106284.0,106544.0,107233.0,108472.0,114914.0,110111.0,110013.0,110636.0,111528.0,110674.0,110570.0,103307.0,103986.0,104342.0,104205.0,103995.0
DEB22,3,Bernkastel-Wittlich,2024,TOTAL,TOTAL,NR,105077.0,105865.0,106254.0,106827.0,107317.0,107632.0,108223.0,108499.0,108270.0,108512.0,109037.0,108278.0,108632.0,108676.0,108673.0,108116.0,107224.0,106554.0,106101.0,105731.0,105556.0,105530.0,105498.0,105209.0,104825.0,104364.0,104239.0,104339.0,104439.0,105036.0,105581.0,106757.0,107963.0,109221.0,110357.0,111234.0,111978.0,112587.0,113014.0,113420.0,113752.0,113899.0,113755.0,113609.0,113464.0,113317.0,113170.0,113022.0,112874.0,112724.0,112574.0,112424.0,112308.0,110833.0,110643.0,110981.0,111828.0,112006.0,112134.0,112262.0,112483.0,112685.0,113194.0,113299.0,113327.0,113187.0,113038.0,112810.0
DEB23,3,Eifelkreis Bitburg-Prüm,2024,TOTAL,TOTAL,NR,90466.0,91144.0,91469.0,91951.0,92362.0,92622.0,93120.0,93346.0,93138.0,93335.0,93774.0,93110.0,93258.0,93138.0,92977.0,92343.0,91422.0,90694.0,90149.0,89676.0,89369.0,89186.0,89284.0,89165.0,88966.0,88699.0,88717.0,88928.0,89138.0,89774.0,90367.0,91502.0,92399.0,93340.0,94173.0,94784.0,95281.0,95663.0,95889.0,96098.0,96244.0,96468.0,96417.0,96364.0,96311.0,96257.0,96202.0,96146.0,96089.0,96031.0,95972.0,95912.0,95751.0,95946.0,96158.0,96408.0,97180.0,98021.0,98213.0,98561.0,99058.0,100055.0,100959.0,99866.0,100740.0,99788.0,99657.0,99456.0
DEB24,3,Vulkaneifel,2024,TOTAL,TOTAL,NR,51421.0,51806.0,52339.0,52969.0,53564.0,54077.0,54735.0,55240.0,55491.0,55987.0,56634.0,56618.0,56857.0,56933.0,56986.0,56748.0,56334.0,56036.0,55852.0,55712.0,55674.0,55715.0,55955.0,56059.0,56111.0,56119.0,56307.0,56618.0,56928.0,57512.0,58070.0,58980.0,59808.0,60667.0,61461.0,62111.0,62689.0,63193.0,63594.0,63983.0,64331.0,64367.0,64144.0,63922.0,63700.0,63478.0,63257.0,63036.0,62815.0,62595.0,62375.0,62155.0,61533.0,61073.0,60765.0,60775.0,60794.0,60757.0,60705.0,60603.0,60646.0,60491.0,60882.0,59389.0,59542.0,59313.0,59235.0,59116.0
DEB25,3,Trier-Saarburg,2024,TOTAL,TOTAL,NR,109280.0,110099.0,111222.0,112550.0,113803.0,114883.0,116271.0,117333.0,117856.0,118899.0,120263.0,120217.0,121405.0,122253.0,123054.0,123229.0,123014.0,123049.0,123330.0,123706.0,124311.0,125095.0,125298.0,125196.0,124981.0,124670.0,124760.0,125121.0,125481.0,126441.0,127342.0,129006.0,130450.0,131955.0,133314.0,134359.0,135243.0,135965.0,136467.0,136943.0,137330.0,137610.0,138090.0,138567.0,139038.0,139507.0,139971.0,140430.0,140886.0,141338.0,141785.0,142229.0,142494.0,143893.0,144337.0,145227.0,147999.0,147833.0,148532.0,148945.0,149398.0,150533.0,151167.0,149015.0,149056.0,148953.0,148757.0,148457.0
DEB31,3,"Frankenthal (Pfalz), Kreisfreie Stadt",2024,TOTAL,TOTAL,NR,35685.0,35953.0,36529.0,37176.0,37802.0,38374.0,39052.0,39625.0,40017.0,40588.0,41272.0,41474.0,41939.0,42288.0,42621.0,42736.0,42717.0,42783.0,42935.0,43120.0,43385.0,43712.0,43966.0,44114.0,44220.0,44291.0,44504.0,44813.0,45123.0,45650.0,46026.0,46945.0,47545.0,48136.0,48467.0,48477.0,48530.0,48584.0,48567.0,48395.0,48213.0,47763.0,47628.0,47493.0,47357.0,47222.0,47087.0,46953.0,46818.0,46683.0,46549.0,46414.0,46617.0,47035.0,47332.0,47724.0,48363.0,48445.0,48417.0,48561.0,48762.0,48750.0,48773.0,48007.0,48107.0,48140.0,48077.0,47980.0
DEB32,3,"Kaiserslautern, Kreisfreie Stadt",2024,TOTAL,TOTAL,NR,99217.0,99961.0,100183.0,100575.0,100886.0,101030.0,101431.0,101534.0,101164.0,101232.0,101560.0,100693.0,101084.0,101188.0,101248.0,100792.0,100023.0,99462.0,99101.0,98819.0,98719.0,98758.0,98673.0,98348.0,97936.0,97450.0,97279.0,97319.0,97358.0,97859.0,98032.0,99351.0,100402.0,101428.0,101900.0,101697.0,101583.0,101472.0,101210.0,100627.0,100025.0,99825.0,99484.0,99143.0,98802.0,98462.0,98123.0,97784.0,97445.0,97107.0,96769.0,96432.0,96963.0,97112.0,97162.0,97382.0,98520.0,99302.0,99684.0,99845.0,100030.0,99662.0,99292.0,100316.0,100571.0,100426.0,100294.0,100092.0
DEB33,3,"Landau in der Pfalz, Kreisfreie Stadt",2024,TOTAL,TOTAL,NR,35885.0,36154.0,36434.0,36779.0,37099.0,37361.0,37721.0,37974.0,38052.0,38296.0,38643.0,38536.0,38559.0,38470.0,38365.0,38063.0,37645.0,37305.0,37042.0,36808.0,36642.0,36527.0,36547.0,36479.0,36378.0,36249.0,36237.0,36303.0,36370.0,36609.0,36727.0,37274.0,38027.0,38780.0,39328.0,39619.0,39945.0,40273.0,40542.0,40681.0,40810.0,41122.0,41334.0,41545.0,41755.0,41962.0,42169.0,42373.0,42576.0,42778.0,42978.0,43176.0,43476.0,43641.0,43825.0,44465.0,45362.0,46006.0,46292.0,46677.0,46881.0,46685.0,46919.0,47455.0,48202.0,48209.0,48146.0,48049.0
DEB34,3,"Ludwigshafen am Rhein, Kreisfreie Stadt",2024,TOTAL,TOTAL,NR,166889.0,168140.0,169378.0,170920.0,172340.0,173490.0,175097.0,176204.0,176498.0,177565.0,179105.0,178542.0,177664.0,176265.0,174781.0,172405.0,169505.0,166970.0,164781.0,162723.0,160964.0,159426.0,159465.0,159117.0,158625.0,158014.0,157912.0,158153.0,158392.0,159386.0,159847.0,162178.0,163947.0,165677.0,166504.0,166228.0,166097.0,165970.0,165598.0,164701.0,163771.0,162233.0,161742.0,161252.0,160762.0,160272.0,159783.0,159295.0,158807.0,158319.0,157832.0,157345.0,158637.0,160179.0,161518.0,163832.0,164718.0,166621.0,168497.0,171061.0,172253.0,172557.0,172145.0,173869.0,175816.0,177222.0,176989.0,176633.0
DEB35,3,"Mainz, Kreisfreie Stadt",2024,TOTAL,TOTAL,NR,149476.0,150597.0,153116.0,155934.0,158668.0,161175.0,164132.0,166645.0,168403.0,170912.0,173898.0,174854.0,177129.0,178915.0,180634.0,181435.0,181659.0,182246.0,183196.0,184285.0,185717.0,187417.0,186365.0,184862.0,183199.0,181406.0,180201.0,179387.0,178568.0,178591.0,178007.0,179486.0,181649.0,183774.0,184904.0,184809.0,184876.0,184948.0,184747.0,183960.0,183134.0,182870.0,184596.0,186312.0,188017.0,189711.0,191394.0,193066.0,194727.0,196378.0,198018.0,199647.0,201002.0,202756.0,204268.0,206991.0,209779.0,213528.0,215110.0,217118.0,218578.0,217123.0,217556.0,221516.0,223871.0,224684.0,224388.0,223936.0
DEB36,3,"Neustadt an der Weinstraße, Kreisfreie Stadt",2024,TOTAL,TOTAL,NR,51893.0,52282.0,52318.0,52442.0,52522.0,52514.0,52638.0,52605.0,52327.0,52274.0,52355.0,51819.0,51972.0,51975.0,51957.0,51674.0,51230.0,50893.0,50659.0,50466.0,50365.0,50335.0,50425.0,50391.0,50312.0,50195.0,50239.0,50392.0,50545.0,50939.0,51163.0,51988.0,52707.0,53417.0,53839.0,53905.0,54019.0,54135.0,54170.0,54034.0,53886.0,53917.0,53750.0,53582.0,53415.0,53249.0,53082.0,52915.0,52749.0,52583.0,52417.0,52251.0,52322.0,52268.0,52400.0,52564.0,52999.0,53209.0,53353.0,53148.0,53264.0,53306.0,53491.0,52759.0,52709.0,52945.0,52875.0,52769.0
DEB37,3,"Pirmasens, Kreisfreie Stadt",2024,TOTAL,TOTAL,NR,59502.0,59948.0,59791.0,59732.0,59618.0,59401.0,59330.0,59079.0,58550.0,58272.0,58139.0,57319.0,56881.0,56274.0,55640.0,54721.0,53637.0,52670.0,51813.0,50998.0,50276.0,49622.0,49359.0,48977.0,48552.0,48092.0,47788.0,47588.0,47387.0,47409.0,47270.0,47680.0,47940.0,48183.0,48158.0,47811.0,47506.0,47201.0,46826.0,46303.0,45773.0,45212.0,44785.0,44360.0,43936.0,43514.0,43093.0,42674.0,42256.0,41840.0,41426.0,41013.0,40655.0,40267.0,40101.0,40046.0,40125.0,40416.0,40632.0,40403.0,40231.0,40176.0,40054.0,39324.0,39576.0,39761.0,39709.0,39629.0
DEB38,3,"Speyer, Kreisfreie Stadt",2024,TOTAL,TOTAL,NR,38050.0,38335.0,38757.0,39250.0,39719.0,40127.0,40643.0,41046.0,41261.0,41658.0,42168.0,42184.0,42598.0,42893.0,43172.0,43230.0,43153.0,43162.0,43258.0,43388.0,43598.0,43870.0,44070.0,44163.0,44215.0,44232.0,44391.0,44646.0,44902.0,45373.0,45694.0,46553.0,47371.0,48186.0,48745.0,48983.0,49264.0,49548.0,49759.0,49811.0,49851.0,49776.0,49755.0,49733.0,49711.0,49688.0,49665.0,49642.0,49618.0,49593.0,49568.0,49542.0,49712.0,49764.0,49740.0,49855.0,50284.0,50551.0,50931.0,50378.0,50561.0,50741.0,50565.0,49881.0,49874.0,49564.0,49499.0,49399.0
DEB39,3,"Worms, Kreisfreie Stadt",2024,TOTAL,TOTAL,NR,74751.0,75311.0,75591.0,76002.0,76353.0,76580.0,77004.0,77204.0,77044.0,77220.0,77596.0,77060.0,77162.0,77042.0,76889.0,76343.0,75561.0,74938.0,74468.0,74056.0,73781.0,73609.0,73786.0,73784.0,73714.0,73588.0,73698.0,73969.0,74239.0,74864.0,75240.0,76499.0,77673.0,78838.0,79580.0,79797.0,80084.0,80375.0,80548.0,80464.0,80361.0,80361.0,80249.0,80136.0,80022.0,79909.0,79794.0,79680.0,79565.0,79449.0,79333.0,79217.0,79526.0,79727.0,80296.0,81010.0,82102.0,82595.0,83081.0,83330.0,83542.0,83459.0,83850.0,85378.0,86403.0,86753.0,86639.0,86464.0
DEB3A,3,"Zweibrücken, Kreisfreie Stadt",2024,TOTAL,TOTAL,NR,38029.0,38314.0,38375.0,38501.0,38595.0,38625.0,38753.0,38766.0,38598.0,38598.0,38696.0,38339.0,38220.0,37989.0,37741.0,37300.0,36745.0,36269.0,35867.0,35494.0,35186.0,34927.0,34777.0,34543.0,34279.0,33990.0,33811.0,33705.0,33599.0,33651.0,33589.0,33918.0,34440.0,34958.0,35289.0,35387.0,35516.0,35647.0,35725.0,35690.0,35646.0,35719.0,35576.0,35434.0,35292.0,35151.0,35009.0,34868.0,34727.0,34586.0,34446.0,34306.0,34161.0,34064.0,34084.0,34011.0,34260.0,34428.0,34270.0,34209.0,34193.0,34001.0,34091.0,33264.0,33355.0,33323.0,33279.0,33212.0
DEB3B,3,Alzey-Worms,2024,TOTAL,TOTAL,NR,92316.0,93008.0,93459.0,94074.0,94618.0,95009.0,95647.0,96007.0,95922.0,96256.0,96841.0,96288.0,96910.0,97258.0,97566.0,97378.0,96884.0,96590.0,96490.0,96466.0,96619.0,96910.0,97588.0,98028.0,98375.0,98645.0,99229.0,100029.0,100830.0,102116.0,103067.0,105236.0,108224.0,111234.0,113675.0,115378.0,117185.0,119000.0,120642.0,121896.0,123113.0,124183.0,124298.0,124412.0,124523.0,124632.0,124739.0,124844.0,124946.0,125047.0,125146.0,125242.0,125109.0,125173.0,125213.0,125998.0,127274.0,128197.0,128519.0,129244.0,129687.0,130715.0,131330.0,129893.0,130794.0,131238.0,131065.0,130801.0
DEB3C,3,Bad Dürkheim,2024,TOTAL,TOTAL,NR,107316.0,108120.0,108962.0,110000.0,110961.0,111748.0,112830.0,113591.0,113829.0,114566.0,115608.0,115293.0,116057.0,116492.0,116880.0,116673.0,116100.0,115766.0,115665.0,115654.0,115857.0,116224.0,116885.0,117261.0,117528.0,117703.0,118253.0,119061.0,119869.0,121254.0,122239.0,124665.0,126858.0,129043.0,130541.0,131181.0,131937.0,132699.0,133266.0,133408.0,133517.0,133815.0,133558.0,133301.0,133044.0,132786.0,132528.0,132270.0,132011.0,131752.0,131492.0,131232.0,130920.0,130927.0,131041.0,131530.0,132203.0,132960.0,132739.0,132660.0,132671.0,133004.0,133206.0,134032.0,134221.0,134329.0,134152.0,133882.0
DEB3D,3,Donnersbergkreis,2024,TOTAL,TOTAL,NR,63779.0,64257.0,64622.0,65101.0,65531.0,65857.0,66354.0,66660.0,66658.0,66947.0,67411.0,67084.0,67448.0,67620.0,67764.0,67563.0,67151.0,66877.0,66739.0,66652.0,66689.0,66820.0,67018.0,67052.0,67025.0,66947.0,67083.0,67365.0,67647.0,68253.0,68632.0,69817.0,71426.0,73040.0,74273.0,75020.0,75835.0,76654.0,77361.0,77820.0,78258.0,78401.0,78180.0,77960.0,77739.0,77519.0,77299.0,77079.0,76859.0,76639.0,76420.0,76200.0,75822.0,75508.0,75192.0,74962.0,75230.0,75203.0,75102.0,75101.0,75325.0,75539.0,75569.0,74854.0,74728.0,74783.0,74685.0,74535.0
DEB3E,3,Germersheim,2024,TOTAL,TOTAL,NR,75322.0,75887.0,77617.0,79507.0,81362.0,83109.0,85096.0,86859.0,88234.0,90006.0,92036.0,92995.0,94312.0,95368.0,96391.0,96923.0,97146.0,97563.0,98172.0,98858.0,99726.0,100739.0,101455.0,101922.0,102294.0,102585.0,103203.0,104045.0,104888.0,106237.0,107236.0,109503.0,112055.0,114615.0,116579.0,117780.0,119087.0,120402.0,121540.0,122288.0,123003.0,123362.0,123441.0,123517.0,123592.0,123665.0,123736.0,123805.0,123872.0,123937.0,124001.0,124062.0,124294.0,124889.0,125434.0,126266.0,127303.0,128205.0,128477.0,129075.0,129013.0,129006.0,129313.0,130935.0,131678.0,131383.0,131210.0,130946.0
DEB3F,3,"Kaiserslautern, Landkreis",2024,TOTAL,TOTAL,NR,91470.0,92156.0,92728.0,93465.0,94133.0,94651.0,95417.0,95909.0,95957.0,96425.0,97147.0,96728.0,97197.0,97390.0,97541.0,97196.0,96548.0,96100.0,95845.0,95666.0,95663.0,95796.0,96073.0,96116.0,96071.0,95953.0,96142.0,96540.0,96937.0,97799.0,98336.0,100028.0,102117.0,104207.0,105750.0,106600.0,107544.0,108495.0,109287.0,109729.0,110142.0,110103.0,109655.0,109208.0,108761.0,108316.0,107871.0,107427.0,106984.0,106542.0,106101.0,105661.0,104910.0,104443.0,104117.0,104288.0,104966.0,105504.0,105649.0,106057.0,105979.0,106320.0,106853.0,105752.0,106082.0,106343.0,106203.0,105989.0
DEB3G,3,Kusel,2024,TOTAL,TOTAL,NR,77316.0,77896.0,78113.0,78464.0,78752.0,78911.0,79271.0,79399.0,79158.0,79259.0,79566.0,78936.0,79014.0,78865.0,78681.0,78096.0,77269.0,76605.0,76097.0,75650.0,75341.0,75138.0,75191.0,75062.0,74864.0,74611.0,74597.0,74745.0,74893.0,75397.0,75650.0,76789.0,77806.0,78809.0,79386.0,79439.0,79561.0,79686.0,79693.0,79447.0,79184.0,78685.0,78128.0,77573.0,77020.0,76469.0,75920.0,75372.0,74826.0,74282.0,73740.0,73199.0,72458.0,71766.0,71098.0,70883.0,70997.0,70899.0,70764.0,70526.0,70219.0,70105.0,69949.0,70124.0,69846.0,69334.0,69243.0,69104.0
DEB3H,3,Südliche Weinstraße,2024,TOTAL,TOTAL,NR,94636.0,95345.0,95758.0,96337.0,96843.0,97192.0,97792.0,98107.0,97968.0,98254.0,98798.0,98179.0,98463.0,98465.0,98424.0,97882.0,97036.0,96393.0,95945.0,95572.0,95376.0,95314.0,95769.0,95989.0,96121.0,96178.0,96543.0,97118.0,97693.0,98737.0,99454.0,101343.0,103179.0,105010.0,106283.0,106858.0,107527.0,108202.0,108718.0,108886.0,109028.0,109375.0,109285.0,109195.0,109103.0,109011.0,108917.0,108823.0,108728.0,108632.0,108535.0,108437.0,108300.0,108752.0,109026.0,109735.0,110526.0,110885.0,110622.0,110356.0,110521.0,110783.0,111279.0,112907.0,113150.0,113031.0,112882.0,112655.0
DEB3I,3,Rhein-Pfalz-Kreis,2024,TOTAL,TOTAL,NR,98665.0,99405.0,101145.0,103084.0,104969.0,106705.0,108741.0,110483.0,111725.0,113466.0,115526.0,116237.0,117871.0,119180.0,120446.0,121099.0,121366.0,121876.0,122627.0,123471.0,124545.0,125799.0,126556.0,127004.0,127334.0,127563.0,128200.0,129115.0,130032.0,131573.0,132681.0,135355.0,137901.0,140443.0,142241.0,143105.0,144095.0,145093.0,145878.0,146197.0,146479.0,146986.0,146970.0,146953.0,146934.0,146913.0,146890.0,146866.0,146840.0,146812.0,146782.0,146751.0,147341.0,148079.0,149068.0,150051.0,151546.0,153043.0,153629.0,154201.0,154609.0,154754.0,155050.0,155061.0,155525.0,155882.0,155677.0,155363.0
DEB3J,3,Mainz-Bingen,2024,TOTAL,TOTAL,NR,136195.0,137216.0,138831.0,140706.0,142493.0,144065.0,146028.0,147584.0,148465.0,150003.0,151949.0,152116.0,153641.0,154737.0,155773.0,156016.0,155766.0,155833.0,156210.0,156708.0,157496.0,158510.0,159626.0,160351.0,160927.0,161374.0,162336.0,163652.0,164969.0,167080.0,168642.0,172197.0,176170.0,180156.0,183203.0,185052.0,187066.0,189095.0,190841.0,191981.0,193066.0,194156.0,194827.0,195491.0,196152.0,196803.0,197452.0,198092.0,198730.0,199362.0,199983.0,200605.0,201264.0,202222.0,203338.0,204514.0,208749.0,209184.0,209785.0,210889.0,211417.0,211525.0,212420.0,205823.0,206220.0,206454.0,206182.0,205767.0
DEB3K,3,Südwestpfalz,2024,TOTAL,TOTAL,NR,95528.0,96244.0,97082.0,98097.0,99044.0,99838.0,100897.0,101671.0,101976.0,102730.0,103759.0,103571.0,103685.0,103500.0,103269.0,102512.0,101438.0,100577.0,99921.0,99344.0,98950.0,98695.0,98742.0,98549.0,98267.0,97911.0,97870.0,98042.0,98212.0,98851.0,99160.0,100629.0,102176.0,103710.0,104688.0,104976.0,105356.0,105741.0,105969.0,105861.0,105728.0,105378.0,104705.0,104034.0,103365.0,102698.0,102033.0,101370.0,100709.0,100050.0,99394.0,98739.0,98008.0,97180.0,96599.0,96410.0,96474.0,95957.0,95474.0,95113.0,94831.0,94912.0,94819.0,90144.0,90168.0,89974.0,89856.0,89675.0
DEC01,3,Regionalverband Saarbrücken,2024,TOTAL,TOTAL,NR,390381.0,393307.0,394071.0,395504.0,396616.0,397071.0,398534.0,398821.0,397250.0,397399.0,398568.0,395044.0,394345.0,392501.0,390474.0,386458.0,381255.0,376865.0,373247.0,369925.0,367284.0,365152.0,364241.0,362447.0,360331.0,357952.0,356730.0,356281.0,355826.0,357058.0,359180.0,361277.0,361624.0,363032.0,362205.0,361098.0,360146.0,359069.0,356926.0,353736.0,351816.0,350924.0,348574.0,346230.0,343894.0,341567.0,339246.0,336932.0,334626.0,332327.0,330036.0,327752.0,326996.0,326638.0,325978.0,325604.0,327380.0,329593.0,330150.0,329708.0,328714.0,327502.0,327284.0,330672.0,332416.0,333149.0,332710.0,332040.0
DEC02,3,Merzig-Wadern,2024,TOTAL,TOTAL,NR,90818.0,91499.0,92555.0,93784.0,94954.0,95980.0,97267.0,98282.0,98847.0,99849.0,101123.0,101213.0,101708.0,101913.0,102076.0,101719.0,101044.0,100579.0,100317.0,100133.0,100134.0,100277.0,100293.0,100065.0,99747.0,99355.0,99282.0,99425.0,99567.0,100183.0,101052.0,101920.0,102735.0,103864.0,104364.0,104789.0,105263.0,105706.0,105838.0,105658.0,105856.0,105954.0,105743.0,105531.0,105320.0,105107.0,104895.0,104683.0,104470.0,104257.0,104044.0,103830.0,103639.0,103520.0,103135.0,102987.0,103997.0,103908.0,103656.0,103366.0,103243.0,103471.0,103426.0,109393.0,109336.0,108779.0,108636.0,108417.0
DEC03,3,Neunkirchen,2024,TOTAL,TOTAL,NR,158051.0,159236.0,159659.0,160355.0,160924.0,161227.0,161942.0,162181.0,161665.0,161851.0,162454.0,161145.0,161023.0,160435.0,159774.0,158298.0,156335.0,154704.0,153389.0,152196.0,151283.0,150580.0,150229.0,149513.0,148664.0,147707.0,147227.0,147066.0,146902.0,147436.0,148336.0,149228.0,149670.0,150556.0,150520.0,150369.0,150285.0,150151.0,149572.0,148555.0,148069.0,147464.0,146282.0,145105.0,143932.0,142762.0,141597.0,140436.0,139278.0,138125.0,136976.0,135831.0,134957.0,134099.0,133222.0,133021.0,133735.0,133984.0,133297.0,132206.0,131408.0,131172.0,130847.0,133544.0,133667.0,133179.0,133004.0,132736.0
DEC04,3,Saarlouis,2024,TOTAL,TOTAL,NR,193368.0,194818.0,196636.0,198813.0,200857.0,202591.0,204865.0,206562.0,207309.0,208968.0,211189.0,210934.0,211840.0,212143.0,212355.0,211487.0,209959.0,208867.0,208197.0,207691.0,207567.0,207737.0,207900.0,207557.0,207027.0,206341.0,206319.0,206744.0,207168.0,208580.0,210521.0,212461.0,213280.0,214735.0,214878.0,214858.0,214935.0,214942.0,214313.0,213055.0,212559.0,211671.0,210320.0,208973.0,207630.0,206291.0,204956.0,203626.0,202299.0,200977.0,199658.0,198344.0,197452.0,196611.0,195976.0,195632.0,197009.0,196609.0,195815.0,195201.0,194319.0,193732.0,193661.0,205785.0,206094.0,205129.0,204859.0,204446.0
DEC05,3,Saarpfalz-Kreis,2024,TOTAL,TOTAL,NR,140378.0,141430.0,143043.0,144924.0,146711.0,148278.0,150246.0,151794.0,152648.0,154176.0,156123.0,156242.0,156770.0,156851.0,156864.0,156078.0,154807.0,153859.0,153222.0,152705.0,152470.0,152450.0,152453.0,152085.0,151581.0,150963.0,150831.0,151026.0,151220.0,152134.0,153433.0,154729.0,155632.0,157005.0,157422.0,157723.0,158097.0,158421.0,158278.0,157670.0,157625.0,157309.0,156129.0,154954.0,153782.0,152614.0,151450.0,150290.0,149134.0,147982.0,146833.0,145689.0,145099.0,144291.0,143851.0,143532.0,144584.0,144100.0,143402.0,142631.0,142196.0,141656.0,140960.0,144492.0,144478.0,144092.0,143902.0,143612.0
DEC06,3,St. Wendel,2024,TOTAL,TOTAL,NR,85368.0,86008.0,86701.0,87551.0,88340.0,88992.0,89878.0,90509.0,90723.0,91336.0,92192.0,91966.0,92326.0,92423.0,92480.0,92067.0,91367.0,90856.0,90530.0,90275.0,90186.0,90224.0,90400.0,90355.0,90229.0,90034.0,90128.0,90417.0,90706.0,91429.0,92385.0,93343.0,93941.0,94823.0,95128.0,95364.0,95644.0,95895.0,95863.0,95549.0,95576.0,95381.0,94880.0,94381.0,93883.0,93386.0,92891.0,92396.0,91904.0,91412.0,90922.0,90433.0,89712.0,89128.0,88556.0,88259.0,88892.0,88457.0,87867.0,87397.0,87007.0,86458.0,86170.0,88005.0,88056.0,87813.0,87697.0,87520.0
DED21,3,"Dresden, Kreisfreie Stadt",2024,TOTAL,TOTAL,NR,525724.0,529665.0,530456.0,532145.0,533397.0,533761.0,535476.0,535607.0,533240.0,533179.0,534483.0,529492.0,533884.0,536776.0,539454.0,539386.0,537622.0,536955.0,537364.0,538190.0,540011.0,542604.0,538809.0,533711.0,528154.0,522227.0,517999.0,514891.0,511768.0,511051.0,525083.0,512012.0,502973.0,499033.0,495588.0,490520.0,489213.0,487021.0,484287.0,480444.0,476668.0,477807.0,483824.0,487003.0,490152.0,493272.0,496361.0,499420.0,502450.0,505447.0,508416.0,511352.0,517765.0,525105.0,530754.0,536308.0,543825.0,547172.0,551072.0,554649.0,556780.0,556227.0,555351.0,559986.0,563019.0,564904.0,564160.0,563024.0
DED2C,3,Bautzen,2024,TOTAL,TOTAL,NR,394852.0,397812.0,400934.0,404780.0,408340.0,411264.0,415273.0,418100.0,419001.0,421739.0,425602.0,424470.0,426019.0,426352.0,426502.0,424481.0,421139.0,418673.0,417055.0,415764.0,415239.0,415301.0,412188.0,408078.0,403618.0,398877.0,395435.0,392848.0,390248.0,389482.0,399947.0,389764.0,383292.0,380703.0,378495.0,375050.0,374484.0,373248.0,371602.0,369110.0,366727.0,362648.0,360358.0,355383.0,350430.0,345500.0,340593.0,335708.0,330846.0,326006.0,321189.0,316395.0,313618.0,310898.0,308350.0,306570.0,306273.0,304691.0,302634.0,300880.0,299758.0,298010.0,296290.0,295917.0,294746.0,292608.0,292223.0,291634.0
DED2D,3,Görlitz,2024,TOTAL,TOTAL,NR,428917.0,432132.0,431437.0,431448.0,431079.0,429970.0,429925.0,428585.0,425232.0,423705.0,423240.0,417779.0,418425.0,417868.0,417127.0,414261.0,410113.0,406826.0,404366.0,402225.0,400825.0,399987.0,396227.0,391511.0,386463.0,381151.0,377084.0,373831.0,370564.0,369032.0,378108.0,367648.0,360199.0,356405.0,352957.0,348349.0,346402.0,343813.0,340829.0,337053.0,333365.0,328130.0,324509.0,318467.0,312455.0,306473.0,300521.0,294599.0,288706.0,282844.0,277012.0,271210.0,267815.0,264673.0,262168.0,260188.0,260000.0,258337.0,256587.0,254894.0,252725.0,250558.0,248273.0,246989.0,245867.0,243958.0,243637.0,243146.0
DED2E,3,Meißen,2024,TOTAL,TOTAL,NR,330451.0,332928.0,333404.0,334444.0,335209.0,335416.0,336471.0,336531.0,335020.0,334958.0,335754.0,332595.0,333004.0,332454.0,331757.0,329370.0,325965.0,323244.0,321182.0,319373.0,318152.0,317377.0,314102.0,310069.0,305775.0,301275.0,297760.0,294887.0,292003.0,290483.0,297299.0,288750.0,284624.0,283378.0,282421.0,280544.0,280827.0,280619.0,280113.0,278975.0,277924.0,275592.0,274623.0,271608.0,268605.0,265615.0,262637.0,259672.0,256719.0,253779.0,250851.0,247936.0,246237.0,244717.0,243716.0,243745.0,245244.0,243889.0,242862.0,242165.0,241717.0,240371.0,239344.0,240519.0,240368.0,239221.0,238906.0,238425.0
DED2F,3,Sächsische Schweiz-Osterzgebirge,2024,TOTAL,TOTAL,NR,332339.0,334830.0,334624.0,334972.0,335031.0,334521.0,334844.0,334165.0,331920.0,331103.0,331123.0,327236.0,326967.0,325752.0,324387.0,321370.0,317363.0,314030.0,311339.0,308895.0,307020.0,305571.0,302123.0,297947.0,293522.0,288900.0,285225.0,282165.0,279092.0,277322.0,283496.0,275013.0,271652.0,271039.0,270705.0,269493.0,270361.0,270766.0,270890.0,270410.0,270019.0,268385.0,268082.0,265781.0,263489.0,261205.0,258930.0,256662.0,254403.0,252152.0,249909.0,247675.0,246275.0,245927.0,245939.0,245954.0,247412.0,246066.0,245418.0,245611.0,245586.0,244722.0,244009.0,245313.0,245143.0,243996.0,243675.0,243184.0
DED41,3,"Chemnitz, Kreisfreie Stadt",2024,TOTAL,TOTAL,NR,319829.0,322227.0,323058.0,324442.0,325566.0,326154.0,327573.0,328031.0,326961.0,327309.0,328502.0,325827.0,329172.0,331599.0,333897.0,334496.0,334039.0,334258.0,335143.0,336288.0,338055.0,340308.0,335574.0,330033.0,324221.0,318198.0,313222.0,308921.0,304603.0,301698.0,307396.0,297183.0,290497.0,286761.0,283299.0,281410.0,278703.0,275979.0,273191.0,269823.0,263222.0,259246.0,258713.0,256663.0,254620.0,252583.0,250554.0,248532.0,246516.0,244508.0,242506.0,240511.0,240543.0,241210.0,242022.0,243521.0,248645.0,246353.0,246855.0,247237.0,246334.0,244401.0,243105.0,242896.0,245150.0,245618.0,245295.0,244801.0
DED42,3,Erzgebirgskreis,2024,TOTAL,TOTAL,NR,569384.0,573652.0,570459.0,568159.0,565316.0,561464.0,558960.0,554732.0,547875.0,543348.0,540141.0,530542.0,530034.0,527990.0,525703.0,520738.0,514172.0,508696.0,504262.0,500227.0,497112.0,494689.0,487657.0,479453.0,470856.0,461954.0,454571.0,448169.0,441741.0,437362.0,445447.0,430472.0,424012.0,421846.0,420106.0,420745.0,420222.0,419723.0,419180.0,417795.0,418973.0,414183.0,405883.0,401079.0,396295.0,391532.0,386790.0,382068.0,377367.0,372686.0,368026.0,363387.0,359103.0,355275.0,351309.0,349582.0,347665.0,344136.0,340373.0,337696.0,334948.0,331917.0,328695.0,324070.0,322179.0,318394.0,317975.0,317335.0
DED43,3,Mittelsachsen,2024,TOTAL,TOTAL,NR,482858.0,486478.0,485104.0,484514.0,483486.0,481618.0,480931.0,478785.0,474384.0,472014.0,470816.0,464057.0,463327.0,461251.0,458962.0,454334.0,448311.0,443242.0,439081.0,435268.0,432257.0,429845.0,423392.0,415921.0,408111.0,400040.0,393286.0,387379.0,381450.0,377286.0,383859.0,370553.0,365514.0,364173.0,363204.0,364300.0,364399.0,364526.0,364624.0,363996.0,365611.0,362023.0,355359.0,351746.0,348148.0,344565.0,340995.0,337441.0,333900.0,330374.0,326862.0,323365.0,320062.0,317204.0,314591.0,312711.0,312450.0,310505.0,308153.0,306185.0,304099.0,301474.0,299329.0,297991.0,297766.0,296431.0,296041.0,295445.0
DED44,3,Vogtlandkreis,2024,TOTAL,TOTAL,NR,369673.0,372444.0,371164.0,370480.0,369456.0,367787.0,367015.0,365126.0,361515.0,359449.0,358272.0,352861.0,352074.0,350261.0,348286.0,344535.0,339729.0,335647.0,332254.0,329125.0,326601.0,324530.0,319578.0,313859.0,307884.0,301713.0,296535.0,291996.0,287440.0,284214.0,289072.0,278958.0,275050.0,273925.0,273079.0,273784.0,273738.0,273711.0,273660.0,273063.0,274147.0,271328.0,266205.0,263370.0,260547.0,257736.0,254936.0,252148.0,249371.0,246606.0,243852.0,241110.0,238443.0,236227.0,233970.0,232390.0,232318.0,231051.0,229584.0,227796.0,225997.0,223905.0,221376.0,221783.0,221088.0,219100.0,218812.0,218371.0
DED45,3,Zwickau,2024,TOTAL,TOTAL,NR,517559.0,521439.0,519570.0,518534.0,517021.0,514604.0,513441.0,510713.0,505576.0,502600.0,500864.0,493209.0,491934.0,489225.0,486287.0,480870.0,473981.0,468104.0,463189.0,458643.0,454940.0,451866.0,444782.0,436629.0,428122.0,419343.0,411946.0,405437.0,398903.0,394213.0,400726.0,386481.0,381206.0,379789.0,378759.0,379882.0,379966.0,380078.0,380159.0,379484.0,381147.0,377385.0,370416.0,366630.0,362858.0,359102.0,355361.0,351635.0,347923.0,344227.0,340547.0,336881.0,333291.0,330294.0,327062.0,325137.0,324534.0,322099.0,319988.0,317531.0,315002.0,312033.0,309621.0,310532.0,309866.0,306793.0,306389.0,305772.0
DED51,3,"Leipzig, Kreisfreie Stadt",2024,TOTAL,TOTAL,NR,662891.0,667860.0,666934.0,667102.0,666686.0,665128.0,665218.0,663308.0,658283.0,656087.0,655538.0,647252.0,648000.0,646884.0,645479.0,640787.0,634114.0,628774.0,624714.0,621147.0,618724.0,617167.0,615159.0,611660.0,607622.0,603142.0,600613.0,599386.0,598148.0,599742.0,618747.0,605855.0,587181.0,574490.0,562314.0,553184.0,542355.0,531411.0,520262.0,507935.0,489532.0,493208.0,496699.0,497278.0,497844.0,498391.0,498925.0,499444.0,499952.0,500443.0,500920.0,501382.0,510043.0,520838.0,531562.0,544479.0,560472.0,571088.0,581980.0,587857.0,593145.0,597493.0,601866.0,603578.0,608013.0,611850.0,611045.0,609814.0
DED52,3,Leipzig,2024,TOTAL,TOTAL,NR,337641.0,340172.0,339823.0,340034.0,339949.0,339284.0,339462.0,338621.0,336192.0,335208.0,335068.0,330975.0,330491.0,329048.0,327453.0,324189.0,319929.0,316350.0,313419.0,310736.0,308625.0,306943.0,306300.0,304912.0,303255.0,301374.0,300468.0,300212.0,299952.0,301115.0,311034.0,304927.0,300626.0,299369.0,298416.0,299157.0,299076.0,299017.0,298930.0,298247.0,299399.0,296289.0,290663.0,287536.0,284422.0,281321.0,278233.0,275157.0,272094.0,269044.0,266007.0,262983.0,260925.0,259207.0,257596.0,257647.0,258408.0,258333.0,258008.0,257763.0,258139.0,258386.0,258214.0,259568.0,260706.0,260127.0,259785.0,259262.0
DED53,3,Nordsachsen,2024,TOTAL,TOTAL,NR,261633.0,263594.0,263376.0,263592.0,263581.0,263120.0,263314.0,262719.0,260892.0,260188.0,260139.0,257021.0,257356.0,256952.0,256433.0,254608.0,251995.0,249912.0,248337.0,246959.0,246035.0,245456.0,246201.0,246346.0,246266.0,245996.0,246515.0,247570.0,248625.0,250869.0,260461.0,256656.0,252085.0,250068.0,248300.0,247927.0,246857.0,245790.0,244685.0,243080.0,242952.0,239357.0,233744.0,230157.0,226587.0,223034.0,219497.0,215978.0,212475.0,208990.0,205521.0,202069.0,200062.0,198629.0,197346.0,197042.0,197605.0,198063.0,197794.0,197673.0,197741.0,197444.0,197529.0,200825.0,200778.0,199422.0,199159.0,198758.0
DEE01,3,"Dessau-Roßlau, Kreisfreie Stadt",2024,TOTAL,TOTAL,NR,114740.0,115600.0,116138.0,116879.0,117531.0,117994.0,118761.0,119184.0,119055.0,119444.0,120145.0,119434.0,120283.0,120793.0,121253.0,121096.0,120560.0,120271.0,120223.0,120269.0,120537.0,120977.0,120128.0,118989.0,117747.0,116423.0,115478.0,114782.0,114083.0,113921.0,117634.0,114129.0,112123.0,111081.0,110330.0,109590.0,108789.0,108185.0,107318.0,106242.0,105493.0,104048.0,102043.0,100282.0,98529.0,96784.0,95048.0,93319.0,91598.0,89886.0,88181.0,86485.0,85488.0,84606.0,83616.0,83061.0,82919.0,82505.0,82111.0,81237.0,80103.0,79354.0,78731.0,76042.0,76062.0,75402.0,75303.0,75151.0
DEE02,3,"Halle (Saale), Kreisfreie Stadt",2024,TOTAL,TOTAL,NR,260153.0,262103.0,265374.0,269146.0,272751.0,275950.0,279899.0,283072.0,284953.0,288094.0,292024.0,292536.0,297132.0,300914.0,304589.0,306717.0,307863.0,309619.0,311986.0,314591.0,317780.0,321432.0,319863.0,317519.0,314898.0,312051.0,310217.0,309055.0,307885.0,308169.0,318972.0,310214.0,301570.0,295524.0,290223.0,284910.0,279395.0,274346.0,268581.0,262260.0,254360.0,247736.0,247242.0,245280.0,243324.0,241373.0,239427.0,237486.0,235551.0,233622.0,231697.0,229778.0,230494.0,231440.0,231565.0,232470.0,236991.0,238005.0,239173.0,239257.0,238762.0,237865.0,238061.0,227416.0,227639.0,226767.0,226468.0,226012.0
DEE03,3,"Magdeburg, Kreisfreie Stadt",2024,TOTAL,TOTAL,NR,265916.0,267909.0,269419.0,271405.0,273189.0,274536.0,276598.0,277863.0,277841.0,279033.0,280959.0,279583.0,282104.0,283834.0,285452.0,285618.0,284883.0,284729.0,285144.0,285780.0,286944.0,288520.0,287319.0,285422.0,283275.0,280923.0,279482.0,278646.0,277804.0,278276.0,288257.0,280563.0,273283.0,268359.0,264114.0,259867.0,255444.0,251452.0,246814.0,241671.0,235073.0,231450.0,232360.0,231890.0,231417.0,230941.0,230461.0,229978.0,229491.0,229001.0,228507.0,228009.0,228910.0,229924.0,231021.0,232306.0,235723.0,238136.0,238478.0,238697.0,237565.0,235775.0,236188.0,241753.0,242491.0,244329.0,244007.0,243517.0
DEE04,3,Altmarkkreis Salzwedel,2024,TOTAL,TOTAL,NR,119441.0,120336.0,120243.0,120348.0,120349.0,120145.0,120240.0,119975.0,119148.0,118833.0,118818.0,117401.0,117403.0,117067.0,116677.0,115693.0,114352.0,113253.0,112385.0,111606.0,111033.0,110614.0,109903.0,108927.0,107856.0,106709.0,105909.0,105339.0,104765.0,104684.0,108169.0,105017.0,103777.0,103428.0,103355.0,103300.0,103196.0,103287.0,103136.0,102791.0,101828.0,101134.0,100405.0,99080.0,97760.0,96446.0,95137.0,93834.0,92536.0,91244.0,89957.0,88675.0,87624.0,86878.0,86312.0,86071.0,86164.0,85236.0,84457.0,83765.0,83173.0,82687.0,81986.0,81369.0,80780.0,79980.0,79875.0,79714.0
DEE05,3,Anhalt-Bitterfeld,2024,TOTAL,TOTAL,NR,268652.0,270666.0,270686.0,271158.0,271399.0,271182.0,271644.0,271297.0,269680.0,269225.0,269454.0,266505.0,266205.0,265134.0,263941.0,261403.0,258061.0,255267.0,252996.0,250925.0,249316.0,248054.0,245813.0,242978.0,239937.0,236731.0,234298.0,232371.0,230436.0,229580.0,236511.0,228918.0,224878.0,222772.0,221249.0,219749.0,218125.0,216897.0,215142.0,212967.0,211446.0,208531.0,204494.0,200946.0,197414.0,193898.0,190399.0,186916.0,183449.0,179998.0,176564.0,173147.0,170827.0,168475.0,166828.0,165076.0,164817.0,163100.0,161264.0,159854.0,158486.0,157217.0,155900.0,154366.0,153801.0,153035.0,152834.0,152526.0
DEE06,3,Jerichower Land,2024,TOTAL,TOTAL,NR,124508.0,125441.0,125385.0,125536.0,125580.0,125411.0,125555.0,125323.0,124504.0,124221.0,124252.0,122818.0,122812.0,122451.0,122035.0,120997.0,119586.0,118427.0,117511.0,116687.0,116079.0,115632.0,114673.0,113436.0,112103.0,110692.0,109642.0,108829.0,108013.0,107703.0,111050.0,107580.0,106320.0,105973.0,105910.0,105865.0,105769.0,105874.0,105732.0,105389.0,105378.0,104676.0,103408.0,102381.0,101357.0,100337.0,99320.0,98306.0,97296.0,96290.0,95287.0,94288.0,93242.0,92367.0,91721.0,91359.0,91693.0,91345.0,90465.0,89928.0,89589.0,89403.0,89118.0,89033.0,88695.0,88509.0,88392.0,88214.0
DEE07,3,Börde,2024,TOTAL,TOTAL,NR,231807.0,233545.0,233126.0,233088.0,232844.0,232200.0,232129.0,231358.0,229501.0,228628.0,228328.0,225332.0,224789.0,223591.0,222288.0,219853.0,216744.0,214098.0,211891.0,209853.0,208201.0,206837.0,205036.0,202739.0,200270.0,197663.0,195701.0,194162.0,192615.0,191972.0,197844.0,191567.0,189761.0,189584.0,189917.0,190290.0,190576.0,191231.0,191444.0,191299.0,191761.0,190970.0,189142.0,187751.0,186363.0,184979.0,183598.0,182221.0,180847.0,179476.0,178109.0,176745.0,175198.0,174001.0,172955.0,172829.0,173473.0,172959.0,172619.0,171734.0,170923.0,170567.0,170106.0,168952.0,168593.0,167924.0,167703.0,167365.0
DEE08,3,Burgenlandkreis,2024,TOTAL,TOTAL,NR,317379.0,319758.0,318969.0,318697.0,318139.0,317031.0,316702.0,315414.0,312642.0,311210.0,310553.0,306228.0,304536.0,301949.0,299213.0,294953.0,289795.0,285265.0,281326.0,277612.0,274407.0,271578.0,268514.0,264803.0,260871.0,256764.0,253498.0,250779.0,248049.0,246476.0,253232.0,244425.0,240402.0,238446.0,237117.0,235815.0,234385.0,233384.0,231820.0,229807.0,228504.0,225695.0,221671.0,218174.0,214692.0,211226.0,207775.0,204339.0,200920.0,197515.0,194127.0,190754.0,188149.0,186081.0,184956.0,184055.0,184081.0,183174.0,181968.0,180190.0,178846.0,177590.0,176333.0,175180.0,175217.0,173684.0,173455.0,173106.0
DEE09,3,Harz,2024,TOTAL,TOTAL,NR,312588.0,314931.0,315351.0,316304.0,316997.0,317160.0,318126.0,318150.0,316689.0,316597.0,317316.0,314296.0,314543.0,313884.0,313084.0,310690.0,307336.0,304629.0,302543.0,300695.0,299402.0,298527.0,296603.0,293962.0,291067.0,287967.0,285804.0,284258.0,282705.0,282482.0,291880.0,283368.0,279045.0,277120.0,275927.0,274771.0,273468.0,272672.0,271224.0,269252.0,268115.0,265216.0,260890.0,257175.0,253478.0,249796.0,246130.0,242480.0,238847.0,235227.0,231626.0,228039.0,225191.0,223094.0,221043.0,219618.0,221366.0,219643.0,216299.0,214446.0,213310.0,210975.0,209117.0,208634.0,207134.0,205484.0,205213.0,204800.0
DEE0A,3,Mansfeld-Südharz,2024,TOTAL,TOTAL,NR,235786.0,237554.0,237477.0,237794.0,237907.0,237618.0,237921.0,237514.0,235994.0,235491.0,235583.0,232897.0,232438.0,231304.0,230061.0,227647.0,224534.0,221899.0,219720.0,217715.0,216111.0,214806.0,212806.0,210292.0,207600.0,204766.0,202601.0,200873.0,199138.0,198335.0,204256.0,197633.0,194112.0,192260.0,190911.0,189581.0,188145.0,187049.0,185498.0,183585.0,182236.0,179684.0,176166.0,173069.0,169987.0,166918.0,163864.0,160825.0,157800.0,154789.0,151792.0,148810.0,146659.0,144735.0,143246.0,142054.0,141408.0,139781.0,138013.0,136249.0,134942.0,133690.0,132317.0,131107.0,130162.0,129029.0,128859.0,128599.0
DEE0B,3,Saalekreis,2024,TOTAL,TOTAL,NR,277250.0,279328.0,278236.0,277588.0,276684.0,275294.0,274573.0,273014.0,270165.0,268471.0,267438.0,263243.0,261958.0,259904.0,257724.0,254230.0,249962.0,246233.0,243014.0,239988.0,237404.0,235145.0,232196.0,228688.0,224990.0,221144.0,218024.0,215374.0,212713.0,211042.0,216487.0,208622.0,206655.0,206462.0,206824.0,207230.0,207541.0,208254.0,208485.0,208327.0,208830.0,207968.0,205978.0,204463.0,202951.0,201443.0,199939.0,198439.0,196942.0,195449.0,193960.0,192474.0,190747.0,189217.0,187690.0,186510.0,186431.0,185951.0,185494.0,184582.0,183815.0,183434.0,182814.0,182390.0,182677.0,182451.0,182211.0,181844.0
DEE0C,3,Salzlandkreis,2024,TOTAL,TOTAL,NR,329684.0,332155.0,332181.0,332761.0,333058.0,332794.0,333362.0,332937.0,330954.0,330398.0,330680.0,327063.0,326127.0,324240.0,322201.0,318519.0,313862.0,309877.0,306529.0,303425.0,300879.0,298748.0,295796.0,292131.0,288219.0,284112.0,280932.0,278360.0,275776.0,274482.0,282486.0,273137.0,268313.0,265796.0,263975.0,262180.0,260238.0,258769.0,256670.0,254071.0,252253.0,248770.0,243949.0,239712.0,235494.0,231295.0,227115.0,222956.0,218815.0,214695.0,210593.0,206512.0,203785.0,201210.0,198715.0,196750.0,196695.0,194575.0,192739.0,190560.0,189125.0,187457.0,185495.0,183727.0,182296.0,180771.0,180533.0,180169.0
DEE0D,3,Stendal,2024,TOTAL,TOTAL,NR,162444.0,163662.0,163897.0,164408.0,164785.0,164887.0,165406.0,165436.0,164694.0,164664.0,165056.0,163503.0,164025.0,164078.0,164060.0,163207.0,161847.0,160824.0,160127.0,159556.0,159279.0,159226.0,158693.0,157775.0,156719.0,155548.0,154881.0,154549.0,154215.0,154610.0,160296.0,156155.0,153358.0,151881.0,150800.0,149734.0,148584.0,147702.0,146461.0,144934.0,142536.0,140604.0,139242.0,137054.0,134875.0,132706.0,130547.0,128397.0,126257.0,124127.0,122007.0,119896.0,118268.0,116666.0,115471.0,114668.0,115262.0,114393.0,113186.0,111982.0,111190.0,110485.0,109746.0,107462.0,106793.0,106538.0,106398.0,106184.0
DEE0E,3,Wittenberg,2024,TOTAL,TOTAL,NR,186346.0,187743.0,188094.0,188764.0,189280.0,189483.0,190166.0,190288.0,189524.0,189579.0,190122.0,188425.0,188972.0,188978.0,188903.0,187865.0,186244.0,185012.0,184155.0,183443.0,183068.0,182952.0,181668.0,179945.0,178068.0,176065.0,174636.0,173584.0,172527.0,172281.0,177897.0,172596.0,169710.0,168283.0,167297.0,166331.0,165273.0,164518.0,163365.0,161895.0,160924.0,158893.0,156007.0,153491.0,150987.0,148494.0,146013.0,143542.0,141083.0,138636.0,136199.0,133774.0,132154.0,130699.0,129438.0,128721.0,128447.0,127449.0,126815.0,125840.0,124953.0,124185.0,123341.0,122808.0,122230.0,121694.0,121534.0,121289.0
DEF01,3,"Flensburg, Kreisfreie Stadt",2024,TOTAL,TOTAL,NR,96216.0,96937.0,97064.0,97355.0,97565.0,97613.0,97908.0,97913.0,97460.0,97430.0,97648.0,96716.0,96442.0,95886.0,95285.0,94199.0,92824.0,91648.0,90661.0,89745.0,88995.0,88367.0,88071.0,87562.0,86975.0,86325.0,85955.0,85771.0,85585.0,85804.0,85859.0,86661.0,86619.0,86849.0,86560.0,86209.0,85968.0,85713.0,85372.0,84886.0,84449.0,84281.0,84074.0,83866.0,83659.0,83451.0,83244.0,83036.0,82829.0,82621.0,82414.0,82206.0,82801.0,83462.0,83971.0,84694.0,85942.0,87432.0,88519.0,89504.0,90164.0,89934.0,91113.0,96217.0,96431.0,96326.0,96199.0,96005.0
DEF02,3,"Kiel, Kreisfreie Stadt",2024,TOTAL,TOTAL,NR,272287.0,274328.0,274362.0,274854.0,275113.0,274908.0,275392.0,275055.0,273431.0,272986.0,273233.0,270259.0,269938.0,268835.0,267607.0,265016.0,261611.0,258761.0,256441.0,254324.0,252676.0,251378.0,250424.0,248864.0,247084.0,245126.0,243963.0,243327.0,242686.0,243194.0,243233.0,245388.0,244691.0,244753.0,243348.0,241765.0,240485.0,239166.0,237601.0,235631.0,233795.0,232612.0,232914.0,233212.0,233505.0,233794.0,234079.0,234359.0,234635.0,234907.0,235174.0,235437.0,237667.0,239866.0,241533.0,243148.0,246306.0,247441.0,247943.0,247548.0,246794.0,246601.0,246243.0,250064.0,251751.0,252668.0,252335.0,251827.0
DEF03,3,"Lübeck, Kreisfreie Stadt",2024,TOTAL,TOTAL,NR,229922.0,231646.0,232629.0,234016.0,235224.0,236050.0,237486.0,238230.0,237870.0,238544.0,239841.0,238317.0,237983.0,236958.0,235824.0,233489.0,230436.0,227872.0,225776.0,223859.0,222354.0,221157.0,220222.0,218752.0,217092.0,215275.0,214155.0,213500.0,212839.0,213185.0,213120.0,214906.0,215225.0,216226.0,215940.0,215503.0,215341.0,215149.0,214742.0,213972.0,213326.0,213399.0,213097.0,212793.0,212489.0,212183.0,211876.0,211568.0,211259.0,210949.0,210637.0,210325.0,210679.0,211713.0,212958.0,214420.0,216253.0,216712.0,216318.0,217198.0,216530.0,215846.0,216277.0,216097.0,217061.0,216889.0,216603.0,216167.0
DEF04,3,"Neumünster, Kreisfreie Stadt",2024,TOTAL,TOTAL,NR,79674.0,80271.0,80905.0,81686.0,82409.0,83003.0,83817.0,84392.0,84579.0,85136.0,85921.0,85697.0,85685.0,85425.0,85126.0,84394.0,83401.0,82585.0,81938.0,81355.0,80922.0,80602.0,80475.0,80152.0,79759.0,79306.0,79109.0,79084.0,79058.0,79407.0,79605.0,80499.0,80655.0,81067.0,80997.0,80870.0,80847.0,80813.0,80698.0,80447.0,80243.0,79831.0,79574.0,79317.0,79061.0,78805.0,78549.0,78294.0,78039.0,77784.0,77529.0,77275.0,77201.0,76951.0,77058.0,77588.0,79197.0,79680.0,79335.0,79487.0,80196.0,79905.0,79496.0,78858.0,79461.0,79809.0,79704.0,79543.0
DEF05,3,Dithmarschen,2024,TOTAL,TOTAL,NR,128371.0,129333.0,129948.0,130790.0,131533.0,132064.0,132936.0,133424.0,133292.0,133742.0,134541.0,133759.0,134273.0,134405.0,134479.0,133868.0,132841.0,132090.0,131606.0,131225.0,131087.0,131133.0,130750.0,130051.0,129236.0,128327.0,127834.0,127617.0,127398.0,127782.0,127923.0,129177.0,130312.0,131872.0,132660.0,133358.0,134232.0,135095.0,135828.0,136333.0,136920.0,137174.0,136876.0,136578.0,136280.0,135982.0,135684.0,135385.0,135086.0,134787.0,134488.0,134188.0,133487.0,132965.0,132665.0,132685.0,132917.0,133560.0,133447.0,133210.0,133193.0,133251.0,133969.0,133104.0,133514.0,133460.0,133284.0,133016.0
DEF06,3,Herzogtum Lauenburg,2024,TOTAL,TOTAL,NR,110279.0,111106.0,114223.0,117585.0,120907.0,124077.0,127614.0,130826.0,133457.0,136695.0,140334.0,142342.0,144493.0,146247.0,147949.0,148899.0,149373.0,150144.0,151211.0,152394.0,153859.0,155549.0,155789.0,155649.0,155369.0,154970.0,155069.0,155505.0,155940.0,157120.0,158007.0,160282.0,162537.0,165336.0,167175.0,168906.0,170864.0,172813.0,174600.0,176099.0,177703.0,179848.0,180583.0,181313.0,182037.0,182755.0,183467.0,184173.0,184873.0,185568.0,186256.0,186939.0,187296.0,187905.0,189043.0,190703.0,192999.0,195063.0,196074.0,197264.0,198019.0,199152.0,200819.0,204237.0,205445.0,206235.0,205964.0,205549.0
DEF07,3,Nordfriesland,2024,TOTAL,TOTAL,NR,145742.0,146835.0,147983.0,149398.0,150708.0,151783.0,153258.0,154297.0,154625.0,155631.0,157052.0,156630.0,158027.0,158980.0,159871.0,159948.0,159522.0,159420.0,159637.0,159978.0,160614.0,161481.0,160453.0,159036.0,157482.0,155817.0,154659.0,153835.0,153007.0,152899.0,152493.0,153405.0,154901.0,156906.0,157993.0,158974.0,160166.0,161345.0,162369.0,163123.0,163974.0,164280.0,164212.0,164143.0,164071.0,163999.0,163924.0,163848.0,163770.0,163690.0,163609.0,163526.0,163029.0,162237.0,161923.0,162203.0,163960.0,164926.0,165462.0,165507.0,165951.0,167147.0,167560.0,168886.0,170048.0,170029.0,169805.0,169463.0
DEF08,3,Ostholstein,2024,TOTAL,TOTAL,NR,166272.0,167518.0,168683.0,170149.0,171492.0,172566.0,174093.0,175121.0,175341.0,176329.0,177784.0,177152.0,179630.0,181614.0,183531.0,184515.0,184911.0,185676.0,186809.0,188085.0,189709.0,191609.0,191170.0,190266.0,189195.0,187984.0,187381.0,187183.0,186983.0,187670.0,187999.0,189968.0,191641.0,193941.0,195104.0,196137.0,197427.0,198701.0,199783.0,200532.0,201400.0,202247.0,201890.0,201533.0,201174.0,200815.0,200455.0,200095.0,199734.0,199372.0,199009.0,198646.0,197960.0,197882.0,197835.0,198355.0,199574.0,200813.0,200584.0,200581.0,200539.0,201487.0,202014.0,200802.0,201529.0,201472.0,201207.0,200802.0
DEF09,3,Pinneberg,2024,TOTAL,TOTAL,NR,193918.0,195372.0,199781.0,204601.0,209330.0,213780.0,218845.0,223336.0,226827.0,231338.0,236515.0,238936.0,242295.0,244987.0,247589.0,248933.0,249484.0,250532.0,252075.0,253812.0,256020.0,258599.0,259249.0,259268.0,259051.0,258635.0,259049.0,260025.0,261001.0,263225.0,264960.0,269030.0,271871.0,275605.0,277731.0,279672.0,281986.0,284279.0,286298.0,287845.0,289557.0,291609.0,292064.0,292508.0,292949.0,293385.0,293815.0,294238.0,294654.0,295067.0,295473.0,295873.0,297307.0,298826.0,301223.0,304087.0,307471.0,310653.0,312662.0,314391.0,316103.0,317085.0,318326.0,321849.0,323762.0,325223.0,324795.0,324141.0
DEF0A,3,Plön,2024,TOTAL,TOTAL,NR,101793.0,102556.0,103149.0,103924.0,104622.0,105153.0,105958.0,106458.0,106465.0,106938.0,107691.0,107180.0,108628.0,109776.0,110884.0,111428.0,111618.0,112030.0,112664.0,113385.0,114316.0,115413.0,115822.0,115949.0,115969.0,115900.0,116202.0,116757.0,117312.0,118428.0,119326.0,121277.0,122712.0,124554.0,125670.0,126704.0,127906.0,129100.0,130171.0,131026.0,131960.0,132895.0,132405.0,131915.0,131427.0,130939.0,130451.0,129965.0,129480.0,128995.0,128511.0,128028.0,127212.0,126721.0,126643.0,126865.0,128304.0,128703.0,128842.0,128647.0,128686.0,129353.0,129687.0,130494.0,130635.0,130609.0,130437.0,130174.0
DEF0B,3,Rendsburg-Eckernförde,2024,TOTAL,TOTAL,NR,210371.0,211948.0,213478.0,215390.0,217149.0,218566.0,220558.0,221920.0,222258.0,223570.0,225475.0,224734.0,228011.0,230660.0,233227.0,234607.0,235240.0,236340.0,237908.0,239657.0,241851.0,244397.0,244315.0,243639.0,242744.0,241668.0,241371.0,241598.0,241822.0,243196.0,244113.0,247167.0,250014.0,253689.0,255884.0,257910.0,260280.0,262633.0,264735.0,266398.0,268220.0,270110.0,270069.0,270026.0,269979.0,269929.0,269875.0,269819.0,269760.0,269697.0,269632.0,269563.0,268846.0,268058.0,268075.0,268628.0,270378.0,272337.0,273022.0,272775.0,274098.0,274765.0,276053.0,276964.0,277888.0,278058.0,277692.0,277133.0
DEF0C,3,Schleswig-Flensburg,2024,TOTAL,TOTAL,NR,161415.0,162625.0,163638.0,164941.0,166124.0,167042.0,168398.0,169269.0,169358.0,170187.0,171465.0,170730.0,172779.0,174349.0,175853.0,176463.0,176513.0,176918.0,177675.0,178568.0,179792.0,181276.0,180895.0,180074.0,179094.0,177982.0,177445.0,177292.0,177137.0,177823.0,178169.0,180071.0,182255.0,185043.0,186753.0,188341.0,190180.0,192007.0,193652.0,194976.0,196416.0,197754.0,197617.0,197479.0,197339.0,197197.0,197053.0,196908.0,196761.0,196612.0,196461.0,196309.0,195721.0,194911.0,195135.0,195593.0,196839.0,198685.0,199503.0,200025.0,201156.0,202647.0,203799.0,204255.0,204761.0,205472.0,205202.0,204789.0
DEF0D,3,Segeberg,2024,TOTAL,TOTAL,NR,119407.0,120302.0,124859.0,129705.0,134527.0,139199.0,144301.0,149056.0,153158.0,157965.0,163254.0,166652.0,171692.0,176284.0,180828.0,184456.0,187476.0,190847.0,194585.0,198467.0,202720.0,207277.0,208343.0,208900.0,209263.0,209463.0,210332.0,211659.0,212987.0,215337.0,217294.0,221173.0,224545.0,228671.0,231474.0,234128.0,237098.0,240058.0,242793.0,245128.0,247611.0,250112.0,251187.0,252255.0,253313.0,254363.0,255405.0,256439.0,257464.0,258480.0,259488.0,260488.0,261141.0,261988.0,263202.0,264972.0,267503.0,272235.0,274025.0,276032.0,277175.0,278007.0,280400.0,279922.0,282268.0,283562.0,283189.0,282619.0
DEF0E,3,Steinburg,2024,TOTAL,TOTAL,NR,128014.0,128974.0,129418.0,130086.0,130652.0,131004.0,131693.0,131997.0,131687.0,131949.0,132554.0,131599.0,132099.0,132222.0,132289.0,131682.0,130665.0,129919.0,129437.0,129056.0,128914.0,128953.0,128759.0,128252.0,127631.0,126915.0,126609.0,126578.0,126545.0,127113.0,127440.0,128880.0,129924.0,131392.0,132089.0,132697.0,133479.0,134249.0,134889.0,135303.0,135798.0,136027.0,135536.0,135047.0,134558.0,134069.0,133582.0,133095.0,132609.0,132124.0,131640.0,131156.0,130543.0,130135.0,130017.0,130218.0,131457.0,131875.0,131613.0,131347.0,131013.0,130706.0,130843.0,131712.0,132447.0,132731.0,132556.0,132289.0
DEF0F,3,Stormarn,2024,TOTAL,TOTAL,NR,128546.0,129510.0,132450.0,135664.0,138817.0,141786.0,145163.0,148160.0,150492.0,153503.0,156954.0,158578.0,162499.0,165989.0,169429.0,172009.0,174028.0,176380.0,179075.0,181903.0,185070.0,188513.0,189199.0,189424.0,189475.0,189380.0,189891.0,190815.0,191739.0,193581.0,195067.0,198274.0,200638.0,203668.0,205510.0,207218.0,209202.0,211172.0,212942.0,214358.0,215903.0,217582.0,218882.0,220174.0,221456.0,222729.0,223993.0,225247.0,226493.0,227729.0,228957.0,230175.0,231376.0,232911.0,234674.0,236705.0,239614.0,241811.0,242472.0,243196.0,244156.0,244989.0,245406.0,245822.0,246201.0,246974.0,246649.0,246152.0
DEG01,3,"Erfurt, Kreisfreie Stadt",2024,TOTAL,TOTAL,NR,201050.0,202557.0,203915.0,205636.0,207208.0,208454.0,210245.0,211434.0,211647.0,212785.0,214488.0,213671.0,216225.0,218178.0,220049.0,220801.0,220853.0,221349.0,222285.0,223392.0,224912.0,226758.0,226198.0,225088.0,223779.0,222307.0,221553.0,221279.0,221002.0,221772.0,229975.0,224403.0,220041.0,216798.0,214676.0,212383.0,210158.0,208038.0,205879.0,203512.0,201267.0,200564.0,200581.0,200599.0,200617.0,200625.0,200632.0,200641.0,200643.0,200644.0,200643.0,200638.0,201952.0,203485.0,204880.0,206219.0,210118.0,211113.0,212988.0,213699.0,213981.0,213692.0,213227.0,218769.0,219549.0,218793.0,218505.0,218065.0
DEG02,3,"Gera, Kreisfreie Stadt",2024,TOTAL,TOTAL,NR,109451.0,110272.0,111123.0,112175.0,113147.0,113943.0,115039.0,115807.0,116042.0,116786.0,117840.0,117512.0,119526.0,121215.0,122862.0,123884.0,124509.0,125379.0,126496.0,127709.0,129159.0,130798.0,130931.0,130745.0,130442.0,130039.0,130055.0,130353.0,130651.0,131571.0,136924.0,134081.0,130880.0,128349.0,126478.0,124498.0,122556.0,120665.0,118746.0,116702.0,114718.0,112835.0,111147.0,109466.0,107792.0,106125.0,104465.0,102812.0,101166.0,99527.0,97895.0,96270.0,95746.0,95384.0,94977.0,94492.0,96011.0,94750.0,94859.0,94152.0,93125.0,92126.0,91368.0,94454.0,95695.0,95608.0,95482.0,95290.0
DEG03,3,"Jena, Kreisfreie Stadt",2024,TOTAL,TOTAL,NR,86222.0,86868.0,87449.0,88185.0,88858.0,89390.0,90157.0,90665.0,90755.0,91242.0,91970.0,91618.0,93648.0,95426.0,97174.0,98429.0,99365.0,100493.0,101817.0,103217.0,104810.0,106557.0,106307.0,105798.0,105196.0,104517.0,104175.0,104059.0,103942.0,104317.0,108191.0,105582.0,104075.0,103095.0,102650.0,102127.0,101646.0,101219.0,100780.0,100247.0,99779.0,99893.0,100526.0,101155.0,101779.0,102399.0,103015.0,103626.0,104233.0,104836.0,105434.0,106028.0,106428.0,106915.0,107679.0,108207.0,109527.0,110321.0,111099.0,111407.0,111343.0,110731.0,110502.0,110470.0,110076.0,109725.0,109581.0,109360.0
DEG05,3,"Weimar, Kreisfreie Stadt",2024,TOTAL,TOTAL,NR,67952.0,68461.0,68508.0,68670.0,68774.0,68763.0,68925.0,68882.0,68517.0,68448.0,68554.0,67851.0,68237.0,68429.0,68593.0,68408.0,68009.0,67750.0,67628.0,67558.0,67614.0,67765.0,67319.0,66710.0,66044.0,65331.0,64831.0,64471.0,64108.0,64048.0,66122.0,64229.0,63500.0,63092.0,63013.0,62887.0,62788.0,62726.0,62658.0,62534.0,62452.0,62425.0,62469.0,62511.0,62553.0,62593.0,62633.0,62671.0,62709.0,62746.0,62781.0,62816.0,62886.0,63236.0,63315.0,63477.0,64131.0,64355.0,64426.0,65090.0,65228.0,65098.0,65138.0,65507.0,65528.0,65954.0,65867.0,65734.0
DEG06,3,Eichsfeld,2024,TOTAL,TOTAL,NR,106918.0,107720.0,108338.0,109146.0,109874.0,110427.0,111267.0,111787.0,111789.0,112279.0,113065.0,112523.0,113481.0,114120.0,114713.0,114723.0,114372.0,114254.0,114364.0,114564.0,114975.0,115551.0,115504.0,115176.0,114745.0,114228.0,114080.0,114179.0,114276.0,114918.0,119423.0,116777.0,115578.0,114961.0,114945.0,114845.0,114795.0,114813.0,114823.0,114731.0,114718.0,114109.0,112934.0,111763.0,110596.0,109434.0,108277.0,107123.0,105975.0,104830.0,103690.0,102555.0,101906.0,101312.0,100951.0,100730.0,101325.0,101033.0,100645.0,100380.0,100006.0,99463.0,99324.0,99358.0,102699.0,103694.0,103557.0,103348.0
DEG07,3,Nordhausen,2024,TOTAL,TOTAL,NR,112096.0,112936.0,113412.0,114086.0,114672.0,115072.0,115768.0,116128.0,115949.0,116275.0,116904.0,116158.0,116393.0,116293.0,116143.0,115401.0,114302.0,113442.0,112812.0,112271.0,111938.0,111761.0,110977.0,109924.0,108777.0,107554.0,106680.0,106038.0,105392.0,105242.0,108596.0,105434.0,103899.0,102889.0,102415.0,101861.0,101349.0,100890.0,100420.0,99856.0,99355.0,98609.0,97482.0,96359.0,95241.0,94127.0,93017.0,91912.0,90811.0,89715.0,88623.0,87535.0,86734.0,85921.0,85380.0,85055.0,85355.0,85098.0,84697.0,83822.0,83416.0,82456.0,81687.0,81811.0,81502.0,80762.0,80656.0,80494.0
DEG09,3,Unstrut-Hainich-Kreis,2024,TOTAL,TOTAL,NR,141740.0,142803.0,142850.0,143136.0,143300.0,143224.0,143507.0,143363.0,142548.0,142348.0,142510.0,140992.0,141058.0,140717.0,140313.0,139194.0,137645.0,136386.0,135406.0,134533.0,133907.0,133469.0,132572.0,131354.0,130023.0,128601.0,127597.0,126869.0,126138.0,125999.0,130059.0,126315.0,124648.0,123612.0,123219.0,122732.0,122297.0,121929.0,121549.0,121056.0,120643.0,119504.0,118171.0,116842.0,115519.0,114201.0,112888.0,111580.0,110278.0,108980.0,107688.0,106401.0,105683.0,104947.0,104245.0,103922.0,105273.0,103948.0,103504.0,102912.0,102232.0,101698.0,101269.0,100435.0,96458.0,94613.0,94488.0,94298.0
DEG0A,3,Kyffhäuserkreis,2024,TOTAL,TOTAL,NR,116264.0,117136.0,117244.0,117549.0,117757.0,117767.0,118074.0,118031.0,117436.0,117349.0,117561.0,116388.0,116395.0,116066.0,115685.0,114714.0,113389.0,112304.0,111449.0,110681.0,110117.0,109707.0,108894.0,107818.0,106649.0,105405.0,104505.0,103831.0,103154.0,102961.0,106195.0,103056.0,101360.0,100177.0,99515.0,98774.0,98070.0,97417.0,96750.0,95991.0,95290.0,94343.0,92927.0,91516.0,90111.0,88713.0,87320.0,85932.0,84551.0,83176.0,81807.0,80443.0,79464.0,78618.0,77656.0,77148.0,77110.0,76685.0,75818.0,75009.0,74212.0,73522.0,72964.0,73022.0,72556.0,71738.0,71644.0,71500.0
DEG0C,3,Gotha,2024,TOTAL,TOTAL,NR,172842.0,174138.0,174025.0,174199.0,174224.0,173952.0,174114.0,173754.0,172580.0,172149.0,172152.0,170124.0,170389.0,170165.0,169865.0,168700.0,167013.0,165677.0,164677.0,163808.0,163240.0,162901.0,161707.0,160121.0,158399.0,156565.0,155242.0,154254.0,153261.0,152988.0,157807.0,153157.0,151481.0,150568.0,150442.0,150204.0,150033.0,149947.0,149851.0,149620.0,149491.0,148527.0,147327.0,146132.0,144940.0,143753.0,142570.0,141391.0,140216.0,139045.0,137879.0,136716.0,135986.0,135376.0,135155.0,135381.0,136831.0,135430.0,135521.0,135452.0,134908.0,134563.0,133825.0,137321.0,136933.0,135838.0,135659.0,135386.0
DEG0D,3,Sömmerda,2024,TOTAL,TOTAL,NR,88267.0,88929.0,89217.0,89660.0,90031.0,90255.0,90711.0,90901.0,90668.0,90829.0,91226.0,90549.0,90837.0,90866.0,90855.0,90382.0,89628.0,89061.0,88674.0,88357.0,88203.0,88173.0,87602.0,86819.0,85961.0,85042.0,84400.0,83941.0,83479.0,83410.0,86121.0,83665.0,82773.0,82298.0,82253.0,82148.0,82079.0,82057.0,82030.0,81929.0,81884.0,81204.0,80273.0,79346.0,78423.0,77503.0,76587.0,75674.0,74765.0,73860.0,72958.0,72060.0,71544.0,71005.0,70833.0,70537.0,70600.0,70118.0,70027.0,69655.0,69427.0,69107.0,68717.0,68325.0,68109.0,67693.0,67604.0,67468.0
DEG0E,3,Hildburghausen,2024,TOTAL,TOTAL,NR,83840.0,84469.0,84580.0,84834.0,85018.0,85061.0,85318.0,85322.0,84929.0,84903.0,85094.0,84282.0,84349.0,84174.0,83961.0,83320.0,82421.0,81697.0,81138.0,80644.0,80298.0,80065.0,79583.0,78908.0,78165.0,77367.0,76820.0,76439.0,76056.0,76032.0,78543.0,76343.0,75470.0,74978.0,74877.0,74720.0,74596.0,74514.0,74427.0,74272.0,74167.0,73839.0,73113.0,72390.0,71669.0,70951.0,70236.0,69524.0,68814.0,68107.0,67403.0,66701.0,66007.0,65540.0,65032.0,64673.0,64524.0,64330.0,63923.0,63553.0,63197.0,62656.0,62089.0,61271.0,60691.0,59987.0,59908.0,59787.0
DEG0G,3,Weimarer Land,2024,TOTAL,TOTAL,NR,96861.0,97587.0,97607.0,97790.0,97890.0,97825.0,98005.0,97893.0,97323.0,97173.0,97270.0,96220.0,96468.0,96440.0,96370.0,95809.0,94951.0,94291.0,93822.0,93428.0,93205.0,93114.0,92537.0,91736.0,90855.0,89910.0,89258.0,88799.0,88337.0,88291.0,91189.0,88617.0,88231.0,88287.0,88806.0,89266.0,89770.0,90332.0,90895.0,91382.0,91937.0,91443.0,90568.0,89696.0,88827.0,87962.0,87100.0,86241.0,85385.0,84532.0,83683.0,82837.0,82458.0,82016.0,81704.0,81641.0,82127.0,82316.0,82131.0,81947.0,82156.0,82291.0,82103.0,83148.0,82868.0,82392.0,82284.0,82118.0
DEG0J,3,Saale-Holzland-Kreis,2024,TOTAL,TOTAL,NR,99824.0,100572.0,100949.0,101501.0,101974.0,102282.0,102852.0,103122.0,102913.0,103151.0,103658.0,102945.0,103200.0,103159.0,103073.0,102462.0,101533.0,100816.0,100305.0,99872.0,99623.0,99514.0,98812.0,97870.0,96845.0,95752.0,94970.0,94394.0,93815.0,93677.0,96658.0,93839.0,93036.0,92700.0,92850.0,92934.0,93060.0,93242.0,93420.0,93517.0,93679.0,93929.0,93042.0,92159.0,91278.0,90401.0,89527.0,88657.0,87789.0,86925.0,86065.0,85207.0,84677.0,84282.0,84001.0,83966.0,86184.0,84525.0,82990.0,83051.0,82950.0,82816.0,82513.0,83595.0,84040.0,83342.0,83232.0,83064.0
DEG0K,3,Saale-Orla-Kreis,2024,TOTAL,TOTAL,NR,117849.0,118732.0,118648.0,118761.0,118771.0,118579.0,118683.0,118431.0,117623.0,117322.0,117317.0,115928.0,116143.0,116024.0,115854.0,115095.0,113978.0,113101.0,112454.0,111895.0,111542.0,111346.0,110571.0,109528.0,108391.0,107178.0,106314.0,105679.0,105042.0,104898.0,108248.0,105103.0,103638.0,102696.0,102290.0,101805.0,101361.0,100973.0,100573.0,100080.0,99651.0,98592.0,97325.0,96063.0,94806.0,93555.0,92308.0,91066.0,89830.0,88599.0,87372.0,86151.0,85259.0,84435.0,83654.0,82887.0,82951.0,82362.0,81501.0,80868.0,80312.0,79632.0,79030.0,78404.0,77859.0,77341.0,77239.0,77083.0
DEG0L,3,Greiz,2024,TOTAL,TOTAL,NR,164793.0,166028.0,165579.0,165399.0,165069.0,164453.0,164240.0,163529.0,162049.0,161263.0,160877.0,158591.0,158282.0,157513.0,156671.0,155031.0,152914.0,151124.0,149644.0,148282.0,147194.0,146309.0,144693.0,142728.0,140643.0,138464.0,136739.0,135308.0,133872.0,133060.0,136650.0,132030.0,130187.0,129001.0,128488.0,127876.0,127316.0,126825.0,126320.0,125698.0,125156.0,123869.0,122048.0,120234.0,118427.0,116628.0,114837.0,113053.0,111277.0,109508.0,107747.0,105993.0,104464.0,103297.0,102167.0,101382.0,101114.0,99717.0,99275.0,98159.0,97398.0,96668.0,96102.0,95281.0,94488.0,93707.0,93584.0,93396.0
DEG0M,3,Altenburger Land,2024,TOTAL,TOTAL,NR,154540.0,155699.0,155494.0,155545.0,155459.0,155108.0,155141.0,154708.0,153548.0,153048.0,152933.0,151013.0,151287.0,151127.0,150900.0,149904.0,148444.0,147296.0,146447.0,145713.0,145247.0,144986.0,143209.0,141088.0,138849.0,136518.0,134635.0,133042.0,131443.0,130456.0,133775.0,129054.0,126539.0,124668.0,123442.0,122114.0,120830.0,119603.0,118354.0,116988.0,115689.0,114200.0,112468.0,110743.0,109025.0,107315.0,105612.0,103915.0,102227.0,100545.0,98870.0,97203.0,95829.0,94749.0,93605.0,92705.0,92344.0,91607.0,90650.0,90118.0,89393.0,88356.0,87807.0,88034.0,87955.0,87508.0,87393.0,87217.0
DEG0Q,3,Schmalkalden-Meiningen,2024,TOTAL,TOTAL,NR,163255.0,164479.0,164766.0,165333.0,165765.0,165922.0,166499.0,166585.0,165893.0,165920.0,166373.0,164866.0,165178.0,165016.0,164781.0,163706.0,162125.0,160884.0,159969.0,159181.0,158685.0,158413.0,157803.0,156811.0,155681.0,154439.0,153697.0,153288.0,152875.0,153186.0,158622.0,154550.0,152182.0,150585.0,149770.0,148839.0,147967.0,147172.0,146359.0,145407.0,144546.0,143702.0,142127.0,140557.0,138994.0,137437.0,135886.0,134341.0,132802.0,131269.0,129742.0,128221.0,127042.0,126208.0,125574.0,125056.0,124623.0,123506.0,122952.0,122347.0,124916.0,124241.0,123404.0,121791.0,121151.0,120214.0,120056.0,119814.0
DEG0R,3,Wartburgkreis,2024,TOTAL,TOTAL,NR,207468.0,209023.0,209855.0,211051.0,212084.0,212772.0,214009.0,214621.0,214238.0,214786.0,215894.0,214462.0,214944.0,214809.0,214580.0,213258.0,211275.0,209735.0,208620.0,207670.0,207102.0,206825.0,206303.0,205280.0,204076.0,202722.0,202024.0,201763.0,201499.0,202191.0,209660.0,204567.0,201313.0,199080.0,197880.0,196525.0,195247.0,194069.0,192866.0,191479.0,190211.0,189119.0,187270.0,185428.0,183593.0,181765.0,179944.0,178129.0,176322.0,174521.0,172727.0,170940.0,169813.0,168971.0,167850.0,167719.0,168072.0,167317.0,166474.0,165395.0,161224.0,159937.0,158900.0,156566.0,156334.0,154957.0,154753.0,154441.0
DEG0S,3,"Suhl, Kreisfreie Stadt",2024,TOTAL,TOTAL,NR,32993.0,33240.0,33778.0,34382.0,34967.0,35502.0,36136.0,36671.0,37040.0,37574.0,38213.0,38406.0,39909.0,41311.0,42704.0,43880.0,44910.0,46022.0,47220.0,48453.0,49776.0,51176.0,51795.0,52288.0,52730.0,53128.0,53695.0,54378.0,55063.0,56015.0,58880.0,58231.0,56775.0,55609.0,54730.0,53802.0,52891.0,52000.0,51097.0,50139.0,49206.0,48025.0,46912.0,45805.0,44702.0,43604.0,42511.0,41423.0,40340.0,39262.0,38189.0,37121.0,36570.0,35967.0,35665.0,36208.0,36778.0,35608.0,35166.0,34835.0,36789.0,36395.0,36054.0,36325.0,36307.0,34685.0,34639.0,34569.0
DEG0T,3,Ilm-Kreis,2024,TOTAL,TOTAL,NR,135073.0,136086.0,136326.0,136797.0,137157.0,137289.0,137768.0,137842.0,137272.0,137297.0,137674.0,136429.0,137126.0,137433.0,137683.0,137232.0,136353.0,135755.0,135432.0,135214.0,135245.0,135469.0,134801.0,133806.0,132695.0,131489.0,130709.0,130213.0,129713.0,129826.0,134275.0,130673.0,128703.0,127385.0,126728.0,125974.0,125269.0,124631.0,123977.0,123206.0,122513.0,121806.0,120679.0,119556.0,118437.0,117323.0,116212.0,115106.0,114003.0,112905.0,111811.0,110721.0,110135.0,109531.0,108958.0,108899.0,109620.0,109167.0,108830.0,108742.0,106249.0,105606.0,105367.0,106975.0,107002.0,106657.0,106517.0,106302.0
DEG0U,3,Saalfeld-Rudolstadt,2024,TOTAL,TOTAL,NR,159093.0,160286.0,160745.0,161481.0,162087.0,162428.0,163184.0,163461.0,162977.0,163201.0,163847.0,162564.0,162723.0,162413.0,162030.0,160822.0,159118.0,157748.0,156699.0,155774.0,155136.0,154715.0,153760.0,152434.0,150975.0,149410.0,148331.0,147572.0,146809.0,146738.0,151559.0,147289.0,144662.0,142770.0,141619.0,140353.0,139139.0,137994.0,136827.0,135526.0,134307.0,132885.0,130924.0,128971.0,127026.0,125089.0,123160.0,121240.0,119327.0,117423.0,115526.0,113638.0,112555.0,111463.0,110307.0,109646.0,109278.0,108315.0,107368.0,106356.0,103199.0,102139.0,100969.0,101556.0,101111.0,100105.0,99973.0,99772.0
DEG0V,3,Sonneberg,2024,TOTAL,TOTAL,NR,81333.0,81943.0,82023.0,82242.0,82392.0,82404.0,82624.0,82599.0,82188.0,82133.0,82287.0,81471.0,81526.0,81347.0,81130.0,80501.0,79623.0,78913.0,78363.0,77876.0,77532.0,77296.0,76892.0,76302.0,75646.0,74936.0,74469.0,74163.0,73856.0,73896.0,76405.0,74331.0,73075.0,72189.0,71677.0,71109.0,70568.0,70063.0,69547.0,68964.0,68423.0,67833.0,66949.0,66068.0,65190.0,64317.0,63447.0,62580.0,61717.0,60857.0,60001.0,59149.0,58465.0,57802.0,57252.0,56809.0,56818.0,56507.0,56361.0,56196.0,57717.0,57044.0,56504.0,56412.0,55959.0,54964.0,54892.0,54781.0
DK011,3,Byen København,2024,TOTAL,TOTAL,NR,878893.0,884340.0,875059.0,865589.0,856065.0,846384.0,836109.0,826393.0,815466.0,802421.0,790218.0,779944.0,767278.0,755474.0,742977.0,728787.0,713447.0,698534.0,683864.0,668752.0,653026.0,636161.0,631951.0,628011.0,623875.0,620146.0,617165.0,614579.0,611497.0,607943.0,604989.0,602663.0,606058.0,609796.0,613254.0,617083.0,622849.0,627302.0,631251.0,635090.0,638667.0,642585.0,643989.0,644908.0,645701.0,646444.0,647457.0,648889.0,656582.0,667228.0,678873.0,692876.0,704108.0,716958.0,728243.0,739977.0,752964.0,764816.0,775033.0,784618.0,794128.0,799033.0,805402.0,815979.0,822733.0,831423.0,835983.0,839046.0
DK012,3,Københavns omegn,2024,TOTAL,TOTAL,NR,403800.0,406303.0,416482.0,426800.0,437330.0,448026.0,458658.0,469860.0,480638.0,490380.0,500834.0,512784.0,513588.0,515077.0,516210.0,516259.0,515549.0,515203.0,515100.0,514733.0,513950.0,512298.0,509583.0,507084.0,504425.0,502096.0,500372.0,498971.0,497169.0,494983.0,493287.0,492105.0,492786.0,493731.0,494437.0,495427.0,497950.0,499401.0,500432.0,501361.0,502069.0,503031.0,503381.0,503348.0,503211.0,503033.0,503059.0,503407.0,504481.0,508183.0,512692.0,516751.0,520784.0,525393.0,530612.0,535355.0,539241.0,542601.0,546059.0,547534.0,548370.0,550504.0,553622.0,562572.0,572774.0,582097.0,585290.0,587434.0
DK013,3,Nordsjælland,2024,TOTAL,TOTAL,NR,218132.0,219484.0,228224.0,237089.0,246122.0,255298.0,264487.0,274053.0,283421.0,292214.0,301465.0,311661.0,319613.0,328077.0,336406.0,344099.0,351331.0,358850.0,366586.0,374184.0,381517.0,388225.0,388898.0,389732.0,390440.0,391399.0,392834.0,394528.0,395913.0,396995.0,398473.0,400376.0,402725.0,405303.0,407696.0,410336.0,414264.0,417321.0,420043.0,422693.0,425169.0,427872.0,430326.0,432466.0,434529.0,436567.0,438795.0,441318.0,441849.0,444215.0,446451.0,447864.0,448291.0,448910.0,450245.0,452874.0,457122.0,460214.0,461852.0,463748.0,463942.0,465887.0,469286.0,473625.0,476137.0,478217.0,480840.0,482602.0
DK014,3,Bornholm,2024,TOTAL,TOTAL,NR,48099.0,48397.0,48328.0,48255.0,48187.0,48117.0,48021.0,47965.0,47847.0,47611.0,47431.0,47375.0,47465.0,47619.0,47741.0,47762.0,47713.0,47698.0,47705.0,47688.0,47633.0,47497.0,47252.0,47026.0,46786.0,46576.0,46423.0,46299.0,46138.0,45942.0,45791.0,45688.0,45503.0,45340.0,45154.0,44992.0,44966.0,44841.0,44676.0,44500.0,44303.0,44126.0,43989.0,43816.0,43634.0,43448.0,43278.0,43135.0,42913.0,42659.0,42255.0,41896.0,41406.0,40807.0,40305.0,39919.0,39847.0,39773.0,39715.0,39662.0,39583.0,39660.0,39638.0,39695.0,39423.0,39056.0,39270.0,39414.0
DK021,3,Østsjælland,2024,TOTAL,TOTAL,NR,94011.0,94594.0,99290.0,104054.0,108906.0,113835.0,118782.0,123913.0,128966.0,133768.0,138788.0,144255.0,149398.0,154796.0,160148.0,165211.0,170059.0,175054.0,180162.0,185211.0,190135.0,194751.0,195940.0,197208.0,198411.0,199742.0,201315.0,203024.0,204576.0,205972.0,207574.0,209401.0,210561.0,211841.0,213023.0,214334.0,216317.0,217844.0,219196.0,220510.0,221732.0,223073.0,224700.0,226165.0,227592.0,229008.0,230526.0,232200.0,232459.0,233605.0,234574.0,235519.0,236429.0,237351.0,239016.0,241870.0,244698.0,246594.0,247774.0,249359.0,250702.0,252492.0,254400.0,257557.0,259862.0,262820.0,264262.0,265230.0
DK022,3,Vest- og Sydsjælland,2024,TOTAL,TOTAL,NR,494415.0,497479.0,499878.0,502289.0,504796.0,507339.0,509658.0,512457.0,514645.0,515608.0,517217.0,520232.0,523715.0,527927.0,531808.0,534597.0,536616.0,539027.0,541711.0,544134.0,546130.0,547211.0,546783.0,546584.0,546210.0,546189.0,546829.0,547828.0,548394.0,548538.0,549229.0,550501.0,551644.0,553085.0,554261.0,555757.0,558978.0,560999.0,562553.0,563994.0,565189.0,566673.0,569830.0,572572.0,575210.0,577816.0,580672.0,583918.0,586968.0,587647.0,585990.0,584244.0,581478.0,579008.0,577710.0,578610.0,582801.0,585959.0,587250.0,587379.0,586657.0,586348.0,589113.0,592300.0,593091.0,592082.0,595329.0,597510.0
DK031,3,Fyn,2024,TOTAL,TOTAL,NR,411844.0,414396.0,416459.0,418534.0,420689.0,422875.0,424877.0,427279.0,429172.0,430045.0,431457.0,434044.0,436666.0,439891.0,442838.0,444872.0,446264.0,447981.0,449923.0,451646.0,453013.0,453621.0,453754.0,454075.0,454251.0,454720.0,455739.0,457060.0,458019.0,458628.0,459693.0,461247.0,461941.0,462883.0,463601.0,464586.0,467010.0,468428.0,469453.0,470383.0,471106.0,472067.0,473742.0,475064.0,476297.0,477497.0,478899.0,480616.0,482410.0,484346.0,484862.0,484969.0,485190.0,485672.0,486709.0,488578.0,491474.0,494049.0,496243.0,498481.0,498506.0,499419.0,501782.0,505026.0,505817.0,507349.0,510132.0,512001.0
DK032,3,Sydjylland,2024,TOTAL,TOTAL,NR,577915.0,581497.0,586757.0,592071.0,597535.0,603083.0,608405.0,614341.0,619586.0,623387.0,627999.0,634358.0,639085.0,644707.0,649931.0,653824.0,656778.0,660216.0,663989.0,667447.0,670383.0,672197.0,672155.0,672393.0,672415.0,672872.0,674144.0,675859.0,677041.0,677703.0,679041.0,681099.0,682594.0,684459.0,685995.0,687930.0,691999.0,694584.0,696591.0,698459.0,700024.0,701946.0,703540.0,704605.0,705532.0,706406.0,707574.0,709201.0,712249.0,715321.0,715415.0,715687.0,716152.0,715747.0,715800.0,717150.0,720296.0,723175.0,724520.0,724867.0,724599.0,724215.0,726580.0,732387.0,732589.0,733123.0,737144.0,739845.0
DK041,3,Vestjylland,2024,TOTAL,TOTAL,NR,339899.0,342006.0,345027.0,348079.0,351218.0,354405.0,357459.0,360871.0,363877.0,366034.0,368665.0,372322.0,375889.0,379991.0,383868.0,386966.0,389514.0,392351.0,395394.0,398253.0,400806.0,402689.0,402528.0,402536.0,402414.0,402552.0,403178.0,404069.0,404641.0,404902.0,405566.0,406660.0,407402.0,408365.0,409131.0,410133.0,412406.0,413793.0,414834.0,415791.0,416567.0,417554.0,418614.0,419360.0,420024.0,420658.0,421467.0,422550.0,424668.0,427174.0,427075.0,426880.0,426972.0,426539.0,425769.0,425720.0,427479.0,429169.0,430232.0,430111.0,429211.0,428074.0,427996.0,430783.0,429734.0,428776.0,431128.0,432708.0
DK042,3,Østjylland,2024,TOTAL,TOTAL,NR,578203.0,581786.0,588604.0,595499.0,602572.0,609753.0,616731.0,624357.0,631305.0,636802.0,643145.0,651303.0,657171.0,663971.0,670373.0,675412.0,679487.0,684067.0,689003.0,693615.0,697691.0,700602.0,702258.0,704208.0,705924.0,708098.0,711130.0,714636.0,717579.0,719974.0,723093.0,726979.0,730801.0,735035.0,738930.0,743269.0,749942.0,755029.0,759505.0,763845.0,767875.0,772309.0,778101.0,783336.0,788438.0,793501.0,798916.0,804878.0,812373.0,820558.0,826923.0,834113.0,839710.0,845971.0,851769.0,857030.0,865830.0,875084.0,883364.0,890567.0,897129.0,903974.0,913861.0,928096.0,935954.0,945023.0,950206.0,953687.0
DK050,3,Nordjylland,2024,TOTAL,TOTAL,NR,520244.0,523468.0,525516.0,527570.0,529716.0,531893.0,533828.0,536257.0,538039.0,538533.0,539697.0,542320.0,545785.0,550008.0,553884.0,556621.0,558555.0,560898.0,563522.0,565874.0,567781.0,568737.0,568053.0,567607.0,566979.0,566718.0,567144.0,567941.0,568287.0,568198.0,568673.0,569750.0,570111.0,570776.0,571160.0,571871.0,574346.0,575579.0,576326.0,576951.0,577319.0,577976.0,578142.0,577867.0,577472.0,577027.0,576816.0,576972.0,578839.0,580515.0,579628.0,579829.0,579996.0,580272.0,581057.0,582632.0,585499.0,587335.0,589148.0,589755.0,589936.0,590439.0,591740.0,594634.0,593135.0,592768.0,596019.0,598203.0
EE001,3,Põhja-Eesti,2024,TOTAL,TOTAL,NR,370576.0,373755.0,382665.0,391561.0,401109.0,410848.0,420135.0,427845.0,434902.0,444018.0,452389.0,462218.0,472140.0,481254.0,489897.0,498329.0,506390.0,514282.0,522765.0,530303.0,537580.0,545765.0,554012.0,562254.0,570311.0,578323.0,586718.0,595803.0,604803.0,612188.0,618597.0,615946.0,606283.0,586148.0,574349.0,564500.0,554761.0,546643.0,543079.0,539104.0,536470.0,533710.0,532800.0,533820.0,536830.0,540730.0,542030.0,544170.0,547840.0,552060.0,556650.0,562230.0,566741.0,567963.0,572103.0,575554.0,577789.0,583028.0,590981.0,598772.0,607099.0,613158.0,614561.0,638076.0,646315.0,647024.0,642655.0,647702.0
EE004,3,Lääne-Eesti,2024,TOTAL,TOTAL,NR,168696.0,170143.0,171023.0,171814.0,172803.0,173782.0,174485.0,174464.0,174125.0,174553.0,174620.0,175181.0,176246.0,176950.0,177429.0,177785.0,177968.0,178051.0,178302.0,178193.0,177966.0,178009.0,178440.0,178836.0,179143.0,179407.0,179759.0,180290.0,180761.0,180721.0,180375.0,180781.0,181238.0,177784.0,173552.0,170074.0,168031.0,166575.0,165078.0,163115.0,168480.0,167340.0,165670.0,163890.0,161700.0,159740.0,158370.0,156850.0,155600.0,154440.0,153230.0,151330.0,149577.0,148752.0,147497.0,146759.0,150456.0,149658.0,149020.0,149082.0,149027.0,148458.0,145721.0,148499.0,148955.0,148255.0,147254.0,148412.0
EE008,3,Lõuna-Eesti,2024,TOTAL,TOTAL,NR,374635.0,377849.0,379847.0,381647.0,383890.0,386113.0,387721.0,387723.0,387020.0,388021.0,388222.0,389521.0,391736.0,393143.0,394048.0,394679.0,394921.0,394941.0,395328.0,394917.0,394243.0,394163.0,394434.0,394621.0,394599.0,394474.0,394534.0,394975.0,395274.0,394445.0,392943.0,392950.0,392903.0,385465.0,378271.0,371808.0,366793.0,362258.0,358698.0,355429.0,364550.0,363040.0,360800.0,358020.0,353010.0,348410.0,344250.0,340050.0,337290.0,335100.0,332820.0,330210.0,327322.0,327049.0,324022.0,321716.0,318843.0,317454.0,317115.0,317539.0,316186.0,315204.0,316847.0,322233.0,323265.0,321690.0,319518.0,322027.0
EE009,3,Kesk-Eesti,2024,TOTAL,TOTAL,NR,157283.0,158633.0,159398.0,160077.0,160940.0,161792.0,162385.0,162304.0,161925.0,162258.0,162255.0,162709.0,163532.0,164015.0,164286.0,164441.0,164433.0,164331.0,164380.0,164095.0,163700.0,163550.0,163517.0,163446.0,163287.0,163084.0,162954.0,162980.0,162945.0,162443.0,161662.0,161406.0,160738.0,156490.0,152227.0,149237.0,147883.0,146854.0,145522.0,143878.0,147900.0,147120.0,146030.0,144440.0,142260.0,139880.0,138080.0,136310.0,134660.0,133300.0,131790.0,129780.0,127861.0,128287.0,126391.0,125222.0,125922.0,124984.0,123751.0,123009.0,122318.0,121335.0,121931.0,123718.0,123866.0,122870.0,122041.0,122999.0
EE00A,3,Kirde-Eesti,2024,TOTAL,TOTAL,NR,135172.0,136332.0,140508.0,144705.0,149168.0,153727.0,158144.0,161987.0,165597.0,170008.0,174154.0,178882.0,181745.0,184275.0,186605.0,188839.0,190918.0,192917.0,195125.0,196968.0,198701.0,200760.0,202682.0,204586.0,206407.0,208198.0,210111.0,212256.0,214354.0,215865.0,217023.0,216666.0,213715.0,205415.0,198554.0,192456.0,187724.0,183666.0,180697.0,177711.0,183850.0,181510.0,178210.0,175020.0,172450.0,170090.0,167970.0,165540.0,163050.0,160840.0,158800.0,156110.0,153716.0,148118.0,145806.0,144020.0,142934.0,140511.0,138266.0,136418.0,134259.0,131913.0,132736.0,133358.0,132286.0,130156.0,129277.0,130292.0
EL301,3,Voreios Tomeas Athinon,2024,TOTAL,TOTAL,NR,190530.0,191968.0,200418.0,208007.0,215697.0,223356.0,231641.0,240714.0,249591.0,258092.0,265673.0,273562.0,284325.0,295575.0,305393.0,316327.0,329989.0,345453.0,358026.0,374165.0,386894.0,401626.0,411811.0,422354.0,432460.0,442488.0,451785.0,461435.0,470876.0,480925.0,489284.0,507656.0,519203.0,528108.0,536208.0,543485.0,550871.0,557230.0,564707.0,571647.0,576752.0,583217.0,586065.0,591910.0,596957.0,601740.0,606545.0,610082.0,613000.0,615895.0,617820.0,617596.0,617628.0,614951.0,612664.0,611321.0,609458.0,607567.0,606203.0,604158.0,603906.0,602256.0,600247.0,598143.0,594942.0,592494.0,592166.0,592060.0
EL302,3,Dytikos Tomeas Athinon,2024,TOTAL,TOTAL,NR,232238.0,233991.0,248130.0,261248.0,274521.0,287777.0,301873.0,317045.0,332012.0,346520.0,359815.0,373541.0,378643.0,384271.0,387957.0,392995.0,401260.0,411454.0,417987.0,428470.0,434845.0,443315.0,446326.0,449627.0,452369.0,454951.0,456721.0,458798.0,460615.0,462975.0,463672.0,473703.0,478893.0,481843.0,484098.0,485831.0,487832.0,489183.0,491801.0,494229.0,495298.0,497776.0,498942.0,501311.0,503233.0,505177.0,507426.0,508831.0,509984.0,511296.0,511949.0,510883.0,506138.0,498939.0,491954.0,485820.0,479019.0,483619.0,482269.0,481626.0,482196.0,484170.0,478090.0,472628.0,467122.0,462105.0,461849.0,461767.0
EL303,3,Kentrikos Tomeas Athinon,2024,TOTAL,TOTAL,NR,806558.0,812646.0,846884.0,877463.0,908467.0,939319.0,972798.0,1009565.0,1045489.0,1079817.0,1110297.0,1142047.0,1147588.0,1154596.0,1155682.0,1160718.0,1175096.0,1194815.0,1203652.0,1223583.0,1231545.0,1245235.0,1241643.0,1238719.0,1234105.0,1228938.0,1221480.0,1214766.0,1207279.0,1201124.0,1190598.0,1203775.0,1211705.0,1212876.0,1212574.0,1210159.0,1208182.0,1203603.0,1201232.0,1197439.0,1189631.0,1184667.0,1166820.0,1160953.0,1153640.0,1145768.0,1137812.0,1127416.0,1115832.0,1104107.0,1090838.0,1073971.0,1061679.0,1040148.0,1019277.0,1005342.0,993209.0,986760.0,989377.0,997050.0,1008258.0,1010861.0,1000231.0,991335.0,983144.0,977993.0,977451.0,977277.0
EL304,3,Notios Tomeas Athinon,2024,TOTAL,TOTAL,NR,191180.0,192623.0,203693.0,213919.0,224267.0,234598.0,245609.0,257489.0,269196.0,280524.0,290867.0,301557.0,312487.0,323938.0,333814.0,344903.0,358950.0,374932.0,387755.0,404419.0,417378.0,432483.0,438337.0,444511.0,450166.0,455693.0,460428.0,465492.0,470314.0,475710.0,479412.0,492829.0,501668.0,507901.0,513376.0,518046.0,522839.0,526633.0,531479.0,535799.0,538390.0,542265.0,542274.0,545571.0,548143.0,550466.0,552793.0,553947.0,554526.0,555055.0,554701.0,552403.0,551108.0,547703.0,544553.0,542007.0,538768.0,543092.0,540605.0,537298.0,535418.0,532527.0,528616.0,524747.0,520407.0,516991.0,516704.0,516612.0
EL305,3,Anatoliki Attiki,2024,TOTAL,TOTAL,NR,95911.0,96635.0,99969.0,102864.0,105802.0,108719.0,111932.0,115516.0,118992.0,122279.0,125125.0,128112.0,133733.0,139590.0,144776.0,150495.0,157521.0,165424.0,171955.0,180212.0,186839.0,194443.0,202499.0,210769.0,218855.0,226933.0,234658.0,242585.0,250422.0,258603.0,265889.0,278674.0,289439.0,299299.0,309187.0,319115.0,329603.0,339996.0,351622.0,363487.0,374700.0,387311.0,399501.0,412887.0,426251.0,439972.0,454331.0,468285.0,482359.0,496949.0,511228.0,523999.0,526323.0,527215.0,527840.0,526821.0,525307.0,527352.0,525233.0,522092.0,519947.0,521503.0,518193.0,522019.0,528510.0,536875.0,536577.0,536481.0
EL306,3,Dytiki Attiki,2024,TOTAL,TOTAL,NR,59703.0,60154.0,62473.0,64521.0,66597.0,68662.0,70916.0,73407.0,75835.0,78144.0,80173.0,82293.0,83365.0,84553.0,85313.0,86369.0,88134.0,90321.0,91703.0,93950.0,95296.0,97099.0,99589.0,102166.0,104637.0,107090.0,109366.0,111728.0,114039.0,116498.0,118548.0,123024.0,126501.0,129360.0,131973.0,134396.0,136815.0,139018.0,141549.0,144004.0,146050.0,148475.0,151231.0,153571.0,155707.0,157818.0,160015.0,161912.0,163719.0,165562.0,167133.0,168045.0,168630.0,168512.0,168392.0,167793.0,167068.0,167033.0,166041.0,164587.0,163436.0,167896.0,165351.0,164848.0,164555.0,164369.0,164278.0,164249.0
EL307,3,"Peiraias, Nisoi",2024,TOTAL,TOTAL,NR,454335.0,457764.0,462931.0,465939.0,469070.0,472032.0,476193.0,481785.0,486777.0,490874.0,493133.0,495909.0,497860.0,500441.0,500450.0,502168.0,507919.0,515963.0,519293.0,527403.0,530337.0,535728.0,535628.0,535829.0,535320.0,534586.0,532867.0,531481.0,529769.0,528653.0,525620.0,533087.0,538456.0,541139.0,543212.0,544584.0,546265.0,547045.0,549074.0,550697.0,550706.0,552188.0,549426.0,550672.0,551323.0,551852.0,552519.0,552129.0,551307.0,550593.0,549202.0,546015.0,544094.0,539602.0,535530.0,532446.0,528450.0,527713.0,525752.0,523089.0,521920.0,518997.0,516970.0,515385.0,513995.0,513445.0,513160.0,513069.0
EL411,3,"Lesvos, Limnos",2024,TOTAL,TOTAL,NR,139235.0,140286.0,138409.0,135845.0,133291.0,130664.0,128337.0,126344.0,124137.0,121657.0,118695.0,115841.0,114435.0,113149.0,111264.0,109745.0,109073.0,108832.0,107546.0,107198.0,105747.0,104746.0,104986.0,105288.0,105453.0,105577.0,105508.0,105507.0,105444.0,105501.0,101356.0,106959.0,105842.0,104681.0,104295.0,104144.0,104174.0,103950.0,103329.0,102864.0,102837.0,102899.0,103745.0,103653.0,103518.0,103648.0,104073.0,103991.0,103977.0,104173.0,104189.0,104277.0,102768.0,100775.0,98834.0,97085.0,95223.0,97841.0,98261.0,101488.0,103733.0,101766.0,100240.0,100604.0,105748.0,112520.0,112458.0,112438.0
EL412,3,"Ikaria, Samos",2024,TOTAL,TOTAL,NR,51660.0,52050.0,51270.0,50234.0,49202.0,48142.0,47191.0,46362.0,45453.0,44443.0,43255.0,42107.0,41811.0,41561.0,41094.0,40764.0,40752.0,40909.0,40679.0,40812.0,40531.0,40428.0,40666.0,40930.0,41142.0,41340.0,41464.0,41615.0,41742.0,41918.0,40420.0,42813.0,42456.0,42452.0,42298.0,42231.0,42348.0,42299.0,42221.0,41843.0,41525.0,41423.0,42315.0,42489.0,42560.0,42578.0,42378.0,41959.0,42226.0,42551.0,42884.0,43192.0,42802.0,42158.0,41573.0,40889.0,40156.0,40874.0,42533.0,43502.0,44242.0,43504.0,42746.0,42168.0,42461.0,43010.0,42986.0,42978.0
EL413,3,Chios,2024,TOTAL,TOTAL,NR,61707.0,62173.0,61630.0,60785.0,59947.0,59078.0,58347.0,57774.0,57108.0,56321.0,55313.0,54358.0,53775.0,53250.0,52443.0,51810.0,51578.0,51553.0,51034.0,50964.0,50371.0,49995.0,50307.0,50652.0,50933.0,51196.0,51368.0,51574.0,51750.0,51987.0,50147.0,53135.0,52951.0,52955.0,52633.0,52503.0,52564.0,52533.0,52592.0,52708.0,52542.0,52452.0,53315.0,53233.0,53082.0,52951.0,52736.0,52241.0,52472.0,52793.0,53106.0,53362.0,52956.0,52401.0,51857.0,51233.0,50514.0,50569.0,51904.0,52614.0,53009.0,52234.0,51611.0,51449.0,51842.0,52397.0,52368.0,52359.0
EL421,3,"Kalymnos, Karpathos, Kos, Rodos",2024,TOTAL,TOTAL,NR,121676.0,122594.0,122908.0,122635.0,122387.0,122087.0,122088.0,122439.0,122621.0,122562.0,122037.0,121635.0,123249.0,125033.0,126185.0,127776.0,130415.0,133680.0,135755.0,139111.0,141132.0,143832.0,145570.0,147411.0,149078.0,150700.0,152059.0,153525.0,154910.0,156483.0,157656.0,161699.0,167450.0,170507.0,173425.0,175904.0,179825.0,183402.0,186799.0,189690.0,191153.0,193149.0,195604.0,196799.0,197927.0,200432.0,202759.0,204598.0,205642.0,206641.0,206328.0,206698.0,206176.0,205001.0,203918.0,202967.0,201854.0,204006.0,205077.0,206682.0,208321.0,207269.0,206722.0,207343.0,208928.0,211087.0,210970.0,210932.0
EL422,3,"Andros, Thira, Kea, Milos, Mykonos, Naxos, Paros, Syros, Tinos",2024,TOTAL,TOTAL,NR,99122.0,99870.0,98968.0,97581.0,96205.0,94779.0,93575.0,92622.0,91520.0,90224.0,88574.0,87008.0,86836.0,86768.0,86248.0,86020.0,86472.0,87299.0,87313.0,88117.0,88042.0,88364.0,88855.0,89402.0,89837.0,90240.0,90480.0,90780.0,91028.0,91383.0,91500.0,93272.0,98354.0,100413.0,102463.0,104517.0,106807.0,108860.0,110635.0,112271.0,114801.0,118063.0,120274.0,120516.0,120886.0,121366.0,121953.0,122873.0,123883.0,125174.0,126324.0,127285.0,126871.0,126282.0,125897.0,125326.0,124808.0,124312.0,123816.0,123292.0,122835.0,122205.0,120925.0,119090.0,117445.0,115949.0,115885.0,115864.0
EL431,3,Irakleio,2024,TOTAL,TOTAL,NR,205976.0,207531.0,208522.0,208525.0,208572.0,208535.0,209015.0,210102.0,210907.0,211305.0,210902.0,210714.0,212897.0,215368.0,216744.0,218870.0,222780.0,227740.0,230655.0,235732.0,238532.0,242467.0,244813.0,247326.0,249539.0,251672.0,253361.0,255224.0,256949.0,258980.0,263146.0,266442.0,269137.0,271259.0,273112.0,275114.0,276836.0,278561.0,280704.0,282576.0,284118.0,286042.0,291398.0,292471.0,293742.0,295371.0,297286.0,299140.0,301083.0,303484.0,305833.0,307717.0,308273.0,308061.0,307901.0,307544.0,307060.0,306727.0,306674.0,306980.0,307367.0,306587.0,304810.0,303463.0,302495.0,301598.0,301431.0,301377.0
EL432,3,Lasithi,2024,TOTAL,TOTAL,NR,73196.0,73747.0,73317.0,72530.0,71753.0,70942.0,70298.0,69847.0,69288.0,68586.0,67617.0,66713.0,66762.0,66893.0,66678.0,66690.0,67232.0,68072.0,68283.0,69118.0,69268.0,69734.0,69852.0,70011.0,70078.0,70118.0,70029.0,69985.0,69899.0,69893.0,70453.0,70769.0,70975.0,71290.0,71649.0,71880.0,72141.0,72396.0,72648.0,72632.0,72488.0,72458.0,74934.0,74988.0,74920.0,74964.0,74968.0,75194.0,75310.0,75596.0,75708.0,75844.0,76294.0,76652.0,76974.0,77289.0,77453.0,77647.0,77754.0,77882.0,77901.0,77882.0,77700.0,77380.0,77216.0,77131.0,77088.0,77074.0
EL433,3,Rethymni,2024,TOTAL,TOTAL,NR,69338.0,69861.0,69284.0,68367.0,67458.0,66515.0,65729.0,65119.0,64406.0,63557.0,62459.0,61421.0,61306.0,61263.0,60902.0,60747.0,61073.0,61663.0,61679.0,62254.0,62208.0,62442.0,63085.0,63771.0,64381.0,64970.0,65445.0,65965.0,66450.0,67014.0,68131.0,69024.0,69690.0,70301.0,70934.0,71631.0,72433.0,73147.0,73938.0,74719.0,75552.0,76582.0,78679.0,79385.0,80129.0,80979.0,81774.0,82666.0,83465.0,84508.0,85449.0,86284.0,86307.0,86103.0,85929.0,85781.0,85594.0,85509.0,85279.0,85018.0,84801.0,84633.0,84837.0,85049.0,85285.0,85716.0,85669.0,85654.0
EL434,3,Chania,2024,TOTAL,TOTAL,NR,129819.0,130799.0,130255.0,129080.0,127923.0,126706.0,125793.0,125227.0,124472.0,123461.0,121973.0,120604.0,120651.0,120844.0,120413.0,120389.0,121324.0,122794.0,123129.0,124586.0,124808.0,125600.0,126266.0,127011.0,127596.0,128134.0,128442.0,128835.0,129154.0,129623.0,131151.0,132235.0,134077.0,135149.0,136414.0,137577.0,138992.0,140253.0,141642.0,142608.0,143441.0,144590.0,144833.0,146299.0,147635.0,149176.0,150654.0,151988.0,153286.0,154729.0,156123.0,157299.0,157624.0,157572.0,157573.0,157564.0,157469.0,157479.0,157320.0,157239.0,157094.0,156770.0,156553.0,156354.0,156446.0,156676.0,156589.0,156561.0
EL511,3,Evros,2024,TOTAL,TOTAL,NR,156377.0,157557.0,156401.0,154480.0,152578.0,150600.0,148977.0,147759.0,146308.0,144550.0,142228.0,140042.0,140288.0,140708.0,140401.0,140572.0,141866.0,143790.0,144392.0,146315.0,146794.0,147946.0,147736.0,147607.0,147280.0,146889.0,146226.0,145653.0,144990.0,144488.0,144946.0,145297.0,145204.0,145050.0,145040.0,145078.0,146556.0,145407.0,145538.0,145195.0,144643.0,144402.0,144134.0,144560.0,144884.0,145383.0,145895.0,146507.0,147119.0,147837.0,147231.0,147283.0,146556.0,145104.0,143783.0,142411.0,140996.0,139649.0,138225.0,136788.0,135515.0,133932.0,133428.0,133244.0,134532.0,136419.0,136343.0,136319.0
EL512,3,Xanthi,2024,TOTAL,TOTAL,NR,88721.0,89391.0,89120.0,88417.0,87729.0,86999.0,86479.0,86200.0,85792.0,85210.0,84299.0,83470.0,83645.0,83924.0,83770.0,83901.0,84702.0,85882.0,86272.0,87452.0,87770.0,88491.0,88861.0,89286.0,89597.0,89874.0,89989.0,90163.0,90285.0,90510.0,91346.0,92125.0,93199.0,94229.0,95458.0,96714.0,97997.0,99139.0,100452.0,101482.0,102334.0,103258.0,104099.0,105221.0,106219.0,107300.0,108294.0,109224.0,110001.0,110939.0,111854.0,112534.0,112655.0,112379.0,112086.0,111825.0,111444.0,111130.0,110707.0,110177.0,109701.0,109032.0,108011.0,107594.0,107668.0,107954.0,107894.0,107875.0
EL513,3,Rodopi,2024,TOTAL,TOTAL,NR,107962.0,108777.0,109087.0,108878.0,108690.0,108457.0,108491.0,108837.0,109033.0,109016.0,108584.0,108261.0,107852.0,107568.0,106723.0,106237.0,106588.0,107393.0,107194.0,107959.0,107641.0,107804.0,107509.0,107271.0,106887.0,106456.0,105827.0,105261.0,104629.0,104113.0,104286.0,104378.0,104431.0,104499.0,104470.0,104517.0,104659.0,104591.0,104623.0,104301.0,103834.0,103572.0,106252.0,106996.0,107800.0,108595.0,109420.0,110192.0,110913.0,111729.0,112526.0,113082.0,112382.0,111297.0,110289.0,109298.0,108465.0,107580.0,106581.0,105696.0,104900.0,103843.0,104016.0,104771.0,105760.0,106838.0,106779.0,106760.0
EL514,3,Drama,2024,TOTAL,TOTAL,NR,120353.0,121261.0,118859.0,115857.0,112859.0,109792.0,106969.0,104412.0,101662.0,98676.0,95293.0,91992.0,91907.0,91932.0,91480.0,91337.0,91920.0,92903.0,93024.0,93990.0,94021.0,94478.0,94600.0,94776.0,94829.0,94843.0,94684.0,94584.0,94428.0,94379.0,94961.0,95479.0,95785.0,95769.0,95808.0,95608.0,95523.0,95421.0,95672.0,95792.0,95612.0,95780.0,96234.0,96442.0,96556.0,96778.0,97005.0,97460.0,97696.0,98167.0,98460.0,98690.0,97594.0,96225.0,94968.0,93818.0,92554.0,91514.0,90584.0,89808.0,89012.0,87402.0,86375.0,86137.0,87340.0,89067.0,89018.0,89002.0
EL515,3,"Thasos, Kavala",2024,TOTAL,TOTAL,NR,139582.0,140636.0,139369.0,137418.0,135483.0,133478.0,131785.0,130446.0,128898.0,127075.0,124755.0,122553.0,123228.0,124061.0,124258.0,124881.0,126511.0,128718.0,129754.0,131990.0,132936.0,134502.0,134631.0,134837.0,134866.0,134840.0,134567.0,134379.0,134110.0,133993.0,134771.0,135457.0,134630.0,134343.0,133940.0,134433.0,135057.0,134517.0,135158.0,135865.0,136327.0,137271.0,138770.0,138866.0,139053.0,139202.0,139420.0,139582.0,139682.0,139967.0,140041.0,139984.0,139177.0,137977.0,136693.0,135703.0,134642.0,133624.0,132890.0,132271.0,131791.0,130462.0,128957.0,127261.0,126025.0,124917.0,124848.0,124826.0
EL521,3,Imathia,2024,TOTAL,TOTAL,NR,112578.0,113428.0,114246.0,114526.0,114832.0,115094.0,115644.0,116534.0,117272.0,117788.0,117860.0,118053.0,119038.0,120180.0,120710.0,121655.0,123588.0,126095.0,127464.0,130022.0,131317.0,133232.0,133810.0,134472.0,134962.0,135401.0,135596.0,135880.0,136085.0,136447.0,137728.0,138926.0,138563.0,138898.0,138985.0,138672.0,138261.0,137885.0,138203.0,138237.0,137824.0,137967.0,137751.0,138295.0,138761.0,139248.0,139769.0,140622.0,141289.0,142044.0,142835.0,143287.0,142471.0,141295.0,140206.0,138974.0,137576.0,136859.0,135934.0,135249.0,134547.0,132811.0,130642.0,129178.0,129143.0,129663.0,129591.0,129568.0
EL522,3,Thessaloniki,2024,TOTAL,TOTAL,NR,537284.0,541339.0,559450.0,575093.0,590977.0,606735.0,624147.0,643612.0,662473.0,680273.0,695615.0,711742.0,723365.0,736018.0,744968.0,756529.0,774336.0,795923.0,810480.0,832744.0,847074.0,865520.0,876147.0,887401.0,897607.0,907545.0,915898.0,924899.0,933411.0,943055.0,959157.0,974833.0,979308.0,989328.0,1001366.0,1010972.0,1021806.0,1032964.0,1046893.0,1060207.0,1068709.0,1085121.0,1087329.0,1095721.0,1103632.0,1111060.0,1118880.0,1124921.0,1128970.0,1133889.0,1138290.0,1139647.0,1136081.0,1128869.0,1122381.0,1116258.0,1109670.0,1108207.0,1106397.0,1105875.0,1105741.0,1098879.0,1090902.0,1087802.0,1084183.0,1081843.0,1081243.0,1081050.0
EL523,3,Kilkis,2024,TOTAL,TOTAL,NR,101159.0,101923.0,100559.0,98695.0,96839.0,94930.0,93238.0,91790.0,90186.0,88383.0,86230.0,84156.0,83672.0,83284.0,82460.0,81911.0,82005.0,82443.0,82105.0,82500.0,82063.0,81989.0,81553.0,81158.0,80650.0,80104.0,79407.0,78757.0,78055.0,77438.0,77330.0,77157.0,77431.0,77543.0,77646.0,77778.0,78054.0,78273.0,78601.0,78681.0,78482.0,78454.0,80016.0,80726.0,80793.0,80906.0,80915.0,80947.0,80954.0,80756.0,81340.0,81770.0,81015.0,79889.0,78751.0,77587.0,76375.0,76052.0,75050.0,74172.0,73310.0,71759.0,70196.0,69408.0,69472.0,69858.0,69819.0,69807.0
EL524,3,Pella,2024,TOTAL,TOTAL,NR,131841.0,132836.0,132705.0,131936.0,131189.0,130383.0,129894.0,129770.0,129458.0,128887.0,127821.0,126881.0,126905.0,127084.0,126604.0,126554.0,127511.0,129029.0,129354.0,130857.0,131062.0,131865.0,132438.0,133094.0,133580.0,134016.0,134210.0,134491.0,134695.0,135055.0,136324.0,137511.0,138179.0,138571.0,138995.0,139104.0,139258.0,139287.0,139646.0,139788.0,139562.0,139762.0,140526.0,140779.0,140864.0,140999.0,141175.0,141412.0,141790.0,142102.0,142344.0,142285.0,140989.0,139503.0,138088.0,136741.0,135414.0,134274.0,132940.0,131676.0,130345.0,128565.0,126280.0,124003.0,122186.0,120515.0,120448.0,120427.0
EL525,3,Pieria,2024,TOTAL,TOTAL,NR,97279.0,98013.0,97850.0,97216.0,96598.0,95936.0,95506.0,95344.0,95043.0,94550.0,93693.0,92929.0,93851.0,94900.0,95466.0,96361.0,98042.0,100183.0,101424.0,103615.0,104803.0,106489.0,107197.0,107974.0,108617.0,109221.0,109630.0,110113.0,110533.0,111083.0,112386.0,113625.0,114714.0,115454.0,116093.0,116387.0,116583.0,116811.0,117488.0,117929.0,117732.0,118036.0,118610.0,119533.0,120421.0,121348.0,122536.0,123770.0,124887.0,126360.0,127710.0,128958.0,128706.0,128117.0,127551.0,126852.0,126096.0,125164.0,124413.0,123607.0,122842.0,121213.0,119054.0,117400.0,116209.0,115101.0,115037.0,115015.0
EL526,3,Serres,2024,TOTAL,TOTAL,NR,246241.0,248100.0,244767.0,240219.0,235689.0,231031.0,226901.0,223363.0,219446.0,215044.0,209792.0,204731.0,203247.0,201989.0,199673.0,198021.0,197916.0,198630.0,197467.0,198057.0,196642.0,196088.0,195324.0,194661.0,193731.0,192713.0,191333.0,190068.0,188682.0,187501.0,187558.0,187465.0,186899.0,186962.0,186897.0,186638.0,186547.0,186185.0,186422.0,186410.0,185056.0,184188.0,183282.0,182954.0,182487.0,182078.0,181760.0,181655.0,181367.0,181287.0,181033.0,180267.0,177604.0,174204.0,171172.0,168310.0,165267.0,162516.0,160395.0,158403.0,156527.0,153399.0,150639.0,149749.0,151718.0,154728.0,154642.0,154614.0
EL527,3,Chalkidiki,2024,TOTAL,TOTAL,NR,81172.0,81785.0,81460.0,80741.0,80033.0,79288.0,78733.0,78395.0,77940.0,77325.0,76411.0,75571.0,75742.0,76006.0,75879.0,76010.0,76750.0,77831.0,78198.0,79282.0,79583.0,80251.0,80923.0,81649.0,82275.0,82873.0,83324.0,83832.0,84294.0,84856.0,85994.0,87087.0,89911.0,91206.0,92509.0,93722.0,94859.0,95990.0,97589.0,99262.0,101060.0,103225.0,104525.0,104467.0,104608.0,104878.0,105209.0,105915.0,106647.0,107542.0,108354.0,109223.0,109100.0,108591.0,108130.0,107680.0,107190.0,106767.0,106311.0,105806.0,105351.0,104613.0,103607.0,102451.0,101526.0,100692.0,100636.0,100618.0
EL531,3,"Grevena, Kozani",2024,TOTAL,TOTAL,NR,192021.0,193470.0,191947.0,189485.0,187045.0,184512.0,182412.0,180805.0,178913.0,176643.0,173683.0,170889.0,171417.0,172160.0,172017.0,172460.0,174286.0,176894.0,177881.0,180502.0,181347.0,183030.0,183201.0,183477.0,183512.0,183473.0,183097.0,182836.0,182466.0,182302.0,183355.0,184284.0,185915.0,186276.0,186655.0,186750.0,186851.0,186642.0,186844.0,186843.0,186510.0,186622.0,187738.0,186975.0,186287.0,185716.0,185152.0,184787.0,184349.0,184061.0,183642.0,183178.0,181669.0,179622.0,177744.0,176114.0,174303.0,172632.0,171086.0,169493.0,167843.0,165800.0,163339.0,160737.0,158702.0,156828.0,156741.0,156713.0
EL532,3,Kastoria,2024,TOTAL,TOTAL,NR,48136.0,48499.0,48483.0,48235.0,47994.0,47733.0,47587.0,47577.0,47497.0,47323.0,46968.0,46659.0,47097.0,47598.0,47857.0,48281.0,49098.0,50145.0,50740.0,51810.0,52378.0,53194.0,53254.0,53345.0,53367.0,53366.0,53268.0,53203.0,53107.0,53071.0,53389.0,53671.0,53688.0,53525.0,53342.0,53114.0,52966.0,52617.0,52307.0,51870.0,51144.0,50537.0,50898.0,51160.0,51231.0,51286.0,51322.0,51324.0,51227.0,51125.0,51041.0,50815.0,50417.0,49961.0,49508.0,49123.0,48675.0,48275.0,47826.0,47445.0,46946.0,46478.0,45796.0,45035.0,44356.0,43827.0,43803.0,43795.0
EL533,3,Florina,2024,TOTAL,TOTAL,NR,69786.0,70313.0,69072.0,67485.0,65900.0,64277.0,62798.0,61478.0,60048.0,58481.0,56679.0,54928.0,54496.0,54125.0,53469.0,52991.0,52927.0,53080.0,52731.0,52849.0,52430.0,52241.0,52304.0,52397.0,52421.0,52424.0,52331.0,52271.0,52180.0,52148.0,52464.0,52745.0,52209.0,51993.0,51860.0,51530.0,51343.0,50993.0,50666.0,50175.0,49502.0,48848.0,49177.0,49990.0,50282.0,50629.0,50741.0,50744.0,51120.0,51486.0,51767.0,51906.0,51282.0,50549.0,49889.0,49300.0,48668.0,48093.0,47485.0,46860.0,46222.0,45597.0,44740.0,44037.0,43466.0,42920.0,42896.0,42888.0
EL541,3,"Arta, Preveza",2024,TOTAL,TOTAL,NR,143766.0,144851.0,144471.0,143393.0,142337.0,141216.0,140435.0,140046.0,139450.0,138570.0,137157.0,135878.0,135421.0,135122.0,134120.0,133568.0,134070.0,135145.0,134958.0,135985.0,135652.0,135925.0,135749.0,135647.0,135364.0,135022.0,134430.0,133921.0,133329.0,132886.0,133326.0,133667.0,132931.0,132349.0,132299.0,131681.0,131546.0,131288.0,131327.0,131544.0,130988.0,131031.0,132770.0,131931.0,131259.0,130581.0,130030.0,129876.0,129664.0,129512.0,129346.0,129141.0,128272.0,127007.0,125833.0,124802.0,123570.0,122727.0,121838.0,120981.0,120152.0,119043.0,118039.0,116760.0,115736.0,115007.0,114943.0,114923.0
EL542,3,Thesprotia,2024,TOTAL,TOTAL,NR,51738.0,52128.0,51237.0,50089.0,48944.0,47770.0,46704.0,45756.0,44727.0,43596.0,42292.0,41024.0,40903.0,40829.0,40543.0,40394.0,40563.0,40907.0,40869.0,41199.0,41117.0,41220.0,41313.0,41431.0,41495.0,41543.0,41515.0,41513.0,41487.0,41508.0,41808.0,42080.0,40602.0,41836.0,41810.0,42195.0,42040.0,41985.0,42449.0,42250.0,41934.0,42272.0,42313.0,42417.0,42521.0,42744.0,42946.0,43217.0,43539.0,43925.0,44300.0,44687.0,44412.0,44064.0,43781.0,43550.0,43203.0,42858.0,42515.0,42116.0,41770.0,41273.0,40702.0,40375.0,40228.0,40170.0,40148.0,40141.0
EL543,3,Ioannina,2024,TOTAL,TOTAL,NR,154439.0,155605.0,154248.0,152135.0,150038.0,147865.0,146039.0,144605.0,142940.0,140972.0,138452.0,136063.0,136583.0,137276.0,137262.0,137718.0,139279.0,141469.0,142365.0,144572.0,145359.0,146820.0,147509.0,148291.0,148884.0,149422.0,149690.0,150057.0,150338.0,150792.0,152263.0,153643.0,155546.0,156904.0,158271.0,159474.0,159218.0,160432.0,161693.0,163359.0,164591.0,166486.0,167249.0,167821.0,168343.0,169129.0,169940.0,170693.0,171207.0,171730.0,172314.0,172675.0,171169.0,169117.0,167266.0,165559.0,163905.0,162628.0,162095.0,161835.0,161781.0,160364.0,160473.0,161360.0,164734.0,168884.0,168790.0,168760.0
EL611,3,"Karditsa, Trikala",2024,TOTAL,TOTAL,NR,292979.0,295190.0,293578.0,290537.0,287536.0,284396.0,281932.0,280242.0,278123.0,275426.0,271662.0,268159.0,266407.0,264955.0,262115.0,260150.0,260220.0,261374.0,260063.0,261067.0,259433.0,258941.0,259462.0,260137.0,260473.0,260706.0,260463.0,260386.0,260155.0,260220.0,262028.0,263663.0,263489.0,262837.0,261954.0,260784.0,259638.0,258125.0,256677.0,255118.0,253109.0,251411.0,255215.0,253728.0,252276.0,250971.0,250100.0,250007.0,249734.0,249894.0,249921.0,249762.0,247871.0,245386.0,243431.0,241563.0,239747.0,237991.0,235853.0,234011.0,232087.0,229845.0,227629.0,225493.0,223764.0,222314.0,222191.0,222151.0
EL612,3,Larisa,2024,TOTAL,TOTAL,NR,229323.0,231054.0,232124.0,232094.0,232113.0,232037.0,232537.0,233712.0,234572.0,234980.0,234496.0,234251.0,235173.0,236393.0,236397.0,237209.0,239926.0,243726.0,245299.0,249131.0,250517.0,253064.0,255086.0,257277.0,259151.0,260938.0,262261.0,263762.0,265116.0,266784.0,270263.0,273599.0,275767.0,277236.0,278679.0,279856.0,280946.0,281885.0,283159.0,284348.0,285077.0,286422.0,287186.0,287169.0,287314.0,287498.0,287994.0,288709.0,289123.0,289712.0,290276.0,290289.0,288636.0,286334.0,284036.0,281696.0,279332.0,277556.0,276110.0,274852.0,273535.0,271180.0,268424.0,266264.0,265788.0,266074.0,265927.0,265880.0
EL613,3,Magnisia,2024,TOTAL,TOTAL,NR,162051.0,163274.0,163715.0,163376.0,163069.0,162694.0,162718.0,163211.0,163478.0,163425.0,162751.0,162240.0,163429.0,164832.0,165392.0,166522.0,169000.0,172258.0,173957.0,177274.0,178865.0,181297.0,182887.0,184601.0,186088.0,187514.0,188608.0,189831.0,190950.0,192295.0,194948.0,197501.0,198641.0,199166.0,199512.0,199658.0,199957.0,200276.0,200830.0,201137.0,201235.0,201670.0,202938.0,202751.0,202984.0,203130.0,203671.0,204494.0,205062.0,205963.0,206779.0,207639.0,206571.0,204930.0,203407.0,201983.0,200518.0,199168.0,197631.0,196083.0,194558.0,192635.0,190397.0,189080.0,188169.0,187652.0,187548.0,187515.0
EL621,3,Zakynthos,2024,TOTAL,TOTAL,NR,35219.0,35485.0,35120.0,34582.0,34047.0,33495.0,33020.0,32634.0,32194.0,31685.0,31051.0,30447.0,30287.0,30163.0,29880.0,29698.0,29748.0,29924.0,29819.0,29980.0,29840.0,29832.0,30094.0,30376.0,30621.0,30855.0,31035.0,31237.0,31421.0,31642.0,32079.0,32499.0,33826.0,34418.0,35070.0,35673.0,36348.0,36990.0,37703.0,38419.0,39003.0,39633.0,39794.0,39971.0,40050.0,40231.0,40392.0,40599.0,40685.0,40855.0,40937.0,40950.0,41066.0,41052.0,41119.0,41221.0,41223.0,41278.0,41318.0,41395.0,41406.0,41388.0,41173.0,40757.0,40384.0,40121.0,40099.0,40092.0
EL622,3,Kerkyra,2024,TOTAL,TOTAL,NR,100790.0,101551.0,101123.0,100205.0,99302.0,98352.0,97636.0,97191.0,96599.0,95809.0,94648.0,93579.0,93785.0,94107.0,93944.0,94101.0,95010.0,96343.0,96791.0,98126.0,98493.0,99313.0,99772.0,100293.0,100687.0,101044.0,101218.0,101458.0,101640.0,101940.0,102927.0,103852.0,105496.0,105786.0,106076.0,105744.0,105417.0,105149.0,105470.0,105728.0,105452.0,105794.0,106638.0,106172.0,105790.0,105445.0,105257.0,105169.0,105164.0,105185.0,105155.0,105234.0,105515.0,105322.0,105192.0,105048.0,104722.0,104446.0,103979.0,103585.0,103165.0,102564.0,101391.0,99937.0,98763.0,97697.0,97643.0,97626.0
EL623,3,"Ithaki, Kefallinia",2024,TOTAL,TOTAL,NR,44726.0,45064.0,44374.0,43462.0,42553.0,41621.0,40782.0,40049.0,39246.0,38355.0,37311.0,36301.0,35714.0,35162.0,34423.0,33796.0,33427.0,33185.0,32619.0,32334.0,31711.0,31220.0,31342.0,31483.0,31584.0,31673.0,31704.0,31756.0,31790.0,31860.0,32145.0,32410.0,32860.0,33051.0,33265.0,33487.0,34086.0,34439.0,35009.0,35451.0,35915.0,36366.0,37716.0,37626.0,37603.0,37688.0,37813.0,38059.0,38272.0,38603.0,38901.0,39200.0,39261.0,39253.0,39311.0,39352.0,39289.0,39286.0,39182.0,39150.0,39024.0,38950.0,38842.0,38663.0,38530.0,38451.0,38430.0,38423.0
EL624,3,Lefkada,2024,TOTAL,TOTAL,NR,30028.0,30255.0,29909.0,29414.0,28923.0,28416.0,27975.0,27608.0,27195.0,26723.0,26146.0,25593.0,25156.0,24745.0,24201.0,23735.0,23450.0,23254.0,22830.0,22602.0,22137.0,21763.0,21705.0,21658.0,21582.0,21497.0,21371.0,21258.0,21132.0,21029.0,21066.0,21086.0,21761.0,21941.0,22071.0,22083.0,22246.0,22528.0,22845.0,23143.0,23288.0,23506.0,23927.0,23646.0,23434.0,23324.0,23241.0,23322.0,23387.0,23518.0,23682.0,23837.0,23956.0,23910.0,23945.0,23910.0,23839.0,23743.0,23604.0,23438.0,23250.0,23026.0,22760.0,22520.0,22337.0,22152.0,22140.0,22136.0
EL631,3,Aitoloakarnania,2024,TOTAL,TOTAL,NR,235276.0,237052.0,237191.0,236193.0,235238.0,234181.0,233695.0,233873.0,233719.0,233101.0,231591.0,230313.0,228583.0,227108.0,224441.0,222521.0,222338.0,223073.0,221697.0,222289.0,220628.0,219932.0,220576.0,221353.0,221845.0,222250.0,222251.0,222396.0,222409.0,222678.0,224442.0,226062.0,226709.0,226659.0,226486.0,225934.0,225151.0,224318.0,223692.0,222776.0,221229.0,220276.0,218881.0,218094.0,217203.0,216479.0,215850.0,215664.0,215247.0,215037.0,214810.0,214270.0,212841.0,210878.0,209025.0,207262.0,205323.0,203382.0,201257.0,199324.0,197259.0,195104.0,191876.0,188917.0,186231.0,183720.0,183618.0,183585.0
EL632,3,Achaia,2024,TOTAL,TOTAL,NR,237634.0,239428.0,240467.0,240364.0,240312.0,240162.0,240606.0,241748.0,242563.0,242909.0,242333.0,242004.0,244088.0,246496.0,247647.0,249653.0,253685.0,258899.0,261779.0,267100.0,269830.0,273835.0,276193.0,278736.0,280938.0,283046.0,284653.0,286454.0,288097.0,290082.0,294039.0,297844.0,302120.0,305296.0,308011.0,309940.0,311578.0,313442.0,316018.0,317007.0,318631.0,319748.0,320180.0,319173.0,318384.0,317933.0,317595.0,317034.0,316409.0,316121.0,315837.0,315165.0,315217.0,314082.0,313231.0,312521.0,311464.0,310647.0,309720.0,308657.0,307597.0,306677.0,305414.0,302849.0,301170.0,299689.0,299523.0,299470.0
EL633,3,Ileia,2024,TOTAL,TOTAL,NR,186081.0,187485.0,185988.0,183581.0,181196.0,178719.0,176662.0,175083.0,173226.0,171003.0,168114.0,165383.0,164343.0,163488.0,161778.0,160607.0,160695.0,161452.0,160689.0,161357.0,160396.0,160141.0,161622.0,163213.0,164606.0,165944.0,166989.0,168149.0,169217.0,170487.0,172917.0,175260.0,174697.0,173961.0,173169.0,172315.0,171522.0,170503.0,169563.0,168473.0,167340.0,166467.0,167285.0,165848.0,164628.0,163563.0,162606.0,162203.0,161893.0,161832.0,161622.0,161469.0,160547.0,159104.0,157768.0,156645.0,155365.0,154486.0,153604.0,152849.0,152113.0,150926.0,149474.0,149877.0,151067.0,152545.0,152460.0,152433.0
EL641,3,Voiotia,2024,TOTAL,TOTAL,NR,106615.0,107420.0,107832.0,107731.0,107653.0,107530.0,107673.0,108127.0,108434.0,108530.0,108215.0,108009.0,108458.0,109046.0,109072.0,109472.0,110751.0,112531.0,113283.0,115079.0,115746.0,116950.0,117885.0,118898.0,119766.0,120592.0,121204.0,121898.0,122525.0,123297.0,124905.0,126448.0,124547.0,123580.0,122767.0,121722.0,120913.0,120271.0,120478.0,120096.0,119403.0,119133.0,119143.0,118430.0,118098.0,117892.0,117904.0,118285.0,118533.0,119184.0,119807.0,120402.0,119281.0,117805.0,116395.0,115018.0,113485.0,112547.0,111441.0,110484.0,109460.0,107575.0,105814.0,105734.0,106762.0,108187.0,108127.0,108108.0
EL642,3,Evvoia,2024,TOTAL,TOTAL,NR,170603.0,171891.0,172608.0,172506.0,172439.0,172303.0,172592.0,173382.0,173935.0,174153.0,173710.0,173443.0,174159.0,175095.0,175132.0,175767.0,177815.0,180666.0,181868.0,184745.0,185809.0,187735.0,189301.0,190994.0,192453.0,193847.0,194897.0,196079.0,197153.0,198461.0,201118.0,203669.0,206807.0,207627.0,208266.0,208974.0,209617.0,210288.0,211740.0,213457.0,215064.0,217456.0,218267.0,217109.0,216263.0,215611.0,215291.0,215433.0,215410.0,215907.0,216571.0,217067.0,216509.0,215513.0,214808.0,213895.0,212827.0,212544.0,212538.0,212691.0,212751.0,211586.0,210346.0,209255.0,210210.0,211850.0,211733.0,211695.0
EL643,3,Evrytania,2024,TOTAL,TOTAL,NR,36570.0,36846.0,36095.0,35161.0,34228.0,33274.0,32394.0,31593.0,30735.0,29804.0,28753.0,27727.0,27500.0,27304.0,26964.0,26714.0,26672.0,26740.0,26554.0,26603.0,26382.0,26276.0,25737.0,25206.0,24636.0,24049.0,23414.0,22790.0,22148.0,21527.0,21040.0,20526.0,20478.0,20391.0,20320.0,20240.0,20215.0,20115.0,20041.0,19952.0,19847.0,19744.0,19856.0,19983.0,20083.0,20197.0,20193.0,20359.0,20445.0,20531.0,20622.0,20637.0,20227.0,19776.0,19362.0,19025.0,18709.0,18405.0,18088.0,17814.0,17537.0,17310.0,17373.0,17389.0,17446.0,17532.0,17522.0,17519.0
EL644,3,Fthiotida,2024,TOTAL,TOTAL,NR,159720.0,160926.0,161026.0,160355.0,159713.0,159001.0,158677.0,158805.0,158707.0,158294.0,157275.0,156414.0,156338.0,156451.0,155754.0,155583.0,156649.0,158399.0,158683.0,160409.0,160541.0,161403.0,161734.0,162161.0,162377.0,162528.0,162383.0,162342.0,162204.0,162251.0,163385.0,164411.0,164499.0,164187.0,163816.0,163156.0,162487.0,161758.0,161363.0,161221.0,160783.0,160682.0,163628.0,162671.0,162153.0,161798.0,161718.0,161422.0,161376.0,161531.0,162078.0,162537.0,160736.0,158550.0,156567.0,154336.0,151966.0,149967.0,147744.0,145578.0,143359.0,140547.0,137357.0,135558.0,133801.0,132394.0,132321.0,132297.0
EL645,3,Fokida,2024,TOTAL,TOTAL,NR,47458.0,47816.0,47389.0,46729.0,46074.0,45396.0,44824.0,44373.0,43850.0,43234.0,42449.0,41704.0,41787.0,41922.0,41841.0,41903.0,42299.0,42883.0,43074.0,43659.0,43813.0,44168.0,43501.0,42850.0,42135.0,41396.0,40574.0,39774.0,38944.0,38153.0,37606.0,37016.0,37579.0,37809.0,38003.0,38116.0,38084.0,38042.0,38208.0,38429.0,38785.0,39248.0,41954.0,40912.0,40238.0,39784.0,39553.0,39650.0,39813.0,40138.0,40577.0,41050.0,40606.0,40106.0,39772.0,39346.0,38922.0,38475.0,37978.0,37451.0,36887.0,36323.0,36101.0,36396.0,36744.0,37205.0,37184.0,37177.0
EL651,3,"Argolida, Arkadia",2024,TOTAL,TOTAL,NR,223221.0,224906.0,223383.0,220770.0,218185.0,215493.0,213309.0,211707.0,209774.0,207402.0,204224.0,201240.0,200490.0,199974.0,198415.0,197523.0,198187.0,199697.0,199339.0,200773.0,200196.0,200512.0,199784.0,199159.0,198263.0,197276.0,195919.0,194681.0,193318.0,192167.0,192285.0,192251.0,191751.0,190953.0,190070.0,189073.0,188101.0,187830.0,186701.0,186702.0,186924.0,187360.0,192276.0,191241.0,190300.0,189503.0,188824.0,188640.0,188293.0,188045.0,187865.0,187578.0,186705.0,185128.0,183607.0,182189.0,180675.0,179117.0,177535.0,176001.0,174233.0,172165.0,170374.0,168703.0,167295.0,166075.0,165983.0,165953.0
EL652,3,Korinthia,2024,TOTAL,TOTAL,NR,111218.0,112057.0,112584.0,112577.0,112594.0,112566.0,112816.0,113395.0,113820.0,114027.0,113800.0,113690.0,114123.0,114700.0,114687.0,115065.0,116368.0,118195.0,118942.0,120784.0,121440.0,122658.0,123653.0,124731.0,125655.0,126537.0,127194.0,127938.0,128611.0,129435.0,131139.0,132774.0,134503.0,135692.0,136663.0,137335.0,137825.0,138437.0,139517.0,140799.0,141958.0,143740.0,146790.0,145936.0,145415.0,145034.0,144923.0,145283.0,145719.0,146583.0,147474.0,148193.0,147799.0,147147.0,146636.0,145995.0,145103.0,144282.0,143239.0,142002.0,140815.0,139456.0,137946.0,136851.0,136621.0,136714.0,136638.0,136614.0
EL653,3,"Lakonia, Messinia",2024,TOTAL,TOTAL,NR,328268.0,330746.0,326152.0,319938.0,313746.0,307381.0,301720.0,296841.0,291456.0,285426.0,278265.0,271357.0,268774.0,266484.0,262791.0,259967.0,259162.0,259409.0,257184.0,257226.0,254645.0,253164.0,253248.0,253475.0,253369.0,253157.0,252479.0,251961.0,251289.0,250900.0,252185.0,253294.0,255691.0,256100.0,256378.0,256399.0,256550.0,256335.0,256693.0,257109.0,256756.0,256944.0,255571.0,253748.0,252499.0,251713.0,251360.0,251576.0,251880.0,252542.0,253132.0,253831.0,252159.0,249885.0,247897.0,245903.0,243483.0,241558.0,239145.0,236993.0,234875.0,232562.0,229898.0,228318.0,227157.0,226376.0,226251.0,226211.0
ES111,3,A Coruña,2024,TOTAL,TOTAL,NR,981881.0,989551.0,993803.0,995492.0,998190.0,1002135.0,1006621.0,1009275.0,1017854.0,1022084.0,1024041.0,1030728.0,1037473.0,1044873.0,1051710.0,1058910.0,1065566.0,1072296.0,1078404.0,1083740.0,1088105.0,1093122.0,1095975.0,1099079.0,1100840.0,1102351.0,1102934.0,1103027.0,1102723.0,1101757.0,1100923.0,1097943.0,1098032.0,1098871.0,1099499.0,1099299.0,1098598.0,1097600.0,1097304.0,1097014.0,1096111.0,1095881.0,1096076.0,1100951.0,1104703.0,1109964.0,1115415.0,1121341.0,1128598.0,1135281.0,1138110.0,1140071.0,1141178.0,1137890.0,1132596.0,1127596.0,1123015.0,1120302.0,1120074.0,1120432.0,1121994.0,1120501.0,1119166.0,1123884.0,1128449.0,1135623.0,1146298.0,1155773.0
ES112,3,Lugo,2024,TOTAL,TOTAL,NR,474786.0,478495.0,473708.0,467569.0,461782.0,456433.0,451173.0,444943.0,441142.0,435257.0,428252.0,423051.0,421863.0,420854.0,419531.0,418264.0,416693.0,415063.0,413105.0,410769.0,407989.0,405377.0,404282.0,403255.0,401714.0,400064.0,398060.0,395866.0,393518.0,390924.0,388367.0,385194.0,382791.0,380684.0,378744.0,376501.0,373816.0,370966.0,368221.0,365543.0,362565.0,359818.0,357301.0,355698.0,354343.0,353357.0,352620.0,352245.0,352638.0,352326.0,351000.0,349523.0,347630.0,344603.0,341495.0,338430.0,335752.0,333152.0,331128.0,329070.0,327573.0,326068.0,324240.0,324267.0,325048.0,326022.0,329087.0,331807.0
ES113,3,Ourense,2024,TOTAL,TOTAL,NR,445829.0,449312.0,448814.0,447113.0,445822.0,445038.0,444438.0,442977.0,444052.0,443159.0,441226.0,441269.0,440701.0,440335.0,439655.0,439049.0,438140.0,437185.0,435901.0,434232.0,432107.0,430175.0,423767.0,417373.0,410395.0,403258.0,395726.0,387969.0,380032.0,371832.0,363645.0,355065.0,352832.0,351817.0,350804.0,349605.0,348107.0,346490.0,344868.0,343136.0,341375.0,339681.0,338161.0,337307.0,336021.0,335066.0,334131.0,333543.0,332807.0,332164.0,331648.0,330017.0,328184.0,325140.0,321472.0,318288.0,314476.0,311385.0,309290.0,307764.0,306825.0,305297.0,304225.0,304563.0,304467.0,305278.0,308148.0,310695.0
ES114,3,Pontevedra,2024,TOTAL,TOTAL,NR,674179.0,679445.0,689046.0,696996.0,705772.0,715566.0,725899.0,735057.0,748709.0,759356.0,768462.0,781288.0,791400.0,802121.0,812520.0,823313.0,833794.0,844444.0,854715.0,864479.0,873563.0,883268.0,886534.0,890013.0,892414.0,894621.0,896083.0,897151.0,897903.0,898120.0,898448.0,897356.0,898220.0,899877.0,901070.0,901708.0,901834.0,901947.0,902051.0,902208.0,902420.0,902645.0,905271.0,911203.0,916519.0,922302.0,927941.0,933945.0,940723.0,947698.0,951708.0,953800.0,954924.0,953087.0,950254.0,948487.0,945852.0,944116.0,942556.0,942944.0,946213.0,946311.0,945198.0,946710.0,947869.0,947818.0,956727.0,964635.0
ES120,3,Asturias,2024,TOTAL,TOTAL,NR,977862.0,985501.0,992055.0,996094.0,1001183.0,1007572.0,1014556.0,1019745.0,1030984.0,1037883.0,1042526.0,1052044.0,1060194.0,1069042.0,1077340.0,1086039.0,1094209.0,1102483.0,1110145.0,1117040.0,1122957.0,1129572.0,1128757.0,1128158.0,1126144.0,1123841.0,1120565.0,1116766.0,1112545.0,1107639.0,1102849.0,1095557.0,1092874.0,1091116.0,1088497.0,1086001.0,1082714.0,1079198.0,1076012.0,1072219.0,1068287.0,1064851.0,1062786.0,1062326.0,1062412.0,1062753.0,1063488.0,1065287.0,1071079.0,1076276.0,1077102.0,1075869.0,1074308.0,1067425.0,1058560.0,1049328.0,1040407.0,1033550.0,1027091.0,1021469.0,1018053.0,1012117.0,1004960.0,1006060.0,1009599.0,1015128.0,1024670.0,1033140.0
ES130,3,Cantabria,2024,TOTAL,TOTAL,NR,428071.0,431415.0,435060.0,437618.0,440651.0,444271.0,448171.0,451295.0,457117.0,461038.0,463972.0,469096.0,473595.0,478424.0,483026.0,487828.0,492411.0,497060.0,501452.0,505515.0,509153.0,513123.0,515642.0,518292.0,520320.0,522241.0,523730.0,524995.0,526077.0,526849.0,527688.0,527567.0,528528.0,529686.0,530550.0,531185.0,531601.0,531994.0,532564.0,532996.0,533417.0,534231.0,536286.0,541651.0,548014.0,554688.0,561042.0,568196.0,577267.0,584657.0,588512.0,590867.0,592383.0,589789.0,587491.0,585184.0,582494.0,581421.0,581533.0,581989.0,583011.0,584708.0,585451.0,588387.0,590851.0,593623.0,599203.0,604156.0
ES211,3,Araba/Álava,2024,TOTAL,TOTAL,NR,137438.0,138512.0,144147.0,149506.0,155107.0,161004.0,167103.0,173009.0,180064.0,186497.0,192627.0,199775.0,205287.0,211021.0,216734.0,222616.0,228478.0,234450.0,240379.0,246222.0,251927.0,257863.0,259871.0,261953.0,263728.0,265455.0,266969.0,268372.0,269686.0,270845.0,272041.0,272499.0,273726.0,275212.0,276638.0,277795.0,278897.0,280128.0,281403.0,282637.0,283795.0,285198.0,286646.0,290747.0,294301.0,298832.0,302491.0,306482.0,310940.0,315284.0,317733.0,319847.0,320564.0,320199.0,320451.0,321541.0,322974.0,325250.0,327763.0,330104.0,332874.0,333485.0,333909.0,336308.0,338594.0,341961.0,345175.0,348028.0
ES212,3,Gipuzkoa,2024,TOTAL,TOTAL,NR,472544.0,476235.0,490087.0,502900.0,516432.0,530851.0,545826.0,560065.0,577909.0,593626.0,608285.0,626054.0,632964.0,640337.0,647426.0,654801.0,661904.0,669115.0,676000.0,682460.0,688362.0,694731.0,694509.0,694424.0,693470.0,692341.0,690614.0,688567.0,686262.0,683535.0,680881.0,677245.0,676263.0,676075.0,675783.0,675295.0,674868.0,674324.0,674135.0,673606.0,673296.0,673328.0,673592.0,676777.0,680750.0,684264.0,688423.0,693436.0,699395.0,704166.0,705974.0,707256.0,708422.0,709043.0,708675.0,709766.0,711261.0,713130.0,715749.0,719613.0,724347.0,725508.0,723241.0,726712.0,729722.0,733149.0,740041.0,746158.0
ES213,3,Bizkaia,2024,TOTAL,TOTAL,NR,747650.0,753490.0,780033.0,805007.0,831211.0,858931.0,887646.0,915255.0,948862.0,979090.0,1007657.0,1041474.0,1056046.0,1071456.0,1086460.0,1102012.0,1117173.0,1132584.0,1147509.0,1161774.0,1175148.0,1189375.0,1188812.0,1188480.0,1186660.0,1184539.0,1181393.0,1177698.0,1173560.0,1168701.0,1163966.0,1156661.0,1153329.0,1150915.0,1147961.0,1144857.0,1141092.0,1137442.0,1134219.0,1130621.0,1127444.0,1124445.0,1122658.0,1125120.0,1128052.0,1132164.0,1136775.0,1142684.0,1149080.0,1154627.0,1155814.0,1156033.0,1155710.0,1150032.0,1143121.0,1141400.0,1140191.0,1141564.0,1143742.0,1147589.0,1154696.0,1153635.0,1148678.0,1153282.0,1159368.0,1167233.0,1178205.0,1187944.0
ES220,3,Navarra,2024,TOTAL,TOTAL,NR,398023.0,401132.0,407285.0,412472.0,418155.0,424451.0,431078.0,437017.0,445640.0,452488.0,458427.0,466597.0,470945.0,475618.0,480064.0,484705.0,489125.0,493609.0,497835.0,501731.0,505203.0,509002.0,511088.0,513298.0,514889.0,516370.0,517422.0,518249.0,518893.0,519230.0,519631.0,519500.0,522071.0,525349.0,528520.0,531732.0,534844.0,538100.0,541557.0,544948.0,548379.0,552060.0,557456.0,567892.0,576346.0,584365.0,592137.0,602835.0,616710.0,627286.0,633023.0,637100.0,640014.0,639089.0,637099.0,637317.0,638922.0,642075.0,646340.0,652797.0,659907.0,662032.0,664514.0,672155.0,678333.0,683854.0,690282.0,695988.0
ES230,3,La Rioja,2024,TOTAL,TOTAL,NR,228734.0,230521.0,231016.0,230906.0,231021.0,231415.0,231922.0,231997.0,233420.0,233831.0,233712.0,234659.0,236696.0,238894.0,240974.0,243149.0,245210.0,247299.0,249255.0,251044.0,252617.0,254352.0,255758.0,257230.0,258395.0,259508.0,260408.0,261197.0,261896.0,262441.0,263021.0,263376.0,264477.0,265665.0,266807.0,268055.0,269078.0,270184.0,271423.0,272665.0,273828.0,275313.0,277989.0,284607.0,291082.0,298045.0,302703.0,308117.0,316197.0,319788.0,319934.0,320858.0,320951.0,318819.0,315736.0,314457.0,314025.0,314136.0,314890.0,315967.0,318703.0,319444.0,319617.0,322282.0,324184.0,326803.0,329875.0,332602.0
ES241,3,Huesca,2024,TOTAL,TOTAL,NR,231883.0,233694.0,232733.0,231135.0,229736.0,228584.0,227510.0,225979.0,225723.0,224445.0,222624.0,221781.0,221377.0,221072.0,220606.0,220176.0,219590.0,218978.0,218199.0,217225.0,216020.0,214909.0,214673.0,214478.0,214013.0,213493.0,212786.0,211981.0,211094.0,210077.0,209082.0,208060.0,207926.0,208176.0,208097.0,208034.0,207809.0,207472.0,207220.0,206937.0,206587.0,206479.0,206700.0,209450.0,211734.0,214544.0,217243.0,220095.0,224405.0,226772.0,226785.0,226597.0,225833.0,224776.0,223702.0,222677.0,221495.0,220749.0,220653.0,220996.0,222767.0,223995.0,225199.0,226878.0,228519.0,230087.0,232250.0,234170.0
ES242,3,Teruel,2024,TOTAL,TOTAL,NR,214325.0,215999.0,212285.0,207935.0,203713.0,199651.0,195591.0,191073.0,187553.0,183097.0,178130.0,173868.0,172178.0,170534.0,168736.0,166933.0,164980.0,162976.0,160816.0,158481.0,155949.0,153457.0,152832.0,152230.0,151432.0,150591.0,149616.0,148567.0,147459.0,146259.0,145071.0,143963.0,143178.0,142617.0,141975.0,141317.0,140505.0,139756.0,138906.0,138016.0,137086.0,136400.0,135724.0,137493.0,138386.0,139828.0,141279.0,143616.0,145702.0,146137.0,145109.0,144355.0,142920.0,141092.0,139470.0,137871.0,136377.0,135324.0,134449.0,134025.0,134085.0,134259.0,134132.0,135046.0,135309.0,136091.0,137370.0,138505.0
ES243,3,Zaragoza,2024,TOTAL,TOTAL,NR,650304.0,655384.0,664990.0,673010.0,681833.0,691647.0,701989.0,711202.0,724772.0,735442.0,744627.0,757425.0,764696.0,772502.0,779942.0,787703.0,795111.0,802627.0,809727.0,816297.0,822179.0,828599.0,831263.0,834122.0,835967.0,837626.0,838585.0,839173.0,839463.0,839251.0,839141.0,837748.0,839426.0,842352.0,844561.0,846910.0,848946.0,851017.0,853046.0,854746.0,856527.0,859136.0,867473.0,878629.0,887654.0,900705.0,915041.0,930532.0,955319.0,969879.0,972287.0,973433.0,975054.0,971807.0,967541.0,965052.0,960170.0,959338.0,958391.0,965673.0,973740.0,973684.0,968886.0,979365.0,987763.0,998443.0,1007828.0,1016159.0
ES300,3,Madrid,2024,TOTAL,TOTAL,NR,2583697.0,2603880.0,2710339.0,2811618.0,2917440.0,3028862.0,3144088.0,3255675.0,3388927.0,3510461.0,3626302.0,3761324.0,3849750.0,3942008.0,4033558.0,4127929.0,4221611.0,4317008.0,4411304.0,4503776.0,4593436.0,4687083.0,4722753.0,4759764.0,4791190.0,4821734.0,4848389.0,4873047.0,4896079.0,4916271.0,4937156.0,4947735.0,4984663.0,5030383.0,5074384.0,5116658.0,5157603.0,5198753.0,5242444.0,5284618.0,5329606.0,5379087.0,5478611.0,5638804.0,5766554.0,5866219.0,5953546.0,6075013.0,6226185.0,6327559.0,6373546.0,6394252.0,6425522.0,6411525.0,6372553.0,6375737.0,6411466.0,6459297.0,6529923.0,6618078.0,6720310.0,6726640.0,6743273.0,6871903.0,7009268.0,7113886.0,7180756.0,7240111.0
ES411,3,Ávila,2024,TOTAL,TOTAL,NR,238716.0,240581.0,238071.0,234881.0,231864.0,229066.0,226310.0,223064.0,221034.0,217956.0,214315.0,211573.0,209229.0,206935.0,204446.0,201945.0,199257.0,196499.0,193545.0,190375.0,186962.0,183590.0,183116.0,182674.0,181999.0,181274.0,180390.0,179420.0,178379.0,177228.0,176093.0,174732.0,173776.0,172921.0,172131.0,171183.0,170224.0,169195.0,168108.0,166790.0,165615.0,164465.0,163191.0,163545.0,164656.0,166158.0,167953.0,170208.0,173293.0,173817.0,173371.0,172776.0,171365.0,169373.0,167265.0,165694.0,163669.0,161782.0,160104.0,159237.0,158819.0,158898.0,159103.0,159764.0,160463.0,160738.0,162249.0,163590.0
ES412,3,Burgos,2024,TOTAL,TOTAL,NR,379006.0,381967.0,380278.0,377544.0,375134.0,373125.0,371240.0,368608.0,368051.0,365824.0,362709.0,361185.0,361764.0,362532.0,363064.0,363683.0,364074.0,364451.0,364577.0,364405.0,363872.0,363523.0,363303.0,363152.0,362547.0,361849.0,360838.0,359659.0,358344.0,356809.0,355311.0,353243.0,352680.0,352605.0,352377.0,352065.0,351479.0,350988.0,350549.0,349933.0,349386.0,349104.0,349279.0,352082.0,354226.0,357693.0,360700.0,365307.0,372563.0,374813.0,374009.0,373245.0,372192.0,368784.0,365542.0,363328.0,360572.0,358416.0,357165.0,356607.0,357121.0,356042.0,354846.0,357370.0,359740.0,362663.0,366072.0,369098.0
ES413,3,León,2024,TOTAL,TOTAL,NR,579404.0,583930.0,582311.0,579111.0,576425.0,574374.0,572539.0,569572.0,569839.0,567551.0,563909.0,562766.0,559755.0,556952.0,553699.0,550487.0,546843.0,543087.0,538869.0,534127.0,528776.0,523613.0,524982.0,526472.0,527318.0,528044.0,528326.0,528374.0,528231.0,527771.0,527374.0,526204.0,523702.0,520815.0,517603.0,514191.0,510673.0,507024.0,503601.0,499736.0,495743.0,491873.0,487510.0,487393.0,487072.0,487438.0,488534.0,491131.0,493934.0,495042.0,494830.0,494216.0,492827.0,488756.0,483681.0,479104.0,473574.0,468637.0,464276.0,460247.0,456697.0,452435.0,449271.0,448573.0,447802.0,448030.0,452241.0,455979.0
ES414,3,Palencia,2024,TOTAL,TOTAL,NR,229586.0,231379.0,228788.0,225539.0,222455.0,219575.0,216732.0,213416.0,211258.0,208092.0,204384.0,201529.0,200540.0,199626.0,198554.0,197499.0,196290.0,195044.0,193634.0,192037.0,190223.0,188479.0,188610.0,188781.0,188717.0,188607.0,188336.0,187979.0,187552.0,187011.0,186491.0,185627.0,184787.0,183939.0,182882.0,182018.0,181026.0,179970.0,178920.0,177624.0,176371.0,175092.0,173727.0,173244.0,172694.0,172384.0,172446.0,172564.0,172703.0,172668.0,171891.0,171298.0,170305.0,168670.0,167237.0,165820.0,164421.0,163221.0,162064.0,161053.0,160357.0,159146.0,157993.0,157787.0,158063.0,158702.0,160194.0,161518.0
ES415,3,Salamanca,2024,TOTAL,TOTAL,NR,403386.0,406537.0,404350.0,401045.0,398076.0,395524.0,393096.0,389867.0,388821.0,385999.0,382232.0,380130.0,379068.0,378168.0,376985.0,375853.0,374448.0,372990.0,371238.0,369146.0,366655.0,364315.0,364521.0,364802.0,364630.0,364369.0,363796.0,363056.0,362182.0,361086.0,360031.0,358170.0,357220.0,356520.0,355639.0,354644.0,353495.0,352106.0,350851.0,349317.0,347751.0,346494.0,345098.0,345560.0,345719.0,346307.0,346303.0,347712.0,349846.0,351009.0,350904.0,350817.0,349621.0,347040.0,344104.0,341635.0,338308.0,335783.0,333500.0,332044.0,330834.0,327735.0,326285.0,327089.0,327552.0,328446.0,331533.0,334273.0
ES416,3,Segovia,2024,TOTAL,TOTAL,NR,193688.0,195201.0,192294.0,188820.0,185470.0,182276.0,179094.0,175505.0,172846.0,169339.0,165373.0,162075.0,161077.0,160135.0,159061.0,157996.0,156803.0,155576.0,154213.0,152697.0,151004.0,149362.0,149474.0,149617.0,149574.0,149495.0,149289.0,149014.0,148684.0,148263.0,147859.0,147304.0,147384.0,147495.0,147580.0,147637.0,147700.0,147751.0,147823.0,147768.0,147623.0,147613.0,147626.0,149643.0,151736.0,154211.0,156275.0,159147.0,163089.0,163367.0,163171.0,163430.0,162938.0,161205.0,158798.0,157578.0,155991.0,154854.0,153983.0,153571.0,153641.0,153626.0,153731.0,155332.0,156620.0,158251.0,159739.0,161059.0
ES417,3,Soria,2024,TOTAL,TOTAL,NR,145765.0,146904.0,144308.0,141279.0,138335.0,135498.0,132661.0,129512.0,127037.0,123925.0,120466.0,117481.0,116067.0,114679.0,113181.0,111673.0,110058.0,108402.0,106636.0,104748.0,102724.0,100719.0,100337.0,99971.0,99476.0,98953.0,98343.0,97684.0,96986.0,96228.0,95478.0,94703.0,94275.0,93925.0,93618.0,93289.0,92926.0,92502.0,92103.0,91713.0,91270.0,90898.0,90351.0,91122.0,91781.0,92265.0,92738.0,93425.0,94468.0,94737.0,94981.0,94905.0,94472.0,93373.0,92374.0,91454.0,90460.0,89614.0,89329.0,89008.0,89302.0,88796.0,88330.0,89528.0,90073.0,90183.0,91031.0,91783.0
ES418,3,Valladolid,2024,TOTAL,TOTAL,NR,359383.0,362190.0,366993.0,370911.0,375263.0,380150.0,385317.0,389853.0,396765.0,402075.0,406564.0,413013.0,419717.0,426774.0,433689.0,440844.0,447862.0,455001.0,461963.0,468678.0,475051.0,481785.0,484079.0,486495.0,488328.0,490058.0,491384.0,492498.0,493440.0,494091.0,494805.0,494418.0,494865.0,495570.0,496134.0,496617.0,496808.0,497004.0,497307.0,497221.0,497333.0,497627.0,499630.0,503346.0,506390.0,509999.0,513753.0,518851.0,525649.0,528795.0,530499.0,531887.0,532649.0,530848.0,528486.0,527199.0,524669.0,522985.0,520930.0,520483.0,520904.0,519380.0,518159.0,521333.0,525116.0,528644.0,533613.0,538024.0
ES419,3,Zamora,2024,TOTAL,TOTAL,NR,297977.0,300305.0,296667.0,292170.0,287882.0,283852.0,279863.0,275258.0,272136.0,267709.0,262576.0,258531.0,255980.0,253499.0,250786.0,248065.0,245121.0,242099.0,238844.0,235330.0,231523.0,227773.0,226929.0,226121.0,225023.0,223861.0,222500.0,221030.0,219474.0,217779.0,216104.0,214107.0,212778.0,211568.0,210384.0,209046.0,207677.0,206283.0,204944.0,203516.0,201777.0,200313.0,198342.0,197681.0,196858.0,196342.0,195996.0,195861.0,196175.0,194924.0,193745.0,192727.0,191316.0,188878.0,186117.0,183885.0,181057.0,178243.0,175662.0,173318.0,171301.0,169165.0,167868.0,166927.0,166253.0,165564.0,167120.0,168501.0
ES421,3,Albacete,2024,TOTAL,TOTAL,NR,368827.0,371708.0,369088.0,365436.0,362079.0,359088.0,356194.0,352561.0,350884.0,347586.0,343420.0,340734.0,340954.0,341345.0,341508.0,341743.0,341758.0,341751.0,341503.0,340968.0,340088.0,339374.0,340365.0,341434.0,342088.0,342665.0,342954.0,343091.0,343106.0,342915.0,342765.0,342820.0,344655.0,347060.0,349083.0,351295.0,353525.0,355497.0,357538.0,359296.0,361210.0,363038.0,365532.0,370387.0,374711.0,379279.0,383457.0,389126.0,394526.0,397885.0,399445.0,400846.0,401579.0,399093.0,396017.0,394012.0,391865.0,390225.0,388948.0,387818.0,387838.0,386726.0,385967.0,387529.0,389070.0,390751.0,394424.0,397684.0
ES422,3,Ciudad Real,2024,TOTAL,TOTAL,NR,577728.0,582241.0,576236.0,568584.0,561356.0,554655.0,548060.0,540281.0,535447.0,528078.0,519345.0,512795.0,509870.0,507130.0,503975.0,500855.0,497336.0,493713.0,489664.0,485135.0,480049.0,475130.0,476162.0,477301.0,477855.0,478298.0,478338.0,478163.0,477815.0,477180.0,476600.0,475825.0,476375.0,477519.0,478296.0,478996.0,479413.0,479496.0,479722.0,479467.0,479077.0,478993.0,479143.0,483315.0,488060.0,494024.0,500922.0,509226.0,519760.0,523971.0,525454.0,526171.0,526292.0,522634.0,518032.0,514152.0,508629.0,504403.0,499168.0,495686.0,494817.0,492900.0,490952.0,491927.0,492948.0,494848.0,499500.0,503629.0
ES423,3,Cuenca,2024,TOTAL,TOTAL,NR,312199.0,314638.0,309077.0,302588.0,296283.0,290206.0,284128.0,277382.0,272079.0,265414.0,258004.0,251610.0,248607.0,245659.0,242474.0,239270.0,235838.0,232319.0,228563.0,224547.0,220240.0,215975.0,215355.0,214771.0,213913.0,212996.0,211891.0,210684.0,209395.0,207974.0,206574.0,205482.0,205047.0,204878.0,204540.0,203960.0,203439.0,202868.0,202335.0,201715.0,201141.0,200699.0,199657.0,201190.0,203138.0,205791.0,208119.0,211117.0,214904.0,216438.0,216608.0,216370.0,214752.0,211356.0,208031.0,205664.0,202864.0,200531.0,198922.0,197617.0,197537.0,196510.0,196640.0,198436.0,199025.0,199859.0,201738.0,203406.0
ES424,3,Guadalajara,2024,TOTAL,TOTAL,NR,182611.0,184037.0,181023.0,177471.0,174030.0,170729.0,167433.0,163749.0,160925.0,157303.0,153247.0,149801.0,149374.0,149010.0,148535.0,148079.0,147516.0,146932.0,146232.0,145397.0,144405.0,143473.0,143978.0,144518.0,144883.0,145215.0,145427.0,145575.0,145671.0,145680.0,145707.0,145632.0,147693.0,150334.0,152866.0,155407.0,158084.0,160754.0,163532.0,166250.0,169171.0,172325.0,175767.0,183883.0,193135.0,202528.0,213164.0,225046.0,237363.0,245399.0,250526.0,254660.0,257732.0,256825.0,255075.0,254458.0,254191.0,255242.0,256247.0,259266.0,262985.0,265969.0,268412.0,275082.0,280225.0,285839.0,288526.0,290911.0
ES425,3,Toledo,2024,TOTAL,TOTAL,NR,518080.0,522127.0,518366.0,513153.0,508354.0,504067.0,499914.0,494721.0,492272.0,487545.0,481600.0,477727.0,477931.0,478374.0,478492.0,478711.0,478619.0,478495.0,478028.0,477160.0,475806.0,474682.0,477089.0,479617.0,481571.0,483426.0,484883.0,486132.0,487212.0,488005.0,488861.0,489612.0,493893.0,498881.0,503752.0,508605.0,513241.0,517674.0,522457.0,527085.0,531857.0,536947.0,543378.0,558375.0,574499.0,592395.0,611783.0,636693.0,665287.0,682735.0,692435.0,701017.0,705580.0,703566.0,697605.0,694329.0,691787.0,691021.0,691124.0,696390.0,704792.0,710400.0,716313.0,731112.0,743165.0,755081.0,762179.0,768479.0
ES431,3,Badajoz,2024,TOTAL,TOTAL,NR,828685.0,835158.0,823469.0,809367.0,795813.0,782940.0,770141.0,755607.0,745100.0,730966.0,714867.0,701681.0,697073.0,692704.0,687756.0,682841.0,677367.0,671737.0,665514.0,658623.0,650964.0,643519.0,645550.0,647731.0,649125.0,650375.0,651080.0,651498.0,651683.0,651479.0,651354.0,650773.0,651683.0,653084.0,653910.0,654699.0,655090.0,655173.0,655270.0,655000.0,654684.0,654563.0,655020.0,656226.0,659637.0,664411.0,668518.0,674170.0,680677.0,684390.0,687744.0,689902.0,691832.0,690889.0,688697.0,686250.0,682970.0,679042.0,675742.0,673384.0,672045.0,671092.0,667851.0,666049.0,666029.0,665155.0,671407.0,676957.0
ES432,3,Cáceres,2024,TOTAL,TOTAL,NR,539698.0,543914.0,537272.0,529074.0,521253.0,513898.0,506616.0,498217.0,492502.0,484422.0,475064.0,467673.0,463921.0,460312.0,456304.0,452301.0,447912.0,443403.0,438487.0,433115.0,427224.0,421457.0,421414.0,421456.0,420970.0,420380.0,419427.0,418280.0,416977.0,415418.0,413904.0,411968.0,411429.0,411301.0,410866.0,410377.0,409610.0,408709.0,407710.0,406607.0,405346.0,404448.0,402770.0,404125.0,404737.0,405685.0,406419.0,407702.0,408978.0,410303.0,411866.0,412397.0,412504.0,410135.0,408011.0,405967.0,403183.0,400066.0,396979.0,394541.0,392925.0,390544.0,388957.0,388257.0,388652.0,388190.0,391839.0,395078.0
ES511,3,Barcelona,2024,TOTAL,TOTAL,NR,2856218.0,2878530.0,2974141.0,3063665.0,3157765.0,3257524.0,3360941.0,3460057.0,3581716.0,3690485.0,3792894.0,3914945.0,3983659.0,4055834.0,4126780.0,4200113.0,4272259.0,4345658.0,4417485.0,4487054.0,4553428.0,4623362.0,4636414.0,4650535.0,4658985.0,4666386.0,4669867.0,4671278.0,4671015.0,4667951.0,4665449.0,4657121.0,4666998.0,4682089.0,4695395.0,4708424.0,4720115.0,4732286.0,4745349.0,4757760.0,4771151.0,4789261.0,4835593.0,4956066.0,5052814.0,5143474.0,5221841.0,5297172.0,5387705.0,5465835.0,5488633.0,5505667.0,5518280.0,5500080.0,5459762.0,5453143.0,5472926.0,5507412.0,5556273.0,5622704.0,5690371.0,5702262.0,5699634.0,5797356.0,5877672.0,5959941.0,6015964.0,6065691.0
ES512,3,Girona,2024,TOTAL,TOTAL,NR,348058.0,350777.0,356551.0,361487.0,366865.0,372789.0,379011.0,384637.0,392636.0,399080.0,404731.0,412361.0,417773.0,423509.0,429077.0,434854.0,440468.0,446173.0,451679.0,456919.0,461801.0,467012.0,472003.0,477143.0,481738.0,486256.0,490394.0,494337.0,498123.0,501627.0,505207.0,509055.0,514118.0,519562.0,524841.0,530001.0,534799.0,539838.0,544948.0,550090.0,555090.0,560709.0,568690.0,593084.0,618292.0,645158.0,668910.0,694216.0,719745.0,735862.0,741848.0,747041.0,751596.0,750022.0,745189.0,743431.0,745797.0,750468.0,756522.0,765476.0,776698.0,784941.0,790435.0,808672.0,821108.0,830429.0,838235.0,845164.0
ES513,3,Lleida,2024,TOTAL,TOTAL,NR,330093.0,332672.0,334154.0,334776.0,335737.0,337120.0,338685.0,339635.0,342581.0,344064.0,344783.0,347096.0,348001.0,349096.0,349973.0,350939.0,351695.0,352445.0,352960.0,353194.0,353085.0,353162.0,353917.0,354751.0,355150.0,355468.0,355484.0,355342.0,355071.0,354585.0,354142.0,353595.0,354161.0,355225.0,356210.0,356854.0,357448.0,358127.0,358745.0,359318.0,360040.0,361078.0,363182.0,371137.0,380552.0,392915.0,401661.0,411142.0,423482.0,431413.0,434183.0,436695.0,438215.0,435838.0,432397.0,431044.0,429806.0,429821.0,430650.0,432917.0,437508.0,439258.0,440884.0,447343.0,451707.0,458226.0,462533.0,466356.0
ES514,3,Tarragona,2024,TOTAL,TOTAL,NR,359183.0,361989.0,368634.0,374426.0,380687.0,387528.0,394695.0,401254.0,410306.0,417752.0,424381.0,433101.0,440848.0,448981.0,456981.0,465249.0,473388.0,481670.0,489780.0,497642.0,505153.0,513061.0,516913.0,520910.0,524296.0,527584.0,530448.0,533091.0,535557.0,537713.0,539943.0,541736.0,547218.0,553700.0,559862.0,565930.0,571965.0,578122.0,584308.0,590625.0,596820.0,603801.0,613027.0,636613.0,661090.0,689264.0,718447.0,749152.0,780214.0,793982.0,798824.0,803860.0,806900.0,802724.0,795485.0,793272.0,792163.0,793077.0,795919.0,803528.0,815746.0,823435.0,830911.0,848592.0,861744.0,875530.0,883760.0,891065.0
ES521,3,Alicante / Alacant,2024,TOTAL,TOTAL,NR,705899.0,711413.0,730904.0,748823.0,767792.0,788058.0,809123.0,829075.0,854335.0,876420.0,896921.0,921985.0,943685.0,966326.0,988793.0,1011952.0,1034943.0,1058355.0,1081498.0,1104193.0,1126201.0,1149185.0,1165277.0,1181778.0,1196966.0,1211995.0,1226103.0,1239748.0,1253020.0,1265600.0,1278384.0,1290865.0,1306647.0,1323214.0,1338876.0,1354317.0,1369564.0,1384693.0,1399556.0,1414892.0,1430451.0,1447225.0,1478298.0,1542321.0,1602172.0,1661655.0,1713931.0,1766322.0,1817518.0,1836136.0,1840085.0,1844433.0,1853206.0,1852733.0,1848236.0,1838578.0,1837873.0,1836715.0,1839319.0,1855384.0,1877627.0,1887036.0,1907497.0,1955268.0,1993289.0,2033566.0,2052681.0,2069648.0
ES522,3,Castellón / Castelló,2024,TOTAL,TOTAL,NR,336431.0,339059.0,343543.0,347198.0,351258.0,355820.0,360642.0,364875.0,371331.0,376287.0,380474.0,386496.0,391038.0,395871.0,400535.0,405382.0,410066.0,414824.0,419385.0,423689.0,427651.0,431908.0,434244.0,436692.0,438619.0,440456.0,441932.0,443219.0,444354.0,445227.0,446158.0,446767.0,449589.0,453154.0,456687.0,459972.0,463355.0,466654.0,470082.0,473504.0,477024.0,480957.0,487552.0,504095.0,518174.0,533626.0,548370.0,567547.0,588013.0,594743.0,595852.0,595565.0,593926.0,586696.0,580349.0,577738.0,575546.0,575433.0,576342.0,579592.0,584201.0,587632.0,591303.0,604086.0,615188.0,627620.0,633520.0,638757.0
ES523,3,Valencia / València,2024,TOTAL,TOTAL,NR,1417533.0,1428606.0,1460304.0,1488721.0,1519101.0,1551904.0,1586125.0,1618020.0,1660098.0,1695824.0,1728345.0,1769502.0,1798373.0,1828759.0,1858544.0,1889357.0,1919587.0,1950336.0,1980334.0,2009276.0,2036749.0,2065777.0,2075146.0,2085033.0,2092413.0,2099351.0,2104554.0,2108845.0,2112400.0,2114705.0,2117278.0,2118350.0,2126541.0,2136846.0,2146761.0,2155112.0,2163815.0,2171645.0,2179750.0,2187984.0,2196341.0,2207001.0,2226427.0,2275650.0,2321595.0,2371882.0,2418732.0,2467759.0,2522564.0,2550405.0,2553694.0,2559194.0,2562518.0,2548936.0,2531628.0,2528776.0,2526469.0,2531673.0,2542923.0,2554332.0,2584654.0,2593243.0,2609327.0,2656841.0,2710808.0,2763996.0,2789977.0,2813038.0
ES531,3,"Eivissa, Formentera",2024,TOTAL,TOTAL,NR,36936.0,37225.0,37993.0,38675.0,39407.0,40201.0,41030.0,41798.0,42827.0,43691.0,44472.0,45473.0,47227.0,49042.0,50864.0,52735.0,54612.0,56526.0,58438.0,60339.0,62215.0,64155.0,65571.0,67015.0,68390.0,69760.0,71080.0,72377.0,73655.0,74895.0,73582.0,74433.0,76039.0,77843.0,79583.0,81330.0,83074.0,84854.0,86668.0,88500.0,90355.0,92280.0,94390.0,101393.0,106816.0,112019.0,117297.0,123443.0,130600.0,135248.0,138317.0,140850.0,144309.0,147999.0,150793.0,152991.0,155126.0,157571.0,159874.0,162187.0,164786.0,166077.0,167295.0,170569.0,172968.0,175955.0,177609.0,179077.0
ES532,3,Mallorca,2024,TOTAL,TOTAL,NR,359395.0,362202.0,369333.0,375617.0,382380.0,389736.0,397429.0,404521.0,414137.0,422145.0,429338.0,438656.0,447865.0,457496.0,467021.0,476849.0,486574.0,496474.0,506226.0,515747.0,524929.0,534547.0,541626.0,548890.0,555540.0,562114.0,568257.0,574183.0,579935.0,585364.0,570972.0,573516.0,581860.0,591660.0,600897.0,610123.0,619263.0,628602.0,638144.0,647749.0,657467.0,667626.0,679051.0,706537.0,727151.0,746103.0,768143.0,794323.0,822204.0,842781.0,852296.0,857174.0,862175.0,863221.0,862684.0,865877.0,870334.0,878821.0,888470.0,901392.0,916246.0,920605.0,922605.0,940332.0,957726.0,971068.0,980196.0,988298.0
ES533,3,Menorca,2024,TOTAL,TOTAL,NR,41977.0,42305.0,42918.0,43429.0,43992.0,44618.0,45278.0,45865.0,46733.0,47414.0,47999.0,48817.0,49637.0,50498.0,51344.0,52219.0,53078.0,53952.0,54806.0,55630.0,56415.0,57243.0,57956.0,58688.0,59354.0,60012.0,60623.0,61211.0,61779.0,62314.0,60740.0,60968.0,61814.0,62813.0,63752.0,64688.0,65615.0,66563.0,67531.0,68505.0,69491.0,70522.0,71687.0,75479.0,78998.0,81999.0,84854.0,87415.0,90053.0,92138.0,93066.0,93640.0,94231.0,93911.0,93140.0,92134.0,91893.0,92100.0,92889.0,94349.0,95784.0,96733.0,97143.0,99005.0,101074.0,102821.0,103788.0,104646.0
ES611,3,Almería,2024,TOTAL,TOTAL,NR,357670.0,360464.0,362210.0,363027.0,364214.0,365861.0,367709.0,368893.0,372248.0,374017.0,374960.0,377639.0,381056.0,384735.0,388227.0,391875.0,395342.0,398858.0,402163.0,405201.0,407893.0,410848.0,415926.0,421142.0,425884.0,430564.0,434912.0,439091.0,443135.0,446931.0,450797.0,454951.0,462052.0,470038.0,477638.0,485082.0,492536.0,499714.0,507104.0,514492.0,522095.0,529788.0,545527.0,560652.0,577424.0,603218.0,627719.0,642792.0,659441.0,673038.0,680476.0,686446.0,689320.0,692434.0,690750.0,694051.0,700055.0,704871.0,707319.0,714123.0,724003.0,730430.0,739543.0,753364.0,760964.0,770554.0,777797.0,784226.0
ES612,3,Cádiz,2024,TOTAL,TOTAL,NR,802392.0,808660.0,815421.0,820141.0,825750.0,832459.0,839691.0,845468.0,856296.0,863561.0,868977.0,878492.0,889425.0,901034.0,912272.0,923942.0,935252.0,946744.0,957800.0,968279.0,977990.0,988387.0,999311.0,1010553.0,1020645.0,1030577.0,1039705.0,1048422.0,1056810.0,1064600.0,1072552.0,1077946.0,1083179.0,1088511.0,1093138.0,1097121.0,1100126.0,1102546.0,1105356.0,1107745.0,1110116.0,1113137.0,1118779.0,1130551.0,1144134.0,1160688.0,1176672.0,1193630.0,1209073.0,1221028.0,1229837.0,1238919.0,1245360.0,1246384.0,1245504.0,1245567.0,1244475.0,1244090.0,1243737.0,1243186.0,1247160.0,1249873.0,1250545.0,1254866.0,1258730.0,1261420.0,1273277.0,1283802.0
ES613,3,Córdoba,2024,TOTAL,TOTAL,NR,786494.0,792638.0,787481.0,780131.0,773419.0,767498.0,761796.0,754520.0,751445.0,744911.0,736529.0,731332.0,731110.0,731241.0,730865.0,730630.0,729908.0,729124.0,727808.0,725866.0,723177.0,720825.0,725508.0,730387.0,734401.0,738274.0,741546.0,744506.0,747213.0,749485.0,751858.0,754226.0,756192.0,758559.0,760073.0,761142.0,761366.0,761586.0,761797.0,761497.0,761244.0,761339.0,762178.0,766012.0,770523.0,775834.0,780677.0,786383.0,792683.0,797327.0,799765.0,801787.0,802719.0,799934.0,796830.0,794359.0,790749.0,787735.0,784079.0,780982.0,780825.0,777622.0,775111.0,775002.0,774313.0,773163.0,780431.0,786882.0
ES614,3,Granada,2024,TOTAL,TOTAL,NR,761965.0,767917.0,765926.0,761860.0,758471.0,755922.0,753659.0,749910.0,750422.0,747574.0,742945.0,741614.0,743920.0,746641.0,748902.0,751365.0,753385.0,755401.0,756922.0,757849.0,758046.0,758650.0,763331.0,768215.0,772188.0,776008.0,779197.0,782055.0,784648.0,786781.0,789020.0,791211.0,794234.0,798388.0,801903.0,805020.0,808192.0,810747.0,813211.0,814980.0,816663.0,819049.0,821896.0,831318.0,842810.0,856428.0,871598.0,885032.0,900260.0,909104.0,915318.0,919882.0,922463.0,921509.0,919381.0,917546.0,915706.0,914780.0,915140.0,916879.0,921966.0,925046.0,926021.0,934072.0,939741.0,945797.0,954687.0,962578.0
ES615,3,Huelva,2024,TOTAL,TOTAL,NR,397924.0,401032.0,401457.0,400821.0,400569.0,400791.0,401199.0,400848.0,402817.0,403026.0,402310.0,403420.0,405215.0,407247.0,409041.0,410957.0,412643.0,414339.0,415776.0,416897.0,417629.0,418595.0,421826.0,425178.0,428031.0,430805.0,433233.0,435482.0,437586.0,439437.0,441349.0,443256.0,445201.0,447380.0,449406.0,451167.0,452935.0,454387.0,455895.0,457242.0,458851.0,460686.0,463860.0,468680.0,473453.0,479905.0,488530.0,495171.0,505033.0,510271.0,514631.0,517888.0,519980.0,520327.0,520453.0,520840.0,520086.0,519144.0,520445.0,522138.0,525333.0,527254.0,531096.0,534084.0,535734.0,538789.0,543854.0,548349.0
ES616,3,Jaén,2024,TOTAL,TOTAL,NR,729521.0,735220.0,729514.0,721757.0,714574.0,708103.0,701811.0,694049.0,690124.0,682993.0,674146.0,668187.0,666273.0,664642.0,662512.0,660471.0,657949.0,655333.0,652199.0,648467.0,644033.0,639863.0,640987.0,642251.0,642726.0,643049.0,642828.0,642317.0,641572.0,640439.0,639381.0,638032.0,639218.0,641025.0,642685.0,643765.0,644464.0,644743.0,644867.0,644390.0,644275.0,644054.0,643828.0,646841.0,649929.0,653773.0,656534.0,659844.0,663525.0,665195.0,666362.0,667060.0,667264.0,661647.0,656162.0,652317.0,647007.0,642515.0,637669.0,633375.0,630524.0,627568.0,624191.0,620637.0,619055.0,618143.0,623952.0,629109.0
ES617,3,Málaga,2024,TOTAL,TOTAL,NR,766374.0,772361.0,780137.0,785987.0,792712.0,800518.0,808859.0,815824.0,827700.0,836167.0,842873.0,853587.0,870176.0,887556.0,904703.0,922407.0,939885.0,957673.0,975148.0,992154.0,1008483.0,1025629.0,1040518.0,1055777.0,1069869.0,1083823.0,1096958.0,1109681.0,1122073.0,1133847.0,1145807.0,1158881.0,1171333.0,1183973.0,1195896.0,1207179.0,1218500.0,1229495.0,1241001.0,1251973.0,1263686.0,1276063.0,1302639.0,1338410.0,1373765.0,1415714.0,1456083.0,1491791.0,1529004.0,1552894.0,1566665.0,1581346.0,1598130.0,1610728.0,1618101.0,1629179.0,1638378.0,1644147.0,1650068.0,1660348.0,1683380.0,1696955.0,1715118.0,1752728.0,1774701.0,1791183.0,1808020.0,1822965.0
ES618,3,Sevilla,2024,TOTAL,TOTAL,NR,1225271.0,1234842.0,1244729.0,1251493.0,1259605.0,1269387.0,1279957.0,1288298.0,1304326.0,1314913.0,1322676.0,1336667.0,1350969.0,1366247.0,1380911.0,1396176.0,1410848.0,1425743.0,1439933.0,1453208.0,1465287.0,1478352.0,1495116.0,1512363.0,1527891.0,1543184.0,1557275.0,1570755.0,1583742.0,1595837.0,1608175.0,1618604.0,1630285.0,1642402.0,1654190.0,1665022.0,1674366.0,1683309.0,1692688.0,1700822.0,1709062.0,1718915.0,1732694.0,1748407.0,1764496.0,1785136.0,1807975.0,1831957.0,1859551.0,1884111.0,1902954.0,1918752.0,1932574.0,1935023.0,1934058.0,1935135.0,1935590.0,1936735.0,1938007.0,1941191.0,1947848.0,1950056.0,1949560.0,1959394.0,1968624.0,1977664.0,1996254.0,2012755.0
ES620,3,Murcia,2024,TOTAL,TOTAL,NR,795442.0,801656.0,804829.0,805920.0,807824.0,810731.0,814069.0,815921.0,822555.0,825666.0,826935.0,832017.0,844145.0,856954.0,869448.0,882392.0,895033.0,907885.0,920358.0,932311.0,943557.0,955498.0,966164.0,977139.0,987002.0,996712.0,1005645.0,1014182.0,1022400.0,1030041.0,1037838.0,1044764.0,1058075.0,1072937.0,1087209.0,1100679.0,1114394.0,1128146.0,1142030.0,1155675.0,1169114.0,1184118.0,1206614.0,1242626.0,1276816.0,1313496.0,1351106.0,1385717.0,1419563.0,1441787.0,1453543.0,1459075.0,1461925.0,1462271.0,1462734.0,1465195.0,1468367.0,1475275.0,1478718.0,1491312.0,1509077.0,1518279.0,1529662.0,1551692.0,1568492.0,1586989.0,1601907.0,1615148.0
ES630,3,Ceuta,2024,TOTAL,TOTAL,NR,72885.0,73454.0,72511.0,71358.0,70254.0,69213.0,68180.0,66995.0,66170.0,65026.0,63709.0,62655.0,62957.0,63296.0,63599.0,63921.0,64208.0,64497.0,64746.0,64946.0,65087.0,65264.0,65622.0,65997.0,66294.0,66577.0,66806.0,67005.0,67182.0,67320.0,67466.0,67610.0,67981.0,68449.0,68957.0,69318.0,69735.0,69990.0,70311.0,70547.0,70855.0,71183.0,70868.0,71109.0,71538.0,71977.0,72807.0,74161.0,75250.0,76927.0,79294.0,81621.0,83845.0,84487.0,84562.0,84561.0,84558.0,85005.0,85327.0,85087.0,84502.0,84071.0,83054.0,83052.0,83179.0,83567.0,84353.0,85050.0
ES640,3,Melilla,2024,TOTAL,TOTAL,NR,78706.0,79321.0,77678.0,75796.0,73956.0,72168.0,70373.0,68407.0,66790.0,64829.0,62681.0,60771.0,60176.0,59598.0,58965.0,58330.0,57644.0,56939.0,56179.0,55358.0,54469.0,53593.0,53993.0,54408.0,54759.0,55100.0,55397.0,55671.0,55926.0,56149.0,56379.0,56605.0,57417.0,58528.0,59559.0,60450.0,61381.0,62267.0,63143.0,63989.0,64851.0,65725.0,65897.0,65387.0,64747.0,64910.0,67111.0,68967.0,71244.0,73365.0,76049.0,78866.0,81792.0,83669.0,84103.0,85009.0,85457.0,85918.0,86084.0,86373.0,86558.0,86450.0,84932.0,85493.0,85985.0,87067.0,87885.0,88611.0
ES703,3,El Hierro,2024,TOTAL,TOTAL,NR,9447.0,9521.0,9188.0,8824.0,8463.0,8104.0,7741.0,7356.0,7005.0,6612.0,6196.0,5800.0,5870.0,5945.0,6018.0,6093.0,6166.0,6240.0,6311.0,6378.0,6440.0,6507.0,6585.0,6664.0,6736.0,6807.0,6873.0,6937.0,6998.0,7055.0,7112.0,7162.0,7297.0,7443.0,7584.0,7724.0,7865.0,8003.0,8142.0,8279.0,8422.0,8566.0,8747.0,9092.0,9465.0,9694.0,9973.0,10053.0,10219.0,10420.0,10603.0,10622.0,10707.0,10600.0,10506.0,10484.0,10573.0,10711.0,10847.0,10976.0,11156.0,11290.0,11417.0,11659.0,11786.0,11993.0,12106.0,12206.0
ES704,3,Fuerteventura,2024,TOTAL,TOTAL,NR,18191.0,18333.0,18308.0,18235.0,18177.0,18141.0,18112.0,18047.0,18086.0,18045.0,17961.0,17957.0,18811.0,19694.0,20582.0,21493.0,22411.0,23346.0,24284.0,25219.0,26147.0,27104.0,28115.0,29144.0,30145.0,31149.0,32133.0,33108.0,34077.0,35030.0,35985.0,36908.0,38950.0,41063.0,43166.0,45277.0,47401.0,49522.0,51662.0,53792.0,55975.0,58179.0,60643.0,65947.0,72285.0,78505.0,84703.0,90229.0,94996.0,97632.0,98537.0,100167.0,103423.0,105651.0,106422.0,108294.0,109924.0,112615.0,115606.0,119050.0,122234.0,119278.0,119621.0,124152.0,126676.0,129080.0,130293.0,131370.0
ES705,3,Gran Canaria,2024,TOTAL,TOTAL,NR,401445.0,404581.0,412537.0,419547.0,427093.0,435300.0,443883.0,451795.0,462525.0,471460.0,479484.0,489881.0,503270.0,517201.0,531079.0,545368.0,559605.0,574109.0,588503.0,602688.0,616530.0,630937.0,635607.0,640456.0,644552.0,648528.0,651981.0,655163.0,658127.0,660709.0,663276.0,665201.0,670956.0,677644.0,683854.0,689925.0,695963.0,701724.0,707538.0,713053.0,719072.0,725161.0,734221.0,749338.0,761613.0,773543.0,785161.0,798121.0,811256.0,822284.0,831527.0,839895.0,847266.0,850047.0,848785.0,848186.0,847106.0,847460.0,848204.0,851964.0,854610.0,856137.0,858475.0,862893.0,869984.0,875589.0,883819.0,891124.0
ES706,3,La Gomera,2024,TOTAL,TOTAL,NR,30509.0,30747.0,30054.0,29267.0,28496.0,27743.0,26987.0,26163.0,25471.0,24646.0,23747.0,22938.0,22579.0,22224.0,21845.0,21462.0,21057.0,20642.0,20203.0,19740.0,19249.0,18760.0,18528.0,18296.0,18040.0,17777.0,17497.0,17207.0,16910.0,16601.0,16290.0,15963.0,16160.0,16380.0,16589.0,16796.0,17002.0,17202.0,17403.0,17598.0,17806.0,18015.0,18300.0,19271.0,20302.0,20825.0,21322.0,21869.0,22346.0,22568.0,22593.0,22350.0,21570.0,21134.0,20966.0,20905.0,20991.0,21068.0,21309.0,21494.0,21799.0,21893.0,22003.0,22361.0,22507.0,22560.0,22772.0,22960.0
ES707,3,La Palma,2024,TOTAL,TOTAL,NR,71452.0,72010.0,72205.0,72212.0,72290.0,72456.0,72658.0,72726.0,73218.0,73393.0,73403.0,73749.0,74068.0,74431.0,74749.0,75090.0,75389.0,75689.0,75941.0,76136.0,76260.0,76426.0,76825.0,77244.0,77571.0,77882.0,78129.0,78342.0,78528.0,78669.0,78806.0,78867.0,78837.0,78910.0,78919.0,78906.0,78882.0,78820.0,78759.0,78658.0,78607.0,78557.0,78821.0,79658.0,80430.0,80905.0,81514.0,82152.0,82767.0,83390.0,83620.0,83745.0,83845.0,83689.0,83118.0,82295.0,81720.0,81661.0,82245.0,82711.0,83539.0,83812.0,84006.0,84338.0,85382.0,86297.0,87108.0,87828.0
ES708,3,Lanzarote,2024,TOTAL,TOTAL,NR,36236.0,36519.0,36958.0,37307.0,37699.0,38144.0,38616.0,39024.0,39668.0,40151.0,40551.0,41146.0,42063.0,43020.0,43969.0,44948.0,45918.0,46905.0,47880.0,48834.0,49756.0,50721.0,52209.0,53724.0,55187.0,56649.0,58074.0,59481.0,60875.0,62238.0,63604.0,64911.0,67734.0,70674.0,73588.0,76510.0,79449.0,82376.0,85329.0,88263.0,91278.0,94321.0,97781.0,104284.0,109741.0,115879.0,121960.0,127860.0,133858.0,136449.0,136424.0,137019.0,138362.0,139177.0,139649.0,141098.0,142864.0,145504.0,148063.0,150672.0,154351.0,155944.0,155638.0,158798.0,163230.0,166878.0,168447.0,169839.0
ES709,3,Tenerife,2024,TOTAL,TOTAL,NR,391408.0,394466.0,401890.0,408387.0,415400.0,423049.0,431056.0,438405.0,448481.0,456807.0,464244.0,473971.0,482057.0,490557.0,498904.0,507534.0,516015.0,524643.0,533076.0,541232.0,548999.0,557191.0,564855.0,572716.0,579939.0,587084.0,593782.0,600254.0,606546.0,612502.0,618456.0,623823.0,630672.0,638414.0,645720.0,652911.0,660082.0,667003.0,673989.0,680698.0,687902.0,695184.0,705337.0,728108.0,750406.0,773807.0,794985.0,815793.0,836512.0,852747.0,861859.0,871073.0,880765.0,886038.0,888709.0,890057.0,890258.0,896214.0,905307.0,916449.0,928551.0,930570.0,934449.0,948815.0,959189.0,966469.0,975554.0,983618.0
FI196,3,Satakunta,2024,TOTAL,TOTAL,NR,226210.0,227911.0,229123.0,230420.0,231770.0,232383.0,232701.0,233508.0,234608.0,234987.0,233710.0,232591.0,234147.0,235700.0,237147.0,238508.0,239591.0,240281.0,241265.0,241996.0,242833.0,243839.0,243746.0,243900.0,243967.0,243806.0,243287.0,242663.0,241932.0,241329.0,240925.0,240777.0,240767.0,240744.0,240519.0,240028.0,239255.0,238057.0,236818.0,235662.0,234233.0,232569.0,231307.0,230480.0,229910.0,229389.0,228675.0,228051.0,227131.0,226358.0,226116.0,225762.0,225302.0,224934.0,224556.0,223983.0,222957.0,221740.0,220398.0,218624.0,216752.0,215416.0,214281.0,212556.0,211740.0,211261.0,211895.0,212267.0
FI198,3,Keski-Suomi,2024,TOTAL,TOTAL,NR,252399.0,254296.0,254221.0,254221.0,254258.0,253471.0,252354.0,251754.0,251455.0,250370.0,247522.0,244852.0,245346.0,245823.0,246177.0,246429.0,246383.0,245926.0,245765.0,245338.0,245013.0,244851.0,245977.0,247368.0,248684.0,249782.0,250522.0,251163.0,251701.0,252380.0,253276.0,254871.0,256724.0,257913.0,258663.0,259525.0,259831.0,260815.0,261479.0,261629.0,261947.0,262495.0,263324.0,263604.0,264602.0,265658.0,266340.0,266400.0,267453.0,268486.0,269511.0,270353.0,271086.0,271859.0,272911.0,272986.0,273446.0,273910.0,273779.0,273283.0,272898.0,272617.0,272683.0,272437.0,273271.0,274112.0,274934.0,275419.0
FI199,3,Etelä-Pohjanmaa,2024,TOTAL,TOTAL,NR,212328.0,213924.0,213376.0,212884.0,212417.0,211255.0,209814.0,208800.0,208030.0,206605.0,203725.0,200997.0,201289.0,201566.0,201741.0,201831.0,201676.0,201184.0,200933.0,200464.0,200078.0,199824.0,200591.0,201572.0,202491.0,203231.0,203678.0,204044.0,204324.0,204719.0,205288.0,205809.0,206128.0,206504.0,206655.0,206342.0,205037.0,204019.0,202823.0,201881.0,200960.0,199772.0,198696.0,198257.0,198109.0,198238.0,197979.0,197766.0,198015.0,197735.0,197773.0,197775.0,198034.0,198370.0,198831.0,198242.0,197371.0,196572.0,195583.0,194316.0,193207.0,192150.0,191762.0,190774.0,190539.0,189929.0,190499.0,190835.0
FI19A,3,Pohjanmaa,2024,TOTAL,TOTAL,NR,155057.0,156223.0,156761.0,157352.0,157976.0,158094.0,158010.0,158254.0,158695.0,158645.0,157477.0,156418.0,157551.0,158684.0,159747.0,160752.0,161570.0,162124.0,162877.0,163460.0,164115.0,164884.0,165366.0,166023.0,166626.0,167080.0,167293.0,167438.0,167512.0,167679.0,167987.0,168309.0,169027.0,169617.0,169905.0,170005.0,169987.0,170108.0,170048.0,169921.0,169368.0,169071.0,168929.0,168854.0,168956.0,169273.0,169460.0,170030.0,170787.0,171761.0,172789.0,173675.0,174807.0,175351.0,175530.0,176314.0,176894.0,176729.0,176272.0,176193.0,175923.0,175816.0,176041.0,176323.0,177602.0,178749.0,179285.0,179601.0
FI19B,3,Pirkanmaa,2024,TOTAL,TOTAL,NR,384876.0,387769.0,390494.0,393373.0,396352.0,398077.0,399303.0,401371.0,403953.0,405298.0,403785.0,402541.0,404517.0,406480.0,408253.0,409869.0,411000.0,411453.0,412406.0,412922.0,413616.0,414592.0,416448.0,418750.0,420926.0,422732.0,423933.0,424966.0,425822.0,426919.0,428381.0,430319.0,432147.0,433872.0,435611.0,437981.0,440681.0,443085.0,445616.0,448170.0,450707.0,453534.0,457184.0,460388.0,463664.0,467813.0,471839.0,476726.0,481179.0,485260.0,488979.0,492476.0,496030.0,499870.0,502575.0,505756.0,508448.0,511642.0,514333.0,517333.0,519872.0,522852.0,527478.0,532671.0,539309.0,545406.0,547042.0,548006.0
FI1B1,3,Helsinki-Uusimaa,2024,TOTAL,TOTAL,NR,810610.0,816704.0,836278.0,856372.0,876874.0,894760.0,911622.0,930510.0,950740.0,968190.0,978798.0,989945.0,1003860.0,1017853.0,1031468.0,1044786.0,1056953.0,1067429.0,1079256.0,1089989.0,1101245.0,1113307.0,1125763.0,1139511.0,1153006.0,1165568.0,1176524.0,1187061.0,1197153.0,1207963.0,1219864.0,1232236.0,1248072.0,1261807.0,1277609.0,1293573.0,1310680.0,1327243.0,1344989.0,1362634.0,1379712.0,1394199.0,1408525.0,1419938.0,1429869.0,1439400.0,1452083.0,1467453.0,1483719.0,1501511.0,1517542.0,1532309.0,1549058.0,1566835.0,1585473.0,1603388.0,1620261.0,1638293.0,1655624.0,1671024.0,1689725.0,1702678.0,1714741.0,1733033.0,1759537.0,1782300.0,1787648.0,1790799.0
FI1C1,3,Varsinais-Suomi,2024,TOTAL,TOTAL,NR,366315.0,369069.0,371832.0,374745.0,377754.0,379571.0,380914.0,383060.0,385699.0,387158.0,385888.0,384873.0,387725.0,390576.0,393255.0,395794.0,397873.0,399301.0,401221.0,402721.0,404400.0,406360.0,408586.0,411254.0,413803.0,415993.0,417591.0,419026.0,420289.0,421792.0,423659.0,425282.0,427158.0,428864.0,430409.0,432603.0,435119.0,437491.0,439973.0,443050.0,445542.0,447103.0,449293.0,450968.0,452444.0,453745.0,455584.0,457789.0,459235.0,461177.0,462914.0,465183.0,467217.0,468936.0,470880.0,472725.0,474323.0,475543.0,477677.0,478582.0,479341.0,481403.0,483477.0,485567.0,490786.0,494819.0,496304.0,497179.0
FI1C2,3,Kanta-Häme,2024,TOTAL,TOTAL,NR,150914.0,152049.0,152507.0,153017.0,153557.0,153604.0,153455.0,153625.0,153985.0,153867.0,152666.0,151570.0,152241.0,152906.0,153498.0,154031.0,154381.0,154475.0,154757.0,154875.0,155059.0,155348.0,156115.0,157050.0,157939.0,158689.0,159214.0,159675.0,160071.0,160557.0,161181.0,162248.0,163442.0,164363.0,164767.0,164957.0,164937.0,164892.0,165026.0,164914.0,165190.0,165307.0,165509.0,165886.0,166648.0,167630.0,168381.0,169952.0,171449.0,173041.0,173828.0,174555.0,175230.0,175472.0,175481.0,175350.0,174710.0,173781.0,172720.0,171364.0,170925.0,170577.0,170213.0,169537.0,169547.0,169455.0,169963.0,170263.0
FI1C5,3,Etelä-Karjala,2024,TOTAL,TOTAL,NR,141677.0,142742.0,143327.0,143963.0,144629.0,144833.0,144853.0,145175.0,145678.0,145732.0,144758.0,143884.0,144213.0,144532.0,144780.0,144968.0,144981.0,144753.0,144698.0,144488.0,144338.0,144284.0,143979.0,143818.0,143602.0,143249.0,142684.0,142055.0,141362.0,140743.0,140237.0,140244.0,140150.0,139907.0,139569.0,139297.0,138678.0,138163.0,137944.0,137238.0,136525.0,136299.0,136161.0,135840.0,135458.0,134962.0,134786.0,134441.0,133899.0,133647.0,133210.0,132899.0,132527.0,132355.0,132252.0,131764.0,131155.0,130506.0,129865.0,128756.0,127757.0,126921.0,126107.0,125353.0,125162.0,125083.0,125458.0,125679.0
FI1C6,3,Päijät-Häme,2024,TOTAL,TOTAL,NR,162176.0,163395.0,166337.0,169368.0,172468.0,175043.0,177411.0,180166.0,183172.0,185634.0,186784.0,188045.0,189670.0,191298.0,192843.0,194323.0,195578.0,196515.0,197696.0,198671.0,199735.0,200940.0,201498.0,202269.0,202974.0,203497.0,203726.0,203872.0,203931.0,204103.0,204448.0,205157.0,205909.0,206484.0,206642.0,206569.0,206362.0,205750.0,205714.0,205415.0,205270.0,205252.0,205498.0,205905.0,206232.0,206478.0,206753.0,206973.0,207771.0,208523.0,208940.0,209432.0,209873.0,210168.0,209405.0,208959.0,208525.0,208574.0,208048.0,207394.0,206315.0,205771.0,205124.0,204528.0,204479.0,204635.0,205249.0,205611.0
FI1C7,3,Kymenlaakso,2024,TOTAL,TOTAL,NR,183692.0,185073.0,186189.0,187377.0,188609.0,189242.0,189638.0,190431.0,191466.0,191914.0,191008.0,190231.0,190654.0,191064.0,191379.0,191615.0,191620.0,191305.0,191220.0,190929.0,190718.0,190634.0,190315.0,190186.0,189987.0,189607.0,188947.0,188203.0,187375.0,186645.0,186066.0,185774.0,186026.0,186005.0,185645.0,185064.0,184206.0,183463.0,182566.0,181830.0,180710.0,179600.0,178865.0,178294.0,177864.0,177748.0,177418.0,176503.0,175854.0,175078.0,174947.0,174722.0,174192.0,173801.0,173864.0,172908.0,171778.0,170770.0,168691.0,166623.0,164456.0,162812.0,161391.0,159488.0,158658.0,157442.0,157914.0,158192.0
FI1D5,3,Keski-Pohjanmaa,2024,TOTAL,TOTAL,NR,58310.0,58748.0,59147.0,59569.0,60007.0,60254.0,60425.0,60724.0,61101.0,61290.0,61047.0,60845.0,61354.0,61864.0,62348.0,62810.0,63199.0,63485.0,63850.0,64148.0,64476.0,64848.0,65247.0,65716.0,66168.0,66562.0,66862.0,67136.0,67383.0,67669.0,68013.0,68214.0,68503.0,68887.0,69315.0,69627.0,69539.0,69213.0,69021.0,68773.0,68345.0,68052.0,67671.0,67497.0,67441.0,67369.0,67612.0,67632.0,67898.0,67991.0,68131.0,68321.0,68484.0,68610.0,68677.0,68832.0,69032.0,69027.0,68780.0,68437.0,68158.0,67988.0,67915.0,67805.0,67736.0,67723.0,67926.0,68046.0
FI1D7,3,Lappi,2024,TOTAL,TOTAL,NR,203555.0,205085.0,204993.0,204961.0,204959.0,204292.0,203358.0,202841.0,202567.0,201658.0,199330.0,197146.0,197326.0,197489.0,197552.0,197530.0,197267.0,196674.0,196316.0,195744.0,195253.0,194890.0,195612.0,196542.0,197411.0,198105.0,198514.0,198843.0,199089.0,199446.0,199973.0,200674.0,201652.0,202433.0,202895.0,202325.0,201411.0,200579.0,199051.0,196647.0,194352.0,191768.0,189288.0,187777.0,186917.0,186443.0,185800.0,184935.0,184390.0,183963.0,183748.0,183488.0,183330.0,182844.0,182514.0,181748.0,180858.0,180207.0,179223.0,178522.0,177161.0,176665.0,176494.0,175795.0,176150.0,176151.0,176681.0,176992.0
FI1D8,3,Kainuu,2024,TOTAL,TOTAL,NR,98640.0,99382.0,99268.0,99183.0,99111.0,98717.0,98193.0,97870.0,97663.0,97150.0,95953.0,94826.0,94976.0,95120.0,95215.0,95270.0,95210.0,94990.0,94885.0,94677.0,94508.0,94401.0,94277.0,94248.0,94185.0,94032.0,93740.0,93408.0,93033.0,92708.0,92458.0,92459.0,92190.0,92010.0,91794.0,91350.0,90781.0,90035.0,88896.0,87843.0,86943.0,85736.0,84497.0,83477.0,82744.0,82214.0,81585.0,80738.0,80218.0,79690.0,79234.0,78703.0,77984.0,77435.0,76782.0,76119.0,75324.0,74803.0,73959.0,73061.0,72306.0,71664.0,71255.0,70521.0,70164.0,69639.0,69848.0,69971.0
FI1D9,3,Pohjois-Pohjanmaa,2024,TOTAL,TOTAL,NR,308601.0,310921.0,311813.0,312811.0,313870.0,313921.0,313571.0,313871.0,314559.0,314271.0,311770.0,309486.0,311680.0,313872.0,315925.0,317864.0,319432.0,320478.0,321918.0,323020.0,324265.0,325735.0,328453.0,331538.0,334537.0,337256.0,339504.0,341625.0,343611.0,345799.0,348292.0,350799.0,354088.0,357072.0,359433.0,361751.0,364443.0,366218.0,367361.0,368302.0,369827.0,372639.0,375182.0,377045.0,378903.0,381792.0,384808.0,387320.0,390038.0,392652.0,395510.0,398335.0,401201.0,403920.0,406480.0,408536.0,410054.0,411150.0,411856.0,412161.0,412830.0,413830.0,415603.0,416543.0,418205.0,418331.0,419586.0,420326.0
FI1DA,3,Etelä-Savo,2024,TOTAL,TOTAL,NR,187454.0,188863.0,188177.0,187537.0,186916.0,185682.0,184201.0,183093.0,182197.0,180724.0,177980.0,175370.0,174753.0,174114.0,173375.0,172555.0,171517.0,170187.0,169055.0,167736.0,166480.0,165329.0,165436.0,165714.0,165934.0,166001.0,165826.0,165580.0,165262.0,165033.0,164941.0,164894.0,164753.0,164787.0,164380.0,163845.0,163095.0,162065.0,160920.0,159519.0,158048.0,156747.0,155575.0,154446.0,153514.0,152648.0,151807.0,150848.0,149317.0,148145.0,147151.0,146299.0,145405.0,144374.0,143638.0,142746.0,141621.0,140422.0,138822.0,136474.0,134314.0,132702.0,131688.0,130451.0,129914.0,129376.0,129764.0,129993.0
FI1DB,3,Pohjois-Savo,2024,TOTAL,TOTAL,NR,278447.0,280540.0,279888.0,279311.0,278767.0,277312.0,275491.0,274232.0,273294.0,271495.0,267786.0,264274.0,264400.0,264504.0,264469.0,264322.0,263851.0,262937.0,262336.0,261450.0,260671.0,260062.0,260762.0,261736.0,262625.0,263279.0,263552.0,263717.0,263770.0,263968.0,264390.0,264766.0,265768.0,266624.0,266731.0,266658.0,266151.0,265514.0,264471.0,262860.0,261335.0,259589.0,258628.0,257721.0,257066.0,256773.0,255710.0,255109.0,254426.0,253933.0,253655.0,253385.0,253538.0,253603.0,253643.0,253585.0,253239.0,252815.0,251570.0,250414.0,249003.0,248265.0,248363.0,247689.0,248190.0,248815.0,249562.0,250002.0
FI1DC,3,Pohjois-Karjala,2024,TOTAL,TOTAL,NR,210962.0,212548.0,211037.0,209569.0,208110.0,205960.0,203531.0,201508.0,199710.0,197273.0,193449.0,189776.0,189298.0,188797.0,188191.0,187499.0,186571.0,185327.0,184301.0,183070.0,181911.0,180867.0,181020.0,181359.0,181637.0,181747.0,181592.0,181360.0,181049.0,180836.0,180773.0,181042.0,181651.0,182096.0,182268.0,182096.0,181431.0,180353.0,179241.0,177733.0,176582.0,175607.0,174761.0,173661.0,173044.0,172508.0,172194.0,171366.0,170552.0,169907.0,169715.0,169597.0,169615.0,169436.0,169112.0,168896.0,168329.0,167599.0,166441.0,165569.0,164465.0,163537.0,163281.0,162540.0,162321.0,162091.0,162577.0,162864.0
FI200,3,Åland,2024,TOTAL,TOTAL,NR,20823.0,20980.0,21019.0,21065.0,21115.0,21096.0,21051.0,21049.0,21073.0,21031.0,20841.0,20666.0,20912.0,21159.0,21398.0,21631.0,21839.0,22012.0,22212.0,22390.0,22578.0,22783.0,22959.0,23161.0,23356.0,23532.0,23675.0,23809.0,23933.0,24071.0,24231.0,24604.0,24847.0,24993.0,25102.0,25158.0,25202.0,25257.0,25392.0,25625.0,25706.0,25776.0,26008.0,26257.0,26347.0,26530.0,26766.0,26923.0,27153.0,27456.0,27734.0,28007.0,28354.0,28501.0,28666.0,28916.0,28983.0,29214.0,29489.0,29789.0,29884.0,30129.0,30344.0,30359.0,30541.0,30654.0,30746.0,30800.0
FR101,3,Paris,2024,TOTAL,TOTAL,NR,2830662.0,2832920.0,2800423.0,2766416.0,2730902.0,2693871.0,2655337.0,2615289.0,2573732.0,2539491.0,2504328.0,2468234.0,2426771.0,2384397.0,2341121.0,2296945.0,2289554.0,2272269.0,2254537.0,2236490.0,2220096.0,2204629.0,2176652.0,2173829.0,2168620.0,2164086.0,2159321.0,2155190.0,2151812.0,2149221.0,2150147.0,2145912.0,2139928.0,2132475.0,2129856.0,2120545.0,2116512.0,2110869.0,2111315.0,2123686.0,2129731.0,2137442.0,2145472.0,2154521.0,2161932.0,2172186.0,2181371.0,2193030.0,2211297.0,2234105.0,2243833.0,2249975.0,2240621.0,2229621.0,2220445.0,2206488.0,2190327.0,2187526.0,2175601.0,2165423.0,2145906.0,2133111.0,2113705.0,2092813.0,2084894.0,2065560.0,2072448.0,2074761.0
FR102,3,Seine-et-Marne,2024,TOTAL,TOTAL,NR,511021.0,511429.0,524661.0,538058.0,551621.0,565350.0,579244.0,593304.0,607528.0,622943.0,638557.0,654369.0,679599.0,705097.0,730862.0,756890.0,778061.0,796150.0,814263.0,832440.0,851432.0,871015.0,885764.0,909510.0,932350.0,955554.0,978735.0,1002291.0,1026299.0,1050805.0,1077206.0,1095235.0,1115222.0,1131179.0,1146990.0,1159421.0,1169827.0,1176289.0,1182543.0,1191775.0,1202569.0,1214294.0,1225780.0,1237515.0,1248865.0,1261010.0,1273488.0,1289524.0,1303702.0,1313414.0,1324865.0,1338427.0,1353946.0,1365200.0,1377846.0,1390121.0,1397665.0,1403997.0,1412516.0,1421197.0,1428636.0,1438100.0,1452399.0,1461552.0,1479706.0,1490900.0,1495872.0,1497541.0
FR103,3,Yvelines,2024,TOTAL,TOTAL,NR,661279.0,661807.0,688170.0,714960.0,742176.0,769820.0,797888.0,826384.0,855304.0,879926.0,904879.0,930163.0,967129.0,1004491.0,1042248.0,1080395.0,1101156.0,1117446.0,1133701.0,1149981.0,1167315.0,1185379.0,1196828.0,1210395.0,1222690.0,1235411.0,1248047.0,1261103.0,1274662.0,1288761.0,1305076.0,1314925.0,1326185.0,1333814.0,1340268.0,1345471.0,1350539.0,1353180.0,1353723.0,1353945.0,1358816.0,1365015.0,1371107.0,1377260.0,1383145.0,1389456.0,1395804.0,1403957.0,1406053.0,1407560.0,1408765.0,1413635.0,1412356.0,1418484.0,1421670.0,1427291.0,1431808.0,1438266.0,1441398.0,1448207.0,1449723.0,1456365.0,1470778.0,1477228.0,1495123.0,1504565.0,1509582.0,1511267.0
FR104,3,Essonne,2024,TOTAL,TOTAL,NR,476477.0,476857.0,503544.0,530715.0,558369.0,586508.0,615130.0,644236.0,673824.0,706944.0,740567.0,774695.0,811360.0,848437.0,885926.0,923820.0,936614.0,945548.0,954417.0,963270.0,972970.0,983232.0,987988.0,999914.0,1010791.0,1022023.0,1033187.0,1044701.0,1056634.0,1069018.0,1083245.0,1093658.0,1105974.0,1115400.0,1122103.0,1127647.0,1131399.0,1131514.0,1133653.0,1133836.0,1142331.0,1151521.0,1160665.0,1169540.0,1178214.0,1188351.0,1198273.0,1201994.0,1205850.0,1208004.0,1215340.0,1225191.0,1237507.0,1253931.0,1268228.0,1276233.0,1287330.0,1296130.0,1296641.0,1301659.0,1306118.0,1313768.0,1324546.0,1331182.0,1347483.0,1356114.0,1360636.0,1362154.0
FR105,3,Hauts-de-Seine,2024,TOTAL,TOTAL,NR,1366791.0,1367882.0,1381140.0,1394333.0,1407460.0,1420523.0,1433520.0,1446454.0,1459320.0,1456933.0,1454326.0,1451495.0,1449126.0,1446531.0,1443713.0,1440670.0,1438980.0,1431105.0,1422972.0,1414662.0,1407424.0,1400801.0,1386244.0,1386915.0,1386072.0,1385669.0,1385124.0,1384996.0,1385362.0,1386246.0,1389416.0,1392369.0,1394910.0,1395461.0,1399157.0,1403081.0,1406949.0,1412292.0,1419110.0,1427888.0,1442087.0,1457738.0,1473080.0,1488605.0,1503568.0,1520106.0,1536100.0,1544411.0,1549619.0,1561745.0,1572490.0,1581628.0,1586434.0,1591403.0,1597770.0,1601569.0,1603268.0,1609306.0,1619120.0,1624357.0,1626213.0,1635291.0,1647435.0,1653212.0,1661465.0,1668275.0,1673838.0,1675706.0
FR106,3,Seine-Saint-Denis,2024,TOTAL,TOTAL,NR,1054653.0,1055494.0,1082630.0,1110104.0,1137916.0,1166066.0,1194553.0,1223379.0,1252540.0,1260274.0,1267992.0,1275691.0,1287204.0,1298710.0,1310209.0,1321700.0,1327823.0,1328331.0,1328657.0,1328876.0,1330164.0,1332112.0,1326548.0,1333221.0,1338461.0,1344144.0,1349709.0,1355700.0,1362199.0,1369238.0,1378576.0,1380953.0,1384908.0,1387427.0,1389787.0,1389976.0,1389668.0,1388804.0,1386023.0,1383319.0,1396942.0,1411789.0,1427204.0,1442929.0,1458081.0,1474920.0,1491970.0,1502340.0,1506466.0,1515983.0,1522048.0,1529928.0,1538726.0,1552482.0,1571028.0,1592663.0,1606660.0,1623111.0,1632677.0,1644903.0,1655422.0,1668670.0,1681725.0,1692115.0,1718265.0,1731789.0,1737564.0,1739503.0
FR107,3,Val-de-Marne,2024,TOTAL,TOTAL,NR,949074.0,949831.0,973229.0,996908.0,1020867.0,1045107.0,1069627.0,1094428.0,1119508.0,1131291.0,1143145.0,1155069.0,1169718.0,1184419.0,1199174.0,1213980.0,1215998.0,1212831.0,1209472.0,1205987.0,1203445.0,1201463.0,1192692.0,1195488.0,1196988.0,1198873.0,1200644.0,1202783.0,1205360.0,1208399.0,1213446.0,1215154.0,1218450.0,1221158.0,1222214.0,1221918.0,1221145.0,1222429.0,1225473.0,1227030.0,1236443.0,1246724.0,1256515.0,1266690.0,1276157.0,1287350.0,1298340.0,1302889.0,1310876.0,1318537.0,1327732.0,1333702.0,1341831.0,1354005.0,1365039.0,1372389.0,1378151.0,1387926.0,1396913.0,1407124.0,1407972.0,1415367.0,1419531.0,1422186.0,1430965.0,1434875.0,1439660.0,1441267.0
FR108,3,Val-d'Oise,2024,TOTAL,TOTAL,NR,524794.0,525213.0,548069.0,571309.0,594932.0,618937.0,643325.0,668096.0,693248.0,710457.0,727885.0,745533.0,769363.0,793430.0,817731.0,842265.0,856393.0,867020.0,877605.0,888195.0,899583.0,911515.0,918352.0,934442.0,949571.0,965047.0,980475.0,996251.0,1012446.0,1029097.0,1047553.0,1057350.0,1067699.0,1076500.0,1082848.0,1090916.0,1097809.0,1100050.0,1100782.0,1104533.0,1111072.0,1118301.0,1125740.0,1133014.0,1140328.0,1148764.0,1157052.0,1160721.0,1165397.0,1168892.0,1171161.0,1180365.0,1187081.0,1194681.0,1205539.0,1215390.0,1221923.0,1228618.0,1238581.0,1249674.0,1251804.0,1256607.0,1270845.0,1277071.0,1289641.0,1297210.0,1301536.0,1302988.0
FRB01,3,Cher,2024,TOTAL,TOTAL,NR,291485.0,291718.0,293634.0,295515.0,297362.0,299174.0,300950.0,302693.0,304400.0,305757.0,307101.0,308431.0,310725.0,313010.0,315287.0,317555.0,319257.0,319612.0,319924.0,320213.0,320761.0,321470.0,320368.0,320571.0,320423.0,320378.0,320300.0,320319.0,320452.0,320705.0,321487.0,321274.0,321042.0,320257.0,319294.0,318250.0,316913.0,316121.0,315255.0,314603.0,314584.0,314636.0,314887.0,314781.0,314490.0,314642.0,314675.0,314599.0,313251.0,311022.0,311257.0,311694.0,311897.0,311650.0,310270.0,308992.0,307110.0,304256.0,303408.0,302306.0,300933.0,299573.0,299496.0,298404.0,297369.0,296293.0,297281.0,297613.0
FRB02,3,Eure-et-Loir,2024,TOTAL,TOTAL,NR,273415.0,273633.0,277631.0,281647.0,285681.0,289733.0,293803.0,297891.0,301996.0,305992.0,310021.0,314084.0,319379.0,324707.0,330067.0,335460.0,340602.0,344345.0,348069.0,351790.0,355825.0,360070.0,362300.0,366483.0,370280.0,374207.0,378109.0,382138.0,386319.0,390665.0,395683.0,398575.0,401323.0,403528.0,405293.0,406368.0,406961.0,407793.0,408212.0,407707.0,409342.0,411292.0,413125.0,415032.0,416808.0,418968.0,421114.0,422411.0,423559.0,425502.0,428933.0,430416.0,432107.0,432967.0,433762.0,434035.0,433929.0,433233.0,431997.0,431575.0,431443.0,431277.0,432950.0,433132.0,433268.0,433124.0,434568.0,435053.0
FRB03,3,Indre,2024,TOTAL,TOTAL,NR,252416.0,252617.0,252066.0,251434.0,250721.0,249927.0,249052.0,248097.0,247060.0,247095.0,247100.0,247075.0,247048.0,246988.0,246896.0,246770.0,247201.0,246579.0,245917.0,245230.0,244735.0,244354.0,242592.0,242028.0,241197.0,240440.0,239657.0,238943.0,238312.0,237767.0,237609.0,237109.0,236467.0,235831.0,234577.0,234056.0,233375.0,232829.0,232252.0,231365.0,231441.0,231681.0,231866.0,232155.0,232211.0,232612.0,232959.0,232799.0,232004.0,232268.0,231176.0,230175.0,228692.0,228091.0,226175.0,224200.0,223505.0,222232.0,220595.0,219316.0,218707.0,217228.0,216809.0,215578.0,215000.0,213862.0,214575.0,214814.0
FRB04,3,Indre-et-Loire,2024,TOTAL,TOTAL,NR,387915.0,388225.0,394921.0,401665.0,408458.0,415301.0,422192.0,429132.0,436120.0,441542.0,447006.0,452512.0,458794.0,465105.0,471444.0,477810.0,483373.0,486931.0,490448.0,493950.0,497877.0,502083.0,503472.0,506735.0,509456.0,512347.0,515196.0,518210.0,521421.0,524842.0,529150.0,531644.0,534700.0,538147.0,540563.0,543482.0,546156.0,549262.0,551498.0,553690.0,557170.0,561151.0,564886.0,568765.0,572255.0,576366.0,580312.0,583086.0,585406.0,588420.0,590515.0,593683.0,596937.0,600252.0,603924.0,604966.0,606223.0,606511.0,607760.0,610079.0,612119.0,612160.0,616326.0,617703.0,621115.0,622694.0,624771.0,625468.0
FRB05,3,Loir-et-Cher,2024,TOTAL,TOTAL,NR,247692.0,247890.0,250677.0,253461.0,256242.0,259020.0,261795.0,264567.0,267336.0,269440.0,271548.0,273660.0,275875.0,278085.0,280290.0,282490.0,285462.0,287247.0,289004.0,290751.0,292745.0,294900.0,295400.0,296748.0,297778.0,298905.0,300005.0,301200.0,302507.0,303933.0,305869.0,307217.0,308482.0,309798.0,310472.0,311590.0,312590.0,313660.0,314616.0,314995.0,316354.0,317783.0,319144.0,320536.0,321808.0,323489.0,325182.0,326291.0,326599.0,327868.0,330079.0,331280.0,331656.0,332001.0,333567.0,333050.0,332769.0,331915.0,330248.0,329470.0,329357.0,328504.0,328953.0,328360.0,328061.0,327403.0,328495.0,328862.0
FRB06,3,Loiret,2024,TOTAL,TOTAL,NR,382449.0,382754.0,389693.0,396688.0,403738.0,410845.0,418007.0,425226.0,432500.0,439135.0,445834.0,452597.0,462018.0,471512.0,481078.0,490715.0,499062.0,505369.0,511653.0,517941.0,524695.0,531768.0,535868.0,541410.0,546381.0,551541.0,556662.0,561968.0,567496.0,573262.0,580010.0,585588.0,591029.0,595926.0,600195.0,604569.0,608331.0,612369.0,616372.0,617935.0,621230.0,625235.0,629070.0,633019.0,636707.0,641169.0,645325.0,647733.0,650769.0,653510.0,656105.0,659587.0,662297.0,665587.0,669737.0,673349.0,674330.0,678105.0,678845.0,680434.0,682304.0,684561.0,687063.0,688539.0,693193.0,694930.0,697247.0,698025.0
FRC11,3,Côte-d'Or,2024,TOTAL,TOTAL,NR,383151.0,383457.0,388841.0,394245.0,399668.0,405113.0,410576.0,416060.0,421564.0,425224.0,428897.0,432583.0,438073.0,443582.0,449112.0,454660.0,458779.0,460981.0,463135.0,465266.0,467789.0,470563.0,470692.0,473591.0,475984.0,478535.0,481046.0,483710.0,486559.0,489602.0,493471.0,495531.0,497563.0,499519.0,500929.0,502767.0,504022.0,505716.0,506212.0,506699.0,508015.0,509714.0,511197.0,512591.0,514022.0,515829.0,517168.0,519143.0,521608.0,524144.0,524358.0,525931.0,527403.0,529761.0,531380.0,533147.0,533213.0,533819.0,533220.0,534124.0,535078.0,535503.0,537577.0,538080.0,540943.0,541658.0,543464.0,544070.0
FRC12,3,Nièvre,2024,TOTAL,TOTAL,NR,245614.0,245810.0,245997.0,246122.0,246185.0,246186.0,246125.0,246002.0,245816.0,245978.0,246114.0,246221.0,246872.0,247500.0,248104.0,248685.0,248154.0,246554.0,244908.0,243229.0,241733.0,240339.0,237584.0,237123.0,236401.0,235753.0,235078.0,234473.0,233948.0,233509.0,233450.0,232671.0,231731.0,230756.0,230146.0,229577.0,228568.0,227623.0,226776.0,225485.0,225054.0,224569.0,224139.0,223605.0,223050.0,222711.0,222220.0,221488.0,220653.0,220199.0,219584.0,218341.0,216786.0,215221.0,213569.0,211747.0,209161.0,207182.0,205828.0,204452.0,202670.0,202417.0,202299.0,201409.0,200818.0,200188.0,200856.0,201080.0
FRC13,3,Saône-et-Loire,2024,TOTAL,TOTAL,NR,533141.0,533566.0,536415.0,539186.0,541878.0,544492.0,547026.0,549483.0,551860.0,553605.0,555313.0,556984.0,560381.0,563751.0,567096.0,570415.0,572918.0,572996.0,572994.0,572946.0,573357.0,574051.0,571508.0,570128.0,568120.0,566287.0,564391.0,562659.0,561121.0,559785.0,559360.0,558411.0,557729.0,556591.0,555171.0,553381.0,551555.0,549365.0,547472.0,545443.0,545723.0,546312.0,547138.0,547532.0,547660.0,548667.0,549361.0,551842.0,553968.0,554720.0,555663.0,555999.0,555039.0,556222.0,555788.0,555408.0,555023.0,553595.0,552185.0,551493.0,551063.0,549288.0,549136.0,547788.0,549723.0,548844.0,550674.0,551289.0
FRC14,3,Yonne,2024,TOTAL,TOTAL,NR,267493.0,267706.0,269836.0,271944.0,274027.0,276088.0,278124.0,280138.0,282128.0,284466.0,286811.0,289162.0,292063.0,294966.0,297872.0,300780.0,303486.0,304924.0,306330.0,307721.0,309370.0,311186.0,311252.0,312776.0,313963.0,315254.0,316517.0,317880.0,319363.0,320971.0,323118.0,324623.0,326242.0,327739.0,328907.0,329784.0,330730.0,331697.0,332773.0,333206.0,334026.0,335056.0,335963.0,337029.0,337724.0,338983.0,340088.0,341418.0,342359.0,343377.0,342510.0,342463.0,341902.0,341483.0,341814.0,340903.0,340544.0,338291.0,337504.0,335707.0,334156.0,333385.0,333896.0,332690.0,331426.0,330630.0,331733.0,332103.0
FRC21,3,Doubs,2024,TOTAL,TOTAL,NR,377632.0,377933.0,384905.0,391934.0,399022.0,406168.0,413371.0,420633.0,427952.0,432874.0,437830.0,442821.0,450014.0,457249.0,464526.0,471845.0,474364.0,474881.0,475335.0,475753.0,476557.0,477600.0,475952.0,477071.0,477674.0,478430.0,479140.0,479997.0,481030.0,482246.0,484264.0,486507.0,488956.0,491109.0,492812.0,495063.0,496848.0,497719.0,498613.0,499223.0,501423.0,503929.0,506241.0,508532.0,510794.0,513571.0,516157.0,520133.0,522685.0,525276.0,527770.0,529103.0,531062.0,533320.0,534710.0,536959.0,538549.0,539067.0,541454.0,543974.0,545209.0,547096.0,548662.0,549462.0,547024.0,546727.0,548550.0,549162.0
FRC22,3,Jura,2024,TOTAL,TOTAL,NR,224211.0,224390.0,225722.0,227023.0,228294.0,229536.0,230747.0,231929.0,233080.0,233793.0,234491.0,235172.0,236533.0,237882.0,239220.0,240545.0,241797.0,242029.0,242228.0,242409.0,242786.0,243285.0,242412.0,243236.0,243797.0,244438.0,245055.0,245749.0,246534.0,247414.0,248707.0,249430.0,249821.0,250215.0,250294.0,250509.0,250869.0,250659.0,250917.0,250905.0,251811.0,252840.0,253875.0,254691.0,255536.0,256567.0,257399.0,258897.0,260740.0,261277.0,261534.0,261294.0,260932.0,260502.0,260681.0,260587.0,260517.0,260188.0,259746.0,259199.0,258798.0,258555.0,258405.0,257986.0,257588.0,256902.0,257759.0,258047.0
FRC23,3,Haute-Saône,2024,TOTAL,TOTAL,NR,207627.0,207793.0,208616.0,209402.0,210150.0,210862.0,211535.0,212173.0,212772.0,214196.0,215619.0,217041.0,217934.0,218810.0,219671.0,220515.0,223012.0,224583.0,226135.0,227679.0,229419.0,231286.0,231856.0,231610.0,231110.0,230682.0,230230.0,229846.0,229542.0,229322.0,229478.0,228928.0,228657.0,228577.0,228548.0,229376.0,229104.0,229186.0,229150.0,229728.0,230380.0,231413.0,232305.0,233209.0,233991.0,234934.0,235867.0,237197.0,238548.0,239194.0,239548.0,239695.0,239750.0,238956.0,238347.0,237706.0,237242.0,236659.0,236018.0,235313.0,234601.0,234296.0,233920.0,233293.0,232484.0,231818.0,232591.0,232851.0
FRC24,3,Territoire de Belfort,2024,TOTAL,TOTAL,NR,107611.0,107697.0,109134.0,110574.0,112019.0,113467.0,114920.0,116376.0,117836.0,119248.0,120672.0,122105.0,123559.0,125017.0,126479.0,127945.0,129019.0,129553.0,130072.0,130585.0,131207.0,131898.0,131848.0,132137.0,132282.0,132470.0,132646.0,132862.0,133126.0,133441.0,133978.0,134439.0,134892.0,135510.0,136140.0,136592.0,136975.0,137155.0,137234.0,137397.0,137898.0,138513.0,139034.0,139550.0,140157.0,140672.0,141201.0,142444.0,141958.0,142461.0,142911.0,143348.0,143940.0,144318.0,144334.0,144483.0,144089.0,142622.0,141852.0,141318.0,140120.0,139654.0,140082.0,139526.0,140174.0,140111.0,140578.0,140735.0
FRD11,3,Calvados,2024,TOTAL,TOTAL,NR,473707.0,474085.0,480059.0,486042.0,492033.0,498035.0,504045.0,510064.0,516092.0,521606.0,527155.0,532737.0,539539.0,546366.0,553219.0,560095.0,566423.0,570399.0,574325.0,578232.0,582636.0,587364.0,588796.0,592524.0,595619.0,598913.0,602156.0,605593.0,609259.0,613171.0,618117.0,621780.0,625079.0,628687.0,631182.0,633738.0,637669.0,641868.0,644513.0,647951.0,651193.0,654684.0,658189.0,661498.0,664769.0,668210.0,671351.0,673667.0,678206.0,680908.0,683105.0,685262.0,687854.0,689945.0,691670.0,693579.0,693679.0,694002.0,694056.0,694905.0,697547.0,700633.0,704605.0,706548.0,712763.0,715481.0,717867.0,718668.0
FRD12,3,Manche,2024,TOTAL,TOTAL,NR,447015.0,447372.0,448418.0,449368.0,450221.0,450977.0,451636.0,452199.0,452664.0,452433.0,452142.0,451791.0,451762.0,451673.0,451524.0,451315.0,455139.0,457059.0,458930.0,460775.0,463007.0,465484.0,465344.0,467190.0,468533.0,470029.0,471482.0,473083.0,474858.0,476820.0,479579.0,479820.0,479408.0,479877.0,479779.0,480310.0,480267.0,480858.0,481349.0,481466.0,483178.0,484848.0,486544.0,488260.0,489608.0,491110.0,492563.0,495153.0,496937.0,497762.0,498747.0,499531.0,499340.0,499919.0,499958.0,499287.0,498362.0,496883.0,495983.0,495045.0,495093.0,495508.0,496815.0,496441.0,497681.0,497928.0,499588.0,500146.0
FRD13,3,Orne,2024,TOTAL,TOTAL,NR,279269.0,279492.0,280926.0,282319.0,283668.0,284975.0,286239.0,287461.0,288640.0,289063.0,289458.0,289825.0,291020.0,292193.0,293345.0,294475.0,295857.0,295989.0,296080.0,296147.0,296453.0,296905.0,295684.0,295437.0,294867.0,294388.0,293879.0,293456.0,293137.0,292925.0,293194.0,293161.0,293314.0,294086.0,294376.0,294268.0,293516.0,293414.0,292912.0,292530.0,292557.0,292868.0,293068.0,293158.0,293052.0,293105.0,292879.0,292609.0,292282.0,292210.0,291642.0,290891.0,290015.0,288848.0,287750.0,286618.0,285308.0,283372.0,281593.0,279942.0,278475.0,276973.0,276144.0,274742.0,273958.0,272627.0,273536.0,273841.0
FRD21,3,Eure,2024,TOTAL,TOTAL,NR,358100.0,358386.0,361997.0,365594.0,369178.0,372747.0,376303.0,379845.0,383372.0,388171.0,393008.0,397883.0,404207.0,410567.0,416963.0,423395.0,430734.0,436314.0,441875.0,447440.0,453410.0,459655.0,463332.0,469597.0,475372.0,481316.0,487230.0,493311.0,499592.0,506090.0,513465.0,517478.0,522477.0,525823.0,528991.0,531677.0,534513.0,537186.0,539608.0,540918.0,544635.0,548502.0,552211.0,555822.0,559393.0,563316.0,567221.0,572105.0,577087.0,582822.0,586543.0,588111.0,591616.0,595043.0,598347.0,601948.0,602825.0,601843.0,599962.0,599507.0,599668.0,598934.0,601305.0,601533.0,603231.0,603417.0,605429.0,606105.0
FRD22,3,Seine-Maritime,2024,TOTAL,TOTAL,NR,1021316.0,1022131.0,1034604.0,1047087.0,1059580.0,1072084.0,1084598.0,1097123.0,1109656.0,1118355.0,1127073.0,1135807.0,1145613.0,1155406.0,1165188.0,1174955.0,1182377.0,1184822.0,1187119.0,1189335.0,1192526.0,1196325.0,1193388.0,1197213.0,1199745.0,1202665.0,1205474.0,1208657.0,1212283.0,1216379.0,1222504.0,1227019.0,1230968.0,1234321.0,1236774.0,1239357.0,1239937.0,1239146.0,1239784.0,1239584.0,1239940.0,1240904.0,1241888.0,1242102.0,1242398.0,1243361.0,1243834.0,1244611.0,1248580.0,1250120.0,1250411.0,1251282.0,1253931.0,1254609.0,1257920.0,1257699.0,1255755.0,1254378.0,1255883.0,1255633.0,1254739.0,1255918.0,1260205.0,1260258.0,1261327.0,1261529.0,1265736.0,1267148.0
FRE11,3,Nord,2024,TOTAL,TOTAL,NR,2270994.0,2272806.0,2293554.0,2314166.0,2334638.0,2354975.0,2375172.0,2395235.0,2415156.0,2426640.0,2438031.0,2449326.0,2464310.0,2479183.0,2493939.0,2508585.0,2520076.0,2520927.0,2521420.0,2521707.0,2524025.0,2527592.0,2516908.0,2518965.0,2518279.0,2518394.0,2518255.0,2518875.0,2520389.0,2522862.0,2529495.0,2531624.0,2536843.0,2541429.0,2544978.0,2548948.0,2552731.0,2553508.0,2554942.0,2555471.0,2554638.0,2555959.0,2558213.0,2559871.0,2561038.0,2563886.0,2565257.0,2564950.0,2564959.0,2571940.0,2576770.0,2579208.0,2587128.0,2595536.0,2603472.0,2605238.0,2603723.0,2604361.0,2606234.0,2608346.0,2607746.0,2611293.0,2616909.0,2616339.0,2615021.0,2613781.0,2622497.0,2625424.0
FRE12,3,Pas-de-Calais,2024,TOTAL,TOTAL,NR,1359911.0,1360996.0,1366573.0,1371912.0,1377009.0,1381869.0,1386487.0,1390868.0,1395008.0,1395650.0,1396132.0,1396452.0,1398734.0,1400862.0,1402840.0,1404665.0,1411164.0,1411695.0,1412033.0,1412256.0,1413617.0,1415678.0,1409756.0,1412805.0,1414321.0,1416292.0,1418127.0,1420396.0,1423181.0,1426510.0,1432208.0,1433769.0,1434353.0,1436353.0,1436805.0,1437398.0,1438800.0,1441027.0,1440495.0,1441996.0,1443226.0,1445183.0,1447364.0,1448757.0,1449510.0,1451727.0,1453387.0,1456726.0,1459531.0,1461257.0,1461387.0,1462807.0,1463628.0,1465205.0,1472589.0,1472648.0,1470725.0,1468018.0,1466743.0,1465278.0,1462167.0,1461441.0,1460184.0,1456673.0,1454949.0,1451976.0,1456818.0,1458444.0
FRE21,3,Aisne,2024,TOTAL,TOTAL,NR,510134.0,510541.0,513009.0,515396.0,517701.0,519926.0,522069.0,524132.0,526112.0,526818.0,527472.0,528073.0,529482.0,530841.0,532151.0,533410.0,535591.0,535504.0,535341.0,535133.0,535353.0,535836.0,533296.0,533847.0,533817.0,533956.0,534042.0,534290.0,534729.0,535370.0,536896.0,537263.0,537755.0,538219.0,537926.0,538324.0,538017.0,537751.0,536629.0,536181.0,536260.0,536626.0,536784.0,536651.0,536464.0,536798.0,537061.0,537820.0,538790.0,539870.0,540508.0,541302.0,540888.0,540067.0,539783.0,538659.0,536136.0,534490.0,533316.0,531345.0,529374.0,527468.0,525558.0,523228.0,521077.0,518583.0,520312.0,520893.0
FRE22,3,Oise,2024,TOTAL,TOTAL,NR,470857.0,471233.0,480781.0,490420.0,500152.0,509975.0,519890.0,529898.0,539996.0,548346.0,556777.0,565289.0,575814.0,586412.0,597083.0,607825.0,617837.0,625321.0,632774.0,640228.0,648257.0,656676.0,661424.0,669333.0,676540.0,683984.0,691382.0,699014.0,706927.0,715141.0,724587.0,732276.0,739642.0,746457.0,751362.0,755673.0,760914.0,763991.0,765111.0,766253.0,769848.0,773713.0,777612.0,781462.0,785007.0,789012.0,792975.0,796624.0,799725.0,801512.0,803595.0,805642.0,810300.0,815400.0,818680.0,821552.0,823542.0,824503.0,827153.0,829419.0,829699.0,828838.0,830725.0,830509.0,828901.0,827928.0,830689.0,831616.0
FRE23,3,Somme,2024,TOTAL,TOTAL,NR,482837.0,483222.0,487359.0,491461.0,495527.0,499558.0,503552.0,507512.0,511436.0,514765.0,518090.0,521410.0,525868.0,530320.0,534766.0,539205.0,542096.0,542699.0,543231.0,543722.0,544654.0,545859.0,543988.0,544528.0,544476.0,544596.0,544663.0,544893.0,545319.0,545951.0,547485.0,548127.0,548885.0,550247.0,551159.0,552153.0,553038.0,553670.0,554595.0,555547.0,556830.0,558420.0,559920.0,560966.0,561938.0,563218.0,564319.0,565910.0,568086.0,569775.0,570741.0,571211.0,571154.0,571675.0,571632.0,571879.0,572744.0,572443.0,570662.0,570559.0,568748.0,566252.0,565540.0,563543.0,563892.0,562179.0,564054.0,564683.0
FRF11,3,Bas-Rhin,2024,TOTAL,TOTAL,NR,758849.0,759454.0,769334.0,779235.0,789158.0,799104.0,809070.0,819059.0,829068.0,835332.0,841606.0,847888.0,856673.0,865469.0,874277.0,883095.0,890956.0,895094.0,899137.0,903135.0,907892.0,913134.0,913244.0,918219.0,922209.0,926504.0,930720.0,935231.0,940094.0,945331.0,952158.0,960320.0,968879.0,978610.0,987370.0,994932.0,1002555.0,1009849.0,1016591.0,1025033.0,1032498.0,1040521.0,1048305.0,1055890.0,1063274.0,1071160.0,1079016.0,1084840.0,1091015.0,1094439.0,1095905.0,1099269.0,1104667.0,1109460.0,1112815.0,1116658.0,1121407.0,1125559.0,1133552.0,1140057.0,1148073.0,1152662.0,1156963.0,1160728.0,1167537.0,1170953.0,1174858.0,1176169.0
FRF12,3,Haut-Rhin,2024,TOTAL,TOTAL,NR,540713.0,541144.0,547275.0,553401.0,559521.0,565636.0,571745.0,577850.0,583948.0,590479.0,597055.0,603674.0,611812.0,619984.0,628190.0,636430.0,640798.0,642474.0,644071.0,645628.0,647715.0,650138.0,648900.0,651709.0,653816.0,656137.0,658400.0,660869.0,663584.0,666560.0,670652.0,675110.0,679085.0,684357.0,688363.0,692543.0,696784.0,700930.0,703394.0,707555.0,711457.0,715557.0,719749.0,723685.0,727871.0,732242.0,736477.0,742408.0,746072.0,748614.0,749782.0,753056.0,755202.0,758723.0,760134.0,762607.0,762743.0,764030.0,764981.0,767086.0,767842.0,767083.0,767800.0,767160.0,770839.0,770773.0,773343.0,774206.0
FRF21,3,Ardennes,2024,TOTAL,TOTAL,NR,298530.0,298768.0,300269.0,301725.0,303134.0,304497.0,305813.0,307084.0,308308.0,308565.0,308788.0,308978.0,309446.0,309880.0,310280.0,310645.0,310787.0,309599.0,308359.0,307085.0,306047.0,305149.0,302524.0,301801.0,300745.0,299781.0,298785.0,297875.0,297068.0,296368.0,296150.0,295676.0,294625.0,294604.0,294260.0,293368.0,292822.0,292175.0,291329.0,290452.0,289609.0,289041.0,288520.0,287820.0,287136.0,286425.0,285653.0,284749.0,284197.0,283296.0,283250.0,283110.0,282778.0,280907.0,279715.0,277752.0,275371.0,273579.0,271845.0,270582.0,269701.0,268859.0,267204.0,265865.0,264406.0,262992.0,263869.0,264163.0
FRF22,3,Aube,2024,TOTAL,TOTAL,NR,252311.0,252512.0,255162.0,257805.0,260440.0,263068.0,265689.0,268302.0,270908.0,272162.0,273405.0,274637.0,277047.0,279453.0,281858.0,284260.0,286071.0,286678.0,287249.0,287801.0,288588.0,289523.0,288828.0,288925.0,288706.0,288578.0,288421.0,288351.0,288383.0,288523.0,289138.0,290118.0,290731.0,291359.0,291968.0,292575.0,292381.0,292712.0,292676.0,292317.0,293185.0,294310.0,295419.0,296294.0,297154.0,298483.0,299704.0,300840.0,301327.0,303298.0,303327.0,303997.0,305606.0,306581.0,308094.0,309056.0,308910.0,310020.0,310020.0,310242.0,311435.0,311329.0,311076.0,311170.0,309743.0,308734.0,309764.0,310110.0
FRF23,3,Marne,2024,TOTAL,TOTAL,NR,434220.0,434566.0,441640.0,448760.0,455924.0,463134.0,470388.0,477688.0,485032.0,490493.0,495991.0,501526.0,508467.0,515439.0,522442.0,529475.0,533472.0,535231.0,536929.0,538595.0,540707.0,543101.0,542440.0,544420.0,545813.0,547384.0,548904.0,550595.0,552490.0,554600.0,557636.0,559006.0,560409.0,562053.0,563357.0,564908.0,565544.0,565798.0,565935.0,565366.0,565189.0,565535.0,565782.0,565830.0,565512.0,565675.0,565841.0,566491.0,566010.0,566145.0,565307.0,566571.0,568750.0,569999.0,570817.0,572293.0,570883.0,568895.0,567462.0,566855.0,566659.0,565292.0,564107.0,562387.0,560932.0,558750.0,560613.0,561239.0
FRF24,3,Haute-Marne,2024,TOTAL,TOTAL,NR,207381.0,207546.0,208694.0,209812.0,210900.0,211959.0,212987.0,213987.0,214956.0,214391.0,213789.0,213151.0,213191.0,213203.0,213188.0,213145.0,213660.0,213266.0,212840.0,212392.0,212112.0,211933.0,210556.0,209796.0,208805.0,207876.0,206924.0,206031.0,205208.0,204458.0,204039.0,203333.0,202052.0,200882.0,199891.0,199263.0,198275.0,197242.0,196378.0,195131.0,194024.0,192992.0,191914.0,190907.0,189795.0,188817.0,187652.0,187407.0,186470.0,185214.0,184039.0,182375.0,182136.0,181521.0,180673.0,179154.0,178084.0,175640.0,174069.0,172512.0,171798.0,171042.0,169865.0,168854.0,167185.0,165884.0,166437.0,166623.0
FRF31,3,Meurthe-et-Moselle,2024,TOTAL,TOTAL,NR,674742.0,675280.0,679586.0,683809.0,687947.0,692003.0,695975.0,699864.0,703668.0,705501.0,707280.0,709004.0,711967.0,714878.0,717738.0,720545.0,722965.0,722316.0,721562.0,720743.0,720496.0,720598.0,716632.0,716129.0,714841.0,713777.0,712638.0,711710.0,711032.0,710617.0,711367.0,711758.0,713614.0,715492.0,716518.0,717273.0,717201.0,716448.0,715062.0,714295.0,715684.0,717358.0,719199.0,720638.0,721734.0,723797.0,725302.0,726592.0,729768.0,731019.0,732207.0,733124.0,733266.0,731004.0,732153.0,734403.0,733821.0,733481.0,733469.0,733760.0,732590.0,732486.0,732898.0,731744.0,731137.0,730103.0,732538.0,733355.0
FRF32,3,Meuse,2024,TOTAL,TOTAL,NR,217701.0,217875.0,217036.0,216119.0,215124.0,214051.0,212900.0,211671.0,210364.0,209192.0,207974.0,206709.0,205938.0,205128.0,204280.0,203395.0,203780.0,203297.0,202782.0,202246.0,201869.0,201586.0,200164.0,199727.0,199069.0,198473.0,197856.0,197296.0,196804.0,196383.0,196282.0,196043.0,195676.0,195709.0,195478.0,194887.0,194622.0,194338.0,192797.0,192443.0,192682.0,193019.0,193312.0,193321.0,193376.0,193637.0,193696.0,193962.0,194218.0,194003.0,193923.0,193557.0,192800.0,192094.0,191530.0,190626.0,189055.0,187187.0,185355.0,184083.0,183001.0,181919.0,180745.0,179439.0,179279.0,178205.0,178799.0,178999.0
FRF33,3,Moselle,2024,TOTAL,TOTAL,NR,910775.0,911502.0,919805.0,928053.0,936244.0,944381.0,952461.0,960487.0,968456.0,973325.0,978161.0,982964.0,988268.0,993515.0,998708.0,1003845.0,1008632.0,1009155.0,1009541.0,1009846.0,1010966.0,1012587.0,1008500.0,1008952.0,1008303.0,1007973.0,1007540.0,1007410.0,1007639.0,1008246.0,1010514.0,1011848.0,1013534.0,1015854.0,1017589.0,1019421.0,1020258.0,1022509.0,1022916.0,1023763.0,1025516.0,1027458.0,1029636.0,1031421.0,1032634.0,1034768.0,1036776.0,1039023.0,1042230.0,1044898.0,1045066.0,1045146.0,1046468.0,1046873.0,1045154.0,1044486.0,1045271.0,1043522.0,1043524.0,1046543.0,1049155.0,1049942.0,1050721.0,1050692.0,1050916.0,1050255.0,1053757.0,1054933.0
FRF34,3,Vosges,2024,TOTAL,TOTAL,NR,379289.0,379592.0,380906.0,382148.0,383317.0,384415.0,385439.0,386392.0,387272.0,388756.0,390220.0,391661.0,393203.0,394715.0,396198.0,397650.0,398786.0,398227.0,397609.0,396953.0,396611.0,396459.0,394068.0,393170.0,391839.0,390630.0,389376.0,388237.0,387231.0,386365.0,386128.0,385065.0,384768.0,384459.0,384282.0,383907.0,383701.0,382949.0,381791.0,381154.0,381027.0,380956.0,380879.0,380639.0,380392.0,380266.0,379975.0,380304.0,380145.0,380192.0,379724.0,378830.0,377282.0,375226.0,373560.0,372016.0,369641.0,367673.0,366112.0,364499.0,362397.0,360673.0,358700.0,356433.0,355483.0,353506.0,354685.0,355081.0
FRG01,3,Loire-Atlantique,2024,TOTAL,TOTAL,NR,786279.0,786906.0,797191.0,807500.0,817832.0,828188.0,838567.0,848970.0,859396.0,866685.0,873998.0,881334.0,893818.0,906360.0,918962.0,931620.0,944475.0,953437.0,962332.0,971212.0,980944.0,991244.0,995992.0,1002908.0,1008754.0,1014938.0,1021040.0,1027470.0,1034293.0,1041535.0,1050539.0,1058966.0,1068983.0,1079601.0,1087854.0,1096033.0,1105020.0,1114088.0,1124006.0,1133247.0,1146058.0,1160239.0,1174492.0,1189157.0,1203474.0,1218810.0,1234085.0,1246798.0,1255871.0,1266358.0,1282052.0,1296364.0,1313321.0,1328620.0,1346592.0,1365227.0,1380852.0,1394909.0,1412502.0,1429272.0,1445171.0,1457806.0,1473156.0,1486149.0,1499333.0,1510599.0,1515637.0,1517328.0
FRG02,3,Maine-et-Loire,2024,TOTAL,TOTAL,NR,557406.0,557851.0,561676.0,565439.0,569138.0,572775.0,576349.0,579860.0,583308.0,591211.0,599183.0,607223.0,613830.0,620449.0,627081.0,633725.0,642333.0,648292.0,654204.0,660105.0,666585.0,673449.0,676540.0,680139.0,683009.0,686104.0,689140.0,692395.0,695909.0,699700.0,704668.0,707020.0,710269.0,713817.0,717037.0,720569.0,724324.0,727143.0,729551.0,732624.0,736867.0,742072.0,747089.0,751708.0,756253.0,761529.0,766659.0,770777.0,774823.0,780082.0,784810.0,790343.0,795557.0,800191.0,805888.0,810186.0,810934.0,813493.0,815883.0,818273.0,820713.0,824743.0,828151.0,830394.0,837086.0,840296.0,843098.0,844039.0
FRG03,3,Mayenne,2024,TOTAL,TOTAL,NR,249636.0,249835.0,250268.0,250644.0,250962.0,251223.0,251426.0,251572.0,251660.0,252969.0,254271.0,255565.0,257073.0,258568.0,260050.0,261520.0,263916.0,265209.0,266475.0,267729.0,269207.0,270831.0,270932.0,271826.0,272426.0,273114.0,273778.0,274526.0,275375.0,276331.0,277748.0,278255.0,278701.0,279725.0,280569.0,281443.0,282376.0,283126.0,283893.0,285218.0,286970.0,289124.0,291126.0,293122.0,294813.0,296884.0,299000.0,300643.0,302983.0,305147.0,306337.0,307031.0,307453.0,307500.0,307471.0,307940.0,307688.0,307445.0,307084.0,307062.0,306538.0,305933.0,305437.0,304630.0,304794.0,304181.0,305195.0,305536.0
FRG04,3,Sarthe,2024,TOTAL,TOTAL,NR,440094.0,440445.0,443536.0,446579.0,449573.0,452520.0,455418.0,458270.0,461072.0,464596.0,468127.0,471662.0,476868.0,482085.0,487312.0,492550.0,496300.0,497968.0,499580.0,501161.0,503158.0,505419.0,504836.0,505977.0,506570.0,507326.0,508033.0,508896.0,509944.0,511188.0,513280.0,514610.0,516652.0,518667.0,520465.0,522462.0,523975.0,526451.0,527687.0,529782.0,532765.0,536156.0,539720.0,543037.0,546270.0,550067.0,553484.0,556946.0,559587.0,561050.0,563518.0,565718.0,567382.0,569035.0,568760.0,568445.0,567561.0,566506.0,565963.0,566412.0,566993.0,566058.0,566129.0,565349.0,566239.0,565403.0,567290.0,567923.0
FRG05,3,Vendée,2024,TOTAL,TOTAL,NR,406586.0,406910.0,408888.0,410801.0,412650.0,414434.0,416154.0,417809.0,419400.0,423625.0,427873.0,432144.0,436299.0,440455.0,444612.0,448770.0,455435.0,460229.0,464994.0,469755.0,474932.0,480389.0,483156.0,486430.0,489185.0,492104.0,494983.0,498021.0,501248.0,504678.0,508962.0,512749.0,515620.0,518974.0,522513.0,525250.0,528344.0,531497.0,535322.0,539089.0,546334.0,554088.0,562222.0,570651.0,578974.0,588101.0,597185.0,607430.0,616906.0,626411.0,634778.0,641657.0,648901.0,655506.0,662122.0,666714.0,670597.0,675247.0,679991.0,685442.0,692705.0,699459.0,706343.0,711902.0,719419.0,724880.0,727297.0,728109.0
FRH01,3,Côtes-d'Armor,2024,TOTAL,TOTAL,NR,501345.0,501745.0,502788.0,503719.0,504538.0,505246.0,505842.0,506327.0,506700.0,508663.0,510599.0,512506.0,515431.0,518329.0,521200.0,524045.0,528391.0,530525.0,532601.0,534648.0,537141.0,539918.0,539660.0,539619.0,538989.0,538528.0,538011.0,537656.0,537490.0,537524.0,538443.0,538213.0,537254.0,537435.0,536793.0,537009.0,536856.0,539324.0,541391.0,542398.0,545656.0,549503.0,553556.0,557831.0,562226.0,566688.0,570861.0,576049.0,581570.0,587519.0,591641.0,594375.0,595531.0,597085.0,597397.0,598357.0,598953.0,598814.0,599584.0,600582.0,603640.0,605917.0,609598.0,611258.0,613675.0,615540.0,617593.0,618282.0
FRH02,3,Finistère,2024,TOTAL,TOTAL,NR,745807.0,746402.0,749790.0,753054.0,756193.0,759210.0,762102.0,764872.0,767516.0,772176.0,776825.0,781461.0,787452.0,793424.0,799377.0,805310.0,811956.0,815202.0,818359.0,821471.0,825268.0,829502.0,829072.0,830384.0,830793.0,831468.0,832061.0,832907.0,834054.0,835518.0,838366.0,838401.0,838457.0,839672.0,840565.0,841298.0,844116.0,847075.0,849779.0,852273.0,855924.0,860540.0,865006.0,869205.0,873568.0,878532.0,883001.0,885906.0,890509.0,893914.0,897628.0,899870.0,901293.0,903921.0,905855.0,907796.0,908249.0,909028.0,911735.0,915090.0,917179.0,921638.0,927912.0,930710.0,937401.0,941086.0,944224.0,945278.0
FRH03,3,Ille-et-Vilaine,2024,TOTAL,TOTAL,NR,607082.0,607566.0,613701.0,619812.0,625900.0,631965.0,638007.0,644025.0,650020.0,656879.0,663781.0,670723.0,678662.0,686624.0,694609.0,702615.0,711905.0,718256.0,724553.0,730836.0,737758.0,745102.0,748272.0,754518.0,759963.0,765666.0,771310.0,777206.0,783403.0,789922.0,797785.0,805129.0,812305.0,819455.0,826097.0,832855.0,840650.0,848726.0,857295.0,866111.0,876201.0,887423.0,898909.0,910367.0,921911.0,933885.0,945851.0,955846.0,967588.0,977449.0,988140.0,996439.0,1007901.0,1019923.0,1032240.0,1042884.0,1051779.0,1060199.0,1069228.0,1079498.0,1088855.0,1098325.0,1109232.0,1117647.0,1129874.0,1138869.0,1142667.0,1143942.0
FRH04,3,Morbihan,2024,TOTAL,TOTAL,NR,529002.0,529424.0,531299.0,533074.0,534748.0,536323.0,537798.0,539173.0,540448.0,543266.0,546067.0,548851.0,552411.0,555948.0,559463.0,562955.0,568967.0,572612.0,576205.0,579776.0,583842.0,588230.0,589316.0,593178.0,596407.0,599834.0,603213.0,606784.0,610587.0,614636.0,619723.0,621740.0,623457.0,626160.0,627128.0,629518.0,632042.0,635229.0,639772.0,643293.0,649831.0,656858.0,664294.0,671846.0,679372.0,687480.0,694821.0,702487.0,710034.0,716182.0,721657.0,727083.0,732372.0,737778.0,741051.0,744813.0,747548.0,750863.0,754867.0,759684.0,764161.0,768687.0,776103.0,780633.0,788761.0,793757.0,796404.0,797293.0
FRI11,3,Dordogne,2024,TOTAL,TOTAL,NR,375960.0,376260.0,376559.0,376762.0,376871.0,376886.0,376805.0,376630.0,376360.0,375336.0,374248.0,373095.0,373251.0,373359.0,373420.0,373435.0,375557.0,376095.0,376584.0,377046.0,377815.0,378774.0,377600.0,378795.0,379581.0,380490.0,381364.0,382355.0,383487.0,384768.0,386690.0,387139.0,387066.0,387227.0,387114.0,386941.0,386685.0,387393.0,388050.0,388407.0,390272.0,392493.0,394747.0,396905.0,398994.0,401607.0,404052.0,406793.0,409388.0,412082.0,414149.0,415168.0,416384.0,416909.0,416350.0,415417.0,414789.0,413606.0,413418.0,413223.0,412807.0,413730.0,416325.0,416671.0,418922.0,420008.0,421409.0,421879.0
FRI12,3,Gironde,2024,TOTAL,TOTAL,NR,923094.0,923831.0,935300.0,946783.0,958280.0,969791.0,981314.0,992853.0,1004404.0,1010972.0,1017533.0,1024086.0,1033425.0,1042759.0,1052090.0,1061415.0,1075137.0,1084417.0,1093615.0,1102789.0,1112923.0,1123692.0,1128164.0,1138902.0,1148435.0,1158362.0,1168204.0,1178431.0,1189121.0,1200305.0,1213540.0,1223957.0,1233378.0,1243092.0,1249226.0,1256465.0,1263427.0,1270159.0,1276453.0,1286072.0,1299777.0,1314667.0,1330095.0,1345768.0,1361225.0,1377991.0,1393758.0,1409345.0,1421276.0,1434661.0,1449245.0,1463662.0,1483712.0,1505517.0,1526016.0,1548478.0,1566679.0,1583384.0,1601845.0,1623749.0,1636391.0,1654970.0,1674980.0,1689714.0,1705851.0,1720562.0,1726300.0,1728226.0
FRI13,3,Landes,2024,TOTAL,TOTAL,NR,257847.0,258053.0,260814.0,263568.0,266316.0,269057.0,271792.0,274522.0,277244.0,278591.0,279927.0,281253.0,282617.0,283962.0,285290.0,286600.0,289305.0,290802.0,292270.0,293724.0,295427.0,297289.0,297480.0,299267.0,300733.0,302300.0,303841.0,305479.0,307233.0,309109.0,311507.0,313287.0,315261.0,317126.0,318630.0,319778.0,321240.0,323150.0,325077.0,327240.0,331510.0,336470.0,341456.0,346620.0,351827.0,357544.0,362827.0,367492.0,373142.0,379341.0,384320.0,387929.0,392884.0,397226.0,400477.0,403234.0,405010.0,407444.0,410355.0,413690.0,418122.0,422976.0,428427.0,432717.0,437955.0,442133.0,443607.0,444102.0
FRI14,3,Lot-et-Garonne,2024,TOTAL,TOTAL,NR,272397.0,272614.0,275206.0,277785.0,280349.0,282899.0,285435.0,287957.0,290464.0,290646.0,290795.0,290912.0,291142.0,291336.0,291496.0,291620.0,293991.0,295131.0,296238.0,297329.0,298668.0,300164.0,299972.0,300750.0,301202.0,301751.0,302271.0,302885.0,303609.0,304450.0,305797.0,305470.0,304994.0,304579.0,304044.0,304310.0,304064.0,304591.0,304968.0,305482.0,307415.0,309679.0,311984.0,314421.0,316872.0,319719.0,322292.0,324170.0,326399.0,329697.0,331123.0,330866.0,332119.0,333180.0,333234.0,333417.0,332833.0,332842.0,331970.0,331271.0,330844.0,331229.0,332226.0,332080.0,334441.0,334995.0,336112.0,336487.0
FRI15,3,Pyrénées-Atlantiques,2024,TOTAL,TOTAL,NR,458511.0,458877.0,465688.0,472532.0,479408.0,486317.0,493257.0,500231.0,507236.0,510927.0,514621.0,518318.0,522399.0,526469.0,530528.0,534575.0,539480.0,542131.0,544727.0,547297.0,550327.0,553653.0,553868.0,556960.0,559455.0,562135.0,564767.0,567579.0,570604.0,573857.0,578076.0,580655.0,583349.0,585466.0,586794.0,588226.0,589059.0,591529.0,594245.0,599547.0,604249.0,609605.0,614850.0,620208.0,625669.0,631335.0,636849.0,643090.0,647420.0,650356.0,653515.0,656608.0,660871.0,664057.0,667249.0,670032.0,673986.0,677309.0,679810.0,682621.0,687240.0,693027.0,699473.0,704074.0,711995.0,717461.0,719854.0,720657.0
FRI21,3,Corrèze,2024,TOTAL,TOTAL,NR,238110.0,238300.0,238425.0,238489.0,238491.0,238431.0,238310.0,238128.0,237884.0,238052.0,238194.0,238310.0,239032.0,239733.0,240412.0,241070.0,242306.0,242518.0,242699.0,242860.0,243218.0,243698.0,242804.0,242268.0,241465.0,240737.0,239982.0,239297.0,238695.0,238179.0,238051.0,237510.0,236942.0,236308.0,235827.0,235422.0,234541.0,233767.0,233347.0,232819.0,233631.0,234567.0,235775.0,236805.0,237823.0,239185.0,240363.0,242038.0,242896.0,243352.0,243551.0,242454.0,241247.0,240781.0,241340.0,241871.0,241535.0,241464.0,240583.0,240073.0,239190.0,239784.0,240120.0,239911.0,241041.0,241274.0,242079.0,242349.0
FRI22,3,Creuse,2024,TOTAL,TOTAL,NR,164954.0,165086.0,163913.0,162669.0,161353.0,159966.0,158508.0,156978.0,155376.0,154356.0,153298.0,152203.0,151043.0,149846.0,148614.0,147345.0,146798.0,145616.0,144404.0,143172.0,142045.0,140977.0,139108.0,138210.0,137158.0,136146.0,135117.0,134126.0,133178.0,132276.0,131585.0,130554.0,129648.0,128976.0,127959.0,127002.0,126359.0,125856.0,125314.0,124597.0,124303.0,124095.0,123953.0,123797.0,123561.0,123423.0,123401.0,123861.0,123907.0,123584.0,123029.0,122560.0,121517.0,120872.0,120581.0,120365.0,119502.0,118638.0,117503.0,116617.0,115995.0,115702.0,115529.0,114940.0,115406.0,115156.0,115540.0,115669.0
FRI23,3,Haute-Vienne,2024,TOTAL,TOTAL,NR,330917.0,331181.0,332780.0,334326.0,335819.0,337259.0,338647.0,339982.0,341264.0,342551.0,343819.0,345067.0,347045.0,349004.0,350946.0,352870.0,354575.0,354781.0,354939.0,355069.0,355485.0,356078.0,354664.0,354632.0,354213.0,353905.0,353561.0,353322.0,353208.0,353225.0,353824.0,353818.0,354331.0,354418.0,354744.0,354518.0,354415.0,354424.0,353941.0,354055.0,355315.0,357134.0,358988.0,360749.0,362522.0,364879.0,367156.0,371102.0,373940.0,374849.0,376191.0,376058.0,375869.0,375856.0,376199.0,375795.0,374978.0,374426.0,373199.0,372359.0,372123.0,371691.0,372438.0,372083.0,373138.0,372794.0,374037.0,374454.0
FRI31,3,Charente,2024,TOTAL,TOTAL,NR,327254.0,327515.0,328120.0,328652.0,329108.0,329490.0,329797.0,330030.0,330188.0,331114.0,332016.0,332893.0,334109.0,335298.0,336460.0,337595.0,339380.0,339732.0,340039.0,340320.0,340877.0,341605.0,340408.0,340678.0,340576.0,340583.0,340555.0,340631.0,340828.0,341153.0,342041.0,342244.0,342242.0,342381.0,341750.0,341371.0,340786.0,340431.0,339932.0,339828.0,340761.0,341959.0,343012.0,343894.0,344708.0,345911.0,347037.0,349535.0,351581.0,351563.0,351577.0,352705.0,353657.0,353482.0,353853.0,353613.0,353288.0,352335.0,351778.0,352015.0,351718.0,350867.0,351603.0,351023.0,352712.0,352677.0,353853.0,354248.0
FRI32,3,Charente-Maritime,2024,TOTAL,TOTAL,NR,468349.0,468723.0,471209.0,473626.0,475974.0,478252.0,480460.0,482599.0,484668.0,486007.0,487310.0,488576.0,490505.0,492395.0,494249.0,496065.0,500285.0,502412.0,504485.0,506531.0,509001.0,511741.0,511604.0,513626.0,515093.0,516729.0,518319.0,520070.0,522014.0,524161.0,527186.0,530632.0,533431.0,535893.0,538260.0,540779.0,543835.0,547041.0,552641.0,556419.0,561742.0,567617.0,573817.0,579877.0,586082.0,592640.0,598915.0,605410.0,611714.0,616607.0,622323.0,625682.0,628733.0,633417.0,637089.0,639938.0,642191.0,644303.0,646932.0,651358.0,655709.0,661404.0,668160.0,672443.0,677063.0,681647.0,683920.0,684683.0
FRI33,3,Deux-Sèvres,2024,TOTAL,TOTAL,NR,319377.0,319632.0,320802.0,321913.0,322965.0,323957.0,324889.0,325763.0,326576.0,327387.0,328173.0,328933.0,330820.0,332690.0,334544.0,336380.0,338430.0,339055.0,339637.0,340195.0,341031.0,342041.0,341124.0,341797.0,342098.0,342509.0,342887.0,343370.0,343978.0,344716.0,346027.0,345801.0,345831.0,345534.0,345181.0,345256.0,345255.0,344760.0,344574.0,344486.0,346432.0,348599.0,350799.0,352970.0,354914.0,357319.0,359711.0,362944.0,365059.0,366339.0,369270.0,370939.0,371583.0,371632.0,373553.0,374435.0,374743.0,374351.0,374799.0,374878.0,374481.0,374587.0,375415.0,375016.0,375205.0,374840.0,376090.0,376510.0
FRI34,3,Vienne,2024,TOTAL,TOTAL,NR,330185.0,330448.0,331971.0,333441.0,334855.0,336216.0,337522.0,338774.0,339972.0,342077.0,344177.0,346272.0,348857.0,351432.0,353999.0,356555.0,360136.0,362216.0,364262.0,366292.0,368633.0,371175.0,371632.0,372733.0,373430.0,374248.0,375032.0,375931.0,376968.0,378150.0,379963.0,381861.0,384083.0,386099.0,388170.0,391878.0,393845.0,395846.0,397941.0,399002.0,401443.0,403958.0,406832.0,409731.0,412316.0,415437.0,418460.0,421891.0,424354.0,426066.0,427193.0,428447.0,430018.0,431248.0,433203.0,434887.0,436069.0,436876.0,437586.0,438435.0,439332.0,439385.0,438688.0,438142.0,438156.0,437292.0,438750.0,439240.0
FRJ11,3,Aude,2024,TOTAL,TOTAL,NR,268323.0,268537.0,269814.0,271049.0,272240.0,273388.0,274492.0,275554.0,276572.0,276174.0,275735.0,275254.0,274060.0,272813.0,271513.0,270160.0,272768.0,274239.0,275683.0,277114.0,278779.0,280596.0,280836.0,283119.0,285100.0,287178.0,289234.0,291385.0,293647.0,296031.0,298917.0,300615.0,301045.0,301693.0,302569.0,303404.0,304530.0,305604.0,308125.0,309463.0,313341.0,317549.0,321972.0,326491.0,331267.0,336237.0,341022.0,345779.0,349237.0,353980.0,356467.0,359967.0,362339.0,364877.0,365478.0,366957.0,368025.0,370260.0,372806.0,374070.0,375217.0,376028.0,377773.0,378427.0,380655.0,381336.0,382608.0,383035.0
FRJ12,3,Gard,2024,TOTAL,TOTAL,NR,427524.0,427865.0,435322.0,442835.0,450403.0,458027.0,465706.0,473442.0,481232.0,482141.0,483007.0,483830.0,486485.0,489113.0,491715.0,494290.0,501140.0,505925.0,510675.0,515416.0,520611.0,526107.0,528656.0,535697.0,542178.0,548851.0,555490.0,562319.0,569377.0,576680.0,584982.0,588745.0,593423.0,598655.0,602896.0,605413.0,608972.0,612981.0,618151.0,622509.0,630051.0,638166.0,646976.0,655892.0,664622.0,674062.0,683169.0,689847.0,694323.0,701883.0,709700.0,718357.0,725618.0,733201.0,736029.0,738189.0,742006.0,744178.0,745458.0,748437.0,751457.0,756543.0,764010.0,768166.0,776271.0,781438.0,784044.0,784919.0
FRJ13,3,Hérault,2024,TOTAL,TOTAL,NR,503077.0,503478.0,515399.0,527458.0,539654.0,551989.0,564460.0,577070.0,589816.0,596518.0,603267.0,610061.0,619398.0,628785.0,638223.0,647710.0,658941.0,667482.0,675994.0,684511.0,693648.0,703207.0,708836.0,719542.0,729502.0,739723.0,749902.0,760342.0,771095.0,782187.0,794642.0,805887.0,817317.0,829197.0,839568.0,850037.0,861681.0,872270.0,884890.0,894537.0,907747.0,921521.0,936987.0,952865.0,968476.0,985113.0,1001041.0,1011207.0,1019798.0,1031974.0,1044558.0,1062036.0,1077627.0,1092331.0,1107398.0,1120190.0,1132481.0,1144892.0,1159220.0,1175623.0,1188973.0,1201883.0,1217331.0,1229560.0,1241949.0,1253088.0,1257267.0,1258670.0
FRJ14,3,Lozère,2024,TOTAL,TOTAL,NR,83101.0,83167.0,82442.0,81677.0,80873.0,80031.0,79149.0,78228.0,77268.0,76881.0,76478.0,76058.0,75869.0,75667.0,75452.0,75225.0,75385.0,75224.0,75052.0,74871.0,74750.0,74664.0,74156.0,74012.0,73786.0,73583.0,73373.0,73183.0,73019.0,72882.0,72863.0,72650.0,72390.0,72763.0,72932.0,72884.0,73033.0,73219.0,73507.0,73513.0,73851.0,74348.0,74857.0,75314.0,75784.0,76298.0,76800.0,76880.0,76973.0,77163.0,77082.0,77156.0,76889.0,76607.0,76360.0,76309.0,76422.0,76601.0,76520.0,76604.0,76633.0,76519.0,76503.0,76471.0,76473.0,76409.0,76664.0,76750.0
FRJ15,3,Pyrénées-Orientales,2024,TOTAL,TOTAL,NR,245746.0,245942.0,250927.0,255960.0,261041.0,266170.0,271346.0,276571.0,281844.0,283884.0,285925.0,287968.0,291225.0,294489.0,297761.0,301040.0,306990.0,311696.0,316393.0,321099.0,326100.0,331306.0,334664.0,338314.0,341608.0,345020.0,348408.0,351913.0,355558.0,359352.0,363764.0,367625.0,369657.0,372716.0,374854.0,377296.0,381189.0,385113.0,389051.0,392383.0,397082.0,402045.0,407931.0,413956.0,419820.0,426008.0,432112.0,437157.0,441387.0,445890.0,448543.0,452530.0,457793.0,462705.0,466327.0,471038.0,474369.0,474452.0,476357.0,479979.0,482765.0,487307.0,492964.0,496280.0,501089.0,505299.0,506984.0,507550.0
FRJ21,3,Ariège,2024,TOTAL,TOTAL,NR,137138.0,137247.0,137582.0,137887.0,138163.0,138409.0,138626.0,138814.0,138972.0,138618.0,138240.0,137839.0,138028.0,138201.0,138358.0,138500.0,138842.0,138594.0,138325.0,138042.0,137868.0,137759.0,136872.0,136876.0,136731.0,136628.0,136512.0,136436.0,136409.0,136433.0,136681.0,136772.0,136870.0,136632.0,136613.0,136496.0,136219.0,136544.0,136732.0,137201.0,138199.0,139388.0,140681.0,142043.0,143371.0,144888.0,146289.0,148568.0,150201.0,151117.0,152038.0,152286.0,152366.0,152684.0,152574.0,152499.0,153067.0,153153.0,153066.0,153287.0,153954.0,154596.0,155339.0,155760.0,156158.0,156586.0,157108.0,157283.0
FRJ22,3,Aveyron,2024,TOTAL,TOTAL,NR,293874.0,294108.0,292668.0,291115.0,289450.0,287672.0,285782.0,283779.0,281664.0,281051.0,280392.0,279688.0,279322.0,278913.0,278462.0,277970.0,279109.0,279066.0,278984.0,278878.0,278995.0,279249.0,277928.0,277058.0,275883.0,274792.0,273669.0,272626.0,271676.0,270822.0,270408.0,269114.0,268535.0,267728.0,267025.0,266473.0,265492.0,265027.0,264419.0,264048.0,265065.0,266369.0,267766.0,269114.0,270275.0,271979.0,273377.0,274425.0,275889.0,277048.0,276805.0,275813.0,276229.0,277740.0,278644.0,279169.0,278697.0,279206.0,279274.0,279595.0,279554.0,279649.0,279736.0,279241.0,279184.0,278691.0,279620.0,279932.0
FRJ23,3,Haute-Garonne,2024,TOTAL,TOTAL,NR,578394.0,578855.0,594132.0,609604.0,625270.0,641130.0,657184.0,673434.0,689876.0,699468.0,709146.0,718908.0,732492.0,746171.0,759946.0,773815.0,783539.0,790023.0,796444.0,802846.0,809945.0,817504.0,820480.0,833527.0,845711.0,858200.0,870643.0,883390.0,896504.0,910016.0,925116.0,938877.0,955129.0,970746.0,979110.0,991133.0,1004166.0,1016846.0,1029466.0,1044208.0,1062514.0,1082140.0,1102414.0,1122778.0,1143706.0,1165193.0,1186330.0,1202920.0,1217344.0,1230820.0,1243641.0,1260226.0,1279349.0,1298562.0,1317668.0,1335103.0,1348183.0,1362672.0,1380672.0,1400039.0,1415757.0,1434367.0,1456261.0,1473299.0,1487248.0,1503240.0,1508253.0,1509936.0
FRJ24,3,Gers,2024,TOTAL,TOTAL,NR,182560.0,182706.0,182598.0,182438.0,182226.0,181962.0,181646.0,181279.0,180860.0,180178.0,179462.0,178712.0,177838.0,176927.0,175982.0,175000.0,175663.0,175582.0,175475.0,175353.0,175371.0,175475.0,174588.0,174643.0,174507.0,174426.0,174328.0,174281.0,174297.0,174378.0,174746.0,174899.0,174102.0,173735.0,173194.0,172650.0,172560.0,172401.0,172580.0,172484.0,173522.0,174681.0,176049.0,177185.0,178515.0,179995.0,181375.0,183615.0,185266.0,187181.0,188159.0,188893.0,189530.0,190276.0,190625.0,190932.0,190664.0,191091.0,191283.0,191377.0,191819.0,192437.0,192649.0,192822.0,192545.0,192442.0,193084.0,193299.0
FRJ25,3,Lot,2024,TOTAL,TOTAL,NR,149764.0,149884.0,149984.0,150046.0,150070.0,150056.0,150003.0,149913.0,149784.0,150123.0,150450.0,150764.0,150525.0,150263.0,149978.0,149670.0,150960.0,151618.0,152260.0,152894.0,153657.0,154501.0,154476.0,154691.0,154738.0,154834.0,154915.0,155043.0,155227.0,155470.0,155970.0,156262.0,156980.0,157211.0,157694.0,157977.0,158363.0,159074.0,159657.0,160230.0,161375.0,162680.0,164076.0,165493.0,166873.0,168271.0,169531.0,171173.0,172796.0,173562.0,174578.0,174754.0,174346.0,173758.0,173648.0,173400.0,173347.0,173828.0,173929.0,174094.0,174670.0,174942.0,175620.0,175858.0,176770.0,177068.0,177658.0,177856.0
FRJ26,3,Hautes-Pyrénées,2024,TOTAL,TOTAL,NR,208787.0,208954.0,211354.0,213752.0,216149.0,218545.0,220939.0,223333.0,225724.0,225800.0,225851.0,225874.0,226377.0,226857.0,227315.0,227750.0,228750.0,228782.0,228782.0,228764.0,228929.0,229207.0,228192.0,227835.0,227228.0,226692.0,226131.0,225636.0,225220.0,224886.0,224919.0,225026.0,224823.0,224676.0,223834.0,223936.0,223560.0,223109.0,222764.0,222631.0,223299.0,223930.0,224657.0,225411.0,226132.0,227083.0,227736.0,228594.0,229079.0,229670.0,229458.0,229228.0,228854.0,228868.0,228950.0,228582.0,227829.0,228530.0,229191.0,229567.0,229788.0,230956.0,231453.0,231638.0,231783.0,232066.0,232840.0,233100.0
FRJ27,3,Tarn,2024,TOTAL,TOTAL,NR,317300.0,317553.0,319952.0,322320.0,324657.0,326964.0,329240.0,331486.0,333700.0,333753.0,333767.0,333740.0,334951.0,336134.0,337291.0,338420.0,339872.0,339885.0,339850.0,339787.0,339997.0,340375.0,338832.0,339407.0,339613.0,339928.0,340210.0,340595.0,341103.0,341742.0,342946.0,342545.0,342264.0,342402.0,342309.0,341873.0,341940.0,342116.0,342629.0,343444.0,345859.0,348900.0,352122.0,355243.0,358395.0,361932.0,365335.0,369189.0,371738.0,374018.0,375379.0,377675.0,378947.0,381927.0,384474.0,386543.0,386448.0,387890.0,388596.0,389844.0,391066.0,393572.0,396168.0,397775.0,399124.0,400746.0,402082.0,402531.0
FRJ28,3,Tarn-et-Garonne,2024,TOTAL,TOTAL,NR,174342.0,174481.0,175684.0,176867.0,178031.0,179176.0,180301.0,181406.0,182492.0,182762.0,183015.0,183250.0,183371.0,183470.0,183546.0,183600.0,185192.0,186009.0,186806.0,187594.0,188539.0,189584.0,189564.0,190923.0,192079.0,193299.0,194504.0,195771.0,197114.0,198536.0,200295.0,201613.0,202930.0,203245.0,203854.0,204268.0,204642.0,205208.0,205519.0,206029.0,208421.0,211134.0,214215.0,217292.0,220316.0,223732.0,226849.0,231763.0,235915.0,239291.0,241698.0,244545.0,246971.0,250342.0,252578.0,255274.0,256897.0,258349.0,259124.0,260669.0,262316.0,263377.0,264924.0,265956.0,266620.0,267166.0,268057.0,268356.0
FRK11,3,Allier,2024,TOTAL,TOTAL,NR,379033.0,379335.0,380434.0,381456.0,382401.0,383269.0,384059.0,384772.0,385408.0,384537.0,383604.0,382607.0,382198.0,381733.0,381212.0,380635.0,380434.0,378601.0,376701.0,374757.0,373098.0,371605.0,368008.0,366844.0,365276.0,363819.0,362320.0,360926.0,359656.0,358513.0,357952.0,356432.0,355195.0,353824.0,352441.0,351058.0,349376.0,348200.0,346640.0,345072.0,344710.0,344551.0,344355.0,344005.0,343547.0,343558.0,343309.0,343114.0,342807.0,343046.0,342908.0,342729.0,342911.0,343431.0,343062.0,341613.0,339384.0,337988.0,337171.0,335975.0,335628.0,334872.0,334715.0,333922.0,332221.0,331209.0,332315.0,332686.0
FRK12,3,Cantal,2024,TOTAL,TOTAL,NR,173832.0,173971.0,173544.0,173061.0,172521.0,171924.0,171270.0,170559.0,169792.0,169129.0,168434.0,167706.0,167591.0,167453.0,167291.0,167105.0,167236.0,166653.0,166041.0,165412.0,164910.0,164484.0,163128.0,162633.0,161959.0,161334.0,160691.0,160094.0,159552.0,159067.0,158840.0,158305.0,157220.0,156449.0,155574.0,154630.0,153777.0,152740.0,151841.0,150977.0,150640.0,150457.0,150181.0,150118.0,149944.0,149830.0,149682.0,149057.0,148737.0,148380.0,148162.0,147577.0,147415.0,147035.0,146618.0,146219.0,145969.0,145143.0,144765.0,144692.0,144379.0,144226.0,144399.0,144177.0,143983.0,143843.0,144323.0,144484.0
FRK13,3,Haute-Loire,2024,TOTAL,TOTAL,NR,211752.0,211921.0,211351.0,210710.0,209999.0,209218.0,208366.0,207444.0,206452.0,206587.0,206699.0,206788.0,206485.0,206149.0,205783.0,205385.0,206303.0,206348.0,206365.0,206365.0,206531.0,206798.0,205900.0,206035.0,205945.0,205921.0,205876.0,205892.0,205983.0,206150.0,206658.0,206612.0,206639.0,206379.0,206508.0,206511.0,206895.0,207555.0,208285.0,209086.0,210410.0,211774.0,213246.0,214595.0,216165.0,217820.0,219484.0,220437.0,221834.0,223122.0,224006.0,224907.0,225686.0,226203.0,226565.0,227034.0,227339.0,227283.0,227552.0,227570.0,227489.0,227284.0,228161.0,228034.0,228850.0,229071.0,229835.0,230091.0
FRK14,3,Puy-de-Dôme,2024,TOTAL,TOTAL,NR,502060.0,502461.0,508866.0,515283.0,521711.0,528150.0,534601.0,541063.0,547536.0,551269.0,555002.0,558732.0,564087.0,569443.0,574802.0,580160.0,584742.0,586874.0,588940.0,590972.0,593495.0,596331.0,595812.0,596240.0,596018.0,595985.0,595892.0,595979.0,596279.0,596802.0,598311.0,598368.0,598348.0,599325.0,599492.0,600033.0,600840.0,601736.0,602853.0,604239.0,606467.0,609162.0,612018.0,614688.0,617448.0,620571.0,623463.0,626639.0,628485.0,629416.0,632311.0,635469.0,638092.0,640999.0,644216.0,647501.0,650700.0,653742.0,659048.0,662152.0,661852.0,662285.0,664385.0,664263.0,664361.0,664318.0,666533.0,667277.0
FRK21,3,Ain,2024,TOTAL,TOTAL,NR,310119.0,310366.0,314395.0,318433.0,322479.0,326535.0,330598.0,334671.0,338752.0,343353.0,347995.0,352676.0,358846.0,365056.0,371306.0,377595.0,385175.0,391194.0,397204.0,403225.0,409618.0,416270.0,420600.0,426846.0,432649.0,438607.0,444540.0,450627.0,456899.0,463372.0,470651.0,476982.0,482557.0,488244.0,491135.0,495127.0,499310.0,504201.0,509520.0,514331.0,521103.0,528195.0,535616.0,543136.0,550939.0,558968.0,566740.0,574377.0,581355.0,588853.0,597341.0,603827.0,612191.0,619497.0,626127.0,631877.0,638425.0,643350.0,647634.0,652432.0,657856.0,663202.0,671289.0,677187.0,685867.0,692166.0,694474.0,695249.0
FRK22,3,Ardèche,2024,TOTAL,TOTAL,NR,247400.0,247597.0,249386.0,251150.0,252887.0,254599.0,256285.0,257946.0,259580.0,258567.0,257505.0,256392.0,256420.0,256415.0,256377.0,256305.0,258940.0,260496.0,262028.0,263549.0,265295.0,267186.0,267576.0,268870.0,269876.0,270970.0,272040.0,273196.0,274455.0,275821.0,277651.0,278688.0,279438.0,280263.0,280897.0,281487.0,282838.0,283811.0,285181.0,285889.0,288386.0,291079.0,293922.0,296960.0,300021.0,303117.0,306238.0,309456.0,311452.0,313578.0,315090.0,317277.0,318407.0,320379.0,322381.0,324209.0,325157.0,325712.0,326606.0,328278.0,329325.0,331415.0,333229.0,334451.0,335612.0,336759.0,337882.0,338259.0
FRK23,3,Drôme,2024,TOTAL,TOTAL,NR,297732.0,297970.0,303987.0,310062.0,316194.0,322384.0,328632.0,334937.0,341300.0,344180.0,347068.0,349966.0,352421.0,354864.0,357296.0,359715.0,365267.0,369319.0,373351.0,377380.0,381746.0,386338.0,388768.0,391932.0,394679.0,397559.0,400409.0,403390.0,406526.0,409829.0,413829.0,417019.0,419445.0,422575.0,424626.0,427508.0,429211.0,432251.0,435256.0,437654.0,441480.0,445862.0,450214.0,454702.0,459076.0,463976.0,468608.0,473428.0,478069.0,482984.0,484715.0,487993.0,491334.0,494712.0,499159.0,504637.0,508006.0,511553.0,514732.0,516762.0,517709.0,519458.0,521432.0,522454.0,525717.0,527156.0,528914.0,529504.0
FRK24,3,Isère,2024,TOTAL,TOTAL,NR,663991.0,664521.0,678505.0,692630.0,706897.0,721306.0,735856.0,750548.0,765380.0,776798.0,788323.0,799957.0,815064.0,830277.0,845597.0,861020.0,875172.0,885743.0,896269.0,906798.0,918140.0,930034.0,936728.0,946582.0,955438.0,964625.0,973743.0,983186.0,993018.0,1003268.0,1015238.0,1024568.0,1035067.0,1044677.0,1051932.0,1059768.0,1067838.0,1076887.0,1085203.0,1092778.0,1102331.0,1113017.0,1124185.0,1135080.0,1145897.0,1157903.0,1169491.0,1178714.0,1188660.0,1197038.0,1206374.0,1215212.0,1224993.0,1235387.0,1243597.0,1251060.0,1252912.0,1258722.0,1263563.0,1271166.0,1277513.0,1284948.0,1291380.0,1297087.0,1304945.0,1310648.0,1315019.0,1316486.0
FRK25,3,Loire,2024,TOTAL,TOTAL,NR,690919.0,691470.0,696224.0,700901.0,705500.0,710022.0,714465.0,718832.0,723120.0,725189.0,727206.0,729170.0,734739.0,740289.0,745821.0,751335.0,752777.0,751011.0,749127.0,747168.0,745794.0,744769.0,739536.0,740494.0,740646.0,741034.0,741349.0,741888.0,742695.0,743783.0,746101.0,744872.0,744283.0,744067.0,742659.0,740191.0,738670.0,735287.0,731657.0,729081.0,730614.0,732528.0,734267.0,735780.0,737297.0,739393.0,741269.0,740668.0,742076.0,746115.0,748947.0,749053.0,753763.0,756715.0,757305.0,759411.0,761997.0,762941.0,763441.0,765634.0,768508.0,769029.0,772041.0,773693.0,775377.0,776329.0,778918.0,779787.0
FRK26,3,Rhône,2024,TOTAL,TOTAL,NR,1158390.0,1159314.0,1181476.0,1203834.0,1226387.0,1249137.0,1272081.0,1295222.0,1318556.0,1331599.0,1344711.0,1357891.0,1376524.0,1395238.0,1414034.0,1432910.0,1440033.0,1441072.0,1441917.0,1442648.0,1444546.0,1447164.0,1441624.0,1449977.0,1456777.0,1464060.0,1471219.0,1478847.0,1487033.0,1495813.0,1507113.0,1517429.0,1530190.0,1540976.0,1546144.0,1551482.0,1556437.0,1561309.0,1566215.0,1577095.0,1588910.0,1601972.0,1615116.0,1628151.0,1640876.0,1655211.0,1669655.0,1677073.0,1690498.0,1708671.0,1725177.0,1744236.0,1762866.0,1779845.0,1801885.0,1821995.0,1835903.0,1843319.0,1859524.0,1875747.0,1883437.0,1893692.0,1907982.0,1916464.0,1922269.0,1929521.0,1935956.0,1938116.0
FRK27,3,Savoie,2024,TOTAL,TOTAL,NR,262800.0,263010.0,266724.0,270452.0,274194.0,277950.0,281720.0,285505.0,289304.0,290941.0,292572.0,294196.0,297277.0,300362.0,303452.0,306545.0,310293.0,312756.0,315193.0,317622.0,320326.0,323211.0,324284.0,327280.0,329929.0,332692.0,335429.0,338277.0,341258.0,344379.0,348089.0,351656.0,355281.0,358484.0,360303.0,362340.0,363987.0,366909.0,369897.0,372752.0,376516.0,380731.0,385099.0,389544.0,393868.0,398546.0,403090.0,405535.0,408842.0,411007.0,414959.0,418949.0,421105.0,423715.0,426924.0,428204.0,429681.0,431174.0,433724.0,436434.0,439750.0,442468.0,445288.0,447997.0,450419.0,452844.0,454354.0,454861.0
FRK28,3,Haute-Savoie,2024,TOTAL,TOTAL,NR,320317.0,320573.0,328162.0,335840.0,343605.0,351457.0,359397.0,367425.0,375540.0,384737.0,394051.0,403482.0,415047.0,426722.0,438505.0,450395.0,458396.0,464529.0,470642.0,476761.0,483312.0,490159.0,494268.0,503412.0,512039.0,520855.0,529647.0,538628.0,547838.0,557296.0,567735.0,577834.0,586783.0,595629.0,600584.0,607187.0,613467.0,619963.0,625854.0,630654.0,639184.0,648493.0,657725.0,667160.0,676755.0,686622.0,696255.0,706708.0,716277.0,725794.0,738088.0,746994.0,756501.0,769677.0,783127.0,793938.0,801416.0,807360.0,816699.0,826094.0,835206.0,841482.0,849583.0,856707.0,868714.0,876224.0,879146.0,880127.0
FRL01,3,Alpes-de-Haute-Provence,2024,TOTAL,TOTAL,NR,89788.0,89860.0,91998.0,94161.0,96349.0,98562.0,100799.0,103061.0,105348.0,106052.0,106757.0,107460.0,108533.0,109606.0,110680.0,111755.0,113252.0,114281.0,115302.0,116320.0,117441.0,118629.0,119152.0,120624.0,121969.0,123357.0,124737.0,126159.0,127633.0,129160.0,130911.0,131857.0,132739.0,134040.0,135216.0,136392.0,137453.0,138373.0,139454.0,139515.0,141454.0,143574.0,145750.0,147970.0,150051.0,152376.0,154501.0,156067.0,157965.0,159450.0,160149.0,160959.0,161241.0,161916.0,161588.0,161799.0,162565.0,163915.0,164068.0,164308.0,165451.0,166077.0,167179.0,168005.0,168835.0,169563.0,170128.0,170318.0
FRL02,3,Hautes-Alpes,2024,TOTAL,TOTAL,NR,86728.0,86797.0,87572.0,88342.0,89105.0,89864.0,90616.0,91363.0,92104.0,92690.0,93274.0,93858.0,94719.0,95580.0,96440.0,97300.0,98832.0,99958.0,101079.0,102199.0,103411.0,104684.0,105372.0,106365.0,107245.0,108162.0,109072.0,110017.0,111005.0,112039.0,113265.0,114193.0,114917.0,115376.0,116689.0,117530.0,118526.0,119433.0,120972.0,121338.0,122542.0,123873.0,125287.0,126721.0,128067.0,129453.0,130752.0,132482.0,134205.0,135836.0,136971.0,138605.0,139554.0,139279.0,139883.0,140916.0,141107.0,141284.0,140698.0,141220.0,140605.0,140976.0,141677.0,141826.0,144264.0,145091.0,145575.0,145737.0
FRL03,3,Alpes-Maritimes,2024,TOTAL,TOTAL,NR,599154.0,599632.0,616645.0,633887.0,651357.0,669057.0,686984.0,705140.0,723524.0,734576.0,745735.0,757001.0,771621.0,786346.0,801177.0,816110.0,828358.0,837203.0,845996.0,854783.0,864329.0,874383.0,879544.0,891150.0,901825.0,912819.0,923756.0,935008.0,946640.0,958681.0,972380.0,981331.0,989251.0,993695.0,998779.0,998702.0,1000154.0,1002360.0,1006282.0,1010644.0,1017956.0,1026455.0,1035271.0,1044429.0,1053182.0,1063500.0,1073184.0,1082465.0,1084428.0,1079100.0,1078729.0,1081244.0,1082014.0,1080771.0,1083312.0,1082440.0,1083704.0,1083310.0,1086219.0,1094283.0,1097410.0,1103941.0,1114579.0,1119807.0,1137058.0,1145510.0,1149330.0,1150613.0
FRL04,3,Bouches-du-Rhône,2024,TOTAL,TOTAL,NR,1207598.0,1208562.0,1244592.0,1281123.0,1318154.0,1355687.0,1393719.0,1432253.0,1471284.0,1490827.0,1510536.0,1530409.0,1555754.0,1581252.0,1606904.0,1632705.0,1651639.0,1663722.0,1675663.0,1687552.0,1700893.0,1715185.0,1719856.0,1724907.0,1728092.0,1731836.0,1735418.0,1739536.0,1744291.0,1749721.0,1758064.0,1768054.0,1777351.0,1788025.0,1794222.0,1802202.0,1809226.0,1815271.0,1824390.0,1833982.0,1846878.0,1860948.0,1876310.0,1891344.0,1905689.0,1921821.0,1937405.0,1958926.0,1966005.0,1967299.0,1972018.0,1975896.0,1984784.0,1993177.0,2006069.0,2016622.0,2019717.0,2024162.0,2034357.0,2043110.0,2048070.0,2056943.0,2069811.0,2076707.0,2098481.0,2108963.0,2115996.0,2118357.0
FRL05,3,Var,2024,TOTAL,TOTAL,NR,454114.0,454476.0,468672.0,483071.0,497673.0,512479.0,527487.0,542698.0,558112.0,566176.0,574315.0,582527.0,593274.0,604094.0,614989.0,625955.0,640492.0,652459.0,664423.0,676419.0,689055.0,702144.0,711324.0,724318.0,736569.0,749091.0,761577.0,774335.0,787421.0,800863.0,815714.0,825813.0,837166.0,846896.0,856303.0,864290.0,871505.0,882587.0,891598.0,897585.0,908895.0,921032.0,933602.0,946272.0,958745.0,972379.0,985099.0,995934.0,1001408.0,1007303.0,1008183.0,1012735.0,1021669.0,1028583.0,1038212.0,1048652.0,1055821.0,1058740.0,1067697.0,1076711.0,1085189.0,1095337.0,1108364.0,1117572.0,1129201.0,1139050.0,1142849.0,1144124.0
FRL06,3,Vaucluse,2024,TOTAL,TOTAL,NR,294205.0,294440.0,302782.0,311236.0,319801.0,328480.0,337269.0,346171.0,355184.0,359402.0,363651.0,367931.0,373990.0,380086.0,386218.0,392385.0,398975.0,403935.0,408875.0,413816.0,419131.0,424698.0,427892.0,432782.0,437216.0,441804.0,446361.0,451068.0,455955.0,461036.0,466910.0,472251.0,475239.0,478843.0,482383.0,486196.0,489330.0,492980.0,496948.0,499321.0,503783.0,508497.0,513276.0,518320.0,523398.0,529035.0,534291.0,538141.0,538902.0,540065.0,543105.0,546630.0,546314.0,549949.0,554374.0,557548.0,559014.0,559479.0,559793.0,561469.0,561941.0,564566.0,568702.0,570432.0,574523.0,576948.0,578872.0,579518.0
FRM01,3,Corse-du-Sud,2024,TOTAL,TOTAL,NR,78076.0,78138.0,79662.0,81201.0,82753.0,84319.0,85899.0,87492.0,89100.0,90520.0,91954.0,93403.0,95405.0,97423.0,99456.0,101505.0,102904.0,103879.0,104847.0,105813.0,106872.0,107992.0,108508.0,109754.0,110885.0,112054.0,113216.0,114416.0,115661.0,116956.0,118452.0,118863.0,119076.0,119594.0,119677.0,119753.0,119165.0,118712.0,118463.0,118466.0,120753.0,123185.0,125662.0,128098.0,130613.0,133128.0,135718.0,139362.0,140953.0,141330.0,143600.0,145846.0,145429.0,149234.0,151652.0,152730.0,154303.0,157249.0,157853.0,158507.0,160814.0,162942.0,166045.0,168277.0,170548.0,172854.0,173430.0,173624.0
FRM02,3,Haute-Corse,2024,TOTAL,TOTAL,NR,99002.0,99081.0,102043.0,105046.0,108090.0,111176.0,114303.0,117471.0,120680.0,120084.0,119464.0,118817.0,118532.0,118228.0,117904.0,117560.0,119998.0,121950.0,123900.0,125854.0,127925.0,130077.0,131504.0,131492.0,131337.0,131223.0,131095.0,131007.0,130964.0,130971.0,131193.0,132796.0,132622.0,134001.0,137300.0,138663.0,140003.0,140385.0,141003.0,141686.0,143786.0,146088.0,148431.0,150929.0,153359.0,155964.0,158400.0,159847.0,162013.0,164344.0,166093.0,168640.0,170828.0,170974.0,172560.0,174553.0,176152.0,177689.0,180701.0,181933.0,182887.0,184655.0,185231.0,185989.0,188285.0,189399.0,190031.0,190243.0
FRY10,3,Guadeloupe,2024,TOTAL,TOTAL,NR,280823.0,281047.0,285180.0,289331.0,293502.0,297691.0,301899.0,306127.0,310373.0,312040.0,313707.0,315373.0,317040.0,318706.0,320373.0,322039.0,322511.0,322983.0,323455.0,323927.0,324398.0,324870.0,325341.0,332417.0,339493.0,346569.0,353645.0,360721.0,367797.0,374873.0,381949.0,385693.0,389437.0,393181.0,396925.0,400669.0,404413.0,408157.0,411901.0,415644.0,418252.0,420860.0,423468.0,426076.0,428684.0,431292.0,433901.0,436509.0,437018.0,437528.0,438037.0,438547.0,439056.0,437713.0,435293.0,433674.0,429856.0,425587.0,421694.0,416728.0,415360.0,415792.0,415065.0,413861.0,414815.0,413791.0,415171.0,415634.0
FRY20,3,Martinique,2024,TOTAL,TOTAL,NR,291829.0,292062.0,296021.0,299993.0,303976.0,307972.0,311979.0,315999.0,320030.0,320716.0,321402.0,322088.0,322774.0,323460.0,324146.0,324832.0,325365.0,325899.0,326432.0,326966.0,327499.0,328033.0,328566.0,332442.0,336318.0,340194.0,344070.0,347946.0,351821.0,355697.0,358406.0,361989.0,364406.0,366823.0,369240.0,371657.0,374074.0,376491.0,378908.0,380863.0,383575.0,386542.0,389302.0,391676.0,393852.0,395982.0,397732.0,397730.0,397693.0,396404.0,394173.0,392291.0,388364.0,385551.0,383911.0,380877.0,376480.0,372594.0,368783.0,364508.0,361225.0,360749.0,361019.0,359202.0,360227.0,359419.0,360618.0,361020.0
FRY30,3,Guyane,2024,TOTAL,TOTAL,NR,33478.0,33505.0,34985.0,36491.0,38021.0,39577.0,41157.0,42762.0,44392.0,45925.0,47458.0,48991.0,50525.0,52058.0,53592.0,55125.0,57682.0,60239.0,62796.0,65353.0,67909.0,70466.0,73022.0,78229.0,83436.0,88643.0,93850.0,99057.0,104264.0,109471.0,113351.0,119404.0,124130.0,128856.0,133582.0,138308.0,143034.0,147760.0,152487.0,155760.0,162018.0,168614.0,176638.0,184792.0,193167.0,199206.0,205954.0,213031.0,219266.0,224469.0,229040.0,237549.0,239648.0,244118.0,252338.0,259865.0,269352.0,268700.0,276128.0,281678.0,285133.0,286618.0,288382.0,290110.0,296151.0,297455.0,298447.0,298780.0
FRY40,3,La Réunion,2024,TOTAL,TOTAL,NR,349004.0,349282.0,358534.0,367904.0,377392.0,386999.0,396723.0,406565.0,416525.0,425118.0,433711.0,442304.0,450897.0,459490.0,468083.0,476675.0,482266.0,487857.0,493448.0,499040.0,504631.0,510223.0,515814.0,526065.0,536316.0,546567.0,556818.0,567069.0,577320.0,587572.0,597828.0,609876.0,621929.0,633982.0,646035.0,658088.0,670141.0,682194.0,694247.0,703820.0,716314.0,729010.0,740207.0,750840.0,761630.0,772907.0,781962.0,794107.0,808250.0,816364.0,821136.0,828581.0,833944.0,835103.0,842767.0,850727.0,852924.0,853659.0,855961.0,861210.0,863083.0,871157.0,881348.0,886453.0,897613.0,904180.0,907195.0,908207.0
FRY50,3,Mayotte,2024,TOTAL,TOTAL,NR,26246.0,27306.0,28366.0,29426.0,30486.0,31547.0,32607.0,33827.0,35047.0,36267.0,37487.0,38707.0,39927.0,41147.0,42367.0,43587.0,44807.0,46027.0,47246.0,50097.0,52948.0,55799.0,58651.0,61502.0,64354.0,67205.0,71739.0,76273.0,80807.0,85341.0,89876.0,94410.0,100562.0,106714.0,112866.0,119017.0,125169.0,131320.0,137109.0,142898.0,148687.0,154476.0,160265.0,165502.0,170740.0,175977.0,181215.0,186452.0,191691.0,196930.0,202168.0,207407.0,212645.0,217000.0,223713.0,232189.0,240987.0,250143.0,259621.0,269579.0,279696.0,289039.0,299634.0,310199.0,320646.0,329208.0,330306.0,330675.0
HR021,3,Bjelovarsko-bilogorska županija,2024,TOTAL,TOTAL,NR,166770.0,167801.0,167020.0,166270.0,165400.0,164458.0,163601.0,162739.0,161694.0,160702.0,159530.0,158123.0,157431.0,156660.0,155964.0,155231.0,154572.0,153976.0,153274.0,152506.0,151261.0,149905.0,149464.0,149178.0,148790.0,148347.0,147872.0,147330.0,146720.0,145977.0,145134.0,141442.0,139851.0,139832.0,143793.0,145432.0,143435.0,141679.0,140538.0,138885.0,134297.0,130370.0,129436.0,128523.0,127521.0,126552.0,125592.0,124494.0,123277.0,122271.0,121142.0,119945.0,118530.0,117401.0,115948.0,114482.0,112405.0,110268.0,108134.0,106322.0,104538.0,102951.0,101208.0,99813.0,98994.0,98266.0,98308.0,98444.0
HR022,3,Virovitičko-podravska županija,2024,TOTAL,TOTAL,NR,126972.0,127757.0,126808.0,125877.0,124850.0,123765.0,122739.0,121703.0,120525.0,119382.0,118099.0,116640.0,115848.0,114995.0,114196.0,113366.0,112587.0,111852.0,111035.0,110169.0,108956.0,107662.0,107453.0,107358.0,107191.0,106985.0,106759.0,106485.0,106163.0,105747.0,105259.0,102703.0,101029.0,100508.0,102846.0,103514.0,101607.0,100373.0,99575.0,98415.0,95175.0,92402.0,91678.0,91228.0,90764.0,89714.0,89103.0,88346.0,87537.0,86843.0,85706.0,84904.0,84137.0,83384.0,82510.0,81369.0,79687.0,77964.0,75761.0,74079.0,72274.0,71128.0,69921.0,68808.0,68035.0,67221.0,67250.0,67343.0
HR023,3,Požeško-slavonska županija,2024,TOTAL,TOTAL,NR,98646.0,99256.0,99570.0,99914.0,100196.0,100446.0,100758.0,101079.0,101297.0,101560.0,101719.0,101737.0,101565.0,101343.0,101173.0,100981.0,100841.0,100744.0,100581.0,100378.0,99862.0,99274.0,99348.0,99530.0,99650.0,99737.0,99809.0,99840.0,99830.0,99733.0,99572.0,97451.0,94880.0,93426.0,94624.0,94271.0,91595.0,90546.0,89890.0,88905.0,86039.0,83590.0,83321.0,83031.0,82661.0,82189.0,81737.0,81130.0,80542.0,79953.0,79007.0,78160.0,77131.0,76189.0,75525.0,74547.0,72894.0,71104.0,68907.0,67236.0,65857.0,64856.0,63624.0,62451.0,61326.0,60594.0,60620.0,60704.0
HR024,3,Brodsko-posavska županija,2024,TOTAL,TOTAL,NR,153097.0,154042.0,155098.0,156206.0,157228.0,158206.0,159290.0,160396.0,161347.0,162375.0,163246.0,163896.0,164374.0,164778.0,165273.0,165739.0,166298.0,166937.0,167473.0,167952.0,167912.0,167752.0,168538.0,169518.0,170400.0,171237.0,172055.0,172812.0,173505.0,174057.0,174502.0,171504.0,170417.0,171216.0,176892.0,179727.0,178047.0,176515.0,175739.0,174313.0,169177.0,164835.0,164884.0,164398.0,163889.0,163238.0,162924.0,162346.0,161833.0,161199.0,159919.0,158629.0,157594.0,156417.0,154486.0,152065.0,148685.0,144940.0,140187.0,136809.0,134047.0,131807.0,129449.0,127464.0,127019.0,125978.0,126032.0,126207.0
HR025,3,Osječko-baranjska županija,2024,TOTAL,TOTAL,NR,326375.0,328393.0,330772.0,333265.0,335574.0,337791.0,340237.0,342732.0,344896.0,347229.0,349224.0,350751.0,351553.0,352195.0,353031.0,353802.0,354767.0,355903.0,356818.0,357606.0,357290.0,356718.0,357934.0,359555.0,360962.0,362266.0,363525.0,364650.0,365633.0,366313.0,366764.0,359986.0,351615.0,347346.0,352942.0,352771.0,343881.0,341014.0,339604.0,336939.0,327098.0,318789.0,318572.0,318236.0,317170.0,315985.0,314496.0,312367.0,309967.0,308447.0,306882.0,305032.0,303412.0,301224.0,298212.0,294393.0,289425.0,283212.0,275421.0,269455.0,264366.0,260290.0,256800.0,253824.0,251794.0,249734.0,249840.0,250186.0
HR026,3,Vukovarsko-srijemska županija,2024,TOTAL,TOTAL,NR,191457.0,192641.0,195061.0,197563.0,199970.0,202336.0,204852.0,207412.0,209786.0,212276.0,214572.0,216590.0,217444.0,218203.0,219084.0,219929.0,220898.0,221978.0,222923.0,223792.0,223973.0,223994.0,224820.0,225901.0,226848.0,227731.0,228587.0,229359.0,230044.0,230538.0,230888.0,226687.0,219734.0,215403.0,217181.0,215383.0,208303.0,206051.0,204688.0,202575.0,196170.0,190710.0,190319.0,189119.0,187743.0,186660.0,185706.0,184706.0,184163.0,183445.0,181874.0,179802.0,178020.0,176686.0,174188.0,170778.0,166867.0,162236.0,155265.0,150902.0,147630.0,144758.0,142230.0,139841.0,138207.0,136797.0,136855.0,137045.0
HR027,3,Karlovačka županija,2024,TOTAL,TOTAL,NR,201306.0,202550.0,202035.0,201562.0,200951.0,200258.0,199675.0,199092.0,198290.0,197560.0,196614.0,195384.0,194660.0,193837.0,193110.0,192337.0,191659.0,191059.0,190329.0,189519.0,188117.0,186577.0,186518.0,186662.0,186683.0,186642.0,186569.0,186418.0,186186.0,185791.0,185275.0,181114.0,173353.0,167738.0,166870.0,163216.0,155616.0,153609.0,152271.0,150380.0,145317.0,140974.0,139859.0,138630.0,137666.0,136606.0,135505.0,134313.0,133191.0,132024.0,130373.0,129071.0,127501.0,126251.0,124740.0,122883.0,121092.0,119217.0,117139.0,115781.0,114346.0,113197.0,111591.0,110483.0,110077.0,109561.0,109608.0,109760.0
HR028,3,Sisačko-moslavačka županija,2024,TOTAL,TOTAL,NR,253931.0,255501.0,256009.0,256586.0,257004.0,257333.0,257819.0,258322.0,258559.0,258905.0,258982.0,258699.0,258572.0,258321.0,258206.0,258037.0,258003.0,258085.0,257999.0,257814.0,256828.0,255657.0,255431.0,255480.0,255360.0,255152.0,254898.0,254536.0,254062.0,253364.0,252498.0,246668.0,236007.0,228270.0,226993.0,221924.0,211493.0,208444.0,206309.0,203436.0,196283.0,190124.0,189018.0,187833.0,186720.0,185548.0,183926.0,182180.0,179981.0,177887.0,175405.0,172942.0,170324.0,168142.0,164956.0,161991.0,158325.0,154604.0,149637.0,146216.0,143380.0,141186.0,138749.0,136422.0,135184.0,134008.0,134065.0,134251.0
HR031,3,Primorsko-goranska zupanija,2024,TOTAL,TOTAL,NR,238419.0,239893.0,242934.0,246077.0,249102.0,252076.0,255238.0,258455.0,261440.0,264570.0,267459.0,270002.0,273405.0,276709.0,280189.0,283644.0,287282.0,291088.0,294743.0,298321.0,300995.0,303461.0,305491.0,307881.0,310101.0,312247.0,314367.0,316384.0,318291.0,319945.0,321408.0,316524.0,311451.0,309930.0,317225.0,319373.0,313571.0,312237.0,312232.0,311064.0,303234.0,296416.0,296675.0,296542.0,296537.0,296755.0,297144.0,297534.0,297872.0,297433.0,297262.0,296585.0,295826.0,293777.0,291674.0,289155.0,285229.0,281580.0,277320.0,273848.0,270925.0,267523.0,264560.0,263938.0,264886.0,265990.0,266103.0,266472.0
HR032,3,Licko-senjska zupanija,2024,TOTAL,TOTAL,NR,117855.0,118584.0,117563.0,116556.0,115459.0,114305.0,113204.0,112093.0,110848.0,109633.0,108289.0,106780.0,105354.0,103866.0,102419.0,100939.0,99498.0,98086.0,96596.0,95054.0,93209.0,91293.0,90784.0,90366.0,89883.0,89363.0,88821.0,88235.0,87605.0,86893.0,86119.0,83658.0,78088.0,73555.0,71093.0,67409.0,62149.0,61276.0,60672.0,59849.0,57769.0,55914.0,55496.0,55190.0,55193.0,55126.0,54311.0,53871.0,53290.0,52673.0,51804.0,51060.0,50333.0,49464.0,48885.0,48016.0,47009.0,46202.0,45085.0,44417.0,43838.0,43217.0,42557.0,42469.0,42827.0,43200.0,43218.0,43278.0
HR033,3,Zadarska zupanija,2024,TOTAL,TOTAL,NR,173519.0,174592.0,176191.0,177857.0,179428.0,180955.0,182609.0,184293.0,185805.0,187412.0,188841.0,190019.0,190539.0,190974.0,191514.0,192019.0,192631.0,193337.0,193924.0,194442.0,194360.0,194140.0,196182.0,198466.0,200651.0,202798.0,204937.0,207020.0,209039.0,210899.0,212642.0,210176.0,196251.0,184930.0,178817.0,169632.0,156478.0,157096.0,158387.0,159095.0,156368.0,154111.0,155859.0,157641.0,159369.0,161250.0,163265.0,165497.0,167152.0,168467.0,169292.0,170053.0,170775.0,170667.0,170174.0,168679.0,166747.0,165369.0,163520.0,162318.0,161461.0,160326.0,159725.0,160558.0,163221.0,165766.0,165837.0,166067.0
HR034,3,Sibensko-kninska zupanija,2024,TOTAL,TOTAL,NR,163765.0,164777.0,164589.0,164439.0,164179.0,163855.0,163625.0,163397.0,162995.0,162654.0,162138.0,161390.0,160635.0,159798.0,159039.0,158240.0,157517.0,156857.0,156088.0,155253.0,153931.0,152496.0,152597.0,152865.0,153036.0,153158.0,153255.0,153290.0,153261.0,153099.0,152839.0,149570.0,140892.0,134037.0,130965.0,125666.0,117390.0,116621.0,116350.0,115648.0,112477.0,109694.0,110157.0,110470.0,110640.0,110888.0,111207.0,111642.0,111645.0,111680.0,110925.0,109687.0,108296.0,106882.0,105738.0,104903.0,103403.0,101986.0,100370.0,99202.0,98356.0,97200.0,96023.0,95441.0,95591.0,95898.0,95939.0,96072.0
HR035,3,Splitsko-dalmatinska zupanija,2024,TOTAL,TOTAL,NR,336559.0,338640.0,343581.0,348675.0,353612.0,358483.0,363632.0,368867.0,373780.0,378908.0,383698.0,387998.0,392859.0,397578.0,402550.0,407484.0,412682.0,418121.0,423343.0,428454.0,432266.0,435779.0,439617.0,443985.0,448122.0,452164.0,456181.0,460061.0,463790.0,467161.0,470264.0,464067.0,454307.0,449810.0,458095.0,458911.0,448359.0,448343.0,450233.0,450448.0,440970.0,432879.0,437669.0,440715.0,443153.0,447379.0,450287.0,452345.0,453798.0,454687.0,455278.0,455021.0,454961.0,452688.0,450632.0,447522.0,443933.0,439829.0,435097.0,431605.0,429514.0,424968.0,423085.0,423845.0,427261.0,430526.0,430710.0,431306.0
HR036,3,Istarska zupanija,2024,TOTAL,TOTAL,NR,175791.0,176878.0,176870.0,176904.0,176824.0,176678.0,176634.0,176597.0,176374.0,176219.0,175878.0,175287.0,176645.0,177931.0,179323.0,180691.0,182168.0,183742.0,185213.0,186628.0,187472.0,188184.0,189809.0,191663.0,193417.0,195129.0,196829.0,198470.0,200046.0,201467.0,202772.0,200068.0,198006.0,198164.0,203963.0,206472.0,203814.0,203899.0,204851.0,205042.0,200817.0,197222.0,198341.0,199711.0,201024.0,202622.0,204024.0,205694.0,207141.0,208063.0,208684.0,208355.0,207864.0,206073.0,204659.0,203406.0,201443.0,199871.0,198408.0,197414.0,196571.0,195378.0,195061.0,196867.0,201031.0,204709.0,204796.0,205080.0
HR037,3,Dubrovacko-neretvanska zupanija,2024,TOTAL,TOTAL,NR,98773.0,99384.0,100275.0,101202.0,102077.0,102925.0,103846.0,104783.0,105623.0,106515.0,107307.0,107956.0,108761.0,109521.0,110346.0,111156.0,112033.0,112970.0,113842.0,114679.0,115166.0,115572.0,116647.0,117864.0,119021.0,120153.0,121279.0,122369.0,123420.0,124376.0,125261.0,123669.0,121429.0,120583.0,123164.0,123744.0,121250.0,121223.0,121711.0,121747.0,119162.0,116954.0,117693.0,118088.0,118271.0,118917.0,119557.0,120387.0,121111.0,122012.0,122726.0,122665.0,122496.0,121833.0,120928.0,120408.0,119574.0,118303.0,117248.0,116658.0,116935.0,116263.0,115199.0,114869.0,115496.0,116393.0,116443.0,116604.0
HR050,3,Grad Zagreb,2024,TOTAL,TOTAL,NR,471694.0,474610.0,489325.0,504369.0,519292.0,534219.0,549660.0,565336.0,580622.0,596336.0,611606.0,626170.0,635777.0,645169.0,654988.0,664759.0,674976.0,685613.0,695905.0,706031.0,714027.0,721537.0,727255.0,733841.0,740036.0,746065.0,752046.0,757791.0,763280.0,768174.0,772621.0,761795.0,758914.0,764368.0,791606.0,806153.0,800412.0,799908.0,802794.0,802683.0,785296.0,767854.0,773232.0,772028.0,772261.0,776135.0,776959.0,779906.0,782662.0,786234.0,790618.0,793028.0,795239.0,790038.0,788688.0,787622.0,784673.0,782586.0,778359.0,776237.0,774420.0,768895.0,766824.0,768624.0,772122.0,777359.0,777690.0,778767.0
HR061,3,Međimurska županija,2024,TOTAL,TOTAL,NR,111252.0,111940.0,112381.0,112855.0,113263.0,113634.0,114077.0,114532.0,114871.0,115261.0,115535.0,115650.0,115848.0,115992.0,116200.0,116386.0,116635.0,116939.0,117170.0,117359.0,117185.0,116927.0,117280.0,117765.0,118179.0,118559.0,118923.0,119243.0,119516.0,119690.0,119788.0,117526.0,116461.0,116696.0,120254.0,121875.0,120442.0,119958.0,119983.0,119559.0,116574.0,114107.0,114157.0,114136.0,114174.0,114077.0,114089.0,113937.0,113801.0,113675.0,113690.0,113672.0,113509.0,113260.0,112705.0,111982.0,111192.0,110208.0,108676.0,107445.0,106640.0,105696.0,105211.0,104737.0,105010.0,105003.0,105048.0,105193.0
HR062,3,Varaždinska županija,2024,TOTAL,TOTAL,NR,178637.0,179741.0,180324.0,180959.0,181484.0,181951.0,182531.0,183126.0,183536.0,184026.0,184328.0,184376.0,184808.0,185158.0,185608.0,186025.0,186544.0,187153.0,187646.0,188072.0,187917.0,187628.0,187778.0,188133.0,188370.0,188546.0,188691.0,188761.0,188752.0,188581.0,188287.0,184288.0,183586.0,184901.0,191484.0,194999.0,193605.0,192333.0,191878.0,190711.0,185471.0,181081.0,180398.0,179740.0,179035.0,178467.0,178283.0,177873.0,177556.0,176932.0,176361.0,175810.0,175301.0,174419.0,173079.0,171454.0,169535.0,167541.0,165043.0,163470.0,162170.0,160467.0,158968.0,158446.0,158952.0,158860.0,158928.0,159148.0
HR063,3,Koprivničko-križevačka županija,2024,TOTAL,TOTAL,NR,142192.0,143071.0,142817.0,142594.0,142274.0,141899.0,141602.0,141308.0,140860.0,140464.0,139916.0,139167.0,138763.0,138290.0,137887.0,137452.0,137085.0,136776.0,136374.0,135917.0,135036.0,134056.0,133715.0,133514.0,133223.0,132882.0,132514.0,132087.0,131599.0,130993.0,130297.0,127043.0,126173.0,126702.0,130840.0,132874.0,131573.0,130446.0,129877.0,128828.0,125037.0,121832.0,121275.0,120655.0,120032.0,119312.0,118853.0,118096.0,117558.0,117019.0,116259.0,115613.0,114962.0,114271.0,113467.0,112031.0,110475.0,108479.0,106485.0,104705.0,103112.0,101743.0,100894.0,99925.0,99599.0,99203.0,99245.0,99382.0
HR064,3,Krapinsko-zagorska županija,2024,TOTAL,TOTAL,NR,168036.0,169075.0,168498.0,167954.0,167292.0,166561.0,165918.0,165274.0,164446.0,163676.0,162724.0,161536.0,160906.0,160194.0,159561.0,158890.0,158296.0,157767.0,157130.0,156427.0,155235.0,153929.0,153557.0,153346.0,153031.0,152660.0,152258.0,151788.0,151248.0,150573.0,149796.0,146076.0,145052.0,145638.0,150372.0,152687.0,151171.0,149857.0,149186.0,147962.0,143589.0,139892.0,138939.0,138144.0,137387.0,136655.0,136318.0,135528.0,134632.0,134018.0,133579.0,132848.0,132053.0,131103.0,129945.0,128653.0,127302.0,125560.0,124077.0,122653.0,121966.0,121039.0,120338.0,119409.0,119234.0,119320.0,119371.0,119536.0
HR065,3,Zagrebačka županija,2024,TOTAL,TOTAL,NR,232376.0,233813.0,233924.0,234094.0,234113.0,234046.0,234118.0,234200.0,234035.0,233964.0,233647.0,233000.0,235652.0,238217.0,240931.0,243620.0,246464.0,249449.0,252303.0,255087.0,257097.0,258928.0,261330.0,264050.0,266633.0,269162.0,271677.0,274112.0,276460.0,278594.0,280570.0,276996.0,278370.0,282718.0,295136.0,302860.0,302905.0,303492.0,305370.0,306112.0,300251.0,295656.0,298516.0,301326.0,304515.0,306786.0,309201.0,311338.0,313258.0,314834.0,316061.0,316975.0,317720.0,317634.0,316493.0,314576.0,311220.0,307710.0,304202.0,301904.0,301165.0,300138.0,300288.0,302660.0,306101.0,309964.0,310096.0,310525.0
HU110,3,Budapest,2024,TOTAL,TOTAL,NR,1818456.0,1826659.0,1846091.0,1861521.0,1878990.0,1896315.0,1912500.0,1930952.0,1950025.0,1969128.0,1989801.0,2007648.0,2011444.0,2016518.0,2021307.0,2031422.0,2042039.0,2050708.0,2057894.0,2061690.0,2062123.0,2061152.0,2058974.0,2055091.0,2049171.0,2043263.0,2038117.0,2032697.0,2027691.0,2022883.0,1989930.0,1978192.0,1976711.0,1960917.0,1943262.0,1891918.0,1870599.0,1849385.0,1826701.0,1805465.0,1782557.0,1759209.0,1739569.0,1719342.0,1705309.0,1697343.0,1698106.0,1696128.0,1702297.0,1712210.0,1721556.0,1733685.0,1727495.0,1730350.0,1733837.0,1741601.0,1738570.0,1728929.0,1723033.0,1722363.0,1717144.0,1690503.0,1672443.0,1671004.0,1686222.0,1685209.0,1676186.0,1672957.0
HU120,3,Pest,2024,TOTAL,TOTAL,NR,787757.0,791311.0,801632.0,810229.0,819723.0,829167.0,838123.0,848083.0,858328.0,868603.0,879585.0,889332.0,897015.0,905304.0,913505.0,924167.0,935127.0,945264.0,954774.0,962755.0,969189.0,974969.0,977970.0,980156.0,981358.0,982551.0,984096.0,985494.0,987078.0,988747.0,976593.0,974767.0,995074.0,1008398.0,1020818.0,1015195.0,1025286.0,1035377.0,1044569.0,1054510.0,1063392.0,1071898.0,1089478.0,1105412.0,1124395.0,1143629.0,1157564.0,1176550.0,1195020.0,1213290.0,1229880.0,1237561.0,1213323.0,1216562.0,1217628.0,1221637.0,1228755.0,1240780.0,1254436.0,1270416.0,1287734.0,1300389.0,1315964.0,1328790.0,1333257.0,1336134.0,1328980.0,1326420.0
HU211,3,Fejér,2024,TOTAL,TOTAL,NR,359847.0,361470.0,365044.0,367825.0,371008.0,374160.0,377087.0,380459.0,383950.0,387446.0,391248.0,394493.0,396859.0,399486.0,402068.0,405724.0,409499.0,412902.0,416022.0,418468.0,420238.0,421723.0,423141.0,424206.0,424846.0,425480.0,426267.0,426990.0,427792.0,428632.0,423814.0,422798.0,424107.0,424452.0,424635.0,427264.0,427626.0,427445.0,428025.0,427964.0,427194.0,428115.0,428922.0,428409.0,428579.0,428798.0,428332.0,428711.0,428572.0,428295.0,427416.0,426120.0,421927.0,421073.0,419416.0,417571.0,418365.0,416062.0,416567.0,417568.0,418418.0,418634.0,418542.0,419565.0,419490.0,418562.0,416321.0,415519.0
HU212,3,Komárom-Esztergom,2024,TOTAL,TOTAL,NR,273197.0,274429.0,277854.0,280680.0,283817.0,286934.0,289883.0,293178.0,296570.0,299971.0,303615.0,306832.0,308236.0,309841.0,311408.0,313803.0,316284.0,318474.0,320441.0,321886.0,322810.0,323514.0,323949.0,324115.0,323958.0,323799.0,323759.0,323672.0,323648.0,323653.0,319398.0,318019.0,318494.0,318244.0,317877.0,319339.0,319107.0,318472.0,318407.0,317866.0,316803.0,316998.0,317110.0,315515.0,315886.0,315544.0,314783.0,315036.0,314649.0,314450.0,312431.0,311411.0,303864.0,302839.0,301450.0,300331.0,299591.0,299204.0,299445.0,301371.0,303341.0,302138.0,300869.0,301492.0,301834.0,299262.0,297660.0,297087.0
HU213,3,Veszprém,2024,TOTAL,TOTAL,NR,337536.0,339059.0,341302.0,342797.0,344660.0,346488.0,348101.0,350118.0,352236.0,354351.0,356738.0,358607.0,360169.0,361964.0,363715.0,366432.0,369249.0,371725.0,373939.0,375545.0,376541.0,377282.0,378051.0,378506.0,378582.0,378657.0,378868.0,379023.0,379252.0,379515.0,374777.0,373409.0,374313.0,374365.0,374277.0,376342.0,376412.0,376006.0,376270.0,375970.0,375050.0,375617.0,374578.0,369747.0,368519.0,366555.0,365009.0,363706.0,361620.0,360387.0,358807.0,356573.0,353798.0,351123.0,348934.0,346619.0,344350.0,342550.0,341437.0,341367.0,341223.0,341207.0,339498.0,338342.0,335979.0,333345.0,331560.0,330921.0
HU221,3,Gyor-Moson-Sopron,2024,TOTAL,TOTAL,NR,401920.0,403733.0,405471.0,406315.0,407589.0,408817.0,409785.0,411224.0,412775.0,414314.0,416163.0,417402.0,419195.0,421260.0,423272.0,426410.0,429663.0,432519.0,435070.0,436913.0,438048.0,438884.0,439819.0,440387.0,440515.0,440641.0,440925.0,441145.0,441450.0,441794.0,430162.0,434762.0,432473.0,432839.0,433026.0,434322.0,434798.0,434688.0,434622.0,434186.0,434068.0,434209.0,435256.0,439046.0,440138.0,439922.0,441606.0,442667.0,444384.0,447033.0,448435.0,449967.0,444935.0,446692.0,447111.0,447743.0,448633.0,449751.0,452770.0,457331.0,462254.0,467419.0,468465.0,471309.0,473246.0,471648.0,469123.0,468219.0
HU222,3,Vas,2024,TOTAL,TOTAL,NR,281322.0,282591.0,282497.0,281771.0,281336.0,280861.0,280201.0,279854.0,279574.0,279275.0,279175.0,278654.0,279126.0,279776.0,280386.0,281734.0,283150.0,284297.0,285236.0,285706.0,285710.0,285519.0,285366.0,284976.0,284303.0,283632.0,283065.0,282460.0,281912.0,281391.0,273265.0,275464.0,273411.0,273042.0,272560.0,272776.0,272477.0,271813.0,271177.0,270312.0,269650.0,269149.0,268591.0,267429.0,266342.0,265229.0,264361.0,263251.0,261877.0,260950.0,259364.0,257688.0,256215.0,254583.0,253121.0,251762.0,250783.0,249811.0,249590.0,249429.0,249572.0,248920.0,248909.0,249812.0,248199.0,245598.0,244283.0,243812.0
HU223,3,Zala,2024,TOTAL,TOTAL,NR,314706.0,316126.0,315421.0,314006.0,312912.0,311770.0,310419.0,309411.0,308472.0,307508.0,306757.0,305539.0,306457.0,307572.0,308645.0,310536.0,312506.0,314182.0,315635.0,316570.0,316990.0,317194.0,316998.0,316538.0,315765.0,314993.0,314338.0,313640.0,313005.0,312401.0,303354.0,305770.0,303667.0,303431.0,303071.0,303488.0,303331.0,302766.0,302233.0,301444.0,300880.0,300496.0,299112.0,297853.0,296705.0,295197.0,294175.0,293443.0,291678.0,290204.0,288591.0,287043.0,283249.0,281379.0,278914.0,276249.0,273750.0,271348.0,269037.0,266827.0,265260.0,263120.0,262370.0,261803.0,260124.0,257371.0,255993.0,255500.0
HU231,3,Baranya,2024,TOTAL,TOTAL,NR,396446.0,398234.0,401085.0,403059.0,405466.0,407834.0,409950.0,412542.0,415257.0,417968.0,421002.0,423427.0,424022.0,424886.0,425688.0,427611.0,429635.0,431249.0,432548.0,433133.0,433012.0,432594.0,432322.0,431691.0,430632.0,429575.0,428678.0,427722.0,426852.0,426024.0,417047.0,416973.0,417044.0,416460.0,415915.0,415158.0,414050.0,412818.0,411730.0,410421.0,409090.0,408147.0,406330.0,404709.0,402260.0,400313.0,398355.0,398215.0,396633.0,394911.0,393758.0,391455.0,380904.0,377565.0,374805.0,372465.0,370021.0,367848.0,366033.0,363203.0,361766.0,359529.0,357066.0,355315.0,353331.0,351158.0,349278.0,348605.0
HU232,3,Somogy,2024,TOTAL,TOTAL,NR,366767.0,368422.0,367894.0,366541.0,365564.0,364533.0,363258.0,362387.0,361600.0,360785.0,360223.0,359115.0,359078.0,359266.0,359397.0,360470.0,361623.0,362423.0,362953.0,362882.0,362216.0,361301.0,360791.0,359981.0,358816.0,357653.0,356624.0,355548.0,354544.0,353575.0,345850.0,345513.0,345545.0,345033.0,344555.0,343899.0,342954.0,341907.0,340978.0,339867.0,338739.0,337930.0,336799.0,335701.0,334065.0,331802.0,329399.0,328496.0,325024.0,322197.0,320578.0,317947.0,318778.0,317695.0,314691.0,310937.0,307590.0,304892.0,301799.0,299253.0,297492.0,298505.0,296422.0,295316.0,292691.0,290245.0,288691.0,288135.0
HU233,3,Tolna,2024,TOTAL,TOTAL,NR,269932.0,271150.0,270317.0,268875.0,267707.0,266496.0,265105.0,264005.0,262963.0,261897.0,261010.0,259725.0,260145.0,260729.0,261276.0,262512.0,263810.0,264857.0,265711.0,266128.0,266110.0,265910.0,265487.0,264845.0,263940.0,263038.0,262235.0,261396.0,260611.0,259852.0,254128.0,253835.0,254197.0,254160.0,254146.0,254000.0,253640.0,253203.0,252852.0,252363.0,251861.0,251594.0,250337.0,248998.0,247287.0,245350.0,242946.0,240966.0,238431.0,235874.0,233650.0,231183.0,231533.0,229632.0,227360.0,224998.0,222431.0,220523.0,217968.0,215946.0,213839.0,211692.0,209569.0,208044.0,206398.0,204567.0,203472.0,203080.0
HU311,3,Borsod-Abaúj-Zemplén,2024,TOTAL,TOTAL,NR,727372.0,730653.0,736290.0,740319.0,745146.0,749904.0,754200.0,759376.0,764779.0,770180.0,776178.0,781057.0,783076.0,785595.0,788007.0,792501.0,797195.0,801137.0,804503.0,806549.0,807282.0,807464.0,805202.0,802274.0,798555.0,794848.0,791441.0,787933.0,784589.0,781327.0,762456.0,761317.0,758208.0,756377.0,753880.0,761957.0,760383.0,759332.0,757915.0,755808.0,754195.0,753497.0,749104.0,744484.0,738143.0,731854.0,725779.0,718951.0,709634.0,701160.0,692771.0,684793.0,688922.0,682753.0,675767.0,668706.0,662223.0,656394.0,650520.0,644955.0,639793.0,635644.0,629621.0,624219.0,617800.0,610927.0,607656.0,606486.0
HU312,3,Heves,2024,TOTAL,TOTAL,NR,345988.0,347549.0,347330.0,346334.0,345695.0,345006.0,344089.0,343556.0,343104.0,342629.0,342395.0,341646.0,342222.0,343015.0,343759.0,345408.0,347141.0,348543.0,349692.0,350265.0,350266.0,350028.0,349457.0,348597.0,347392.0,346191.0,345119.0,344001.0,342953.0,341940.0,334086.0,333994.0,332343.0,331256.0,329878.0,333125.0,332152.0,331407.0,330505.0,329303.0,328318.0,327733.0,326800.0,325029.0,323769.0,322756.0,320886.0,319460.0,316874.0,314441.0,311454.0,307985.0,309175.0,306031.0,302963.0,300485.0,298213.0,295829.0,294477.0,293185.0,291827.0,290396.0,288430.0,287533.0,285058.0,282490.0,280978.0,280437.0
HU313,3,Nógrád,2024,TOTAL,TOTAL,NR,234926.0,235986.0,236171.0,235829.0,235733.0,235604.0,235322.0,235304.0,235345.0,235372.0,235568.0,235412.0,235673.0,236083.0,236458.0,237455.0,238508.0,239332.0,239980.0,240233.0,240092.0,239788.0,239179.0,238371.0,237329.0,236290.0,235340.0,234360.0,233428.0,232520.0,226966.0,226689.0,225484.0,224662.0,223644.0,225761.0,225016.0,224427.0,223732.0,222835.0,222084.0,221605.0,220600.0,219447.0,218128.0,216501.0,214824.0,213030.0,210182.0,207637.0,204917.0,201919.0,202734.0,200310.0,197533.0,194627.0,192232.0,190669.0,188851.0,187045.0,185635.0,185153.0,183318.0,182038.0,180469.0,178815.0,177858.0,177515.0
HU321,3,Hajdú-Bihar,2024,TOTAL,TOTAL,NR,521304.0,523656.0,524658.0,524493.0,524878.0,525194.0,525171.0,525742.0,526448.0,527130.0,528194.0,528474.0,530505.0,532878.0,535183.0,538909.0,542778.0,546142.0,549121.0,551203.0,552390.0,553201.0,554720.0,555776.0,556276.0,556771.0,557466.0,558078.0,558797.0,559564.0,548287.0,551305.0,549027.0,548728.0,548090.0,555337.0,555733.0,555759.0,555619.0,555102.0,553604.0,553264.0,552478.0,551837.0,550265.0,549372.0,547357.0,545641.0,543802.0,542192.0,541298.0,539674.0,543452.0,540881.0,538607.0,535929.0,533324.0,530531.0,528397.0,525661.0,524151.0,523648.0,521802.0,520656.0,520550.0,520129.0,517344.0,516347.0
HU322,3,Jász-Nagykun-Szolnok,2024,TOTAL,TOTAL,NR,457440.0,459504.0,458027.0,455516.0,453469.0,451349.0,448923.0,446991.0,445155.0,443280.0,441706.0,439458.0,439715.0,440248.0,440715.0,442338.0,444063.0,445359.0,446326.0,446555.0,446054.0,445247.0,444576.0,443536.0,442057.0,440583.0,439273.0,437904.0,436625.0,435390.0,424828.0,425379.0,422972.0,422094.0,420960.0,425877.0,425534.0,424909.0,424160.0,423127.0,421351.0,420461.0,418601.0,416147.0,413174.0,410823.0,407232.0,403622.0,399200.0,394891.0,390775.0,386752.0,390026.0,386359.0,382898.0,378984.0,375242.0,372454.0,369996.0,368531.0,365252.0,362084.0,358883.0,356388.0,353511.0,349726.0,347854.0,347184.0
HU323,3,Szabolcs-Szatmár-Bereg,2024,TOTAL,TOTAL,NR,582637.0,585265.0,584280.0,581983.0,580284.0,578497.0,576323.0,574788.0,573385.0,571938.0,570888.0,568974.0,570982.0,573359.0,575661.0,579489.0,583469.0,586905.0,589924.0,591979.0,593073.0,593762.0,593772.0,593290.0,592217.0,591147.0,590294.0,589359.0,588542.0,587780.0,574405.0,576039.0,574862.0,575747.0,576268.0,585090.0,586705.0,587925.0,588964.0,589598.0,589181.0,589989.0,587994.0,586193.0,583564.0,581623.0,578573.0,576054.0,571018.0,565326.0,560429.0,555496.0,565317.0,562220.0,558502.0,558310.0,557823.0,556145.0,551798.0,545799.0,541289.0,537757.0,531855.0,527968.0,524513.0,520551.0,517764.0,516767.0
HU331,3,Bács-Kiskun,2024,TOTAL,TOTAL,NR,586019.0,588663.0,587570.0,585157.0,583344.0,581441.0,579150.0,577500.0,575982.0,574419.0,573254.0,571220.0,570808.0,570749.0,570601.0,571943.0,573407.0,574308.0,574779.0,574294.0,572866.0,571045.0,570509.0,569499.0,567926.0,566356.0,564997.0,563561.0,562239.0,560972.0,547087.0,548710.0,548182.0,548417.0,548408.0,550126.0,550611.0,550545.0,550269.0,549339.0,548539.0,547954.0,545989.0,544116.0,541584.0,540499.0,537862.0,536290.0,533710.0,530379.0,528418.0,524841.0,521852.0,519514.0,516084.0,512470.0,509935.0,506266.0,503788.0,501836.0,500040.0,497956.0,495675.0,494563.0,491632.0,488547.0,485931.0,484995.0
HU332,3,Békés,2024,TOTAL,TOTAL,NR,463603.0,465694.0,463628.0,460512.0,457863.0,455135.0,452096.0,449550.0,447097.0,444600.0,442400.0,439519.0,438873.0,438497.0,438049.0,438743.0,439527.0,439875.0,439891.0,439172.0,437732.0,435990.0,434744.0,433138.0,431106.0,429080.0,427217.0,425298.0,423469.0,421683.0,410433.0,410835.0,409593.0,408923.0,408075.0,408511.0,408031.0,407144.0,406106.0,404588.0,403172.0,401919.0,399061.0,396131.0,392845.0,389590.0,385847.0,382190.0,376657.0,371322.0,366556.0,361802.0,362662.0,358267.0,353448.0,348577.0,343771.0,338809.0,333967.0,329742.0,325590.0,321661.0,318081.0,314380.0,310912.0,307112.0,305468.0,304880.0
HU333,3,Csongrád,2024,TOTAL,TOTAL,NR,433869.0,435826.0,437373.0,437953.0,438995.0,439985.0,440694.0,441906.0,443237.0,444553.0,446199.0,447187.0,447752.0,448600.0,449384.0,451349.0,453421.0,455058.0,456363.0,456915.0,456721.0,456214.0,455887.0,455182.0,454026.0,452872.0,451887.0,450840.0,449883.0,448971.0,437957.0,439355.0,438097.0,437451.0,436614.0,437151.0,436707.0,435829.0,434787.0,433233.0,431786.0,430514.0,428144.0,426817.0,425785.0,424849.0,423585.0,423751.0,424139.0,423826.0,423240.0,421827.0,411764.0,409422.0,407148.0,405857.0,404050.0,401062.0,399746.0,398444.0,397756.0,395106.0,392621.0,391207.0,389411.0,388106.0,386028.0,385284.0
IE041,3,Border,2024,TOTAL,TOTAL,NR,306783.0,305290.0,302475.0,300970.0,299149.0,297003.0,294468.0,292417.0,290263.0,288037.0,286598.0,285742.0,288184.0,291173.0,294338.0,297687.0,300840.0,303419.0,305663.0,308655.0,310394.0,312267.0,315131.0,316601.0,317986.0,318896.0,317357.0,317530.0,315772.0,313183.0,311644.0,312066.0,313153.0,313812.0,313747.0,313732.0,314400.0,316128.0,318136.0,320133.0,322695.0,326047.0,332025.0,337807.0,343614.0,350979.0,359525.0,371118.0,381506.0,387277.0,390019.0,392195.0,392323.0,392905.0,392485.0,391933.0,393115.0,399669.0,403729.0,409177.0,412715.0,416319.0,420002.0,430893.0,441644.0,441940.0,447650.0,455514.0
IE042,3,West,2024,TOTAL,TOTAL,NR,335446.0,333813.0,330775.0,329169.0,327218.0,324912.0,322181.0,319980.0,317666.0,315274.0,313744.0,312853.0,315392.0,318524.0,321846.0,325363.0,328662.0,331329.0,333626.0,336734.0,338473.0,340353.0,343805.0,345741.0,347591.0,348925.0,347580.0,348111.0,346525.0,344023.0,342674.0,343480.0,345963.0,347991.0,349229.0,350532.0,352613.0,355903.0,359537.0,363186.0,367508.0,372768.0,378974.0,384935.0,390902.0,398620.0,407649.0,420097.0,431140.0,436937.0,439302.0,441021.0,439759.0,441331.0,441263.0,441897.0,446089.0,451973.0,456433.0,463229.0,471025.0,475305.0,483851.0,499315.0,503916.0,516985.0,523664.0,532863.0
IE051,3,Mid-West,2024,TOTAL,TOTAL,NR,333978.0,332353.0,331879.0,332863.0,333530.0,333859.0,333773.0,334258.0,334651.0,334987.0,336273.0,338294.0,342501.0,347396.0,352547.0,357962.0,363189.0,367766.0,371977.0,377140.0,380814.0,384687.0,388350.0,390297.0,392143.0,393404.0,391644.0,391997.0,389966.0,386907.0,385146.0,385807.0,387903.0,389480.0,390167.0,390920.0,392533.0,395482.0,398797.0,402115.0,406161.0,411224.0,416365.0,421179.0,425943.0,432551.0,440502.0,452047.0,461971.0,466195.0,466716.0,466529.0,469755.0,470715.0,471558.0,473033.0,473205.0,478391.0,486102.0,492389.0,497957.0,499650.0,506131.0,517337.0,529583.0,540371.0,547352.0,556967.0
IE052,3,South-East,2024,TOTAL,TOTAL,NR,257485.0,256232.0,256261.0,257418.0,258336.0,258995.0,259336.0,260123.0,260843.0,261522.0,262948.0,264955.0,268786.0,273174.0,277780.0,282612.0,287315.0,291521.0,295453.0,300157.0,303693.0,307402.0,310319.0,311865.0,313330.0,314327.0,312911.0,313183.0,311550.0,309096.0,307678.0,308196.0,310670.0,312739.0,314102.0,315524.0,317649.0,320867.0,324400.0,327953.0,332119.0,337139.0,343675.0,350021.0,356402.0,364415.0,373669.0,386111.0,397322.0,403742.0,407011.0,409694.0,411173.0,413270.0,413493.0,415073.0,419083.0,425507.0,429508.0,437773.0,444472.0,450265.0,457996.0,467589.0,473064.0,485195.0,491464.0,500098.0
IE053,3,South-West,2024,TOTAL,TOTAL,NR,448876.0,446691.0,447303.0,449891.0,452065.0,453794.0,454968.0,456930.0,458779.0,460562.0,463667.0,467807.0,472894.0,478910.0,485253.0,491936.0,498334.0,503817.0,508778.0,515017.0,519201.0,523637.0,529300.0,532638.0,535846.0,538265.0,536552.0,537734.0,535647.0,532141.0,530414.0,532025.0,535174.0,537609.0,538818.0,540122.0,542616.0,546960.0,551817.0,556683.0,562564.0,569861.0,578272.0,586272.0,594246.0,604842.0,617376.0,635025.0,650481.0,657973.0,660270.0,661583.0,666169.0,672262.0,678128.0,679100.0,683216.0,692475.0,698972.0,710143.0,719116.0,726123.0,738206.0,756254.0,769764.0,780376.0,790458.0,804344.0
IE061,3,Dublin,2024,TOTAL,TOTAL,NR,717386.0,713895.0,724012.0,737403.0,750224.0,762395.0,773706.0,786427.0,799043.0,811633.0,826659.0,843694.0,857248.0,872617.0,888727.0,905609.0,922121.0,937080.0,951202.0,967851.0,980773.0,994288.0,1006213.0,1013739.0,1021035.0,1026841.0,1024769.0,1028229.0,1025436.0,1019917.0,1017797.0,1022087.0,1028432.0,1033414.0,1036037.0,1038848.0,1043947.0,1052615.0,1062273.0,1071957.0,1083603.0,1097983.0,1112903.0,1126987.0,1140981.0,1159957.0,1182591.0,1214949.0,1243026.0,1255823.0,1258673.0,1259632.0,1260940.0,1264513.0,1281345.0,1308370.0,1331306.0,1349622.0,1363247.0,1391087.0,1413738.0,1432367.0,1461005.0,1499179.0,1519751.0,1556255.0,1576361.0,1604053.0
IE062,3,Mid-East,2024,TOTAL,TOTAL,NR,255382.0,254139.0,255848.0,258698.0,261326.0,263710.0,265782.0,268326.0,270816.0,273280.0,276545.0,280451.0,288441.0,297145.0,306214.0,315668.0,325112.0,334121.0,342930.0,352759.0,361330.0,370209.0,378017.0,384235.0,390415.0,396067.0,398692.0,403472.0,405799.0,407018.0,409567.0,414700.0,422085.0,428975.0,434936.0,441013.0,448113.0,456822.0,466062.0,475418.0,485759.0,497465.0,511651.0,525705.0,539964.0,556865.0,575869.0,600050.0,622605.0,637861.0,648244.0,657751.0,662842.0,665985.0,669980.0,677297.0,687592.0,702813.0,715088.0,728419.0,743753.0,752913.0,767897.0,776202.0,782429.0,787287.0,797459.0,811468.0
IE063,3,Midland,2024,TOTAL,TOTAL,NR,180164.0,179287.0,178547.0,178588.0,178452.0,178132.0,177586.0,177339.0,177039.0,176705.0,176866.0,177404.0,179454.0,181861.0,184395.0,187063.0,189627.0,191847.0,193871.0,196387.0,198122.0,199957.0,202065.0,203284.0,204454.0,205321.0,204612.0,205007.0,204155.0,202763.0,202050.0,202608.0,204112.0,205347.0,206118.0,206926.0,208194.0,210178.0,212364.0,214561.0,217156.0,220306.0,225837.0,231285.0,236799.0,243443.0,250975.0,260721.0,269714.0,275514.0,279193.0,282485.0,286326.0,288798.0,289600.0,290924.0,292680.0,298707.0,302654.0,308094.0,309824.0,313951.0,319189.0,324626.0,331530.0,331869.0,336157.0,342062.0
IS001,3,Höfudborgarsvædi,2024,TOTAL,TOTAL,NR,108482.0,110627.0,112794.0,114807.0,116880.0,118963.0,121002.0,123062.0,124971.0,126477.0,127317.0,127811.0,129388.0,131604.0,133357.0,135212.0,136814.0,137927.0,138867.0,140096.0,141610.0,143094.0,144875.0,146968.0,148764.0,150130.0,151126.0,152345.0,154469.0,157188.0,158352.0,159650.0,162059.0,163718.0,165389.0,166583.0,167194.0,168390.0,169954.0,172032.0,174114.0,176804.0,178809.0,179992.0,181917.0,184244.0,187426.0,191919.0,197945.0,201251.0,200907.0,202341.0,203594.0,205675.0,208752.0,211282.0,213619.0,216878.0,222484.0,228231.0,233034.0,236528.0,240882.0,247533.0,244066.0,249054.0,252175.0,259708.0
IS002,3,Landsbyggd,2024,TOTAL,TOTAL,NR,65373.0,66665.0,67971.0,69184.0,70434.0,71689.0,72917.0,74159.0,75310.0,76218.0,76725.0,77023.0,77973.0,79308.0,80365.0,81483.0,82448.0,83119.0,83685.0,84426.0,85338.0,86233.0,87307.0,88569.0,89652.0,90476.0,91077.0,91812.0,93092.0,94731.0,95433.0,96216.0,97668.0,98668.0,99675.0,100395.0,100764.0,101484.0,102427.0,103680.0,104935.0,106557.0,107766.0,108479.0,108653.0,109333.0,112465.0,115753.0,117514.0,118117.0,116723.0,116111.0,115981.0,116182.0,116919.0,117818.0,118910.0,121471.0,125966.0,128760.0,131100.0,132264.0,135366.0,140225.0,139501.0,140390.0,142149.0,146396.0
ITC11,3,Torino,2024,TOTAL,TOTAL,NR,1802702.0,1824254.0,1858401.0,1903314.0,1949539.0,1999298.0,2047615.0,2096099.0,2143421.0,2189108.0,2234567.0,2287016.0,2285054.0,2297120.0,2307825.0,2318883.0,2327020.0,2333549.0,2338248.0,2341582.0,2343129.0,2345771.0,2334252.0,2325693.0,2315606.0,2306374.0,2296574.0,2286247.0,2276650.0,2268041.0,2258337.0,2241246.0,2234847.0,2231677.0,2222207.0,2210694.0,2201033.0,2195271.0,2188251.0,2181739.0,2175354.0,2169643.0,2165695.0,2169876.0,2189701.0,2202292.0,2208364.0,2214122.0,2245170.0,2260921.0,2268453.0,2273859.0,2278547.0,2286885.0,2285336.0,2275771.0,2268360.0,2262336.0,2249616.0,2238663.0,2230946.0,2219206.0,2208370.0,2204632.0,2204837.0,2204276.0,2204252.0,2202634.0
ITC12,3,Vercelli,2024,TOTAL,TOTAL,NR,196275.0,198622.0,197835.0,198154.0,198545.0,199222.0,199681.0,200089.0,200323.0,200349.0,200306.0,200830.0,199494.0,199373.0,199117.0,198876.0,198369.0,197713.0,196891.0,195945.0,194841.0,193822.0,192588.0,191598.0,190482.0,189435.0,188342.0,187206.0,186129.0,185132.0,184046.0,184092.0,183687.0,182658.0,181890.0,181051.0,180376.0,179720.0,179043.0,178512.0,177857.0,177451.0,176591.0,176249.0,177176.0,177634.0,177455.0,177249.0,178300.0,178646.0,178626.0,178522.0,177960.0,177580.0,176707.0,175540.0,174247.0,173229.0,171904.0,170493.0,169390.0,166584.0,166083.0,165892.0,165704.0,165910.0,165908.0,165786.0
ITC13,3,Biella,2024,TOTAL,TOTAL,NR,199229.0,201611.0,200959.0,201432.0,201979.0,202821.0,203444.0,204017.0,204414.0,204602.0,204721.0,205422.0,204427.0,204679.0,204799.0,204939.0,204810.0,204531.0,204084.0,203512.0,202779.0,202135.0,200883.0,199885.0,198755.0,197699.0,196594.0,195443.0,194355.0,193351.0,192253.0,191537.0,191095.0,190241.0,189595.0,189212.0,188870.0,188636.0,188242.0,187987.0,187889.0,187603.0,186934.0,187063.0,187837.0,187689.0,187154.0,186412.0,186633.0,186380.0,185569.0,184448.0,183715.0,182897.0,181750.0,180633.0,179121.0,178042.0,176737.0,175341.0,174170.0,170724.0,170027.0,169106.0,168583.0,168328.0,168326.0,168202.0
ITC14,3,Verbano-Cusio-Ossola,2024,TOTAL,TOTAL,NR,154858.0,156709.0,157066.0,158310.0,159626.0,161190.0,162594.0,163973.0,165226.0,166321.0,167370.0,168910.0,168463.0,169049.0,169529.0,170032.0,170316.0,170480.0,170507.0,170432.0,170225.0,170096.0,168922.0,167962.0,166892.0,165882.0,164832.0,163744.0,162707.0,161741.0,160696.0,160434.0,162047.0,161528.0,160997.0,160521.0,160245.0,160137.0,160050.0,159802.0,159438.0,159302.0,158806.0,158947.0,159949.0,160811.0,160905.0,160981.0,161604.0,161931.0,162087.0,162004.0,161719.0,161356.0,160906.0,160240.0,159292.0,158744.0,158131.0,157278.0,156320.0,154926.0,154249.0,154038.0,153762.0,153283.0,153281.0,153168.0
ITC15,3,Novara,2024,TOTAL,TOTAL,NR,299896.0,303481.0,304246.0,306731.0,309356.0,312461.0,315261.0,318011.0,320517.0,322719.0,324834.0,327901.0,327710.0,329532.0,331160.0,332839.0,334101.0,335133.0,335902.0,336477.0,336795.0,337271.0,336814.0,336785.0,336536.0,336413.0,336208.0,335926.0,335753.0,335727.0,335540.0,335956.0,334199.0,333760.0,333814.0,334595.0,335592.0,336840.0,337949.0,339289.0,340559.0,341654.0,342805.0,344546.0,349174.0,351962.0,353538.0,355551.0,360063.0,364378.0,366302.0,368573.0,369167.0,370383.0,370255.0,369393.0,368071.0,367314.0,366691.0,365773.0,364980.0,362925.0,361916.0,362502.0,363482.0,364140.0,364136.0,363869.0
ITC16,3,Cuneo,2024,TOTAL,TOTAL,NR,530019.0,536356.0,534060.0,534751.0,535630.0,537280.0,538340.0,539257.0,539704.0,539588.0,539283.0,540504.0,539472.0,541748.0,543694.0,545716.0,547043.0,547986.0,548494.0,548677.0,548438.0,548452.0,547571.0,547385.0,546842.0,546503.0,546030.0,545434.0,545013.0,544831.0,544388.0,546241.0,547120.0,546321.0,546484.0,547149.0,548292.0,549974.0,551485.0,552630.0,554023.0,555389.0,556084.0,559168.0,564190.0,568311.0,570154.0,571890.0,579101.0,584482.0,587334.0,589212.0,591101.0,592436.0,592800.0,592331.0,590522.0,589206.0,588639.0,587213.0,586113.0,581798.0,580155.0,580736.0,581631.0,581526.0,581520.0,581093.0
ITC17,3,Asti,2024,TOTAL,TOTAL,NR,212069.0,214604.0,213899.0,214392.0,214964.0,215849.0,216500.0,217098.0,217510.0,217698.0,217813.0,218547.0,217520.0,217821.0,217981.0,218163.0,218059.0,217796.0,217354.0,216779.0,216033.0,215382.0,214308.0,213507.0,212564.0,211701.0,210785.0,209821.0,208924.0,208117.0,207210.0,208525.0,208229.0,207351.0,207296.0,207202.0,206993.0,207345.0,207555.0,207967.0,208054.0,208237.0,208136.0,208754.0,211147.0,212223.0,213242.0,214038.0,217223.0,219136.0,219775.0,219957.0,220159.0,220609.0,220111.0,218708.0,216756.0,215800.0,214897.0,213504.0,212010.0,209390.0,208286.0,207951.0,207239.0,207203.0,207201.0,207049.0
ITC18,3,Alessandria,2024,TOTAL,TOTAL,NR,472959.0,478613.0,476646.0,477344.0,478213.0,479771.0,480803.0,481709.0,482196.0,482182.0,482000.0,483183.0,479947.0,479634.0,478997.0,478395.0,477154.0,475553.0,473553.0,471254.0,468577.0,466102.0,463036.0,460556.0,457773.0,455159.0,452431.0,449599.0,446910.0,444415.0,441703.0,439821.0,437660.0,434582.0,432154.0,430795.0,429120.0,427412.0,426174.0,424522.0,421909.0,420142.0,417675.0,417531.0,421480.0,423564.0,425391.0,425775.0,430179.0,433236.0,433426.0,434312.0,434377.0,433670.0,433059.0,430946.0,427857.0,425677.0,423296.0,420300.0,417288.0,409392.0,407264.0,406494.0,406385.0,407202.0,407198.0,406899.0
ITC20,3,Valle d'Aosta/Vallée d'Aoste,2024,TOTAL,TOTAL,NR,99766.0,100959.0,101220.0,102053.0,102932.0,103972.0,104910.0,105832.0,106673.0,107412.0,108123.0,109150.0,109095.0,109709.0,110259.0,110827.0,111255.0,111607.0,111872.0,112071.0,112186.0,112353.0,112492.0,112774.0,112983.0,113234.0,113458.0,113657.0,113892.0,114178.0,114409.0,115275.0,115897.0,116244.0,116389.0,116653.0,117063.0,117588.0,118071.0,118615.0,118861.0,119273.0,119347.0,120383.0,121692.0,122799.0,123839.0,124636.0,125658.0,126515.0,126957.0,127153.0,127305.0,127951.0,128245.0,127972.0,127030.0,126677.0,126213.0,125653.0,125034.0,124089.0,123360.0,123130.0,122877.0,122532.0,122531.0,122441.0
ITC31,3,Imperia,2024,TOTAL,TOTAL,NR,199772.0,202160.0,203296.0,205587.0,207981.0,210709.0,213242.0,215751.0,218105.0,220260.0,222363.0,225127.0,224248.0,224740.0,225088.0,225462.0,225543.0,225461.0,225196.0,224794.0,224216.0,223738.0,222525.0,221594.0,220518.0,219523.0,218474.0,217374.0,216344.0,215408.0,214367.0,214109.0,213355.0,212709.0,212083.0,211313.0,210460.0,209634.0,208646.0,207775.0,206750.0,205950.0,204921.0,205688.0,207725.0,209635.0,210735.0,211665.0,213959.0,215563.0,216988.0,217934.0,218083.0,217545.0,216226.0,214981.0,213022.0,212400.0,211081.0,209982.0,209382.0,209244.0,208670.0,208792.0,208800.0,209348.0,209346.0,209192.0
ITC32,3,Savona,2024,TOTAL,TOTAL,NR,259737.0,262842.0,264632.0,267927.0,271361.0,275237.0,278863.0,282464.0,285864.0,289009.0,292090.0,296043.0,295218.0,296200.0,296999.0,297835.0,298288.0,298530.0,298532.0,298356.0,297947.0,297675.0,296123.0,294946.0,293575.0,292313.0,290979.0,289577.0,288268.0,287085.0,285762.0,285310.0,284233.0,283108.0,282033.0,280902.0,279337.0,277735.0,276416.0,275269.0,273926.0,273221.0,272149.0,273546.0,275809.0,277127.0,278149.0,279310.0,281398.0,283062.0,283640.0,284364.0,283660.0,283440.0,282258.0,280806.0,278768.0,277357.0,275698.0,273732.0,271832.0,269752.0,268038.0,267366.0,267621.0,267064.0,267061.0,266865.0
ITC33,3,Genova,2024,TOTAL,TOTAL,NR,1018910.0,1031091.0,1031252.0,1037219.0,1043622.0,1051607.0,1058518.0,1065227.0,1071078.0,1075879.0,1080361.0,1087973.0,1080266.0,1079134.0,1077267.0,1075472.0,1072235.0,1068186.0,1063236.0,1057611.0,1051136.0,1045109.0,1035511.0,1027223.0,1018255.0,1009659.0,1000810.0,991729.0,982961.0,974614.0,965790.0,957362.0,949784.0,940820.0,933559.0,925025.0,916957.0,910167.0,903053.0,895904.0,889355.0,883123.0,877419.0,873868.0,873352.0,877535.0,875282.0,872587.0,869169.0,870576.0,869560.0,868956.0,867082.0,865118.0,860560.0,853201.0,846211.0,842249.0,836148.0,831172.0,826194.0,823612.0,817402.0,816606.0,817628.0,818812.0,818803.0,818202.0
ITC34,3,La Spezia,2024,TOTAL,TOTAL,NR,236429.0,239256.0,238543.0,239167.0,239880.0,240944.0,241748.0,242494.0,243033.0,243323.0,243532.0,244435.0,243332.0,243714.0,243940.0,244191.0,244123.0,243877.0,243431.0,242836.0,242050.0,241371.0,239756.0,238445.0,236977.0,235595.0,234156.0,232662.0,231242.0,229923.0,228491.0,227733.0,226743.0,225398.0,224505.0,223909.0,222379.0,221259.0,220139.0,218975.0,217756.0,216704.0,215663.0,215091.0,216024.0,216316.0,216734.0,217252.0,218923.0,220601.0,221349.0,221339.0,221271.0,221219.0,221278.0,220439.0,219741.0,219373.0,218614.0,218094.0,217418.0,215887.0,215117.0,214872.0,215091.0,214919.0,214917.0,214759.0
ITC41,3,Varese,2024,TOTAL,TOTAL,NR,574658.0,581528.0,592112.0,606123.0,620548.0,636093.0,651174.0,666304.0,681060.0,695293.0,709450.0,725823.0,729369.0,737429.0,745110.0,752962.0,759919.0,766395.0,772310.0,777806.0,782735.0,788057.0,787844.0,788633.0,788907.0,789476.0,789854.0,790054.0,790507.0,791310.0,791735.0,794332.0,797159.0,799964.0,801203.0,801372.0,802615.0,804191.0,805070.0,805673.0,807579.0,809956.0,813090.0,818121.0,826337.0,835930.0,841082.0,848925.0,856315.0,863673.0,867890.0,873919.0,877956.0,882582.0,885120.0,885922.0,885308.0,884887.0,884919.0,885085.0,884876.0,880093.0,877668.0,879731.0,880257.0,882592.0,882582.0,881934.0
ITC42,3,Como,2024,TOTAL,TOTAL,NR,401179.0,405975.0,410512.0,417400.0,424531.0,432382.0,439870.0,447349.0,454536.0,461340.0,468062.0,476209.0,477999.0,482741.0,487229.0,491821.0,495822.0,499504.0,502814.0,505849.0,508511.0,511425.0,511679.0,512584.0,513155.0,513918.0,514557.0,515080.0,515769.0,516686.0,517357.0,519641.0,522591.0,524896.0,526304.0,527507.0,528498.0,529869.0,531219.0,532213.0,533784.0,535943.0,537626.0,542295.0,549758.0,557525.0,563302.0,567881.0,573108.0,579168.0,583725.0,587914.0,591451.0,594725.0,596740.0,597842.0,597433.0,597927.0,597486.0,597807.0,597642.0,596456.0,594941.0,597117.0,597949.0,598191.0,598185.0,597746.0
ITC43,3,Lecco,2024,TOTAL,TOTAL,NR,228544.0,231276.0,233155.0,236363.0,239699.0,243429.0,246943.0,250441.0,253765.0,256866.0,259914.0,263743.0,264906.0,267708.0,270370.0,273093.0,275489.0,277710.0,279726.0,281590.0,283248.0,285047.0,285732.0,286780.0,287642.0,288612.0,289513.0,290349.0,291279.0,292339.0,293260.0,294646.0,296136.0,297865.0,299099.0,300217.0,301680.0,302909.0,304451.0,306054.0,307806.0,309709.0,309859.0,312579.0,316184.0,319609.0,322357.0,324413.0,328230.0,331738.0,333654.0,335414.0,336322.0,337545.0,337883.0,337162.0,335812.0,335744.0,335588.0,335554.0,334961.0,333569.0,332457.0,332775.0,333270.0,333747.0,333743.0,333498.0
ITC44,3,Sondrio,2024,TOTAL,TOTAL,NR,159543.0,161450.0,161362.0,162182.0,163068.0,164200.0,165162.0,166090.0,166883.0,167510.0,168087.0,169149.0,169053.0,169995.0,170838.0,171707.0,172360.0,172895.0,173295.0,173594.0,173761.0,174009.0,174076.0,174364.0,174539.0,174779.0,174977.0,175135.0,175350.0,175642.0,175851.0,175873.0,176442.0,176300.0,176569.0,176705.0,176776.0,176935.0,176949.0,176985.0,176878.0,176895.0,176671.0,177182.0,178036.0,178755.0,179447.0,180058.0,180791.0,181277.0,181620.0,181789.0,181848.0,181974.0,182348.0,181859.0,181469.0,181083.0,181025.0,180680.0,180425.0,178798.0,178784.0,178795.0,178873.0,179100.0,179098.0,178967.0
ITC46,3,Bergamo,2024,TOTAL,TOTAL,NR,720932.0,729551.0,733380.0,741372.0,749731.0,759290.0,768140.0,776904.0,785100.0,792578.0,799867.0,809530.0,813168.0,821835.0,830076.0,838503.0,845929.0,852818.0,859077.0,864870.0,870030.0,875624.0,877586.0,880665.0,883172.0,886011.0,888639.0,891066.0,893781.0,896894.0,899582.0,904531.0,910682.0,916467.0,921294.0,925775.0,931782.0,938186.0,944526.0,951302.0,958958.0,966642.0,975239.0,985427.0,1001536.0,1019774.0,1030911.0,1040923.0,1054956.0,1069939.0,1079639.0,1089522.0,1095388.0,1101727.0,1104999.0,1105724.0,1104383.0,1105276.0,1106160.0,1107159.0,1108126.0,1103556.0,1102997.0,1106303.0,1110427.0,1114780.0,1114768.0,1113950.0
ITC47,3,Brescia,2024,TOTAL,TOTAL,NR,872518.0,882949.0,885520.0,893099.0,901091.0,910490.0,919002.0,927378.0,935046.0,941831.0,948366.0,957686.0,960193.0,968623.0,976527.0,984625.0,991525.0,997776.0,1003275.0,1008215.0,1012407.0,1017093.0,1018426.0,1021053.0,1023017.0,1025365.0,1027466.0,1029335.0,1031537.0,1034197.0,1036365.0,1040584.0,1044951.0,1049173.0,1052966.0,1056195.0,1061059.0,1067979.0,1074951.0,1082651.0,1091670.0,1100730.0,1110269.0,1123346.0,1145086.0,1163506.0,1177290.0,1189408.0,1204416.0,1220795.0,1230529.0,1241188.0,1247357.0,1253581.0,1255637.0,1255890.0,1253852.0,1251873.0,1251306.0,1254419.0,1255437.0,1255709.0,1253157.0,1257326.0,1260955.0,1265884.0,1265870.0,1264941.0
ITC48,3,Pavia,2024,TOTAL,TOTAL,NR,512071.0,518193.0,516367.0,517431.0,518684.0,520691.0,522132.0,523442.0,524301.0,524619.0,524759.0,526389.0,523353.0,523509.0,523317.0,523170.0,522332.0,521104.0,519445.0,517461.0,515066.0,512895.0,510215.0,508181.0,505814.0,503633.0,501328.0,498908.0,496647.0,494602.0,492317.0,491545.0,490925.0,490363.0,490054.0,488703.0,488943.0,489354.0,489807.0,490662.0,491310.0,492194.0,493696.0,495906.0,502085.0,507236.0,512181.0,517608.0,526133.0,533069.0,536774.0,539471.0,541920.0,544494.0,544765.0,544841.0,543875.0,543138.0,541617.0,541717.0,540376.0,535801.0,534506.0,536406.0,538632.0,541949.0,541943.0,541545.0
ITC49,3,Lodi,2024,TOTAL,TOTAL,NR,170869.0,172912.0,172321.0,172695.0,173132.0,173821.0,174322.0,174779.0,175085.0,175212.0,175279.0,175844.0,175573.0,176378.0,177077.0,177802.0,178301.0,178676.0,178910.0,179038.0,179028.0,179102.0,178773.0,178671.0,178453.0,178301.0,178105.0,177869.0,177690.0,177589.0,177403.0,178350.0,184354.0,185539.0,186610.0,187655.0,188823.0,190142.0,191711.0,193292.0,194607.0,195972.0,198020.0,200403.0,204275.0,207729.0,210418.0,213393.0,217796.0,221492.0,223116.0,224518.0,225824.0,227168.0,227647.0,227637.0,226999.0,226686.0,226807.0,226949.0,227412.0,227343.0,227327.0,228136.0,229473.0,230250.0,230248.0,230079.0
ITC4A,3,Cremona,2024,TOTAL,TOTAL,NR,347011.0,351160.0,347825.0,346418.0,345105.0,344258.0,342999.0,341618.0,339910.0,337821.0,335591.0,334281.0,332977.0,333709.0,334229.0,334786.0,334908.0,334788.0,334396.0,333800.0,332943.0,332236.0,331404.0,330992.0,330365.0,329859.0,329274.0,328613.0,328058.0,327646.0,327077.0,326781.0,328024.0,328982.0,329218.0,329682.0,330346.0,330946.0,331630.0,332716.0,333483.0,334748.0,335821.0,338134.0,341952.0,345245.0,347353.0,349092.0,354211.0,357980.0,358849.0,359451.0,360175.0,360815.0,360160.0,359489.0,358243.0,357168.0,356086.0,356150.0,355908.0,352242.0,351654.0,352189.0,352965.0,353923.0,353919.0,353659.0
ITC4B,3,Mantova,2024,TOTAL,TOTAL,NR,382680.0,387255.0,384348.0,383580.0,382927.0,382804.0,382238.0,381550.0,380508.0,379053.0,377449.0,376892.0,375668.0,376743.0,377581.0,378465.0,378861.0,378986.0,378805.0,378395.0,377691.0,377158.0,376142.0,375603.0,374818.0,374173.0,373436.0,372614.0,371912.0,371372.0,370654.0,372005.0,372455.0,371274.0,370691.0,370399.0,370299.0,371258.0,372140.0,373418.0,374600.0,376277.0,377962.0,380304.0,384469.0,389146.0,391459.0,394618.0,400439.0,405895.0,407866.0,409789.0,411086.0,412575.0,412704.0,411971.0,409504.0,408668.0,407574.0,407851.0,406919.0,406061.0,404476.0,406119.0,407002.0,407744.0,407740.0,407441.0
ITC4C,3,Milano,2024,TOTAL,TOTAL,NR,2465127.0,2494598.0,2537541.0,2595154.0,2654499.0,2718596.0,2780669.0,2842914.0,2903530.0,2961886.0,3019892.0,3087296.0,3082053.0,3095710.0,3107496.0,3119720.0,3127982.0,3134056.0,3137648.0,3139387.0,3138713.0,3139490.0,3127292.0,3119061.0,3108784.0,3099659.0,3089773.0,3079181.0,3069573.0,3061303.0,3032657.0,3024855.0,3008638.0,3001720.0,2987571.0,2975457.0,2962018.0,2956997.0,2952654.0,2947965.0,2944140.0,2943237.0,2938627.0,2935908.0,2941233.0,2983298.0,2996002.0,2999062.0,3006001.0,3013241.0,3034843.0,3063241.0,3095104.0,3125287.0,3163522.0,3186367.0,3200447.0,3214702.0,3232728.0,3250077.0,3265327.0,3241813.0,3214630.0,3228006.0,3245459.0,3246455.0,3246420.0,3244037.0
ITC4D,3,Monza e della Brianza,2024,TOTAL,TOTAL,NR,483524.0,489305.0,501000.0,515619.0,530631.0,546645.0,562307.0,578054.0,593515.0,608555.0,623558.0,640545.0,644062.0,651567.0,658744.0,666077.0,672623.0,678747.0,684378.0,689640.0,694403.0,699516.0,702051.0,705479.0,708451.0,711690.0,714760.0,717669.0,720811.0,724275.0,722892.0,726452.0,727987.0,731770.0,733793.0,736307.0,738488.0,742773.0,747253.0,751670.0,756333.0,761781.0,767029.0,772690.0,782550.0,792082.0,799025.0,806160.0,815081.0,825537.0,832109.0,839897.0,846580.0,855068.0,858244.0,860065.0,861122.0,863267.0,865666.0,867385.0,870193.0,870113.0,870407.0,873606.0,876792.0,879303.0,879294.0,878648.0
ITF11,3,L'Aquila,2024,TOTAL,TOTAL,NR,325102.0,328989.0,323984.0,320758.0,317590.0,314817.0,311634.0,308307.0,304653.0,300632.0,296458.0,293066.0,291968.0,292655.0,293157.0,293691.0,293846.0,293788.0,293492.0,293017.0,292314.0,291742.0,291964.0,292557.0,292960.0,293472.0,293914.0,294289.0,294760.0,295361.0,295821.0,296753.0,298009.0,297918.0,297267.0,297923.0,297727.0,298255.0,298390.0,298216.0,298361.0,297779.0,297370.0,297726.0,300986.0,302480.0,303226.0,303094.0,305243.0,306499.0,305819.0,306124.0,306200.0,306279.0,305639.0,304136.0,302311.0,300762.0,299084.0,297313.0,294838.0,290811.0,288956.0,287806.0,286832.0,286706.0,286703.0,286493.0
ITF12,3,Teramo,2024,TOTAL,TOTAL,NR,257607.0,260687.0,259045.0,258847.0,258733.0,258982.0,258936.0,258814.0,258457.0,257823.0,257092.0,257080.0,257394.0,259293.0,261046.0,262846.0,264321.0,265620.0,266716.0,267660.0,268403.0,269275.0,270056.0,271180.0,272129.0,273180.0,274166.0,275090.0,276103.0,277240.0,278245.0,279022.0,279895.0,281048.0,281478.0,282429.0,283293.0,284277.0,285051.0,285702.0,286150.0,286767.0,287282.0,289088.0,292302.0,295245.0,297838.0,299867.0,303587.0,307080.0,309023.0,309564.0,310139.0,310723.0,310157.0,309674.0,308326.0,307687.0,305894.0,305291.0,303900.0,301104.0,299646.0,299071.0,299274.0,300049.0,300046.0,299826.0
ITF13,3,Pescara,2024,TOTAL,TOTAL,NR,240088.0,242958.0,243802.0,246026.0,248365.0,251095.0,253582.0,256035.0,258293.0,260310.0,262260.0,264981.0,266136.0,268936.0,271597.0,274318.0,276711.0,278928.0,280939.0,282797.0,284448.0,286240.0,286258.0,286640.0,286836.0,287138.0,287371.0,287540.0,287800.0,288188.0,288439.0,288779.0,289621.0,290737.0,291039.0,291284.0,291408.0,291820.0,292644.0,293569.0,294108.0,294765.0,295730.0,297628.0,300331.0,302834.0,305182.0,307299.0,312170.0,315846.0,318143.0,320237.0,321369.0,322011.0,322271.0,321830.0,320710.0,320008.0,318034.0,317366.0,316363.0,313882.0,313631.0,313110.0,312246.0,311876.0,311873.0,311644.0
ITF14,3,Chieti,2024,TOTAL,TOTAL,NR,369218.0,373632.0,369699.0,367813.0,366021.0,364715.0,362966.0,361082.0,358845.0,356202.0,353403.0,351567.0,352216.0,355035.0,357657.0,360346.0,362594.0,364602.0,366332.0,367856.0,369106.0,370534.0,371346.0,372631.0,373674.0,374857.0,375951.0,376960.0,378091.0,379390.0,380509.0,381290.0,382059.0,382508.0,382545.0,382725.0,383076.0,383075.0,383065.0,383010.0,382515.0,381989.0,381805.0,383191.0,385039.0,386598.0,386753.0,386609.0,390307.0,392462.0,393030.0,393295.0,393916.0,393570.0,391851.0,390196.0,387947.0,385473.0,383047.0,380675.0,378840.0,375215.0,373717.0,372640.0,371219.0,370487.0,370483.0,370211.0
ITF21,3,Isernia,2024,TOTAL,TOTAL,NR,104551.0,105801.0,103997.0,102762.0,101542.0,100446.0,99214.0,97934.0,96546.0,95039.0,93481.0,92166.0,91895.0,92186.0,92420.0,92665.0,92791.0,92851.0,92837.0,92767.0,92624.0,92524.0,92381.0,92356.0,92270.0,92219.0,92145.0,92051.0,91985.0,91961.0,91892.0,91882.0,91895.0,91641.0,91789.0,91743.0,91531.0,91371.0,91119.0,90791.0,90490.0,90076.0,89681.0,89866.0,89643.0,89420.0,89068.0,88541.0,88500.0,88040.0,87769.0,87431.0,87213.0,87043.0,86839.0,86489.0,86069.0,85497.0,84971.0,84027.0,83154.0,81415.0,80564.0,79912.0,79236.0,78755.0,78754.0,78696.0
ITF22,3,Campobasso,2024,TOTAL,TOTAL,NR,249271.0,252251.0,248688.0,246492.0,244346.0,242509.0,240360.0,238106.0,235604.0,232822.0,229926.0,227641.0,227671.0,229101.0,230398.0,231734.0,232780.0,233669.0,234376.0,234947.0,235342.0,235847.0,235954.0,236361.0,236614.0,236956.0,237240.0,237471.0,237778.0,238191.0,238490.0,238675.0,238719.0,238259.0,237745.0,237465.0,236563.0,235662.0,234506.0,233328.0,232287.0,231392.0,230509.0,230515.0,230716.0,230308.0,229384.0,228796.0,229157.0,229042.0,228170.0,227385.0,226703.0,226365.0,226058.0,224909.0,223957.0,222903.0,221593.0,219763.0,217362.0,212879.0,211586.0,210724.0,209988.0,209059.0,209057.0,208904.0
ITF31,3,Caserta,2024,TOTAL,TOTAL,NR,641656.0,649327.0,648756.0,651831.0,655171.0,659492.0,663128.0,666626.0,669577.0,671862.0,673939.0,677959.0,683140.0,692564.0,701659.0,710941.0,719399.0,727423.0,734930.0,742053.0,748648.0,755628.0,760527.0,766395.0,771770.0,777437.0,782922.0,788232.0,793799.0,799724.0,805274.0,811134.0,816144.0,823704.0,829564.0,835174.0,839928.0,844825.0,848726.0,850882.0,851690.0,852230.0,852314.0,854185.0,862791.0,873665.0,879789.0,885497.0,892751.0,899448.0,905721.0,913228.0,917426.0,917820.0,917923.0,918110.0,917423.0,916615.0,915730.0,915549.0,913666.0,901903.0,905045.0,906074.0,906522.0,908451.0,908441.0,907774.0
ITF32,3,Benevento,2024,TOTAL,TOTAL,NR,310540.0,314253.0,310190.0,307836.0,305550.0,303656.0,301380.0,298978.0,296272.0,293219.0,290027.0,287613.0,286806.0,287755.0,288525.0,289332.0,289767.0,289996.0,289993.0,289815.0,289413.0,289143.0,289251.0,289727.0,290014.0,290410.0,290735.0,290995.0,291349.0,291831.0,292175.0,292747.0,292817.0,293405.0,292713.0,292619.0,292052.0,291205.0,290348.0,289386.0,288402.0,287539.0,286574.0,286264.0,287020.0,287793.0,287730.0,287254.0,287822.0,288215.0,287846.0,287513.0,286469.0,284901.0,283431.0,281563.0,279778.0,278475.0,277579.0,275384.0,272318.0,266716.0,265055.0,263125.0,261419.0,259809.0,259806.0,259615.0
ITF33,3,Napoli,2024,TOTAL,TOTAL,NR,2392638.0,2421243.0,2436125.0,2464853.0,2494838.0,2528851.0,2560538.0,2591975.0,2621551.0,2648757.0,2675357.0,2709929.0,2725874.0,2758708.0,2790166.0,2822301.0,2851112.0,2878150.0,2903101.0,2926501.0,2947786.0,2970563.0,2973238.0,2979692.0,2984209.0,2989843.0,2994759.0,2998997.0,3004204.0,3010740.0,3015847.0,3016543.0,3017137.0,3027390.0,3040286.0,3050324.0,3056845.0,3064446.0,3070738.0,3070968.0,3068870.0,3062897.0,3059401.0,3060521.0,3069540.0,3076816.0,3072876.0,3070651.0,3074086.0,3068657.0,3076550.0,3081165.0,3081729.0,3079037.0,3078259.0,3075600.0,3071681.0,3065231.0,3060023.0,3048194.0,3034410.0,2986745.0,2988376.0,2980338.0,2970974.0,2963633.0,2963601.0,2961425.0
ITF34,3,Avellino,2024,TOTAL,TOTAL,NR,458193.0,463671.0,457866.0,454585.0,451408.0,448814.0,445658.0,442319.0,438533.0,434237.0,429738.0,426395.0,425711.0,427637.0,429306.0,431036.0,432219.0,433100.0,433639.0,433921.0,433871.0,434021.0,434024.0,434578.0,434849.0,435283.0,435612.0,435842.0,436213.0,436776.0,437131.0,437961.0,438722.0,439593.0,438771.0,437861.0,437020.0,435763.0,434673.0,433171.0,431843.0,430344.0,428746.0,429856.0,432617.0,434830.0,434893.0,434937.0,436481.0,437189.0,436525.0,436552.0,435787.0,432970.0,429901.0,426909.0,423372.0,420719.0,418123.0,414109.0,410369.0,402929.0,401451.0,398932.0,396973.0,395072.0,395068.0,394778.0
ITF35,3,Salerno,2024,TOTAL,TOTAL,NR,901487.0,912265.0,911926.0,916718.0,921888.0,928447.0,934050.0,939466.0,944118.0,947838.0,951271.0,957452.0,959665.0,967796.0,975396.0,983187.0,989778.0,995717.0,1000904.0,1005531.0,1009410.0,1013779.0,1017824.0,1023164.0,1027843.0,1032909.0,1037730.0,1042318.0,1047245.0,1052639.0,1057538.0,1062645.0,1066839.0,1071367.0,1073260.0,1075661.0,1077688.0,1078637.0,1078753.0,1077957.0,1076889.0,1075127.0,1072927.0,1074077.0,1079473.0,1086346.0,1088131.0,1087924.0,1093905.0,1098578.0,1100822.0,1104369.0,1106182.0,1105702.0,1103254.0,1102188.0,1098529.0,1095614.0,1091434.0,1087055.0,1081380.0,1065967.0,1064493.0,1061067.0,1058018.0,1055372.0,1055361.0,1054586.0
ITF43,3,Taranto,2024,TOTAL,TOTAL,NR,463176.0,468713.0,470386.0,474721.0,479281.0,484593.0,489440.0,494219.0,498626.0,502565.0,506375.0,511677.0,515780.0,523089.0,530151.0,537357.0,543944.0,550204.0,556074.0,561656.0,566838.0,572314.0,573758.0,575933.0,577734.0,579752.0,581632.0,583380.0,585318.0,587516.0,589436.0,590049.0,589179.0,589476.0,590587.0,590770.0,590549.0,589253.0,587765.0,585537.0,583718.0,581508.0,579880.0,580172.0,580849.0,582590.0,583340.0,584442.0,586357.0,587549.0,588860.0,588940.0,588744.0,586653.0,584796.0,582400.0,579310.0,576041.0,572436.0,568258.0,563995.0,561958.0,559892.0,556692.0,553501.0,550436.0,550430.0,550026.0
ITF44,3,Brindisi,2024,TOTAL,TOTAL,NR,341552.0,345635.0,345813.0,347939.0,350213.0,353020.0,355468.0,357851.0,359948.0,361693.0,363333.0,366027.0,367208.0,370657.0,373906.0,377234.0,380105.0,382730.0,385068.0,387194.0,389033.0,391064.0,392766.0,394967.0,396914.0,399010.0,401012.0,402923.0,404966.0,407190.0,409222.0,410736.0,411257.0,411908.0,412714.0,412941.0,412272.0,410697.0,409473.0,407783.0,405393.0,403685.0,402302.0,401498.0,401307.0,401420.0,401925.0,401613.0,402411.0,403009.0,403964.0,404901.0,404888.0,403260.0,401494.0,399338.0,396312.0,393786.0,390740.0,387817.0,385235.0,381946.0,381273.0,379522.0,377240.0,375567.0,375563.0,375287.0
ITF45,3,Lecce,2024,TOTAL,TOTAL,NR,670324.0,678338.0,676643.0,678742.0,681099.0,684457.0,687085.0,689551.0,691434.0,692615.0,693568.0,696503.0,700460.0,708756.0,716697.0,724809.0,732066.0,738867.0,745130.0,750994.0,756315.0,762017.0,765531.0,770020.0,774011.0,778294.0,782394.0,786317.0,790497.0,795030.0,799190.0,802281.0,803758.0,804525.0,805921.0,806239.0,805262.0,802583.0,800740.0,797344.0,793561.0,790352.0,787657.0,790170.0,793043.0,797683.0,800384.0,803154.0,807270.0,809901.0,812271.0,814923.0,815462.0,812490.0,808602.0,804812.0,800949.0,796925.0,791902.0,786408.0,782165.0,776230.0,775348.0,771230.0,767231.0,764491.0,764483.0,763922.0
ITF46,3,Foggia,2024,TOTAL,TOTAL,NR,616520.0,623891.0,620312.0,620194.0,620281.0,621244.0,621509.0,621594.0,621121.0,619989.0,618628.0,619002.0,619324.0,623456.0,627230.0,631112.0,634210.0,636879.0,639056.0,640867.0,642194.0,643827.0,643675.0,644340.0,644586.0,645073.0,645403.0,645588.0,645980.0,646657.0,653656.0,654512.0,654793.0,655495.0,656305.0,656703.0,656455.0,655968.0,655228.0,653737.0,652641.0,650984.0,649292.0,647467.0,646269.0,644687.0,642398.0,639399.0,640391.0,640212.0,640753.0,640725.0,638760.0,635508.0,632597.0,629554.0,625294.0,621555.0,616829.0,611518.0,606904.0,602394.0,599028.0,595682.0,593078.0,590263.0,590257.0,589824.0
ITF47,3,Bari,2024,TOTAL,TOTAL,NR,969911.0,981507.0,983940.0,991933.0,1000379.0,1010379.0,1019388.0,1028239.0,1036298.0,1043373.0,1050166.0,1060037.0,1065561.0,1077682.0,1089254.0,1101082.0,1111604.0,1121427.0,1130431.0,1138825.0,1146392.0,1154535.0,1156747.0,1160430.0,1163360.0,1166726.0,1169813.0,1172637.0,1175839.0,1179564.0,1194848.0,1198935.0,1201969.0,1205782.0,1209800.0,1213060.0,1215126.0,1216748.0,1217894.0,1217636.0,1218101.0,1217510.0,1218338.0,1221455.0,1226897.0,1233973.0,1237283.0,1239946.0,1244048.0,1247513.0,1251412.0,1257549.0,1259733.0,1258054.0,1256495.0,1253461.0,1249699.0,1245190.0,1240589.0,1234997.0,1230205.0,1230158.0,1226784.0,1225048.0,1221682.0,1219545.0,1219532.0,1218637.0
ITF48,3,Barletta-Andria-Trani,2024,TOTAL,TOTAL,NR,319315.0,323133.0,322116.0,322902.0,323809.0,325188.0,326216.0,327164.0,327831.0,328163.0,328385.0,329541.0,330201.0,332895.0,335406.0,337981.0,340143.0,342079.0,343756.0,345240.0,346466.0,347860.0,349279.0,351142.0,352779.0,354548.0,356233.0,357839.0,359560.0,361442.0,366875.0,368879.0,370560.0,372482.0,374468.0,376221.0,377604.0,378849.0,379943.0,380596.0,381473.0,382015.0,383225.0,384351.0,386476.0,387835.0,388450.0,388886.0,390767.0,391965.0,392851.0,394520.0,395210.0,394565.0,393804.0,393704.0,392171.0,390570.0,388470.0,386530.0,384801.0,381091.0,380616.0,379509.0,377929.0,377093.0,377089.0,376812.0
ITF51,3,Potenza,2024,TOTAL,TOTAL,NR,438919.0,444166.0,438603.0,435458.0,432412.0,429925.0,426900.0,423699.0,420070.0,415952.0,411640.0,408435.0,406907.0,407867.0,408569.0,409317.0,409534.0,409456.0,409046.0,408388.0,407411.0,406616.0,405854.0,405607.0,405095.0,404734.0,404274.0,403722.0,403300.0,403055.0,402617.0,402158.0,401418.0,401362.0,401316.0,401270.0,400820.0,399611.0,398837.0,397419.0,396219.0,394752.0,392955.0,391981.0,391473.0,390342.0,387973.0,385424.0,384685.0,383588.0,381758.0,379895.0,378517.0,376835.0,375370.0,373323.0,370854.0,368391.0,365903.0,362452.0,358401.0,352490.0,349616.0,346475.0,343252.0,340909.0,340905.0,340655.0
ITF52,3,Matera,2024,TOTAL,TOTAL,NR,197767.0,200131.0,198615.0,198204.0,197853.0,197775.0,197468.0,197097.0,196544.0,195777.0,194932.0,194629.0,194839.0,196248.0,197547.0,198880.0,199968.0,200922.0,201722.0,202407.0,202940.0,203570.0,203946.0,204581.0,205083.0,205662.0,206192.0,206676.0,207226.0,207868.0,208412.0,208812.0,208975.0,208825.0,208705.0,208534.0,208097.0,207566.0,206959.0,206127.0,205229.0,204652.0,204148.0,203288.0,203032.0,202843.0,202138.0,201107.0,201408.0,201322.0,200860.0,200895.0,200843.0,200715.0,200444.0,199913.0,199033.0,198014.0,197065.0,196135.0,194853.0,192640.0,191552.0,191102.0,189981.0,189095.0,189093.0,188954.0
ITF61,3,Cosenza,2024,TOTAL,TOTAL,NR,686194.0,694398.0,690668.0,690792.0,691149.0,692488.0,693052.0,693419.0,693169.0,692187.0,690951.0,691659.0,694301.0,701233.0,707795.0,714510.0,720365.0,725758.0,730612.0,735064.0,738977.0,743255.0,743586.0,744863.0,745655.0,746725.0,747616.0,748338.0,749301.0,750595.0,751532.0,751211.0,750895.0,750933.0,752266.0,751993.0,751080.0,749183.0,746849.0,743719.0,740279.0,736278.0,732785.0,729822.0,729549.0,726321.0,722119.0,718008.0,721200.0,721074.0,720506.0,718703.0,718158.0,715559.0,713368.0,710806.0,706823.0,703066.0,699142.0,695605.0,690503.0,676119.0,674543.0,672432.0,670368.0,669535.0,669528.0,669036.0
ITF62,3,Crotone,2024,TOTAL,TOTAL,NR,165137.0,167111.0,166807.0,167439.0,168136.0,169083.0,169851.0,170581.0,171169.0,171584.0,171945.0,172798.0,173552.0,175379.0,177115.0,178891.0,180452.0,181899.0,183211.0,184424.0,185501.0,186671.0,186429.0,186424.0,186298.0,186240.0,186138.0,185993.0,185908.0,185905.0,185813.0,183568.0,180132.0,179326.0,179221.0,178866.0,178135.0,177220.0,176504.0,175688.0,174636.0,173751.0,172966.0,172076.0,172166.0,171682.0,170776.0,170254.0,170776.0,170985.0,171176.0,171758.0,171465.0,171356.0,172000.0,171969.0,171985.0,172635.0,171904.0,171486.0,168581.0,164059.0,163553.0,162749.0,161902.0,161898.0,161896.0,161777.0
ITF63,3,Catanzaro,2024,TOTAL,TOTAL,NR,370162.0,374587.0,371460.0,370396.0,369440.0,368989.0,368104.0,367097.0,365745.0,363991.0,362089.0,361187.0,361961.0,364966.0,367770.0,370646.0,373068.0,375244.0,377136.0,378816.0,380214.0,381797.0,381674.0,382036.0,382149.0,382405.0,382569.0,382645.0,382845.0,383214.0,383400.0,383356.0,382228.0,381416.0,381557.0,381012.0,380517.0,379121.0,377791.0,375885.0,372696.0,371007.0,368911.0,367753.0,367316.0,365579.0,363711.0,362106.0,362715.0,362614.0,362248.0,362124.0,361571.0,361015.0,360340.0,359072.0,357926.0,356897.0,355000.0,352065.0,349344.0,344439.0,343673.0,342021.0,340659.0,339741.0,339737.0,339488.0
ITF64,3,Vibo Valentia,2024,TOTAL,TOTAL,NR,197450.0,199811.0,197341.0,195959.0,194622.0,193538.0,192211.0,190806.0,189209.0,187392.0,185489.0,184084.0,182736.0,182499.0,182137.0,181787.0,181193.0,180460.0,179576.0,178577.0,177434.0,176366.0,176517.0,176892.0,177152.0,177479.0,177763.0,178007.0,178308.0,178688.0,178983.0,178769.0,179457.0,178745.0,178689.0,178321.0,177647.0,176788.0,175959.0,174868.0,173293.0,171901.0,170363.0,169521.0,169335.0,168067.0,167640.0,166598.0,166554.0,165835.0,165131.0,164605.0,163824.0,162516.0,161634.0,160684.0,159824.0,158569.0,157632.0,156378.0,154715.0,152193.0,151558.0,150709.0,150486.0,150516.0,150514.0,150403.0
ITF65,3,Reggio di Calabria,2024,TOTAL,TOTAL,NR,601944.0,609140.0,603211.0,600624.0,598199.0,596578.0,594240.0,591690.0,588569.0,584789.0,580761.0,578323.0,575906.0,577007.0,577740.0,578535.0,578576.0,578198.0,577348.0,576145.0,574491.0,573093.0,573510.0,574655.0,575427.0,576415.0,577263.0,577981.0,578886.0,580047.0,580932.0,578982.0,576272.0,574648.0,575402.0,574546.0,574558.0,574152.0,573049.0,570828.0,567688.0,565785.0,563160.0,560595.0,562231.0,560378.0,557704.0,554971.0,557822.0,556039.0,554563.0,554859.0,553518.0,551984.0,550884.0,549202.0,546527.0,543930.0,540579.0,536487.0,530967.0,523791.0,522127.0,518699.0,515153.0,512956.0,512950.0,512573.0
ITG11,3,Trapani,2024,TOTAL,TOTAL,NR,422619.0,427672.0,423449.0,421572.0,419807.0,418606.0,416901.0,415045.0,412789.0,410069.0,407174.0,405393.0,405529.0,408159.0,410553.0,413017.0,414967.0,416635.0,417981.0,419087.0,419877.0,420865.0,421192.0,422055.0,422643.0,423389.0,424033.0,424582.0,425267.0,426141.0,426812.0,426762.0,426732.0,427072.0,427499.0,428280.0,428445.0,428512.0,428298.0,427457.0,426764.0,425742.0,425129.0,425892.0,427092.0,428603.0,429413.0,430169.0,432444.0,433389.0,434697.0,435961.0,436395.0,435260.0,433677.0,432813.0,431516.0,429535.0,426963.0,424039.0,421256.0,418277.0,417220.0,415006.0,412946.0,411393.0,411389.0,411087.0
ITG12,3,Palermo,2024,TOTAL,TOTAL,NR,1098267.0,1111397.0,1107017.0,1108829.0,1111038.0,1114854.0,1117451.0,1119758.0,1121093.0,1121268.0,1121052.0,1124015.0,1127420.0,1137784.0,1147535.0,1157521.0,1166105.0,1173930.0,1180875.0,1187165.0,1192578.0,1198575.0,1200690.0,1204332.0,1207191.0,1210504.0,1213527.0,1216276.0,1219418.0,1223102.0,1226206.0,1226860.0,1225221.0,1230461.0,1235009.0,1238670.0,1240911.0,1242491.0,1244851.0,1244461.0,1243953.0,1237993.0,1236098.0,1235279.0,1235747.0,1236807.0,1237529.0,1239981.0,1243180.0,1245961.0,1248936.0,1253450.0,1254504.0,1256056.0,1256483.0,1255334.0,1250836.0,1246163.0,1238675.0,1231602.0,1222988.0,1208819.0,1208991.0,1204189.0,1200253.0,1198738.0,1198725.0,1197845.0
ITG13,3,Messina,2024,TOTAL,TOTAL,NR,677164.0,685260.0,678974.0,676454.0,674123.0,672703.0,670483.0,668030.0,664939.0,661109.0,657003.0,654703.0,653931.0,657172.0,660020.0,662966.0,665075.0,666722.0,667844.0,668574.0,668793.0,669323.0,666575.0,664673.0,662335.0,660242.0,657987.0,655581.0,653385.0,651474.0,649248.0,648109.0,647039.0,648993.0,650493.0,652249.0,654273.0,656646.0,658049.0,659875.0,660795.0,661708.0,661526.0,658841.0,658753.0,657659.0,655654.0,654112.0,654525.0,655476.0,654929.0,655087.0,653043.0,649222.0,645599.0,641243.0,635610.0,630489.0,624147.0,618713.0,613887.0,603980.0,603229.0,600180.0,598071.0,596147.0,596141.0,595703.0
ITG14,3,Agrigento,2024,TOTAL,TOTAL,NR,467358.0,472945.0,468811.0,467280.0,465882.0,465117.0,463804.0,462332.0,460422.0,458004.0,455397.0,454045.0,453731.0,456202.0,458405.0,460678.0,462373.0,463748.0,464761.0,465503.0,465890.0,466495.0,467237.0,468573.0,469605.0,470812.0,471907.0,472896.0,474037.0,475389.0,476515.0,476337.0,475933.0,476384.0,475388.0,473278.0,471079.0,467885.0,464860.0,460835.0,456472.0,452084.0,447719.0,447896.0,448937.0,448738.0,448752.0,447968.0,449492.0,450199.0,451030.0,451892.0,452122.0,449845.0,447397.0,445117.0,441375.0,437155.0,432335.0,428003.0,423488.0,416181.0,415887.0,413177.0,410508.0,408401.0,408397.0,408097.0
ITG15,3,Caltanissetta,2024,TOTAL,TOTAL,NR,298939.0,302513.0,299088.0,297316.0,295616.0,294305.0,292632.0,290846.0,288771.0,286366.0,283833.0,282069.0,281494.0,282643.0,283621.0,284637.0,285291.0,285744.0,285970.0,286026.0,285862.0,285829.0,284980.0,284493.0,283820.0,283252.0,282615.0,281913.0,281302.0,280813.0,280190.0,279324.0,278470.0,278691.0,279473.0,280047.0,279999.0,279214.0,278596.0,277562.0,276407.0,274955.0,273850.0,272985.0,273075.0,273029.0,272646.0,272462.0,273200.0,273973.0,274697.0,275396.0,274877.0,273417.0,272007.0,270972.0,268749.0,266428.0,263235.0,259586.0,255931.0,253688.0,251715.0,249431.0,247118.0,245421.0,245418.0,245238.0
ITG16,3,Enna,2024,TOTAL,TOTAL,NR,226419.0,229126.0,225455.0,223021.0,220625.0,218499.0,216085.0,213568.0,210822.0,207818.0,204706.0,202131.0,200390.0,199867.0,199203.0,198547.0,197622.0,196543.0,195296.0,193923.0,192391.0,190939.0,190445.0,190193.0,189817.0,189511.0,189159.0,188764.0,188429.0,188177.0,187834.0,186975.0,185996.0,185763.0,185588.0,185324.0,184601.0,183505.0,182202.0,180987.0,179715.0,178245.0,176965.0,176434.0,175732.0,175295.0,175227.0,174849.0,175252.0,175281.0,175076.0,174761.0,174251.0,172799.0,171480.0,169922.0,168273.0,166296.0,164159.0,162371.0,160161.0,157690.0,156730.0,154940.0,153556.0,152544.0,152542.0,152430.0
ITG17,3,Catania,2024,TOTAL,TOTAL,NR,882986.0,893542.0,893254.0,897993.0,903102.0,909573.0,915107.0,920460.0,925064.0,928757.0,932168.0,938273.0,941600.0,950742.0,959380.0,968221.0,975894.0,982938.0,989250.0,995016.0,1000050.0,1005577.0,1007922.0,1011549.0,1014520.0,1017872.0,1020981.0,1023860.0,1027071.0,1030738.0,1033917.0,1035527.0,1035841.0,1040431.0,1045769.0,1050427.0,1052665.0,1054546.0,1056515.0,1056156.0,1055678.0,1054559.0,1054633.0,1056205.0,1062321.0,1066629.0,1071805.0,1074040.0,1080037.0,1084439.0,1088517.0,1092537.0,1094229.0,1095009.0,1094665.0,1093911.0,1091100.0,1086981.0,1081823.0,1077270.0,1072634.0,1074089.0,1077515.0,1074434.0,1071813.0,1070169.0,1070157.0,1069371.0
ITG18,3,Ragusa,2024,TOTAL,TOTAL,NR,249783.0,252769.0,251717.0,252073.0,252519.0,253328.0,253860.0,254325.0,254568.0,254547.0,254437.0,255047.0,256070.0,258676.0,261146.0,263672.0,265883.0,267923.0,269764.0,271458.0,272953.0,274583.0,275810.0,277388.0,278788.0,280292.0,281730.0,283105.0,284571.0,286165.0,287625.0,288775.0,289644.0,290486.0,291890.0,293120.0,293999.0,294802.0,295479.0,295511.0,295563.0,295473.0,295308.0,295972.0,298756.0,300871.0,302210.0,303536.0,306377.0,308912.0,311437.0,314431.0,316385.0,317305.0,317335.0,317146.0,317324.0,317476.0,316682.0,315564.0,315601.0,314910.0,316142.0,317793.0,319236.0,321300.0,321297.0,321061.0
ITG19,3,Siracusa,2024,TOTAL,TOTAL,NR,341692.0,345777.0,345848.0,347867.0,350032.0,352729.0,355065.0,357333.0,359315.0,360944.0,362466.0,365039.0,366665.0,370559.0,374260.0,378045.0,381378.0,384469.0,387277.0,389873.0,392185.0,394692.0,395142.0,396094.0,396789.0,397632.0,398380.0,399038.0,399825.0,400789.0,401563.0,402136.0,401923.0,402588.0,403472.0,403275.0,402992.0,402169.0,401539.0,400603.0,399080.0,397309.0,396078.0,395886.0,396684.0,397590.0,398083.0,398723.0,401459.0,403806.0,404726.0,405967.0,406140.0,404627.0,403111.0,401808.0,399617.0,397377.0,394169.0,391400.0,389344.0,386071.0,385900.0,384866.0,383858.0,383277.0,383273.0,382992.0
ITG2D,3,Sassari,2024,TOTAL,TOTAL,NR,380767.0,385319.0,384965.0,386776.0,388742.0,391291.0,393433.0,395492.0,397227.0,398567.0,399784.0,402152.0,404341.0,409035.0,413521.0,418106.0,422196.0,426021.0,429536.0,432821.0,435791.0,438981.0,439854.0,441287.0,442433.0,443745.0,444951.0,446057.0,447307.0,448756.0,457134.0,459579.0,461292.0,462385.0,463407.0,464196.0,464669.0,464968.0,464890.0,464308.0,463985.0,463575.0,460277.0,462602.0,465358.0,468012.0,470188.0,472539.0,477508.0,481280.0,483032.0,485100.0,486257.0,487737.0,488789.0,488917.0,488904.0,488453.0,487509.0,486689.0,484407.0,476357.0,476516.0,474739.0,473493.0,471957.0,471952.0,471606.0
ITG2E,3,Nuoro,2024,TOTAL,TOTAL,NR,216719.0,219310.0,217961.0,217827.0,217764.0,218007.0,218004.0,217935.0,217670.0,217172.0,216593.0,216620.0,216904.0,218523.0,220019.0,221555.0,222819.0,223933.0,224876.0,225692.0,226338.0,227093.0,226615.0,226425.0,226087.0,225833.0,225524.0,225164.0,224876.0,224687.0,227950.0,228239.0,228159.0,227771.0,227348.0,226812.0,226123.0,225351.0,224401.0,223213.0,222156.0,221062.0,220766.0,220145.0,219667.0,219181.0,218534.0,217986.0,217945.0,217771.0,217209.0,216694.0,216019.0,215083.0,214391.0,213365.0,211644.0,210532.0,209100.0,207108.0,205205.0,201517.0,200376.0,198520.0,197090.0,195331.0,195329.0,195186.0
ITG2F,3,Cagliari,2024,TOTAL,TOTAL,NR,265485.0,268659.0,273091.0,279100.0,285293.0,291993.0,298473.0,304968.0,311285.0,317358.0,323392.0,330429.0,334035.0,339725.0,345268.0,350918.0,356175.0,361228.0,366033.0,370656.0,375021.0,379585.0,381034.0,382968.0,384654.0,386485.0,388224.0,389876.0,391655.0,393608.0,401651.0,404495.0,406697.0,408354.0,409947.0,411335.0,412441.0,413389.0,414002.0,414160.0,414546.0,414850.0,414654.0,415727.0,417368.0,418506.0,419789.0,421135.0,422247.0,423662.0,424257.0,425431.0,425735.0,427056.0,426740.0,426678.0,426011.0,425365.0,425206.0,424105.0,422840.0,421488.0,421688.0,420364.0,418962.0,417532.0,417527.0,417220.0
ITG2G,3,Oristano,2024,TOTAL,TOTAL,NR,169091.0,171113.0,169734.0,169298.0,168912.0,168758.0,168407.0,168001.0,167437.0,166690.0,165876.0,165521.0,165451.0,166397.0,167245.0,168120.0,168784.0,169333.0,169749.0,170066.0,170255.0,170523.0,170212.0,170118.0,169912.0,169770.0,169586.0,169364.0,169196.0,169102.0,171608.0,171876.0,171866.0,171624.0,171355.0,171002.0,170533.0,170001.0,169335.0,168489.0,167741.0,166965.0,166575.0,166397.0,166287.0,166391.0,166244.0,166119.0,165792.0,165278.0,164816.0,164393.0,163594.0,162768.0,162007.0,161055.0,159947.0,158935.0,158197.0,156623.0,154974.0,152418.0,151655.0,150325.0,149091.0,148005.0,148003.0,147894.0
ITG2H,3,Sud Sardegna,2024,TOTAL,TOTAL,NR,370531.0,374961.0,371600.0,370300.0,369105.0,368411.0,367280.0,366022.0,364416.0,362406.0,360247.0,359078.0,359697.0,362532.0,365165.0,367866.0,370116.0,372121.0,373842.0,375352.0,376582.0,377993.0,377217.0,376920.0,376377.0,375973.0,375479.0,374898.0,374438.0,374142.0,379597.0,380097.0,379984.0,379359.0,378674.0,377802.0,376674.0,375408.0,373846.0,371887.0,370145.0,368343.0,367732.0,367212.0,365993.0,365418.0,365439.0,365273.0,365566.0,365138.0,364397.0,364215.0,363474.0,361939.0,360601.0,358627.0,355986.0,353554.0,351028.0,347732.0,344195.0,338264.0,337178.0,334198.0,331817.0,329556.0,329552.0,329310.0
ITH10,3,Bolzano-Bozen,2024,TOTAL,TOTAL,NR,369446.0,373863.0,375750.0,379768.0,383974.0,388794.0,393248.0,397658.0,401776.0,405525.0,409176.0,414041.0,414249.0,417005.0,419522.0,422111.0,424175.0,425952.0,427401.0,428604.0,429484.0,430568.0,430988.0,431956.0,432644.0,433493.0,434238.0,434885.0,435673.0,436653.0,437426.0,438916.0,440638.0,442450.0,444327.0,446195.0,448361.0,450683.0,453549.0,455859.0,458553.0,461101.0,462884.0,466605.0,470363.0,475176.0,480403.0,485196.0,491338.0,496079.0,500450.0,504406.0,507989.0,511619.0,515389.0,517994.0,520252.0,523454.0,526772.0,530313.0,532644.0,534912.0,532616.0,534147.0,537533.0,539679.0,539673.0,539277.0
ITH20,3,Trento,2024,TOTAL,TOTAL,NR,407235.0,412104.0,411514.0,413236.0,415121.0,417624.0,419690.0,421664.0,423288.0,424489.0,425556.0,427845.0,427861.0,430508.0,432904.0,435372.0,437297.0,438923.0,440209.0,441241.0,441938.0,442845.0,442846.0,443409.0,443683.0,444124.0,444457.0,444689.0,445065.0,445637.0,445997.0,448280.0,449811.0,451606.0,453863.0,455982.0,458159.0,460984.0,463899.0,467025.0,470505.0,474310.0,476750.0,481750.0,488099.0,494740.0,499712.0,504098.0,510511.0,516859.0,521531.0,525833.0,529246.0,533435.0,536813.0,538188.0,539513.0,540280.0,541966.0,543721.0,545425.0,542166.0,540958.0,542996.0,545169.0,546573.0,546567.0,546166.0
ITH31,3,Verona,2024,TOTAL,TOTAL,NR,659631.0,667517.0,670356.0,676995.0,683959.0,692007.0,699397.0,706698.0,713472.0,719585.0,725518.0,733595.0,735195.0,741326.0,747051.0,752919.0,757868.0,762317.0,766189.0,769631.0,772501.0,775745.0,776037.0,777316.0,778088.0,779152.0,780028.0,780727.0,781678.0,782975.0,783899.0,786220.0,788282.0,789831.0,791187.0,792622.0,795544.0,800109.0,804616.0,809420.0,815008.0,821812.0,826890.0,834070.0,844368.0,853897.0,862458.0,871030.0,886890.0,898031.0,902367.0,906094.0,909045.0,914291.0,917081.0,918450.0,918050.0,918069.0,919179.0,922857.0,924742.0,927810.0,924024.0,925656.0,926970.0,928622.0,928612.0,927930.0
ITH32,3,Vicenza,2024,TOTAL,TOTAL,NR,608235.0,615507.0,618261.0,624519.0,631080.0,638644.0,645602.0,652480.0,658874.0,664660.0,670281.0,677884.0,680279.0,686875.0,693107.0,699485.0,705020.0,710099.0,714650.0,718807.0,722434.0,726418.0,727524.0,729556.0,731113.0,732945.0,734600.0,736090.0,737818.0,739874.0,741578.0,745073.0,748347.0,750879.0,753745.0,756364.0,759237.0,764418.0,770105.0,775765.0,782184.0,788782.0,794977.0,803988.0,816293.0,828857.0,835920.0,840571.0,848024.0,856830.0,860002.0,862700.0,863323.0,865839.0,866418.0,865350.0,862551.0,859736.0,857645.0,856939.0,855297.0,854962.0,852139.0,852779.0,853610.0,854163.0,854154.0,853527.0
ITH33,3,Belluno,2024,TOTAL,TOTAL,NR,230641.0,233398.0,230953.0,229787.0,228679.0,227876.0,226796.0,225632.0,224248.0,222609.0,220874.0,219741.0,218937.0,219473.0,219869.0,220291.0,220428.0,220405.0,220204.0,219870.0,219364.0,218956.0,218086.0,217492.0,216756.0,216100.0,215391.0,214632.0,213943.0,213346.0,212647.0,212301.0,211919.0,211376.0,211223.0,210989.0,210879.0,210805.0,210365.0,210158.0,209728.0,209541.0,207980.0,208782.0,209731.0,210355.0,210187.0,210188.0,211364.0,211561.0,211077.0,210351.0,209590.0,208488.0,207418.0,205906.0,204687.0,203582.0,202825.0,202269.0,201309.0,199704.0,198676.0,198105.0,197788.0,197708.0,197706.0,197561.0
ITH34,3,Treviso,2024,TOTAL,TOTAL,NR,600438.0,607616.0,610281.0,616405.0,622827.0,630236.0,637048.0,643780.0,650034.0,655686.0,661176.0,668620.0,671373.0,678276.0,684824.0,691523.0,697393.0,702816.0,707719.0,712236.0,716230.0,720580.0,721953.0,724244.0,726066.0,728159.0,730079.0,731834.0,733825.0,736142.0,738111.0,741446.0,744368.0,750403.0,753317.0,756437.0,760331.0,765869.0,771687.0,778366.0,783640.0,789846.0,796147.0,806493.0,823344.0,837074.0,846082.0,852817.0,864674.0,873880.0,876779.0,879538.0,881011.0,883959.0,884463.0,883548.0,881315.0,881749.0,883346.0,884173.0,883522.0,880417.0,877890.0,878828.0,879388.0,879255.0,879246.0,878600.0
ITH35,3,Venezia,2024,TOTAL,TOTAL,NR,740322.0,749173.0,750856.0,756780.0,763047.0,770497.0,777187.0,783755.0,789716.0,794925.0,799917.0,807251.0,807592.0,812899.0,817740.0,822719.0,826676.0,830072.0,832827.0,835104.0,836750.0,838794.0,836363.0,834993.0,833077.0,831470.0,829659.0,827660.0,825925.0,824552.0,822783.0,821569.0,819635.0,816626.0,814099.0,811134.0,809923.0,809342.0,808489.0,808326.0,808508.0,808821.0,809661.0,811539.0,817736.0,822555.0,825268.0,828852.0,836440.0,844667.0,848803.0,852008.0,853311.0,854270.0,854685.0,854245.0,852177.0,851353.0,850607.0,851057.0,848829.0,843545.0,836916.0,835895.0,835405.0,834306.0,834297.0,833684.0
ITH36,3,Padova,2024,TOTAL,TOTAL,NR,685818.0,694017.0,696995.0,703924.0,711192.0,719586.0,727297.0,734916.0,741988.0,748373.0,754570.0,762998.0,764932.0,771585.0,777816.0,784202.0,789633.0,794547.0,798861.0,802729.0,806002.0,809667.0,809824.0,811010.0,811668.0,812630.0,813396.0,813977.0,814821.0,816025.0,816840.0,818238.0,820742.0,822305.0,824456.0,826406.0,827951.0,830928.0,834402.0,838091.0,842560.0,846776.0,849661.0,855563.0,867709.0,878268.0,885912.0,892194.0,903768.0,914158.0,919669.0,924305.0,927041.0,930818.0,932899.0,934138.0,932928.0,931890.0,932464.0,933867.0,933700.0,932629.0,929198.0,930349.0,931607.0,932284.0,932274.0,931590.0
ITH37,3,Rovigo,2024,TOTAL,TOTAL,NR,274529.0,277811.0,273999.0,271695.0,269447.0,267542.0,265295.0,262934.0,260301.0,257360.0,254295.0,251908.0,251226.0,252082.0,252783.0,253515.0,253922.0,254149.0,254173.0,254044.0,253718.0,253508.0,252744.0,252301.0,251693.0,251178.0,250602.0,249969.0,249415.0,248971.0,248407.0,248018.0,247853.0,247352.0,246841.0,246117.0,245369.0,244985.0,244668.0,244132.0,243417.0,243002.0,242283.0,242056.0,243312.0,243928.0,243941.0,243715.0,244902.0,245212.0,244675.0,244610.0,244007.0,243750.0,242748.0,241057.0,238940.0,236994.0,234870.0,233428.0,231734.0,230763.0,228902.0,227941.0,227448.0,227134.0,227132.0,226965.0
ITH41,3,Pordenone,2024,TOTAL,TOTAL,NR,232767.0,235550.0,236088.0,237960.0,239939.0,242291.0,244404.0,246479.0,248363.0,250010.0,251590.0,253906.0,255167.0,258007.0,260714.0,263482.0,265937.0,268224.0,270314.0,272259.0,274005.0,275888.0,275505.0,275472.0,275258.0,275148.0,274971.0,274731.0,274579.0,274548.0,274386.0,274816.0,275098.0,274897.0,274849.0,274848.0,275164.0,275961.0,277248.0,278878.0,281012.0,283872.0,286250.0,289819.0,293944.0,296851.0,298958.0,302120.0,306257.0,310507.0,311231.0,311783.0,311833.0,312803.0,312862.0,312003.0,310755.0,309706.0,309946.0,310636.0,310502.0,310634.0,309473.0,310133.0,310763.0,310742.0,310739.0,310511.0
ITH42,3,Udine,2024,TOTAL,TOTAL,NR,527574.0,533881.0,529755.0,528575.0,527553.0,527259.0,526352.0,525274.0,523709.0,521572.0,519228.0,518324.0,517828.0,520511.0,522885.0,525338.0,527129.0,528555.0,529566.0,530268.0,530564.0,531108.0,529718.0,529000.0,527936.0,527068.0,526072.0,524956.0,524008.0,523289.0,522319.0,522044.0,521871.0,520725.0,518540.0,517653.0,517117.0,516339.0,516376.0,516394.0,516556.0,517976.0,520220.0,522826.0,525828.0,528070.0,529308.0,531124.0,535256.0,538393.0,538952.0,538619.0,537947.0,538776.0,538692.0,537054.0,534391.0,532637.0,530717.0,529230.0,526474.0,521117.0,518442.0,517376.0,517143.0,516323.0,516317.0,515938.0
ITH43,3,Gorizia,2024,TOTAL,TOTAL,NR,136118.0,137745.0,137492.0,138011.0,138584.0,139362.0,139993.0,140593.0,141076.0,141416.0,141711.0,142412.0,142161.0,142782.0,143317.0,143871.0,144243.0,144514.0,144670.0,144740.0,144700.0,144726.0,143928.0,143312.0,142602.0,141945.0,141252.0,140527.0,139847.0,139228.0,138541.0,138203.0,138014.0,137707.0,137171.0,136736.0,136461.0,136193.0,136083.0,136121.0,136218.0,136392.0,136279.0,137194.0,137962.0,138900.0,139518.0,139816.0,140642.0,141092.0,141248.0,140834.0,140458.0,140214.0,140222.0,139904.0,139234.0,138555.0,138218.0,138143.0,137795.0,139070.0,137899.0,138034.0,138314.0,138427.0,138426.0,138324.0
ITH44,3,Trieste,2024,TOTAL,TOTAL,NR,295117.0,298645.0,297306.0,297629.0,298056.0,298910.0,299436.0,299881.0,300063.0,299932.0,299694.0,300304.0,297715.0,296933.0,295943.0,294966.0,293588.0,291982.0,290125.0,288081.0,285801.0,283641.0,281345.0,279406.0,277282.0,275259.0,273168.0,271014.0,268945.0,266992.0,264909.0,263115.0,261207.0,258624.0,256165.0,253887.0,251537.0,249363.0,247464.0,245664.0,244495.0,242998.0,241964.0,240261.0,238599.0,237529.0,236064.0,235070.0,234904.0,234661.0,234479.0,234125.0,233404.0,233194.0,233208.0,232703.0,231828.0,231911.0,232274.0,232405.0,231445.0,230689.0,228833.0,228705.0,228396.0,227792.0,227790.0,227623.0
ITH51,3,Piacenza,2024,TOTAL,TOTAL,NR,287620.0,291059.0,289025.0,288600.0,288265.0,288331.0,288066.0,287712.0,287093.0,286165.0,285126.0,284881.0,283319.0,283485.0,283465.0,283470.0,283101.0,282522.0,281709.0,280722.0,279512.0,278424.0,277095.0,276117.0,274958.0,273900.0,272775.0,271588.0,270487.0,269503.0,268390.0,267927.0,267363.0,266907.0,266310.0,265279.0,264199.0,263905.0,263565.0,263430.0,263206.0,263605.0,263757.0,265483.0,268854.0,271578.0,273528.0,275593.0,278870.0,283165.0,284820.0,286139.0,287232.0,287953.0,288231.0,287469.0,286412.0,286162.0,286204.0,286265.0,286433.0,283742.0,283435.0,284220.0,285389.0,286452.0,286449.0,286239.0
ITH52,3,Parma,2024,TOTAL,TOTAL,NR,384601.0,389199.0,387841.0,388654.0,389609.0,391130.0,392226.0,393224.0,393884.0,394138.0,394257.0,395497.0,394635.0,396191.0,397505.0,398873.0,399731.0,400308.0,400566.0,400586.0,400297.0,400192.0,398820.0,397953.0,396826.0,395847.0,394770.0,393603.0,392562.0,391692.0,390634.0,391024.0,391177.0,390674.0,390164.0,389332.0,389085.0,389549.0,389698.0,390063.0,390824.0,392375.0,393373.0,396214.0,401092.0,406689.0,409880.0,412437.0,417613.0,424990.0,428711.0,432723.0,435124.0,438921.0,442271.0,443892.0,446764.0,448455.0,450486.0,452505.0,454873.0,449628.0,448916.0,451688.0,454149.0,455713.0,455708.0,455373.0
ITH53,3,Reggio nell'Emilia,2024,TOTAL,TOTAL,NR,375202.0,379688.0,379005.0,380449.0,382042.0,384201.0,385955.0,387623.0,388967.0,389920.0,390748.0,392696.0,393374.0,396476.0,399357.0,402313.0,404775.0,406968.0,408852.0,410505.0,411851.0,413396.0,413368.0,413865.0,414092.0,414474.0,414756.0,414944.0,415266.0,415771.0,416078.0,418447.0,419963.0,421271.0,422633.0,424536.0,426837.0,430734.0,434456.0,438787.0,443855.0,449589.0,454757.0,461320.0,470768.0,480434.0,487578.0,494211.0,502876.0,511697.0,516752.0,521464.0,524564.0,528349.0,530584.0,529306.0,529643.0,529479.0,529588.0,529932.0,529609.0,527140.0,525586.0,526990.0,528877.0,530740.0,530734.0,530344.0
ITH54,3,Modena,2024,TOTAL,TOTAL,NR,505314.0,511355.0,512771.0,517085.0,521638.0,527004.0,531855.0,536627.0,540987.0,544836.0,548539.0,553852.0,556050.0,561684.0,567022.0,572485.0,577260.0,581664.0,585638.0,589291.0,592511.0,596025.0,595995.0,596723.0,597062.0,597624.0,598042.0,598324.0,598800.0,599539.0,599993.0,602669.0,605031.0,605605.0,605987.0,606056.0,607951.0,611259.0,614292.0,618221.0,624220.0,630303.0,634997.0,641361.0,649155.0,656650.0,661014.0,664637.0,671181.0,680847.0,686013.0,691178.0,693464.0,696677.0,699006.0,700222.0,700166.0,700472.0,701962.0,706757.0,707119.0,703696.0,701751.0,704332.0,706445.0,708340.0,708332.0,707812.0
ITH55,3,Bologna,2024,TOTAL,TOTAL,NR,831533.0,841474.0,844499.0,852305.0,860513.0,870075.0,878799.0,887404.0,895338.0,902435.0,909300.0,918844.0,916892.0,920559.0,923665.0,926895.0,928943.0,930337.0,930991.0,931091.0,930474.0,930284.0,927043.0,924978.0,922307.0,919978.0,917423.0,914659.0,912187.0,910114.0,907603.0,906980.0,906736.0,900136.0,898829.0,896623.0,896775.0,898423.0,900792.0,903190.0,907414.0,911130.0,915218.0,919839.0,927109.0,935493.0,940326.0,945206.0,955086.0,966533.0,973567.0,979999.0,985902.0,993332.0,998967.0,1002098.0,1005022.0,1009831.0,1012550.0,1017551.0,1021501.0,1015608.0,1010812.0,1014124.0,1017536.0,1020193.0,1020182.0,1019433.0
ITH56,3,Ferrara,2024,TOTAL,TOTAL,NR,398454.0,403218.0,399370.0,397735.0,396209.0,395217.0,393751.0,392146.0,390164.0,387746.0,385165.0,383639.0,382126.0,382949.0,383528.0,384150.0,384273.0,384117.0,383650.0,382949.0,381948.0,381118.0,378858.0,377079.0,375051.0,373162.0,371180.0,369113.0,367163.0,365373.0,363405.0,361934.0,360605.0,358760.0,356862.0,354776.0,352908.0,351290.0,349527.0,348042.0,346252.0,344933.0,344175.0,344107.0,345357.0,347217.0,348661.0,350206.0,352901.0,355098.0,355871.0,356585.0,355747.0,355163.0,354362.0,353293.0,350704.0,347788.0,346447.0,345538.0,344510.0,342061.0,339573.0,339287.0,339664.0,339612.0,339608.0,339359.0
ITH57,3,Ravenna,2024,TOTAL,TOTAL,NR,325666.0,329559.0,329997.0,332297.0,334742.0,337701.0,340322.0,342885.0,345177.0,347137.0,348998.0,351876.0,351358.0,352995.0,354420.0,355895.0,356920.0,357696.0,358190.0,358473.0,358480.0,358654.0,357502.0,356804.0,355872.0,355073.0,354186.0,353218.0,352364.0,351664.0,350794.0,350500.0,350004.0,349674.0,348908.0,348250.0,347633.0,347016.0,346603.0,346493.0,346453.0,347014.0,347972.0,351136.0,355285.0,359871.0,363983.0,367900.0,374367.0,380588.0,384305.0,387032.0,389072.0,390631.0,391295.0,390424.0,389996.0,389924.0,389939.0,388913.0,387970.0,386643.0,385631.0,386355.0,387229.0,387205.0,387201.0,386917.0
ITH58,3,Forlì-Cesena,2024,TOTAL,TOTAL,NR,322619.0,326476.0,325589.0,326527.0,327589.0,329130.0,330319.0,331430.0,332259.0,332749.0,333129.0,334460.0,334751.0,337101.0,339261.0,341479.0,343275.0,344841.0,346141.0,347243.0,348084.0,349092.0,348675.0,348701.0,348499.0,348428.0,348271.0,348036.0,347912.0,347942.0,347805.0,348035.0,348813.0,348898.0,348985.0,349007.0,349286.0,350297.0,351127.0,352355.0,354286.0,356421.0,358617.0,361817.0,366146.0,370207.0,373237.0,375993.0,380858.0,385399.0,389330.0,391936.0,393718.0,394753.0,395737.0,394957.0,393717.0,393337.0,393867.0,395438.0,395306.0,392642.0,391293.0,391648.0,392812.0,393367.0,393363.0,393074.0
ITH59,3,Rimini,2024,TOTAL,TOTAL,NR,215181.0,217754.0,219484.0,222466.0,225566.0,229038.0,232305.0,235557.0,238645.0,241522.0,244349.0,247909.0,248954.0,251539.0,253992.0,256501.0,258704.0,260741.0,262585.0,264285.0,265793.0,267432.0,266343.0,265591.0,264665.0,263837.0,262945.0,261992.0,261123.0,260368.0,261609.0,258718.0,258762.0,259548.0,260377.0,261134.0,262417.0,263559.0,265164.0,266515.0,268896.0,288196.0,290212.0,293158.0,297090.0,301386.0,304774.0,308776.0,312989.0,317632.0,321122.0,324539.0,326491.0,329679.0,331788.0,332716.0,333056.0,334320.0,334877.0,336554.0,336798.0,337777.0,338369.0,338934.0,339837.0,340376.0,340372.0,340122.0
ITI11,3,Massa-Carrara,2024,TOTAL,TOTAL,NR,200583.0,202981.0,201776.0,201696.0,201682.0,201953.0,201996.0,201979.0,201781.0,201368.0,200880.0,200955.0,200535.0,201344.0,202031.0,202744.0,203200.0,203512.0,203662.0,203692.0,203564.0,203530.0,203061.0,202850.0,202506.0,202238.0,201920.0,201556.0,201257.0,201046.0,200739.0,200408.0,200131.0,200047.0,199962.0,199383.0,198996.0,198584.0,198251.0,198123.0,197850.0,197711.0,197371.0,197556.0,198299.0,199046.0,199080.0,199131.0,200982.0,202350.0,202289.0,202623.0,202427.0,201427.0,200083.0,198797.0,196689.0,195187.0,194207.0,192835.0,191685.0,189836.0,188483.0,187583.0,186982.0,186783.0,186781.0,186644.0
ITI12,3,Lucca,2024,TOTAL,TOTAL,NR,361222.0,365540.0,365097.0,366705.0,368459.0,370764.0,372681.0,374518.0,376046.0,377199.0,378233.0,380356.0,379623.0,381217.0,382580.0,383995.0,384922.0,385578.0,385928.0,386050.0,385874.0,385876.0,384632.0,383876.0,382869.0,382004.0,381045.0,380000.0,379076.0,378317.0,377377.0,377122.0,376914.0,376040.0,375387.0,374619.0,373995.0,373579.0,373231.0,372932.0,372328.0,372294.0,372516.0,373503.0,376022.0,378683.0,380512.0,381999.0,386738.0,390339.0,392625.0,394298.0,394759.0,394493.0,393038.0,391332.0,388297.0,386741.0,385329.0,383477.0,382543.0,383957.0,382464.0,382184.0,381826.0,381390.0,381386.0,381106.0
ITI13,3,Pistoia,2024,TOTAL,TOTAL,NR,230246.0,232999.0,233828.0,235982.0,238246.0,240885.0,243292.0,245666.0,247854.0,249810.0,251702.0,254335.0,254511.0,256254.0,257850.0,259491.0,260809.0,261952.0,262894.0,263685.0,264277.0,264995.0,264640.0,264620.0,264428.0,264335.0,264177.0,263960.0,263827.0,263810.0,263667.0,264292.0,264334.0,264273.0,264425.0,264438.0,264940.0,265561.0,265991.0,266401.0,266934.0,267684.0,268614.0,270652.0,273792.0,277028.0,279113.0,281108.0,285469.0,288895.0,290420.0,291373.0,291524.0,291426.0,291254.0,291267.0,290612.0,290462.0,290665.0,291413.0,291697.0,290245.0,289414.0,289759.0,289889.0,289925.0,289922.0,289709.0
ITI14,3,Firenze,2024,TOTAL,TOTAL,NR,856757.0,867000.0,871804.0,881559.0,891755.0,903382.0,914169.0,924859.0,934877.0,944042.0,952986.0,964761.0,964516.0,970197.0,975312.0,980584.0,984628.0,987997.0,990598.0,992625.0,993898.0,995639.0,992249.0,990117.0,987337.0,984923.0,982268.0,979388.0,976822.0,974682.0,972074.0,969209.0,965933.0,961337.0,956316.0,951894.0,947195.0,943498.0,941073.0,938078.0,936075.0,934672.0,934404.0,937151.0,944177.0,951997.0,954130.0,957756.0,964323.0,972638.0,981089.0,987954.0,991721.0,999027.0,1003893.0,1005814.0,1005359.0,1005824.0,1002913.0,998976.0,995517.0,998431.0,987260.0,988194.0,988785.0,988068.0,988057.0,987332.0
ITI15,3,Prato,2024,TOTAL,TOTAL,NR,143982.0,145703.0,148331.0,151818.0,155408.0,159278.0,163032.0,166798.0,170469.0,174010.0,177531.0,181606.0,183373.0,186282.0,189108.0,191989.0,194652.0,197202.0,199615.0,201927.0,204097.0,206374.0,207271.0,208432.0,209458.0,210564.0,211619.0,212627.0,213704.0,214876.0,215948.0,217149.0,217470.0,218388.0,219117.0,218003.0,218427.0,219387.0,220920.0,222755.0,225021.0,227097.0,228693.0,231102.0,233545.0,237625.0,241585.0,244400.0,245866.0,246462.0,248079.0,249263.0,249134.0,251893.0,253550.0,252588.0,253400.0,254606.0,255259.0,256534.0,257073.0,265269.0,258123.0,259244.0,259921.0,259657.0,259654.0,259463.0
ITI16,3,Livorno,2024,TOTAL,TOTAL,NR,306385.0,310048.0,310855.0,313419.0,316126.0,319325.0,322212.0,325050.0,327637.0,329914.0,332103.0,335265.0,335243.0,337282.0,339124.0,341022.0,342494.0,343732.0,344702.0,345474.0,345984.0,346657.0,345448.0,344677.0,343680.0,342810.0,341857.0,340825.0,339903.0,339128.0,338191.0,337417.0,336228.0,335365.0,334313.0,332786.0,331586.0,330642.0,329517.0,328361.0,327538.0,326860.0,326554.0,327271.0,329003.0,331017.0,332340.0,333435.0,336224.0,338006.0,339455.0,341461.0,341636.0,341044.0,339683.0,338374.0,336860.0,335870.0,334483.0,332887.0,331877.0,328996.0,327262.0,326605.0,326315.0,325749.0,325745.0,325506.0
ITI17,3,Pisa,2024,TOTAL,TOTAL,NR,358115.0,362396.0,361849.0,363334.0,364962.0,367133.0,368919.0,370624.0,372022.0,373046.0,373953.0,375933.0,375917.0,378212.0,380287.0,382425.0,384084.0,385482.0,386580.0,387455.0,388036.0,388800.0,388075.0,387842.0,387356.0,387014.0,386578.0,386054.0,385654.0,385423.0,385008.0,385111.0,384983.0,385041.0,384312.0,383792.0,383231.0,382696.0,382108.0,381698.0,382462.0,383744.0,384601.0,385347.0,389349.0,392206.0,394900.0,397731.0,403917.0,408315.0,411993.0,415375.0,417345.0,419298.0,420380.0,421062.0,419784.0,420564.0,419636.0,418300.0,418122.0,417983.0,417041.0,417170.0,417674.0,418439.0,418434.0,418127.0
ITI18,3,Arezzo,2024,TOTAL,TOTAL,NR,305314.0,308964.0,307173.0,307095.0,307118.0,307576.0,307686.0,307708.0,307453.0,306872.0,306176.0,306340.0,305976.0,307490.0,308821.0,310197.0,311181.0,311949.0,312472.0,312811.0,312911.0,313157.0,312906.0,313052.0,312995.0,313054.0,313037.0,312949.0,312962.0,313113.0,313114.0,313826.0,314510.0,315114.0,315624.0,315711.0,316120.0,317263.0,318508.0,319545.0,320673.0,321921.0,323182.0,325338.0,329236.0,332316.0,334255.0,335706.0,340831.0,344744.0,346105.0,347257.0,347519.0,347866.0,346567.0,345706.0,343761.0,342549.0,341375.0,340349.0,339172.0,336501.0,334926.0,334052.0,333344.0,333240.0,333236.0,332991.0
ITI19,3,Siena,2024,TOTAL,TOTAL,NR,266871.0,270062.0,267510.0,266441.0,265445.0,264807.0,263853.0,262805.0,261506.0,259914.0,258213.0,257221.0,256167.0,256679.0,257027.0,257402.0,257443.0,257297.0,256942.0,256430.0,255717.0,255118.0,254410.0,254024.0,253473.0,253015.0,252496.0,251919.0,251423.0,251037.0,250530.0,250598.0,250557.0,250610.0,250570.0,250011.0,249982.0,250342.0,250340.0,250414.0,250979.0,251616.0,252226.0,253763.0,256887.0,259324.0,260489.0,261460.0,264790.0,267905.0,269591.0,270689.0,271065.0,271056.0,270705.0,269912.0,268679.0,267330.0,266880.0,266033.0,265179.0,263801.0,261209.0,260557.0,259992.0,259460.0,259457.0,259267.0
ITI1A,3,Grosseto,2024,TOTAL,TOTAL,NR,217862.0,220467.0,218977.0,218706.0,218504.0,218607.0,218460.0,218245.0,217832.0,217184.0,216453.0,216325.0,216046.0,217092.0,218009.0,218957.0,219629.0,220148.0,220493.0,220709.0,220756.0,220905.0,220238.0,219851.0,219319.0,218869.0,218365.0,217812.0,217328.0,216940.0,216447.0,216225.0,215778.0,215370.0,214899.0,214569.0,213598.0,213114.0,212646.0,212123.0,211720.0,211258.0,210948.0,211590.0,213363.0,215724.0,217088.0,218254.0,221042.0,223708.0,224946.0,225970.0,226405.0,226007.0,225140.0,224192.0,222981.0,222258.0,221301.0,220539.0,219690.0,217846.0,217009.0,216633.0,215802.0,215005.0,215003.0,214845.0
ITI21,3,Perugia,2024,TOTAL,TOTAL,NR,563413.0,570149.0,565687.0,564369.0,563220.0,562847.0,561819.0,560608.0,558874.0,556531.0,553966.0,552936.0,553786.0,558047.0,561996.0,566049.0,569406.0,572384.0,574925.0,577141.0,578925.0,580988.0,581140.0,582031.0,582543.0,583273.0,583862.0,584319.0,584964.0,585868.0,586493.0,587563.0,588444.0,588649.0,590444.0,592016.0,593137.0,595302.0,597023.0,598531.0,600771.0,604258.0,606486.0,610814.0,619544.0,626317.0,631226.0,634441.0,643356.0,650960.0,655333.0,659129.0,660352.0,662252.0,661638.0,658819.0,655997.0,653802.0,650524.0,648829.0,646710.0,645506.0,640482.0,639224.0,637222.0,636188.0,636181.0,635714.0
ITI22,3,Terni,2024,TOTAL,TOTAL,NR,221943.0,224596.0,223309.0,223267.0,223299.0,223647.0,223744.0,223775.0,223606.0,223200.0,222711.0,222847.0,222464.0,223445.0,224290.0,225168.0,225759.0,226192.0,226446.0,226567.0,226513.0,226564.0,226004.0,225731.0,225310.0,224973.0,224581.0,224137.0,223766.0,223493.0,223112.0,223060.0,223057.0,222231.0,222003.0,221642.0,221022.0,220798.0,220620.0,220203.0,220064.0,219929.0,219690.0,220122.0,222245.0,223457.0,224329.0,224366.0,226942.0,228680.0,229604.0,230321.0,230055.0,230490.0,230461.0,229469.0,228095.0,227190.0,225953.0,224915.0,223455.0,219946.0,218330.0,217183.0,215846.0,215285.0,215283.0,215125.0
ITI31,3,Pesaro e Urbino,2024,TOTAL,TOTAL,NR,288194.0,291639.0,290914.0,291819.0,292836.0,294283.0,295417.0,296480.0,297294.0,297805.0,298218.0,299484.0,300108.0,302581.0,304888.0,307253.0,309242.0,311028.0,312577.0,313951.0,315091.0,316384.0,316876.0,317771.0,318459.0,319267.0,319998.0,320657.0,321420.0,322325.0,325718.0,328483.0,329598.0,330133.0,330715.0,331564.0,332535.0,333708.0,334865.0,336345.0,334966.0,331335.0,333721.0,336760.0,341485.0,344761.0,347759.0,350162.0,357069.0,362578.0,363902.0,364199.0,364117.0,363950.0,362931.0,361969.0,360203.0,359369.0,359033.0,358143.0,356497.0,353272.0,349818.0,349529.0,349882.0,349558.0,349554.0,349297.0
ITI32,3,Ancona,2024,TOTAL,TOTAL,NR,400916.0,405709.0,404699.0,405957.0,407371.0,409383.0,410958.0,412437.0,413568.0,414278.0,414852.0,416611.0,416837.0,419628.0,422177.0,424800.0,426895.0,428701.0,430176.0,431405.0,432308.0,433417.0,433281.0,433696.0,433828.0,434122.0,434311.0,434401.0,434632.0,435054.0,435269.0,436513.0,437108.0,437324.0,438213.0,438838.0,439584.0,440687.0,441902.0,443154.0,444764.0,446586.0,448720.0,451402.0,456254.0,460027.0,462745.0,464468.0,468180.0,473012.0,474490.0,476219.0,476903.0,478001.0,477487.0,476111.0,474334.0,472098.0,470533.0,469166.0,467451.0,464419.0,461687.0,461655.0,461629.0,461503.0,461498.0,461159.0
ITI33,3,Macerata,2024,TOTAL,TOTAL,NR,287969.0,291412.0,289462.0,289125.0,288879.0,289037.0,288864.0,288603.0,288078.0,287244.0,286300.0,286155.0,285855.0,287309.0,288592.0,289918.0,290878.0,291637.0,292167.0,292525.0,292661.0,292932.0,292828.0,293097.0,293174.0,293361.0,293477.0,293527.0,293671.0,293945.0,294078.0,294900.0,295260.0,295383.0,295757.0,296107.0,296449.0,297023.0,297876.0,298793.0,299550.0,300580.0,301577.0,304326.0,308140.0,310544.0,312168.0,313097.0,316587.0,319422.0,320934.0,321492.0,321322.0,321791.0,321356.0,320894.0,319057.0,317542.0,314944.0,313022.0,310815.0,307410.0,304986.0,303828.0,302993.0,302030.0,302027.0,301805.0
ITI34,3,Ascoli Piceno,2024,TOTAL,TOTAL,NR,186081.0,188306.0,187115.0,186967.0,186879.0,187053.0,187015.0,186921.0,186657.0,186193.0,185660.0,185645.0,185643.0,186781.0,187811.0,188872.0,189697.0,190393.0,190941.0,191378.0,191671.0,192054.0,192419.0,193029.0,193514.0,194071.0,194582.0,195049.0,195579.0,196195.0,198328.0,200077.0,200823.0,201216.0,201636.0,202221.0,202879.0,203661.0,204434.0,205403.0,204628.0,202474.0,203120.0,204178.0,205675.0,207018.0,207938.0,208586.0,210252.0,211455.0,211926.0,212010.0,211639.0,211917.0,211674.0,211137.0,210070.0,209440.0,208428.0,207309.0,206172.0,203425.0,202365.0,201462.0,200897.0,200497.0,200495.0,200348.0
ITI35,3,Fermo,2024,TOTAL,TOTAL,NR,145581.0,147321.0,147313.0,148133.0,149016.0,150124.0,151078.0,152003.0,152804.0,153456.0,154062.0,155113.0,155115.0,156071.0,156936.0,157827.0,158521.0,159107.0,159569.0,159939.0,160188.0,160513.0,160649.0,160989.0,161225.0,161521.0,161778.0,161999.0,162272.0,162616.0,164216.0,165496.0,165944.0,166100.0,166279.0,166594.0,166969.0,167444.0,167913.0,168541.0,167739.0,165810.0,166275.0,167414.0,169564.0,170753.0,171281.0,171668.0,173186.0,174787.0,175548.0,175696.0,176029.0,176009.0,176030.0,175758.0,174778.0,174011.0,173393.0,172681.0,171737.0,169710.0,168294.0,167824.0,167345.0,166957.0,166955.0,166832.0
ITI41,3,Viterbo,2024,TOTAL,TOTAL,NR,260745.0,263862.0,261907.0,261409.0,260991.0,260935.0,260576.0,260135.0,259453.0,258490.0,257425.0,257075.0,257311.0,259130.0,260802.0,262520.0,263913.0,265129.0,266141.0,267001.0,267661.0,268448.0,269130.0,270155.0,271004.0,271956.0,272842.0,273667.0,274581.0,275617.0,276522.0,278099.0,279048.0,279855.0,282403.0,283978.0,285135.0,286261.0,286813.0,287456.0,287438.0,288188.0,289055.0,290476.0,294204.0,297174.0,299353.0,301265.0,306638.0,311308.0,313270.0,314801.0,316475.0,318165.0,317858.0,317302.0,315682.0,314003.0,313010.0,311761.0,309795.0,308830.0,308737.0,308158.0,307686.0,307405.0,307402.0,307176.0
ITI42,3,Rieti,2024,TOTAL,TOTAL,NR,160486.0,162405.0,159793.0,158057.0,156348.0,154831.0,153109.0,151314.0,149356.0,147216.0,144999.0,143162.0,142652.0,143015.0,143287.0,143576.0,143680.0,143680.0,143563.0,143360.0,143045.0,142794.0,142859.0,143105.0,143259.0,143466.0,143638.0,143778.0,143964.0,144214.0,144395.0,144847.0,145092.0,144477.0,145393.0,145818.0,145963.0,146695.0,146693.0,146890.0,147160.0,147307.0,147515.0,148183.0,149471.0,150749.0,151905.0,152474.0,154220.0,156414.0,157279.0,157401.0,157316.0,158188.0,158024.0,157477.0,156869.0,155875.0,154828.0,153534.0,152497.0,151335.0,151143.0,150457.0,149988.0,149766.0,149764.0,149654.0
ITI43,3,Roma,2024,TOTAL,TOTAL,NR,2742592.0,2775380.0,2828352.0,2897723.0,2969115.0,3045886.0,3120489.0,3195358.0,3268480.0,3339106.0,3409400.0,3490377.0,3498472.0,3528131.0,3555862.0,3584294.0,3608343.0,3630015.0,3648953.0,3665840.0,3680002.0,3695961.0,3699025.0,3706802.0,3712154.0,3718906.0,3724757.0,3729764.0,3735984.0,3743846.0,3749941.0,3756376.0,3761491.0,3773634.0,3761405.0,3752282.0,3743034.0,3732752.0,3723943.0,3712632.0,3708475.0,3704765.0,3705022.0,3720338.0,3754711.0,3796934.0,3824411.0,3863032.0,3914771.0,3964507.0,4008077.0,4048608.0,4085141.0,4149642.0,4194085.0,4216217.0,4236445.0,4254033.0,4259443.0,4263542.0,4253314.0,4231451.0,4216874.0,4227059.0,4225409.0,4222648.0,4222602.0,4219502.0
ITI44,3,Latina,2024,TOTAL,TOTAL,NR,315287.0,319056.0,322807.0,328409.0,334204.0,340570.0,346653.0,352731.0,358582.0,364133.0,369622.0,376238.0,380524.0,387185.0,393681.0,400301.0,406475.0,412418.0,418080.0,423535.0,428696.0,434086.0,437569.0,441609.0,445366.0,449292.0,453114.0,456835.0,460705.0,464783.0,468645.0,472749.0,477408.0,480267.0,485256.0,488205.0,489712.0,491426.0,491430.0,491327.0,491506.0,491632.0,491666.0,495542.0,501470.0,507943.0,512845.0,516999.0,525815.0,534833.0,541737.0,546421.0,551248.0,557713.0,560527.0,562493.0,563643.0,563908.0,564169.0,563271.0,562592.0,566224.0,567439.0,566996.0,566873.0,566698.0,566692.0,566276.0
ITI45,3,Frosinone,2024,TOTAL,TOTAL,NR,433076.0,438254.0,434600.0,433361.0,432247.0,431724.0,430695.0,429523.0,427946.0,425899.0,423679.0,422630.0,424841.0,429682.0,434305.0,439029.0,443233.0,447159.0,450757.0,454113.0,457139.0,460395.0,461773.0,463739.0,465405.0,467246.0,468975.0,470599.0,472375.0,474362.0,476125.0,478120.0,479786.0,480580.0,482008.0,483064.0,483884.0,484720.0,484774.0,484820.0,484744.0,484452.0,484525.0,484625.0,486482.0,487803.0,488839.0,489159.0,492566.0,494937.0,495663.0,495815.0,495526.0,495056.0,493461.0,491410.0,488869.0,486273.0,483156.0,480968.0,477502.0,472559.0,470689.0,467866.0,464789.0,462661.0,462656.0,462316.0
LI000,3,Liechtenstein,2024,TOTAL,TOTAL,NR,16472.0,16628.0,17125.0,17761.0,18425.0,19085.0,19304.0,19916.0,20433.0,21237.0,20930.0,21350.0,21850.0,22414.0,23156.0,23745.0,23947.0,24169.0,24715.0,25340.0,25809.0,25215.0,26130.0,26380.0,26512.0,26680.0,27076.0,27399.0,27714.0,28181.0,28452.0,29032.0,29386.0,29868.0,30310.0,30629.0,30923.0,31143.0,31320.0,32015.0,32426.0,32863.0,33525.0,33863.0,34294.0,34600.0,34905.0,35168.0,35356.0,35589.0,35894.0,36149.0,36475.0,36838.0,37129.0,37366.0,37622.0,37810.0,38114.0,38378.0,38747.0,39055.0,39308.0,39677.0,40015.0,40886.0,41227.0,
LT011,3,Vilniaus apskritis,2024,TOTAL,TOTAL,NR,558132.0,567429.0,582719.0,596426.0,610333.0,624633.0,638860.0,653639.0,668081.0,682350.0,694441.0,710742.0,723546.0,735252.0,746529.0,757784.0,768438.0,779502.0,790003.0,800325.0,808044.0,817065.0,825492.0,835285.0,845629.0,856013.0,867111.0,879582.0,892320.0,905539.0,913736.0,912859.0,910036.0,901576.0,893543.0,884798.0,877569.0,870265.0,864906.0,859964.0,855876.0,850668.0,845292.0,843320.0,841748.0,838556.0,831237.0,828191.0,826306.0,826445.0,824193.0,811515.0,805915.0,803673.0,800631.0,799539.0,796455.0,795088.0,795134.0,798101.0,804348.0,810797.0,817950.0,848724.0,868251.0,876727.0,875795.0,872213.0
LT021,3,Alytaus apskritis,2024,TOTAL,TOTAL,NR,160629.0,163305.0,164683.0,165530.0,166359.0,167220.0,167988.0,168827.0,169507.0,170075.0,170044.0,170982.0,172234.0,173187.0,174004.0,174782.0,175391.0,176064.0,176580.0,177029.0,176883.0,177005.0,178709.0,180708.0,182823.0,184945.0,187220.0,189788.0,192412.0,195136.0,196777.0,198060.0,198930.0,199662.0,199541.0,197900.0,196470.0,194736.0,192912.0,191168.0,189453.0,187990.0,186484.0,184992.0,182751.0,179626.0,175813.0,173028.0,170249.0,167603.0,164833.0,158403.0,154980.0,153298.0,151648.0,150105.0,147916.0,145039.0,142179.0,140459.0,139041.0,137741.0,135703.0,135620.0,134181.0,132919.0,132778.0,132235.0
LT022,3,Kauno apskritis,2024,TOTAL,TOTAL,NR,523593.0,532314.0,542815.0,551735.0,560746.0,570023.0,579142.0,588663.0,597792.0,606680.0,613560.0,624079.0,632506.0,639918.0,646899.0,653812.0,660158.0,666811.0,672937.0,678869.0,682562.0,687330.0,693296.0,700396.0,707936.0,715494.0,723628.0,732886.0,742343.0,752175.0,757818.0,758804.0,759525.0,755392.0,746672.0,739413.0,731631.0,725178.0,719178.0,713926.0,708531.0,702090.0,695033.0,689787.0,682074.0,671923.0,658100.0,650408.0,643358.0,638385.0,629896.0,610225.0,599638.0,593829.0,588618.0,584772.0,579017.0,572374.0,566447.0,565545.0,567106.0,569571.0,569566.0,579903.0,585430.0,587511.0,586887.0,584487.0
LT023,3,Klaipedos apskritis,2024,TOTAL,TOTAL,NR,264937.0,269350.0,275562.0,280996.0,286499.0,292160.0,297763.0,303595.0,309248.0,314796.0,319321.0,325759.0,330627.0,334974.0,339105.0,343208.0,347022.0,351005.0,354719.0,358337.0,360778.0,363793.0,366643.0,370088.0,373760.0,377437.0,381413.0,385974.0,390634.0,395484.0,398127.0,400413.0,401384.0,400561.0,399026.0,397415.0,395637.0,393219.0,391544.0,389819.0,388015.0,386129.0,382076.0,379878.0,376854.0,372541.0,364486.0,360434.0,357201.0,355084.0,350306.0,340047.0,334744.0,331495.0,328931.0,327425.0,325066.0,321441.0,318624.0,318729.0,320684.0,322283.0,324263.0,334281.0,339831.0,343862.0,343497.0,342092.0
LT024,3,Marijampoles apskritis,2024,TOTAL,TOTAL,NR,181745.0,184772.0,185856.0,186326.0,186764.0,187226.0,187572.0,187984.0,188206.0,188292.0,187706.0,188176.0,187953.0,187369.0,186605.0,185771.0,184728.0,183726.0,182532.0,181244.0,179327.0,177667.0,179010.0,180644.0,182387.0,184132.0,186022.0,188196.0,190418.0,192731.0,193968.0,194520.0,194981.0,195571.0,195483.0,194354.0,193800.0,192775.0,191951.0,190684.0,189721.0,188775.0,187281.0,185970.0,184058.0,181376.0,177439.0,174810.0,172200.0,169973.0,167143.0,162205.0,159273.0,157011.0,155001.0,153242.0,150444.0,147079.0,143567.0,141327.0,139746.0,138292.0,136429.0,135787.0,134663.0,133360.0,133218.0,132673.0
LT025,3,Panevezio apskritis,2024,TOTAL,TOTAL,NR,263068.0,267450.0,270276.0,272247.0,274202.0,276225.0,278110.0,280127.0,281896.0,283493.0,284104.0,286347.0,290070.0,293324.0,296378.0,299399.0,302156.0,305053.0,307705.0,310267.0,311804.0,313831.0,313637.0,313914.0,314342.0,314729.0,315319.0,316340.0,317385.0,318526.0,317844.0,319484.0,320615.0,320722.0,319652.0,317043.0,314553.0,312152.0,309061.0,306004.0,302829.0,300305.0,296871.0,294182.0,290097.0,284918.0,278262.0,273701.0,268815.0,264319.0,259374.0,251401.0,246298.0,243023.0,240206.0,237487.0,233521.0,228599.0,223753.0,220699.0,218237.0,216233.0,212714.0,211377.0,209093.0,207017.0,206797.0,205951.0
LT026,3,Siauliu apskritis,2024,TOTAL,TOTAL,NR,320115.0,325447.0,329882.0,333300.0,336725.0,340259.0,343649.0,347228.0,350525.0,353634.0,355535.0,359501.0,363506.0,366910.0,370050.0,373136.0,375883.0,378791.0,381386.0,383858.0,385054.0,386849.0,386683.0,387100.0,387703.0,388256.0,389062.0,390401.0,391772.0,393262.0,392503.0,393495.0,394212.0,393816.0,391504.0,388725.0,385257.0,382927.0,380314.0,376915.0,373605.0,370444.0,366330.0,362783.0,357441.0,350938.0,341761.0,335221.0,328699.0,323353.0,316278.0,303110.0,295824.0,290943.0,286925.0,282811.0,277952.0,272552.0,268546.0,265498.0,263895.0,262220.0,261145.0,264056.0,266803.0,266736.0,266452.0,265362.0
LT027,3,Taurages apskritis,2024,TOTAL,TOTAL,NR,140224.0,142560.0,143603.0,144179.0,144735.0,145315.0,145810.0,146361.0,146771.0,147081.0,146869.0,147489.0,147608.0,147450.0,147157.0,146814.0,146311.0,145846.0,145234.0,144552.0,143372.0,142400.0,141609.0,141021.0,140489.0,139927.0,139442.0,139134.0,138820.0,138531.0,137437.0,138374.0,139135.0,140068.0,140235.0,139755.0,139045.0,138167.0,137048.0,135834.0,134924.0,134277.0,132982.0,131808.0,130179.0,127690.0,124020.0,121549.0,119179.0,117100.0,114763.0,110511.0,108125.0,106748.0,105356.0,104041.0,102382.0,100059.0,97565.0,95733.0,94026.0,92667.0,90893.0,90617.0,90534.0,89946.0,89850.0,89483.0
LT028,3,Telsiu apskritis,2024,TOTAL,TOTAL,NR,147693.0,150153.0,151584.0,152531.0,153465.0,154433.0,155320.0,156277.0,157091.0,157805.0,157968.0,159034.0,160560.0,161815.0,162950.0,164056.0,165008.0,166027.0,166905.0,167725.0,167985.0,168504.0,169553.0,170874.0,172295.0,173714.0,175266.0,177081.0,178936.0,180872.0,181794.0,182566.0,184211.0,185357.0,185651.0,184778.0,184245.0,183126.0,182099.0,181291.0,180499.0,179952.0,178315.0,177139.0,175090.0,172426.0,167888.0,164963.0,162431.0,160532.0,157718.0,152594.0,149843.0,148302.0,146688.0,145220.0,143297.0,140521.0,137417.0,135464.0,134133.0,133376.0,131691.0,131447.0,130913.0,129884.0,129746.0,129215.0
LT029,3,Utenos apskritis,2024,TOTAL,TOTAL,NR,195464.0,198720.0,198620.0,197830.0,196972.0,196106.0,195086.0,194099.0,192883.0,191494.0,189393.0,188328.0,189035.0,189399.0,189600.0,189748.0,189699.0,189708.0,189537.0,189284.0,188385.0,187766.0,189052.0,190643.0,192347.0,194051.0,195905.0,198057.0,200255.0,202546.0,203704.0,203393.0,203270.0,201204.0,199989.0,198810.0,197005.0,195468.0,193248.0,190796.0,188621.0,186368.0,183973.0,181638.0,178637.0,175226.0,170829.0,167678.0,164167.0,161062.0,157472.0,152577.0,149001.0,146315.0,143858.0,142002.0,139523.0,136325.0,132968.0,130645.0,128761.0,127581.0,125644.0,125467.0,126192.0,122702.0,122572.0,122071.0
LU000,3,Luxembourg,2024,TOTAL,TOTAL,NR,313050.0,314889.0,318800.0,322700.0,325500.0,330000.0,333000.0,334790.0,335200.0,336500.0,338507.0,339841.0,345000.0,348200.0,352700.0,357400.0,360500.0,360962.0,361753.0,362261.0,363450.0,364850.0,365600.0,365450.0,365794.0,366202.0,367210.0,369500.0,372000.0,374900.0,379300.0,384400.0,389600.0,394750.0,400200.0,405650.0,411600.0,416850.0,422050.0,427350.0,433600.0,439000.0,444050.0,448300.0,454960.0,461230.0,469086.0,476187.0,483799.0,493500.0,502066.0,511840.0,524853.0,537039.0,549680.0,562958.0,576249.0,590667.0,602005.0,613894.0,626108.0,634730.0,645397.0,660809.0,672050.0,681973.0,690959.0,704229.0
LV005,3,Latgale,2024,TOTAL,TOTAL,NR,422215.0,428978.0,430680.0,431952.0,433590.0,434779.0,434498.0,432454.0,432283.0,431743.0,430352.0,428360.0,428559.0,428472.0,428862.0,429093.0,428517.0,427225.0,426294.0,424505.0,421874.0,419271.0,418873.0,419153.0,419797.0,420393.0,421244.0,423147.0,425765.0,427638.0,425913.0,422222.0,422007.0,415000.0,409923.0,405493.0,401141.0,397322.0,393591.0,389219.0,385660.0,379576.0,372837.0,367352.0,359881.0,352031.0,344727.0,337738.0,331614.0,323016.0,314074.0,304986.0,298176.0,292674.0,289505.0,284653.0,278795.0,272128.0,266476.0,261585.0,257143.0,252682.0,247220.0,247300.0,243396.0,239362.0,237372.0,231905.0
LV009,3,Zemgale,2024,TOTAL,TOTAL,NR,266964.0,271240.0,274005.0,276541.0,279359.0,281936.0,283600.0,284141.0,285943.0,287538.0,288600.0,289286.0,291200.0,292948.0,295053.0,297082.0,298581.0,299604.0,300902.0,301615.0,301742.0,301899.0,302957.0,304517.0,306358.0,308181.0,310209.0,313035.0,316419.0,319280.0,319468.0,318178.0,317746.0,312208.0,308131.0,304550.0,301460.0,298804.0,296654.0,294574.0,293267.0,290911.0,287507.0,285064.0,282421.0,279509.0,276454.0,273791.0,271123.0,267725.0,261584.0,255111.0,251495.0,248845.0,247427.0,244480.0,241329.0,236990.0,234234.0,231609.0,229732.0,227520.0,225017.0,226858.0,224537.0,221931.0,220086.0,215017.0
LV00A,3,Rīga,2024,TOTAL,TOTAL,NR,761074.0,773264.0,791312.0,808976.0,827740.0,846067.0,861898.0,874482.0,891119.0,907330.0,922043.0,935713.0,949772.0,963419.0,978375.0,993214.0,1006413.0,1018103.0,1030824.0,1041626.0,1050460.0,1059432.0,1065926.0,1074213.0,1083525.0,1092809.0,1102856.0,1115785.0,1130766.0,1143933.0,1147556.0,1145860.0,1134713.0,1105587.0,1082010.0,1060474.0,1043982.0,1031071.0,1019102.0,1008389.0,999145.0,986767.0,972381.0,964146.0,957792.0,949178.0,944776.0,942344.0,939553.0,930891.0,916480.0,901187.0,890436.0,884106.0,849911.0,850552.0,851669.0,856710.0,858302.0,857222.0,856649.0,853796.0,850353.0,860813.0,855547.0,850455.0,843384.0,823961.0
LV00B,3,Kurzeme,2024,TOTAL,TOTAL,NR,331017.0,336319.0,340856.0,345138.0,349802.0,354194.0,357466.0,359341.0,362830.0,366079.0,368670.0,370798.0,373335.0,375661.0,378447.0,381135.0,383146.0,384547.0,386302.0,387307.0,387560.0,387851.0,388881.0,390554.0,392582.0,394584.0,396844.0,400119.0,404100.0,407406.0,407298.0,405307.0,402273.0,392842.0,385346.0,378547.0,374104.0,370830.0,366282.0,363648.0,361612.0,357066.0,352540.0,349409.0,345890.0,341879.0,338227.0,334602.0,331638.0,327167.0,320418.0,312058.0,307147.0,303454.0,309823.0,305714.0,301051.0,294712.0,290028.0,286502.0,283247.0,280433.0,277130.0,280565.0,278142.0,274798.0,272513.0,266237.0
LV00C,3,Vidzeme,2024,TOTAL,TOTAL,NR,322858.0,328029.0,330678.0,333033.0,335707.0,338072.0,339327.0,339227.0,340620.0,341753.0,342238.0,342267.0,343487.0,344495.0,345905.0,347206.0,347872.0,347970.0,348375.0,348092.0,347125.0,346187.0,347565.0,349521.0,351801.0,354063.0,356563.0,359982.0,364047.0,367513.0,367905.0,366594.0,366261.0,360038.0,355494.0,351516.0,348844.0,346885.0,345160.0,343418.0,342031.0,339064.0,335691.0,333419.0,330536.0,327127.0,323690.0,320365.0,317882.0,314035.0,307948.0,301263.0,297559.0,294746.0,304802.0,300697.0,296113.0,289576.0,285339.0,283050.0,280904.0,278792.0,276037.0,279703.0,276953.0,274019.0,271741.0,265483.0
ME000,3,Crna Gora,2024,TOTAL,TOTAL,NR,480579.0,491140.0,502558.0,513409.0,521753.0,526327.0,526419.0,522796.0,517481.0,513340.0,512407.0,515449.0,521785.0,530220.0,538902.0,546487.0,552562.0,557576.0,562065.0,566888.0,572608.0,579445.0,587001.0,594506.0,600884.0,605398.0,607711.0,608144.0,607413.0,606571.0,606372.0,607105.0,608516.0,610170.0,611389.0,611712.0,611003.0,609520.0,607662.0,606001.0,603152.0,605988.0,608460.0,610510.0,612214.0,613420.0,613109.0,614624.0,615543.0,617157.0,619001.0,619850.0,620308.0,620893.0,621521.0,622099.0,622218.0,622387.0,622359.0,622182.0,621873.0,620739.0,617683.0,616695.0,623680.0,623327.0,622902.0,618868.0
MK001,3,Vardarski,2024,TOTAL,TOTAL,NR,107744.0,108908.0,110293.0,111938.0,113742.0,115684.0,117748.0,119749.0,121579.0,123681.0,125825.0,127738.0,129718.0,131688.0,133632.0,135631.0,137741.0,139862.0,141886.0,143928.0,146160.0,148223.0,150113.0,152146.0,154105.0,156017.0,157921.0,159771.0,161647.0,163452.0,145775.0,147157.0,148563.0,149645.0,150727.0,151531.0,152157.0,152865.0,153141.0,153388.0,153676.0,153950.0,153043.0,153117.0,153235.0,153360.0,153214.0,153150.0,153929.0,153872.0,153837.0,153880.0,153764.0,153554.0,153414.0,153268.0,152915.0,152569.0,152247.0,152020.0,151490.0,150319.0,138835.0,137645.0,136948.0,136145.0,135881.0,143563.0
MK002,3,Istocen,2024,TOTAL,TOTAL,NR,129496.0,130895.0,132560.0,134538.0,136706.0,139039.0,141520.0,143924.0,146124.0,148650.0,151227.0,153528.0,155908.0,158276.0,160612.0,163015.0,165551.0,168100.0,170533.0,172987.0,175670.0,178149.0,180421.0,182864.0,185218.0,187516.0,189805.0,192029.0,194283.0,196452.0,175206.0,176867.0,178557.0,179857.0,181157.0,182126.0,183113.0,183911.0,184179.0,184485.0,184637.0,184899.0,183246.0,183370.0,183325.0,182878.0,182154.0,181802.0,180422.0,180100.0,179846.0,179695.0,179080.0,178551.0,177982.0,177408.0,176876.0,176261.0,175615.0,174876.0,173803.0,172276.0,150155.0,148671.0,147474.0,146395.0,146111.0,154372.0
MK003,3,Jugozapaden,2024,TOTAL,TOTAL,NR,151255.0,152889.0,154833.0,157143.0,159676.0,162402.0,165299.0,168107.0,170676.0,173627.0,176637.0,179323.0,182103.0,184869.0,187598.0,190405.0,193367.0,196345.0,199186.0,202052.0,205185.0,208080.0,210733.0,213586.0,216335.0,219019.0,221692.0,224290.0,226923.0,229456.0,204641.0,206582.0,208556.0,210075.0,211594.0,214511.0,216997.0,219379.0,220866.0,222253.0,223358.0,224220.0,221050.0,221625.0,222203.0,222628.0,222623.0,222141.0,222221.0,222064.0,221899.0,221811.0,221219.0,220455.0,220182.0,220049.0,219704.0,219729.0,219654.0,219571.0,219172.0,218107.0,177682.0,176610.0,176120.0,175743.0,175402.0,185319.0
MK004,3,Jugoistocen,2024,TOTAL,TOTAL,NR,120035.0,121331.0,122874.0,124707.0,126717.0,128880.0,131179.0,133408.0,135447.0,137788.0,140177.0,142308.0,144514.0,146709.0,148874.0,151101.0,153451.0,155814.0,158069.0,160344.0,162830.0,165128.0,167234.0,169498.0,171680.0,173810.0,175931.0,177993.0,180083.0,182094.0,162401.0,163941.0,165508.0,166713.0,167918.0,169191.0,170439.0,171446.0,172225.0,172865.0,173447.0,174033.0,170862.0,171367.0,171840.0,172117.0,171880.0,172067.0,172238.0,172485.0,172693.0,173024.0,173083.0,173291.0,173435.0,173537.0,173519.0,173517.0,173380.0,173304.0,172801.0,171818.0,148522.0,147272.0,146592.0,145850.0,145567.0,153797.0
MK005,3,Pelagoniski,2024,TOTAL,TOTAL,NR,173095.0,174964.0,177189.0,179832.0,182730.0,185849.0,189165.0,192379.0,195319.0,198695.0,202140.0,205214.0,208395.0,211560.0,214683.0,217895.0,221285.0,224693.0,227944.0,231224.0,234810.0,238124.0,241160.0,244425.0,247572.0,250644.0,253703.0,256676.0,259690.0,262589.0,234191.0,236412.0,238671.0,240409.0,242147.0,243213.0,243894.0,244397.0,244362.0,244230.0,244142.0,244086.0,238232.0,237873.0,237432.0,236874.0,236316.0,235861.0,235141.0,234659.0,234320.0,233952.0,233306.0,232618.0,232089.0,231483.0,230757.0,229993.0,228970.0,227912.0,226832.0,224667.0,210502.0,208552.0,207463.0,206400.0,205999.0,217646.0
MK006,3,Poloski,2024,TOTAL,TOTAL,NR,198424.0,200567.0,203118.0,206148.0,209470.0,213045.0,216846.0,220530.0,223901.0,227772.0,231721.0,235244.0,238891.0,242519.0,246099.0,249781.0,253666.0,257572.0,261299.0,265059.0,269169.0,272967.0,276448.0,280191.0,283798.0,287320.0,290827.0,294235.0,297689.0,301013.0,268459.0,271005.0,273595.0,275587.0,277579.0,283476.0,288473.0,293417.0,296468.0,299474.0,301812.0,304454.0,303306.0,304841.0,306461.0,308040.0,309507.0,310853.0,312106.0,313110.0,314194.0,315413.0,316517.0,317490.0,318341.0,319436.0,320215.0,320765.0,321525.0,322298.0,322840.0,322143.0,252114.0,251922.0,251993.0,252077.0,251588.0,265812.0
MK007,3,Severoistocen,2024,TOTAL,TOTAL,NR,116589.0,117848.0,119347.0,121128.0,123080.0,125181.0,127414.0,129579.0,131559.0,133833.0,136153.0,138223.0,140366.0,142498.0,144601.0,146765.0,149048.0,151343.0,153533.0,155743.0,158158.0,160390.0,162435.0,164634.0,166753.0,168822.0,170882.0,172884.0,174914.0,176867.0,157739.0,159235.0,160757.0,161927.0,163097.0,164655.0,166077.0,167770.0,168570.0,169401.0,170383.0,171265.0,172014.0,172648.0,173200.0,173703.0,173890.0,174076.0,174139.0,174415.0,174876.0,175211.0,175323.0,175560.0,175799.0,176115.0,176173.0,176127.0,176219.0,176155.0,175932.0,175130.0,153120.0,152405.0,152177.0,151869.0,151574.0,160144.0
MK008,3,Skopski,2024,TOTAL,TOTAL,NR,387813.0,392001.0,396986.0,402908.0,409401.0,416389.0,423817.0,431018.0,437606.0,445171.0,452889.0,459775.0,466903.0,473994.0,480991.0,488187.0,495781.0,503416.0,510701.0,518051.0,526085.0,533509.0,540312.0,547628.0,554678.0,561561.0,568414.0,575075.0,581827.0,588323.0,524697.0,529673.0,534734.0,538628.0,542522.0,548562.0,553650.0,558213.0,562529.0,566609.0,570123.0,574205.0,574898.0,578813.0,582196.0,585596.0,588930.0,591991.0,594981.0,597914.0,601057.0,604298.0,607502.0,610775.0,614168.0,617568.0,620839.0,624522.0,627498.0,630817.0,633217.0,634198.0,606184.0,606877.0,607480.0,608133.0,606952.0,641268.0
MT001,3,Malta,2024,TOTAL,TOTAL,NR,299183.0,298116.0,297048.0,295886.0,294815.0,293743.0,290561.0,287375.0,288238.0,280839.0,277582.0,277903.0,277766.0,277536.0,277398.0,277253.0,281578.0,280197.0,283869.0,286194.0,289772.0,292363.0,294166.0,305179.0,302774.0,305408.0,313657.0,315942.0,318114.0,321276.0,324475.0,333257.0,336880.0,340321.0,343792.0,346865.0,348739.0,351564.0,354178.0,356285.0,358524.0,361034.0,363799.0,366028.0,368250.0,370705.0,373992.0,374653.0,376796.0,379748.0,382705.0,383685.0,386143.0,389890.0,396318.0,406375.0,416719.0,425832.0,440264.0,457072.0,477023.0,477718.0,480907.0,501860.0,522517.0,532997.0,545995.0,566428.0
MT002,3,Gozo and Comino / Ghawdex u Kemmuna,2024,TOTAL,TOTAL,NR,28017.0,27784.0,27552.0,27314.0,27085.0,26857.0,26439.0,26025.0,25978.0,25261.0,24918.0,24897.0,24834.0,24764.0,24702.0,24639.0,24973.0,24800.0,25073.0,25227.0,25490.0,25665.0,25770.0,26680.0,26415.0,26589.0,27250.0,27392.0,27522.0,27738.0,27955.0,28651.0,28901.0,29134.0,29369.0,29568.0,29665.0,29841.0,29998.0,30112.0,30235.0,30381.0,30842.0,31268.0,31617.0,31963.0,31007.0,30963.0,31036.0,31178.0,31322.0,31304.0,31403.0,31574.0,31838.0,32430.0,32916.0,33543.0,34573.0,35896.0,37832.0,38407.0,39267.0,40191.0,40926.0,41253.0,42259.0,43841.0
NL112,3,Delfzijl en omgeving,2024,TOTAL,TOTAL,NR,45658.0,46128.0,46701.0,47297.0,48041.0,48798.0,49493.0,50245.0,50801.0,51231.0,51767.0,52267.0,52848.0,53379.0,54210.0,54906.0,55961.0,56370.0,56832.0,57470.0,57851.0,58131.0,58038.0,57677.0,57597.0,57247.0,56958.0,56441.0,55986.0,55742.0,55687.0,55401.0,55067.0,54709.0,54385.0,54239.0,54257.0,53938.0,53323.0,52899.0,52346.0,52443.0,52510.0,52591.0,52285.0,51915.0,51206.0,50622.0,50147.0,49401.0,49119.0,49135.0,48724.0,48370.0,47958.0,47560.0,47111.0,46850.0,46396.0,46051.0,45857.0,45587.0,45389.0,45394.0,45106.0,44795.0,45009.0,45328.0
NL114,3,Oost-Groningen,2024,TOTAL,TOTAL,NR,124994.0,125226.0,125714.0,126235.0,127122.0,128010.0,128700.0,129506.0,129777.0,129701.0,129873.0,130041.0,130887.0,131921.0,132860.0,134052.0,135095.0,136502.0,137755.0,138962.0,139381.0,139818.0,139884.0,139821.0,139555.0,139234.0,138733.0,138049.0,137212.0,136684.0,137107.0,137310.0,136975.0,136841.0,136915.0,137285.0,137612.0,138028.0,138058.0,138149.0,138496.0,139014.0,139892.0,139944.0,139923.0,139290.0,139643.0,139197.0,138522.0,137716.0,137564.0,137135.0,136458.0,135603.0,136686.0,136769.0,136350.0,135231.0,134770.0,134822.0,135208.0,135839.0,136605.0,137736.0,137920.0,139191.0,139856.0,140847.0
NL115,3,Overig Groningen,2024,TOTAL,TOTAL,NR,304005.0,306331.0,309325.0,312446.0,316525.0,320664.0,324367.0,328422.0,331175.0,333079.0,335665.0,340117.0,342820.0,345061.0,345579.0,347148.0,349006.0,351392.0,353119.0,354883.0,356477.0,358920.0,361213.0,363210.0,364380.0,364638.0,364338.0,363888.0,363559.0,362774.0,361068.0,361893.0,363184.0,363847.0,365307.0,366471.0,366244.0,366158.0,366636.0,368940.0,371804.0,375032.0,378078.0,380462.0,382176.0,383867.0,383193.0,383795.0,384790.0,386975.0,389985.0,392766.0,395693.0,397732.0,398084.0,399613.0,400260.0,401500.0,401778.0,403117.0,404801.0,405511.0,408176.0,412945.0,418321.0,418847.0,420847.0,423830.0
NL126,3,Zuidoost-Friesland,2024,TOTAL,TOTAL,NR,112964.0,114155.0,115732.0,117476.0,119244.0,121232.0,123357.0,125548.0,127675.0,129852.0,132102.0,134550.0,137462.0,140223.0,144288.0,147507.0,150259.0,152607.0,155494.0,157980.0,160398.0,162946.0,164143.0,165617.0,167551.0,167805.0,168191.0,168760.0,169155.0,169094.0,169339.0,169841.0,170594.0,171193.0,171743.0,172645.0,173070.0,173958.0,175331.0,176788.0,178104.0,180358.0,182060.0,183388.0,184732.0,185116.0,184769.0,185024.0,185737.0,186386.0,186794.0,186718.0,186476.0,186150.0,186355.0,186777.0,186650.0,186764.0,187013.0,187255.0,187759.0,188096.0,188763.0,190093.0,190818.0,191480.0,192395.0,193759.0
NL127,3,Noord-Friesland,2024,TOTAL,TOTAL,NR,269572.0,268851.0,268966.0,269385.0,269774.0,270565.0,271558.0,272585.0,273378.0,274170.0,272948.0,274745.0,276777.0,279373.0,281822.0,284408.0,287996.0,290693.0,293742.0,295137.0,297470.0,299530.0,301049.0,301975.0,302873.0,302926.0,302924.0,303397.0,303260.0,303366.0,302860.0,302815.0,303598.0,304605.0,306202.0,307070.0,308174.0,309420.0,309838.0,310394.0,311021.0,313309.0,315929.0,317449.0,318350.0,318736.0,318290.0,317919.0,317927.0,318576.0,319169.0,319969.0,320045.0,319981.0,318861.0,318629.0,318632.0,318964.0,318919.0,319277.0,320647.0,321562.0,323359.0,326583.0,328736.0,329973.0,331549.0,333899.0
NL128,3,Zuidwest-Friesland,2024,TOTAL,TOTAL,NR,95670.0,96887.0,98464.0,100200.0,101958.0,103923.0,106020.0,108178.0,110277.0,112424.0,116701.0,117454.0,118285.0,119626.0,121113.0,121764.0,122359.0,122742.0,123614.0,125086.0,126121.0,126776.0,127182.0,127656.0,126812.0,126917.0,126953.0,126904.0,126689.0,126730.0,126952.0,127357.0,127647.0,128200.0,129071.0,129864.0,130784.0,131667.0,132946.0,134040.0,135375.0,136872.0,138195.0,138950.0,138984.0,139125.0,139171.0,139266.0,139525.0,139849.0,140342.0,140595.0,140693.0,140731.0,141101.0,140851.0,140758.0,141146.0,141336.0,141140.0,141551.0,141777.0,141897.0,142875.0,142350.0,142769.0,143451.0,144468.0
NL131,3,Noord-Drenthe,2024,TOTAL,TOTAL,NR,105893.0,107484.0,109772.0,111966.0,114376.0,117060.0,119708.0,122244.0,124937.0,127502.0,130443.0,133843.0,137334.0,140871.0,144386.0,146840.0,149126.0,150732.0,151777.0,152135.0,152603.0,153445.0,154378.0,154968.0,156533.0,157505.0,159087.0,160240.0,161875.0,163421.0,164195.0,165248.0,166554.0,168073.0,169645.0,171048.0,172164.0,173675.0,175422.0,176515.0,177911.0,179738.0,181903.0,183642.0,184281.0,185081.0,185722.0,186669.0,187899.0,188915.0,189196.0,189787.0,189816.0,189647.0,189493.0,189359.0,189597.0,192497.0,192102.0,191515.0,192369.0,192808.0,193706.0,195308.0,196060.0,197110.0,198051.0,199455.0
NL132,3,Zuidoost-Drenthe,2024,TOTAL,TOTAL,NR,122875.0,123891.0,125666.0,127322.0,129194.0,131346.0,133436.0,135383.0,137478.0,139416.0,141731.0,143234.0,144512.0,146042.0,148184.0,150704.0,151657.0,152546.0,153797.0,155062.0,156034.0,157133.0,157640.0,157667.0,158038.0,158518.0,159146.0,159433.0,159821.0,159984.0,160346.0,160824.0,161012.0,161397.0,162179.0,163287.0,163904.0,164655.0,165582.0,166103.0,166994.0,169222.0,170456.0,170646.0,170934.0,171030.0,171027.0,171169.0,171345.0,171479.0,171684.0,171267.0,170578.0,169819.0,169448.0,168812.0,168336.0,168131.0,167842.0,167968.0,167904.0,167939.0,169054.0,170384.0,171085.0,171587.0,172407.0,173629.0
NL133,3,Zuidwest-Drenthe,2024,TOTAL,TOTAL,NR,82428.0,83049.0,84181.0,85229.0,86422.0,87801.0,89136.0,90374.0,91709.0,92938.0,94416.0,95503.0,97749.0,99487.0,101169.0,103339.0,105141.0,106596.0,107477.0,108781.0,109842.0,110950.0,111609.0,112085.0,112765.0,113440.0,113764.0,114365.0,114890.0,115661.0,116487.0,117438.0,118030.0,118786.0,119585.0,120529.0,121248.0,122487.0,123668.0,124475.0,124901.0,125546.0,126440.0,126966.0,127200.0,127258.0,127732.0,128359.0,128891.0,129524.0,130101.0,130357.0,130413.0,130452.0,130047.0,130405.0,130696.0,131164.0,132156.0,132684.0,133409.0,134024.0,134983.0,136359.0,136984.0,137832.0,138490.0,139472.0
NL211,3,Noord-Overijssel,2024,TOTAL,TOTAL,NR,207231.0,210660.0,214027.0,216730.0,219869.0,223692.0,227423.0,230924.0,233297.0,236346.0,240143.0,243140.0,246847.0,250889.0,254664.0,258437.0,261424.0,265327.0,270195.0,274621.0,278860.0,282905.0,286468.0,289717.0,292004.0,293732.0,295147.0,297298.0,299809.0,302555.0,304943.0,307418.0,310041.0,312795.0,314994.0,317278.0,319545.0,322008.0,323870.0,327126.0,330157.0,333794.0,337314.0,339981.0,341560.0,342641.0,344801.0,346896.0,349296.0,351878.0,354054.0,356161.0,358148.0,359806.0,360744.0,361694.0,364300.0,366319.0,368819.0,371608.0,374659.0,377292.0,379911.0,385473.0,387623.0,390259.0,392123.0,394902.0
NL212,3,Zuidwest-Overijssel,2024,TOTAL,TOTAL,NR,102797.0,104517.0,106206.0,107562.0,109137.0,111055.0,112927.0,114683.0,115874.0,117403.0,119308.0,121627.0,122814.0,123507.0,124720.0,126025.0,127173.0,127372.0,127207.0,127164.0,127625.0,128222.0,128392.0,128462.0,128863.0,129163.0,129834.0,130744.0,131861.0,132514.0,133223.0,134308.0,135102.0,136290.0,137367.0,137789.0,137841.0,137920.0,139468.0,140799.0,142242.0,143659.0,144921.0,146764.0,148649.0,149905.0,151046.0,151255.0,151706.0,152265.0,152859.0,152927.0,152934.0,152818.0,152608.0,152982.0,153455.0,154159.0,154834.0,155539.0,156683.0,157508.0,158082.0,159963.0,160604.0,161927.0,162700.0,163853.0
NL213,3,Twente,2024,TOTAL,TOTAL,NR,440820.0,448178.0,455402.0,461202.0,467938.0,476139.0,484143.0,491654.0,496745.0,503286.0,511431.0,518179.0,526221.0,531947.0,537422.0,542685.0,546972.0,550254.0,553864.0,557866.0,561723.0,566709.0,568929.0,570190.0,571210.0,571971.0,573770.0,575873.0,578327.0,579880.0,582258.0,584599.0,587275.0,589998.0,592287.0,595322.0,596580.0,598016.0,600189.0,602519.0,605226.0,608827.0,611797.0,613932.0,615303.0,616886.0,617682.0,618223.0,618992.0,621292.0,623432.0,625377.0,626586.0,626726.0,626342.0,625976.0,626525.0,627209.0,627848.0,629284.0,631064.0,631733.0,633917.0,638897.0,640806.0,643603.0,646677.0,651260.0
NL221,3,Veluwe,2024,TOTAL,TOTAL,NR,372970.0,381097.0,390849.0,400468.0,408414.0,417936.0,427723.0,437177.0,445996.0,455193.0,465305.0,478128.0,489317.0,499391.0,509080.0,517827.0,524608.0,529707.0,535067.0,540439.0,546758.0,553826.0,559086.0,563476.0,567573.0,571611.0,576781.0,581817.0,587117.0,591151.0,595106.0,599614.0,603913.0,607568.0,609963.0,612922.0,616832.0,620553.0,622474.0,624776.0,627432.0,631027.0,635583.0,639799.0,642413.0,644011.0,645383.0,646668.0,648368.0,650922.0,654463.0,656372.0,659218.0,661985.0,664067.0,667946.0,672027.0,677662.0,683240.0,688799.0,695500.0,700975.0,706888.0,715792.0,722493.0,726891.0,730363.0,735540.0
NL224,3,Zuidwest-Gelderland,2024,TOTAL,TOTAL,NR,133827.0,135475.0,137667.0,139774.0,141266.0,143272.0,145335.0,147251.0,148924.0,150694.0,152736.0,154823.0,157572.0,160934.0,164917.0,168177.0,170963.0,173675.0,175828.0,177629.0,179200.0,180867.0,182499.0,183520.0,184226.0,185219.0,191306.0,193133.0,194885.0,196898.0,199063.0,201414.0,203475.0,205837.0,208491.0,211245.0,213380.0,215464.0,217912.0,220360.0,223060.0,226419.0,228899.0,230210.0,231078.0,232385.0,233076.0,233245.0,233769.0,234148.0,234769.0,235257.0,236002.0,236688.0,237076.0,237548.0,238305.0,239890.0,241244.0,244052.0,246565.0,248674.0,250968.0,254660.0,255655.0,257163.0,258391.0,260222.0
NL225,3,Achterhoek,2024,TOTAL,TOTAL,NR,282692.0,287194.0,292879.0,298414.0,302657.0,308032.0,313556.0,318791.0,323523.0,328492.0,334082.0,338553.0,343322.0,347778.0,352175.0,356119.0,358801.0,361096.0,364413.0,366399.0,367804.0,369473.0,370615.0,371543.0,372549.0,373272.0,374168.0,374581.0,375509.0,376520.0,377154.0,378093.0,379368.0,380463.0,381549.0,384237.0,386736.0,389219.0,391271.0,392434.0,394649.0,397247.0,400058.0,401843.0,402212.0,402785.0,402675.0,401729.0,401766.0,402200.0,401894.0,401634.0,401476.0,400727.0,399707.0,398772.0,399260.0,399921.0,400416.0,400685.0,401193.0,402239.0,403396.0,406261.0,406785.0,407957.0,409905.0,412810.0
NL226,3,Arnhem/Nijmegen,2024,TOTAL,TOTAL,NR,477396.0,484059.0,492683.0,501026.0,507190.0,515219.0,523472.0,531220.0,538111.0,545372.0,553637.0,562236.0,568123.0,571938.0,574873.0,578761.0,585625.0,589038.0,592943.0,596162.0,600654.0,604694.0,606911.0,608948.0,611432.0,615199.0,619237.0,622441.0,626099.0,630109.0,632886.0,637814.0,642052.0,646015.0,651399.0,656328.0,659351.0,660873.0,663999.0,669208.0,674017.0,679621.0,684693.0,688570.0,691226.0,692829.0,694570.0,697417.0,699966.0,703792.0,707810.0,711408.0,714049.0,716391.0,718842.0,722312.0,725759.0,730428.0,735203.0,738436.0,742694.0,744715.0,749220.0,756995.0,764138.0,769347.0,773022.0,778501.0
NL230,3,Flevoland,2024,TOTAL,TOTAL,NR,53392.0,53885.0,53960.0,56062.0,57019.0,58658.0,60228.0,61425.0,62890.0,65000.0,64925.0,67211.0,69979.0,72098.0,74935.0,79574.0,85618.0,90675.0,99101.0,108718.0,115501.0,125772.0,139755.0,151253.0,161223.0,171193.0,177334.0,185365.0,193739.0,202678.0,211507.0,221505.0,232823.0,243441.0,253699.0,262325.0,272843.0,281472.0,293286.0,306468.0,317206.0,328936.0,341721.0,351680.0,359904.0,365859.0,370656.0,374424.0,378688.0,383449.0,387881.0,391967.0,395525.0,398441.0,399896.0,401791.0,404068.0,407818.0,411670.0,416546.0,423021.0,428226.0,434771.0,444701.0,450826.0,456395.0,458575.0,461825.0
NL321,3,Kop van Noord-Holland,2024,TOTAL,TOTAL,NR,215051.0,216995.0,219647.0,222299.0,224509.0,226407.0,228310.0,230310.0,231905.0,233371.0,235890.0,240783.0,247954.0,258474.0,268909.0,276858.0,283674.0,291041.0,297550.0,303367.0,307845.0,312670.0,317415.0,321430.0,325748.0,326911.0,327447.0,327784.0,328515.0,329848.0,331613.0,333183.0,334933.0,337181.0,339748.0,342641.0,344825.0,347421.0,349428.0,351061.0,353605.0,356622.0,359235.0,361764.0,363743.0,364858.0,365386.0,365810.0,366561.0,368174.0,370179.0,371039.0,372017.0,371865.0,371616.0,372095.0,372606.0,373266.0,374461.0,375659.0,377769.0,379304.0,381066.0,385743.0,386554.0,388726.0,390583.0,393351.0
NL323,3,IJmond,2024,TOTAL,TOTAL,NR,158897.0,160347.0,162325.0,164303.0,165951.0,167367.0,168787.0,170279.0,171469.0,172562.0,173695.0,175238.0,176280.0,176294.0,175838.0,174378.0,174081.0,173227.0,172712.0,171854.0,171078.0,170335.0,169198.0,168157.0,167207.0,166547.0,166207.0,166209.0,166857.0,167565.0,168860.0,170801.0,172871.0,175201.0,177051.0,178583.0,180276.0,181190.0,181933.0,182933.0,183917.0,185362.0,186413.0,187456.0,188005.0,187693.0,188582.0,189400.0,190194.0,191470.0,192328.0,193294.0,193769.0,193772.0,193923.0,194138.0,195029.0,196180.0,197182.0,197988.0,199108.0,199389.0,199581.0,200749.0,201325.0,202491.0,203458.0,204900.0
NL325,3,Zaanstreek,2024,TOTAL,TOTAL,NR,117760.0,118806.0,120234.0,121661.0,122850.0,123872.0,124896.0,125972.0,126831.0,127620.0,126955.0,130967.0,134740.0,136435.0,137553.0,137116.0,137371.0,137940.0,139069.0,140066.0,141119.0,141961.0,141991.0,141351.0,140354.0,140179.0,140254.0,140538.0,141016.0,141834.0,142337.0,144575.0,145284.0,145991.0,146808.0,147917.0,148301.0,149001.0,149412.0,150061.0,150964.0,151498.0,153136.0,154974.0,155539.0,155653.0,156066.0,157258.0,158764.0,159955.0,161194.0,162741.0,164062.0,165362.0,166375.0,167158.0,168130.0,169499.0,170860.0,172214.0,173064.0,173234.0,173547.0,176230.0,177941.0,179249.0,180105.0,181381.0
NL327,3,Het Gooi en Vechtstreek,2024,TOTAL,TOTAL,NR,212563.0,214191.0,216117.0,218132.0,219957.0,221719.0,223367.0,224956.0,226045.0,227352.0,228979.0,227505.0,228325.0,228271.0,227576.0,227348.0,228386.0,227872.0,227354.0,227293.0,228076.0,228065.0,227517.0,226678.0,226023.0,225843.0,226050.0,226656.0,227564.0,228084.0,228458.0,227490.0,228698.0,228845.0,228802.0,227187.0,225708.0,224574.0,224243.0,224662.0,224627.0,224884.0,225955.0,225545.0,225427.0,225236.0,224520.0,223755.0,223733.0,224455.0,225471.0,226211.0,226529.0,226575.0,226937.0,228149.0,229752.0,231941.0,233827.0,235636.0,237337.0,238664.0,239898.0,243799.0,244766.0,245683.0,246856.0,248606.0
NL328,3,Alkmaar en omgeving,2024,TOTAL,TOTAL,NR,123206.0,124299.0,125790.0,127281.0,128523.0,129590.0,130660.0,131784.0,132681.0,133505.0,134359.0,143314.0,148473.0,153810.0,158876.0,164814.0,168184.0,173250.0,176416.0,178553.0,182212.0,186266.0,191548.0,195599.0,199253.0,201115.0,203149.0,204605.0,206276.0,207720.0,209401.0,211030.0,212913.0,214983.0,216913.0,218425.0,220268.0,221224.0,222539.0,223991.0,225488.0,227684.0,229366.0,230281.0,231820.0,233685.0,234932.0,234949.0,235403.0,236344.0,237279.0,238208.0,238795.0,239154.0,239811.0,240505.0,241621.0,243632.0,245196.0,246730.0,248993.0,250477.0,252618.0,255276.0,256624.0,257706.0,258937.0,260772.0
NL32A,3,Agglomeratie Haarlem,2024,TOTAL,TOTAL,NR,216496.0,218291.0,220393.0,222591.0,224598.0,226545.0,228379.0,230157.0,231427.0,232923.0,234751.0,235335.0,234729.0,233197.0,230993.0,229246.0,228748.0,226666.0,224564.0,222893.0,222018.0,220980.0,219610.0,217957.0,216477.0,215447.0,214777.0,214474.0,214442.0,214030.0,213468.0,213801.0,214528.0,214251.0,213791.0,211858.0,210833.0,210132.0,210185.0,210947.0,211290.0,211983.0,212853.0,212325.0,212071.0,211747.0,211596.0,211399.0,211904.0,213120.0,214622.0,216348.0,217680.0,218756.0,220145.0,222073.0,223994.0,225890.0,226967.0,228972.0,230823.0,230734.0,231294.0,234638.0,236484.0,237347.0,238481.0,240171.0
NL32B,3,Groot-Amsterdam,2024,TOTAL,TOTAL,NR,1006264.0,1015451.0,1026093.0,1037200.0,1047448.0,1057439.0,1066925.0,1076171.0,1083065.0,1091037.0,1100584.0,1096003.0,1094314.0,1088332.0,1079225.0,1072265.0,1071171.0,1062686.0,1054118.0,1047587.0,1044827.0,1044405.0,1045687.0,1045646.0,1046467.0,1049510.0,1054392.0,1061190.0,1069465.0,1075990.0,1081878.0,1096208.0,1112438.0,1123713.0,1134216.0,1137000.0,1138221.0,1141212.0,1148365.0,1159503.0,1168463.0,1176566.0,1192519.0,1200775.0,1210660.0,1220231.0,1225502.0,1230499.0,1239604.0,1252927.0,1268011.0,1283636.0,1296970.0,1308816.0,1322562.0,1337811.0,1353722.0,1369075.0,1382689.0,1396160.0,1412433.0,1416684.0,1431823.0,1456187.0,1472793.0,1480814.0,1487887.0,1498433.0
NL341,3,Zeeuwsch-Vlaanderen,2024,TOTAL,TOTAL,NR,92132.0,92337.0,92696.0,93128.0,93952.0,94973.0,95811.0,96988.0,98161.0,99437.0,100897.0,102302.0,103647.0,103627.0,104205.0,105103.0,105853.0,106170.0,106915.0,107599.0,108070.0,108702.0,108716.0,108630.0,108446.0,108092.0,107922.0,107747.0,107327.0,107053.0,106678.0,106730.0,106936.0,107006.0,107325.0,107160.0,106988.0,107031.0,107274.0,107058.0,107082.0,107628.0,108083.0,108238.0,107885.0,107849.0,107664.0,107606.0,107337.0,107191.0,106827.0,106521.0,106266.0,106129.0,105917.0,105684.0,105668.0,105641.0,105438.0,105499.0,105192.0,105204.0,105175.0,105832.0,105612.0,106125.0,106632.0,107388.0
NL342,3,Overig Zeeland,2024,TOTAL,TOTAL,NR,191589.0,191577.0,191875.0,192320.0,193565.0,195205.0,196456.0,198386.0,200296.0,202396.0,204857.0,208016.0,212477.0,215765.0,218686.0,221501.0,226433.0,229454.0,233156.0,236789.0,240198.0,242960.0,244981.0,246233.0,247068.0,247311.0,247859.0,247687.0,248174.0,248532.0,249269.0,250724.0,252269.0,254189.0,256542.0,258686.0,260366.0,261395.0,262675.0,263513.0,264784.0,267292.0,269152.0,270110.0,271143.0,272129.0,272522.0,272891.0,273248.0,273793.0,274582.0,275009.0,275141.0,274948.0,274704.0,275042.0,275584.0,275927.0,276866.0,277533.0,278296.0,280196.0,281592.0,285292.0,286022.0,286844.0,288214.0,290257.0
NL350,3,Utrecht,2024,TOTAL,TOTAL,NR,747366.0,759355.0,772571.0,786288.0,799503.0,812669.0,825589.0,838465.0,849638.0,861779.0,875304.0,891172.0,902637.0,910799.0,916501.0,924176.0,937166.0,943938.0,950795.0,959681.0,972305.0,984783.0,989792.0,993563.0,998165.0,1004912.0,1013458.0,1023898.0,1035830.0,1046132.0,1055871.0,1069236.0,1080689.0,1091400.0,1100338.0,1107181.0,1112582.0,1119451.0,1127064.0,1136289.0,1145099.0,1163017.0,1173925.0,1185783.0,1196013.0,1204587.0,1211849.0,1218478.0,1227824.0,1240517.0,1254445.0,1264006.0,1274062.0,1280751.0,1287918.0,1297857.0,1308042.0,1319251.0,1330518.0,1342158.0,1354834.0,1361153.0,1369873.0,1387643.0,1400057.0,1409144.0,1415874.0,1425909.0
NL361,3,Agglomeratie ’s-Gravenhage,2024,TOTAL,TOTAL,NR,675460.0,682217.0,689967.0,698047.0,705566.0,712929.0,719967.0,726860.0,732179.0,738240.0,745384.0,737014.0,735846.0,731791.0,725634.0,720921.0,720151.0,714410.0,708615.0,704187.0,702294.0,705366.0,704189.0,702114.0,700610.0,700581.0,701758.0,704182.0,707551.0,709727.0,711453.0,719101.0,721554.0,723426.0,724047.0,723234.0,725286.0,728283.0,731747.0,736239.0,740442.0,747101.0,754279.0,762070.0,768816.0,774499.0,778418.0,781928.0,787180.0,794572.0,802746.0,810366.0,818319.0,824120.0,830237.0,838015.0,845425.0,853987.0,864129.0,872211.0,883720.0,887863.0,896471.0,910352.0,917558.0,923493.0,927904.0,934481.0
NL362,3,Delft en Westland,2024,TOTAL,TOTAL,NR,149793.0,151255.0,152937.0,154691.0,156319.0,157911.0,159431.0,160918.0,162055.0,163356.0,164895.0,169816.0,171358.0,172262.0,172692.0,173488.0,175268.0,175875.0,176490.0,177472.0,179134.0,180270.0,181190.0,181884.0,182730.0,183969.0,185537.0,187452.0,189640.0,191529.0,193316.0,194820.0,196754.0,198551.0,200023.0,201112.0,202351.0,203858.0,205505.0,207448.0,209319.0,209620.0,209819.0,210167.0,210208.0,209943.0,210368.0,210683.0,211464.0,212814.0,214367.0,216411.0,218543.0,220101.0,221743.0,224041.0,224867.0,226047.0,229083.0,231157.0,233311.0,234377.0,236504.0,240445.0,244895.0,246512.0,247689.0,249444.0
NL363,3,Agglomeratie Leiden en Bollenstreek,2024,TOTAL,TOTAL,NR,289105.0,291981.0,295282.0,298723.0,301924.0,305058.0,308052.0,310984.0,313242.0,315817.0,318855.0,324795.0,327942.0,329871.0,330896.0,332622.0,336242.0,337612.0,339000.0,341098.0,344505.0,346779.0,348767.0,350320.0,352167.0,354772.0,358014.0,361929.0,366374.0,370247.0,373924.0,377529.0,380648.0,383490.0,385695.0,387157.0,388342.0,390033.0,391976.0,394470.0,396811.0,397757.0,398524.0,399579.0,400053.0,399950.0,400043.0,399923.0,400688.0,402525.0,404736.0,407218.0,409854.0,411402.0,413101.0,415106.0,418023.0,421296.0,424657.0,427217.0,430358.0,431595.0,434527.0,440312.0,445756.0,447601.0,449739.0,452927.0
NL364,3,Zuidoost-Zuid-Holland,2024,TOTAL,TOTAL,NR,254228.0,256394.0,258922.0,261564.0,263984.0,266335.0,268555.0,270710.0,272269.0,274096.0,276314.0,284105.0,289658.0,294186.0,297942.0,302360.0,308553.0,312734.0,316964.0,321895.0,328118.0,330405.0,329956.0,329087.0,328486.0,328576.0,329234.0,330478.0,332168.0,333299.0,334220.0,337359.0,340385.0,343167.0,345383.0,346936.0,348219.0,349959.0,351927.0,354392.0,356723.0,356758.0,357372.0,358243.0,358593.0,358424.0,358168.0,357721.0,358064.0,359363.0,360991.0,362368.0,363874.0,364407.0,365069.0,365944.0,366479.0,367626.0,369075.0,370235.0,371970.0,373005.0,374968.0,379752.0,381090.0,382794.0,384622.0,387348.0
NL365,3,Oost-Zuid-Holland,2024,TOTAL,TOTAL,NR,182843.0,184560.0,186542.0,188610.0,190524.0,192392.0,194169.0,195905.0,197213.0,198718.0,200512.0,203742.0,210042.0,215640.0,220698.0,226274.0,233220.0,238686.0,244214.0,250313.0,257459.0,261653.0,264546.0,267113.0,269910.0,273296.0,277187.0,281617.0,286485.0,290927.0,295236.0,299107.0,302743.0,306178.0,309121.0,311481.0,312035.0,312993.0,314149.0,315741.0,317205.0,316864.0,316842.0,317042.0,316774.0,316044.0,315331.0,314449.0,314260.0,314906.0,315834.0,316470.0,317212.0,317102.0,317101.0,318688.0,320758.0,324054.0,327821.0,331621.0,334617.0,337798.0,340481.0,345570.0,348579.0,351846.0,353526.0,356032.0
NL366,3,Groot-Rijnmond,2024,TOTAL,TOTAL,NR,1082260.0,1093758.0,1106868.0,1120523.0,1133301.0,1145846.0,1157887.0,1169710.0,1179022.0,1189542.0,1201824.0,1211856.0,1215423.0,1214321.0,1209799.0,1207746.0,1212412.0,1208815.0,1205194.0,1203982.0,1207221.0,1217581.0,1220322.0,1221519.0,1223730.0,1228545.0,1235527.0,1244771.0,1255767.0,1264736.0,1272970.0,1276971.0,1287981.0,1298064.0,1306003.0,1311423.0,1314630.0,1319546.0,1325300.0,1332913.0,1339994.0,1347580.0,1352944.0,1359316.0,1363743.0,1366225.0,1364737.0,1362519.0,1363305.0,1367730.0,1373402.0,1380279.0,1387660.0,1391346.0,1395535.0,1403932.0,1412322.0,1422465.0,1431245.0,1441452.0,1454720.0,1461412.0,1470993.0,1488475.0,1502582.0,1511151.0,1518369.0,1529131.0
NL411,3,West-Noord-Brabant,2024,TOTAL,TOTAL,NR,377483.0,383971.0,391082.0,398482.0,405561.0,413202.0,420540.0,427446.0,432850.0,439314.0,454579.0,462052.0,469691.0,477824.0,484802.0,492301.0,501191.0,509444.0,514502.0,519346.0,523938.0,528821.0,532783.0,535083.0,537404.0,539881.0,542881.0,546393.0,549832.0,553601.0,557967.0,562277.0,566841.0,571440.0,575453.0,579841.0,582906.0,577867.0,581764.0,585663.0,590894.0,596212.0,600139.0,602940.0,604880.0,606436.0,607722.0,608455.0,609544.0,612073.0,614243.0,616257.0,618563.0,620205.0,622052.0,623882.0,625319.0,627967.0,631423.0,634030.0,635904.0,637031.0,640061.0,646718.0,651175.0,653955.0,657078.0,661735.0
NL414,3,Zuidoost-Noord-Brabant,2024,TOTAL,TOTAL,NR,453024.0,462268.0,472281.0,482682.0,492754.0,503538.0,514014.0,524027.0,532300.0,541867.0,544146.0,553827.0,562316.0,569691.0,577615.0,586434.0,592849.0,598131.0,602909.0,607985.0,613581.0,618605.0,620939.0,623417.0,625676.0,628930.0,632533.0,636974.0,642345.0,646727.0,651378.0,657401.0,661446.0,666404.0,671439.0,676529.0,681823.0,696034.0,699932.0,704562.0,709410.0,714157.0,719158.0,722977.0,724971.0,726552.0,727651.0,728133.0,729887.0,732731.0,735164.0,738855.0,742377.0,745019.0,748326.0,752523.0,756615.0,761763.0,766818.0,773203.0,780611.0,784390.0,791075.0,803180.0,809176.0,816291.0,820190.0,826003.0
NL415,3,Midden-Noord-Brabant,2024,TOTAL,TOTAL,NR,294999.0,298794.0,303037.0,307466.0,311615.0,316158.0,320436.0,324357.0,327123.0,330657.0,335729.0,341959.0,348159.0,354285.0,360045.0,365196.0,369122.0,372966.0,377589.0,380941.0,385172.0,389983.0,393025.0,394472.0,396494.0,398385.0,400596.0,403639.0,407557.0,411335.0,416416.0,418908.0,423089.0,426078.0,428435.0,430683.0,432463.0,431916.0,435688.0,442238.0,446206.0,450200.0,453238.0,454504.0,456232.0,457258.0,458452.0,459152.0,460525.0,462370.0,464146.0,465879.0,467743.0,469465.0,472102.0,473550.0,476031.0,478840.0,482400.0,486188.0,490528.0,493004.0,497266.0,503798.0,507474.0,511970.0,514415.0,518061.0
NL416,3,Noordoost-Noord-Brabant,2024,TOTAL,TOTAL,NR,359165.0,367754.0,376995.0,386581.0,395934.0,405897.0,415642.0,425036.0,433019.0,442096.0,453329.0,461621.0,470329.0,478048.0,487885.0,496886.0,504099.0,510635.0,516578.0,522648.0,528504.0,534476.0,538673.0,540997.0,543429.0,545775.0,548646.0,552620.0,556546.0,560941.0,563720.0,570461.0,573955.0,579624.0,584452.0,589154.0,593232.0,598277.0,601878.0,605246.0,609494.0,614547.0,618588.0,619777.0,620911.0,621113.0,622121.0,623302.0,624871.0,627386.0,630605.0,633224.0,635003.0,636322.0,636794.0,638796.0,640784.0,643961.0,647645.0,651385.0,655912.0,659524.0,664472.0,672514.0,676914.0,681831.0,685088.0,689944.0
NL421,3,Noord-Limburg,2024,TOTAL,TOTAL,NR,182021.0,185635.0,190382.0,195132.0,198206.0,202886.0,207308.0,211040.0,213487.0,215809.0,218843.0,223336.0,226435.0,229616.0,233756.0,236153.0,238548.0,241353.0,244058.0,245960.0,247453.0,248866.0,250239.0,251142.0,251985.0,253280.0,254409.0,255826.0,257225.0,258103.0,259488.0,260904.0,262411.0,264375.0,265940.0,267718.0,268842.0,269788.0,270820.0,271717.0,273000.0,274603.0,276488.0,277748.0,277966.0,278526.0,278385.0,278712.0,278818.0,279355.0,280037.0,280103.0,280443.0,280418.0,280517.0,280552.0,279971.0,281514.0,281486.0,282067.0,282605.0,283350.0,285157.0,289248.0,290392.0,291387.0,292779.0,294854.0
NL422,3,Midden-Limburg,2024,TOTAL,TOTAL,NR,160858.0,164082.0,168314.0,172549.0,175293.0,179466.0,183410.0,186741.0,188928.0,191004.0,193714.0,197552.0,200404.0,202688.0,204146.0,205937.0,208806.0,209858.0,211770.0,213592.0,214664.0,216090.0,217127.0,217705.0,217859.0,217780.0,218416.0,218992.0,219718.0,220839.0,221760.0,223236.0,224318.0,225360.0,227015.0,227874.0,229437.0,229959.0,230671.0,231437.0,232383.0,233231.0,233775.0,234074.0,233793.0,234240.0,234202.0,234251.0,234019.0,234364.0,234880.0,235211.0,235418.0,235573.0,235335.0,235351.0,235429.0,235995.0,236687.0,236702.0,237412.0,238268.0,239098.0,241467.0,242573.0,243792.0,244956.0,246692.0
NL423,3,Zuid-Limburg,2024,TOTAL,TOTAL,NR,539507.0,544623.0,552872.0,560915.0,563987.0,571463.0,578021.0,582495.0,583323.0,583749.0,586013.0,591469.0,595515.0,597931.0,600351.0,601696.0,604266.0,604408.0,605117.0,605931.0,606921.0,608447.0,609827.0,611669.0,613717.0,614606.0,615506.0,616735.0,618481.0,620680.0,622712.0,625701.0,628756.0,630207.0,632232.0,634458.0,635390.0,636452.0,636444.0,636148.0,635809.0,634845.0,633033.0,630067.0,627576.0,623929.0,619351.0,614842.0,610868.0,608885.0,607784.0,607313.0,607214.0,605900.0,604154.0,602038.0,600860.0,600037.0,599025.0,597368.0,597184.0,594254.0,594047.0,597652.0,600290.0,600149.0,603015.0,607289.0
NO020,3,Innlandet,2024,TOTAL,TOTAL,NR,334361.0,334007.0,334095.0,334557.0,334257.0,334940.0,334964.0,335459.0,336833.0,338444.0,339822.0,340837.0,343067.0,345330.0,346811.0,348452.0,350015.0,351170.0,352843.0,354353.0,355134.0,355981.0,356530.0,357184.0,357012.0,355982.0,354842.0,354255.0,355261.0,355660.0,355530.0,356095.0,356188.0,356098.0,356795.0,355940.0,355167.0,354442.0,354149.0,354337.0,355545.0,356924.0,356518.0,357103.0,357219.0,356710.0,356885.0,356969.0,358072.0,359556.0,361057.0,362696.0,364679.0,365649.0,366785.0,368358.0,368636.0,369893.0,370994.0,371054.0,371385.0,370603.0,371253.0,373628.0,376304.0,377556.0,379787.0,383814.0
NO060,3,Trøndelag,2024,TOTAL,TOTAL,NR,332159.0,333553.0,335165.0,336568.0,338239.0,340842.0,344062.0,346921.0,349222.0,352415.0,354878.0,356479.0,359203.0,362080.0,364925.0,366877.0,368595.0,370298.0,370838.0,371783.0,373479.0,375104.0,376265.0,377409.0,377816.0,377795.0,377960.0,378266.0,379297.0,380819.0,381599.0,382679.0,384544.0,385365.0,387389.0,388043.0,388704.0,389635.0,390058.0,391655.0,393906.0,396039.0,397662.0,399669.0,402071.0,404809.0,407878.0,411637.0,416565.0,421125.0,425793.0,429928.0,435069.0,440865.0,444966.0,449386.0,453352.0,458221.0,462354.0,465634.0,468702.0,471124.0,474131.0,478470.0,482956.0,486815.0,489692.0,494884.0
NO071,3,Nordland,2024,TOTAL,TOTAL,NR,236868.0,235755.0,236735.0,238217.0,239885.0,241328.0,241580.0,241731.0,242258.0,242117.0,241182.0,238952.0,238902.0,239842.0,240589.0,241052.0,241248.0,240764.0,240562.0,240981.0,241881.0,242486.0,243175.0,242960.0,242586.0,241570.0,240295.0,238996.0,238252.0,237857.0,237821.0,237743.0,238196.0,238666.0,239115.0,239822.0,239561.0,238681.0,237757.0,237022.0,237582.0,236834.0,236026.0,235506.0,235609.0,236825.0,236257.0,235436.0,234996.0,235380.0,234926.0,235955.0,237036.0,238333.0,239621.0,240402.0,240623.0,241614.0,242076.0,242126.0,241235.0,240345.0,240190.0,241084.0,243081.0,243582.0,245022.0,247620.0
NO072,3,Troms,2024,TOTAL,TOTAL,NR,114888.0,116530.0,117949.0,119469.0,120922.0,122626.0,124239.0,125550.0,127190.0,128856.0,130692.0,133054.0,134888.0,136513.0,137864.0,139126.0,140065.0,140861.0,141631.0,142326.0,142846.0,143480.0,144173.0,144877.0,145526.0,146254.0,147043.0,147903.0,149078.0,149990.0,150466.0,150881.0,152043.0,153108.0,154072.0,154807.0,155036.0,154484.0,153333.0,152722.0,153371.0,153763.0,153463.0,153681.0,153736.0,152741.0,153585.0,154136.0,154642.0,155553.0,157839.0,158879.0,159934.0,161696.0,163306.0,164733.0,165613.0,166884.0,167758.0,168461.0,167839.0,167475.0,167607.0,168340.0,169610.0,170479.0,171486.0,173304.0
NO073,3,Finnmark,2024,TOTAL,TOTAL,NR,54967.0,55753.0,56432.0,57159.0,57854.0,58669.0,59441.0,60068.0,60853.0,61650.0,62528.0,63658.0,64536.0,65314.0,65960.0,66564.0,67013.0,67394.0,67763.0,68095.0,68344.0,68647.0,68978.0,69315.0,69625.0,69973.0,70351.0,70762.0,71324.0,71760.0,71987.0,72185.0,72741.0,73250.0,73711.0,74062.0,74171.0,73907.0,73357.0,73064.0,73375.0,73562.0,73419.0,73524.0,73550.0,73074.0,72937.0,72665.0,72399.0,72492.0,72856.0,73417.0,73787.0,74534.0,75207.0,75605.0,75758.0,76149.0,76167.0,75865.0,75472.0,74693.0,74129.0,74112.0,75053.0,75042.0,75486.0,76286.0
NO081,3,Oslo,2024,TOTAL,TOTAL,NR,471511.0,475663.0,480461.0,482324.0,484711.0,483549.0,483757.0,487524.0,488231.0,488329.0,487363.0,481548.0,475563.0,472609.0,468514.0,465337.0,463022.0,462497.0,460377.0,457446.0,454872.0,452023.0,450386.0,448775.0,447257.0,447351.0,449395.0,451345.0,453730.0,456124.0,458364.0,461644.0,467441.0,473454.0,477781.0,483401.0,488659.0,494793.0,499693.0,502867.0,507467.0,508726.0,512589.0,517401.0,521886.0,529846.0,538411.0,548617.0,560484.0,575475.0,586860.0,599230.0,613285.0,623966.0,634463.0,647676.0,658390.0,666759.0,673469.0,681071.0,693494.0,697010.0,699827.0,709037.0,717710.0,724290.0,728570.0,736295.0
NO083,3,Østfold,2024,TOTAL,TOTAL,NR,172957.0,175430.0,177566.0,179855.0,182042.0,184607.0,187035.0,189008.0,191477.0,193984.0,196748.0,200303.0,203065.0,205512.0,207545.0,209445.0,210858.0,212056.0,213216.0,214261.0,215044.0,215999.0,217042.0,218103.0,219080.0,220176.0,221364.0,222658.0,224426.0,225799.0,226515.0,227538.0,228429.0,229590.0,230725.0,232210.0,233744.0,235669.0,238364.0,240957.0,243325.0,245648.0,247413.0,249560.0,251273.0,253103.0,254888.0,256940.0,259797.0,262816.0,270974.0,274149.0,277664.0,281309.0,284290.0,286526.0,289195.0,292208.0,294738.0,296847.0,299447.0,299729.0,304754.0,309161.0,312152.0,314407.0,316265.0,319618.0
NO084,3,Akershus,2024,TOTAL,TOTAL,NR,368024.0,373285.0,377829.0,382699.0,387353.0,392811.0,397978.0,402177.0,407431.0,412767.0,418648.0,426213.0,432089.0,437295.0,441621.0,445663.0,448670.0,451219.0,453687.0,455911.0,457578.0,459609.0,461827.0,464083.0,466162.0,468493.0,471022.0,473775.0,477537.0,480458.0,481981.0,484158.0,486054.0,488524.0,490939.0,494100.0,497364.0,501460.0,507196.0,512712.0,517752.0,522695.0,526450.0,531019.0,534665.0,538558.0,545764.0,554192.0,564191.0,573782.0,579994.0,589763.0,600980.0,611813.0,621848.0,631576.0,641783.0,652222.0,662452.0,672781.0,682092.0,696870.0,701565.0,716020.0,728803.0,740680.0,745057.0,752957.0
NO085,3,Buskerud,2024,TOTAL,TOTAL,NR,146094.0,148183.0,149987.0,151920.0,153768.0,155935.0,157986.0,159653.0,161739.0,163857.0,166191.0,169194.0,171527.0,173594.0,175312.0,176917.0,178110.0,179122.0,180102.0,180985.0,181647.0,182453.0,183334.0,184230.0,185055.0,185980.0,186984.0,188077.0,189571.0,190731.0,191336.0,192200.0,192953.0,193932.0,194890.0,196145.0,197440.0,199066.0,201343.0,203533.0,205534.0,207496.0,208987.0,210801.0,212248.0,213794.0,215298.0,217399.0,220516.0,223478.0,236200.0,239185.0,242966.0,246174.0,248857.0,250935.0,253383.0,254974.0,256539.0,257677.0,259626.0,255785.0,262911.0,267060.0,269819.0,271248.0,272851.0,275744.0
NO092,3,Agder,2024,TOTAL,TOTAL,NR,185302.0,186149.0,187643.0,189584.0,190674.0,192025.0,194096.0,195471.0,197974.0,200494.0,203226.0,205010.0,207912.0,210522.0,212890.0,215485.0,217856.0,219953.0,222243.0,223734.0,225429.0,227347.0,229398.0,231477.0,232744.0,234038.0,234881.0,236637.0,238026.0,239917.0,240906.0,242405.0,243701.0,245537.0,247725.0,249115.0,250637.0,252162.0,253705.0,255485.0,257869.0,259592.0,260796.0,262414.0,263501.0,264872.0,266401.0,268461.0,272074.0,275592.0,278876.0,282456.0,285819.0,289125.0,292225.0,295644.0,298486.0,300789.0,303754.0,305244.0,307231.0,308843.0,311134.0,316051.0,319850.0,322188.0,324092.0,327528.0
NO093,3,Vestfold,2024,TOTAL,TOTAL,NR,152233.0,154409.0,156289.0,158303.0,160228.0,162486.0,164624.0,166361.0,168534.0,170741.0,173174.0,176303.0,178734.0,180887.0,182677.0,184349.0,185593.0,186647.0,187668.0,188588.0,189278.0,190118.0,191036.0,191969.0,192829.0,193793.0,194839.0,195978.0,197534.0,198742.0,199372.0,200273.0,201057.0,202079.0,203078.0,204385.0,205735.0,207429.0,209802.0,212084.0,214169.0,216214.0,217767.0,219657.0,221165.0,222775.0,224136.0,225819.0,228458.0,231147.0,224820.0,227211.0,229843.0,232178.0,234280.0,236061.0,238363.0,240395.0,242386.0,244393.0,246041.0,249807.0,250862.0,253555.0,256432.0,258071.0,259596.0,262349.0
NO094,3,Telemark,2024,TOTAL,TOTAL,NR,114682.0,116322.0,117738.0,119256.0,120706.0,122407.0,124017.0,125326.0,126963.0,128626.0,130459.0,132816.0,134647.0,136269.0,137617.0,138877.0,139814.0,140608.0,141377.0,142070.0,142590.0,143223.0,143914.0,144617.0,145265.0,145992.0,146780.0,147638.0,148810.0,149720.0,150195.0,150873.0,151464.0,152234.0,152986.0,153971.0,154988.0,156265.0,158052.0,159771.0,161341.0,162882.0,164052.0,165476.0,166612.0,167825.0,167660.0,167666.0,168222.0,169020.0,168231.0,169185.0,170023.0,170902.0,171469.0,171953.0,172494.0,173307.0,173391.0,173318.0,173355.0,172075.0,173970.0,175546.0,177093.0,177863.0,178914.0,180811.0
NO0A1,3,Rogaland,2024,TOTAL,TOTAL,NR,238679.0,241190.0,243940.0,246216.0,249292.0,251616.0,254800.0,258956.0,262738.0,265632.0,269049.0,271409.0,275206.0,278803.0,282261.0,286573.0,290472.0,293933.0,297927.0,302205.0,305359.0,308513.0,311767.0,315584.0,319606.0,323255.0,326421.0,329646.0,332630.0,336462.0,338888.0,341060.0,344975.0,349787.0,354069.0,357671.0,360281.0,363669.0,367634.0,372361.0,376497.0,378538.0,381375.0,385020.0,388848.0,393104.0,397594.0,404566.0,412687.0,420574.0,427947.0,436087.0,443115.0,452159.0,459625.0,466302.0,470175.0,472024.0,473526.0,475654.0,479892.0,482645.0,485797.0,492350.0,499417.0,504496.0,507477.0,512858.0
NO0A2,3,Vestland,2024,TOTAL,TOTAL,NR,435336.0,437643.0,440981.0,444305.0,446874.0,451735.0,454835.0,458491.0,462086.0,465479.0,469249.0,472051.0,475847.0,479042.0,482149.0,484814.0,486938.0,487660.0,489136.0,490372.0,491577.0,493103.0,494619.0,496429.0,497952.0,499488.0,501402.0,503808.0,506808.0,509966.0,511312.0,513256.0,516482.0,519496.0,523041.0,525718.0,528512.0,530509.0,532114.0,535015.0,538294.0,541371.0,544336.0,547739.0,551078.0,554178.0,558055.0,561704.0,567722.0,574915.0,583053.0,590797.0,597569.0,605617.0,613008.0,619323.0,624841.0,629046.0,631608.0,633117.0,636531.0,638821.0,641292.0,646205.0,651299.0,655210.0,659082.0,666070.0
NO0A3,3,Møre og Romsdal,2024,TOTAL,TOTAL,NR,208550.0,209791.0,210899.0,211442.0,212119.0,211877.0,213145.0,214423.0,216060.0,217598.0,218797.0,219250.0,221346.0,223367.0,224987.0,226713.0,227525.0,229686.0,230478.0,231637.0,232429.0,232814.0,233153.0,234006.0,234319.0,234159.0,234036.0,234178.0,234380.0,235029.0,235166.0,235127.0,235617.0,236263.0,236680.0,237165.0,238068.0,238618.0,239082.0,239748.0,240439.0,241115.0,241170.0,241633.0,241941.0,242088.0,242403.0,242854.0,244267.0,246262.0,248773.0,251367.0,254101.0,256955.0,259106.0,261322.0,262893.0,263832.0,264407.0,264970.0,265238.0,265544.0,265848.0,268365.0,270624.0,272413.0,274023.0,276928.0
NO0B1,3,Jan Mayen,2024,TOTAL,TOTAL,NR,0.0,0.0,0.0,0.0,0.0,0.0,0.0,0.0,0.0,0.0,0.0,0.0,0.0,0.0,0.0,0.0,0.0,0.0,0.0,0.0,0.0,0.0,0.0,0.0,0.0,0.0,0.0,0.0,0.0,0.0,0.0,0.0,0.0,0.0,0.0,0.0,0.0,0.0,0.0,0.0,0.0,0.0,0.0,0.0,0.0,0.0,0.0,0.0,0.0,0.0,0.0,0.0,0.0,0.0,0.0,0.0,0.0,0.0,0.0,0.0,0.0,0.0,0.0,0.0,0.0,0.0,0.0,0.0
NO0B2,3,Svalbard,2024,TOTAL,TOTAL,NR,1096.0,1108.0,1120.0,1132.0,1144.0,1156.0,1167.0,1179.0,1191.0,1203.0,1215.0,1228.0,1241.0,1255.0,1268.0,1281.0,1307.0,1334.0,1360.0,1387.0,1413.0,1440.0,1466.0,1493.0,1519.0,1546.0,1572.0,1599.0,1625.0,1652.0,1678.0,1713.0,1749.0,1784.0,1819.0,1855.0,1890.0,1925.0,1960.0,1996.0,2031.0,2037.0,2043.0,2049.0,2055.0,2061.0,2067.0,2073.0,2079.0,2085.0,2052.0,2017.0,2115.0,2158.0,2100.0,2185.0,2152.0,2145.0,2214.0,2258.0,2428.0,2459.0,2504.0,2530.0,0.0,0.0,0.0,0.0
PL213,3,Miasto Kraków,2024,TOTAL,TOTAL,NR,502832.0,508207.0,518745.0,529616.0,542438.0,554395.0,563145.0,572824.0,584262.0,594170.0,603826.0,608766.0,617276.0,626643.0,636392.0,646668.0,657125.0,667742.0,678033.0,686607.0,697237.0,707726.0,709949.0,712265.0,714690.0,716489.0,717416.0,717397.0,716583.0,714357.0,709444.0,750540.0,751320.0,744032.0,745101.0,746008.0,744987.0,740675.0,740537.0,740666.0,755355.0,758715.0,757942.0,757547.0,757685.0,757430.0,756629.0,756267.0,756583.0,754624.0,747317.0,748867.0,753140.0,757379.0,761584.0,765760.0,769902.0,774012.0,778089.0,782134.0,786146.0,790127.0,791939.0,792655.0,794911.0,798719.0,795114.0,793303.0
PL214,3,Krakowski,2024,TOTAL,TOTAL,NR,531349.0,537028.0,543438.0,550090.0,558645.0,566178.0,570343.0,575379.0,582090.0,587187.0,591961.0,592077.0,590511.0,589602.0,588875.0,588446.0,587986.0,587471.0,586478.0,583841.0,582791.0,581439.0,587142.0,592998.0,599023.0,604600.0,609512.0,613681.0,617222.0,619586.0,619635.0,614233.0,616566.0,623166.0,625194.0,629210.0,632376.0,635146.0,637977.0,640658.0,641560.0,643814.0,646310.0,649345.0,653450.0,656921.0,660311.0,664045.0,668479.0,673452.0,680614.0,686710.0,692570.0,698390.0,704170.0,709910.0,715610.0,721271.0,726891.0,732472.0,738013.0,743514.0,747568.0,751069.0,754346.0,757831.0,754411.0,752692.0
PL217,3,Tarnowski,2024,TOTAL,TOTAL,NR,344063.0,347741.0,350966.0,354325.0,358886.0,362764.0,364465.0,366708.0,370001.0,372248.0,374275.0,373350.0,376053.0,379236.0,382604.0,386241.0,389937.0,393676.0,397174.0,399627.0,403234.0,406713.0,410847.0,415090.0,419455.0,423509.0,427099.0,430171.0,432804.0,434614.0,434801.0,429271.0,431555.0,437581.0,440003.0,442002.0,443951.0,445902.0,447096.0,448323.0,447048.0,448408.0,449177.0,450205.0,458827.0,459449.0,459732.0,459621.0,459642.0,460256.0,451717.0,452499.0,450149.0,447805.0,445468.0,443136.0,440811.0,438492.0,436179.0,433872.0,431571.0,429276.0,426294.0,424550.0,422985.0,421304.0,419402.0,418447.0
PL218,3,Nowosadecki,2024,TOTAL,TOTAL,NR,351243.0,354997.0,358254.0,361649.0,366268.0,370190.0,371890.0,374142.0,377464.0,379719.0,381748.0,380767.0,383959.0,387648.0,391535.0,395705.0,399944.0,404238.0,408292.0,411278.0,415461.0,419520.0,425999.0,432634.0,439440.0,445963.0,452037.0,457597.0,462718.0,466980.0,477243.0,473852.0,478011.0,484277.0,487961.0,492193.0,495650.0,499148.0,502360.0,505405.0,501725.0,501914.0,504391.0,506588.0,508394.0,510400.0,512296.0,513690.0,515563.0,517959.0,519495.0,522023.0,521221.0,520416.0,519609.0,518798.0,517985.0,517168.0,516349.0,515527.0,514702.0,513874.0,513097.0,512612.0,512033.0,510746.0,508441.0,507283.0
PL219,3,Nowotarski,2024,TOTAL,TOTAL,NR,255892.0,258627.0,261417.0,264317.0,268124.0,271432.0,273119.0,275218.0,278113.0,280230.0,282188.0,281924.0,281555.0,281506.0,281550.0,281745.0,281933.0,282103.0,282051.0,281216.0,281152.0,280950.0,284096.0,287323.0,290640.0,293747.0,296538.0,298974.0,301108.0,302672.0,308102.0,304712.0,307673.0,311993.0,314651.0,317664.0,320178.0,322718.0,325075.0,327323.0,325212.0,324678.0,325626.0,326392.0,326907.0,327551.0,328124.0,328377.0,328938.0,329832.0,330179.0,331597.0,330622.0,329648.0,328675.0,327702.0,326730.0,325758.0,324787.0,323816.0,322846.0,321877.0,319903.0,319601.0,319091.0,318460.0,317023.0,316301.0
PL21A,3,Oswiecimski,2024,TOTAL,TOTAL,NR,383699.0,387800.0,393512.0,399423.0,406746.0,413355.0,417527.0,422353.0,428432.0,433343.0,438035.0,439289.0,443056.0,447399.0,451971.0,456872.0,461854.0,466901.0,471673.0,475213.0,480137.0,484919.0,492228.0,499715.0,507396.0,514746.0,521575.0,527808.0,533532.0,538265.0,549912.0,545823.0,547076.0,550710.0,551377.0,552651.0,553044.0,553475.0,553585.0,553510.0,546113.0,544897.0,546171.0,547140.0,547686.0,548450.0,549095.0,549206.0,549831.0,551013.0,551281.0,551855.0,549229.0,546609.0,543996.0,541389.0,538787.0,536192.0,533604.0,531021.0,528445.0,525875.0,522161.0,518818.0,515619.0,512732.0,510418.0,509255.0
PL224,3,Czestochowski,2024,TOTAL,TOTAL,NR,453222.0,458066.0,462110.0,466326.0,472118.0,477006.0,479028.0,481758.0,485863.0,488591.0,491027.0,489588.0,492538.0,496107.0,499909.0,504049.0,508253.0,512503.0,516426.0,518979.0,523023.0,526887.0,531034.0,535299.0,539697.0,543671.0,547029.0,549705.0,551804.0,552842.0,551811.0,548338.0,548748.0,552169.0,552226.0,553016.0,552551.0,552400.0,551886.0,551546.0,545657.0,544673.0,543099.0,541752.0,540150.0,538808.0,537112.0,535001.0,532626.0,531079.0,527332.0,526343.0,522387.0,518445.0,514516.0,510601.0,506699.0,502811.0,498936.0,495074.0,491226.0,487392.0,482129.0,478804.0,475423.0,471593.0,469464.0,468395.0
PL225,3,Bielski,2024,TOTAL,TOTAL,NR,458394.0,463294.0,469225.0,475375.0,483179.0,490112.0,494136.0,498921.0,505168.0,510021.0,514601.0,515135.0,520313.0,526180.0,532330.0,538883.0,545546.0,552302.0,558748.0,563747.0,570400.0,576901.0,582861.0,588977.0,595269.0,601120.0,606315.0,610776.0,614616.0,617287.0,617653.0,629850.0,635106.0,632932.0,636331.0,638261.0,640557.0,642624.0,644559.0,646750.0,640131.0,641787.0,642704.0,643586.0,644631.0,646166.0,647522.0,648559.0,649695.0,652045.0,652190.0,654370.0,653802.0,653229.0,652649.0,652064.0,651472.0,650875.0,650272.0,649663.0,649048.0,648427.0,645522.0,643512.0,640993.0,638022.0,635142.0,633695.0
PL227,3,Rybnicki,2024,TOTAL,TOTAL,NR,359991.0,363839.0,374259.0,384985.0,397205.0,408871.0,418227.0,428316.0,439777.0,450140.0,460358.0,467001.0,477178.0,488077.0,499339.0,511084.0,523046.0,535209.0,547181.0,557827.0,570201.0,582530.0,591613.0,600915.0,610456.0,619606.0,628133.0,635946.0,643151.0,649163.0,652763.0,664922.0,669271.0,664903.0,666635.0,666816.0,667699.0,668194.0,668028.0,667329.0,650253.0,648029.0,646264.0,645244.0,643482.0,641861.0,640559.0,638598.0,637006.0,637147.0,627712.0,627903.0,624665.0,621434.0,618213.0,614999.0,611794.0,608598.0,605410.0,602230.0,599058.0,595895.0,591269.0,587613.0,584121.0,580514.0,577894.0,576578.0
PL228,3,Bytomski,2024,TOTAL,TOTAL,NR,425665.0,430215.0,433947.0,437840.0,443210.0,447730.0,449558.0,452050.0,455831.0,458318.0,460530.0,459108.0,461484.0,464434.0,467594.0,471063.0,474585.0,478140.0,481383.0,483342.0,486682.0,489848.0,492263.0,494760.0,497351.0,499522.0,501102.0,502035.0,502423.0,501831.0,499354.0,507529.0,509251.0,505451.0,504638.0,502769.0,500897.0,498971.0,499106.0,496609.0,477672.0,474686.0,472204.0,469499.0,467026.0,464934.0,462538.0,460238.0,457978.0,456448.0,444175.0,443335.0,439869.0,436414.0,432972.0,429542.0,426124.0,422718.0,419324.0,415942.0,412572.0,409214.0,406324.0,403345.0,400657.0,398258.0,396460.0,395557.0
PL229,3,Gliwicki,2024,TOTAL,TOTAL,NR,450268.0,455081.0,459855.0,464819.0,471373.0,477047.0,479869.0,483413.0,488352.0,491923.0,495213.0,494601.0,496457.0,498919.0,501593.0,504585.0,507619.0,510674.0,513380.0,514706.0,517490.0,520075.0,523242.0,526507.0,529884.0,532826.0,535148.0,536789.0,537856.0,537878.0,535883.0,555168.0,553564.0,548159.0,548283.0,543479.0,541836.0,541274.0,540250.0,538575.0,523768.0,520339.0,517539.0,514161.0,511495.0,508564.0,505871.0,503457.0,500945.0,499103.0,478954.0,477835.0,473576.0,469333.0,465106.0,460895.0,456699.0,452519.0,448355.0,444206.0,440073.0,435956.0,431463.0,428209.0,425076.0,422023.0,420118.0,419161.0
PL22A,3,Katowicki,2024,TOTAL,TOTAL,NR,736341.0,744211.0,750816.0,757704.0,767152.0,775132.0,778455.0,782930.0,789641.0,794113.0,798112.0,795813.0,798985.0,803135.0,807631.0,812642.0,817724.0,822844.0,827407.0,829748.0,834442.0,838819.0,844694.0,850742.0,856986.0,862543.0,867110.0,870585.0,873137.0,874003.0,871594.0,905109.0,906389.0,889409.0,887315.0,865920.0,860087.0,856797.0,851460.0,843268.0,816271.0,809196.0,803540.0,797182.0,791338.0,786622.0,781683.0,776197.0,771521.0,767341.0,767482.0,764221.0,757285.0,750375.0,743490.0,736631.0,729798.0,722990.0,716207.0,709452.0,702723.0,696019.0,688521.0,682224.0,676766.0,672672.0,669636.0,668111.0
PL22B,3,Sosnowiecki,2024,TOTAL,TOTAL,NR,583171.0,589404.0,594219.0,599247.0,606289.0,612160.0,614343.0,617430.0,622270.0,625339.0,628027.0,625756.0,636115.0,647384.0,659076.0,671344.0,683834.0,696522.0,708901.0,719512.0,732302.0,744975.0,748746.0,752643.0,756685.0,760092.0,762599.0,764124.0,764822.0,764026.0,760363.0,785300.0,786841.0,767539.0,765862.0,761857.0,758697.0,756024.0,752132.0,750797.0,747628.0,744713.0,741235.0,738095.0,734929.0,731643.0,728212.0,724638.0,721377.0,718842.0,710083.0,707475.0,701644.0,695834.0,690044.0,684276.0,678528.0,672801.0,667095.0,661409.0,655745.0,650101.0,642334.0,636142.0,630026.0,624177.0,621360.0,619945.0
PL22C,3,Tyski,2024,TOTAL,TOTAL,NR,223757.0,226149.0,230726.0,235449.0,241036.0,246236.0,250009.0,254192.0,259155.0,263436.0,267604.0,269681.0,277205.0,285176.0,293389.0,301916.0,310603.0,319441.0,328196.0,336181.0,345234.0,354287.0,354778.0,355304.0,355871.0,356114.0,355913.0,355232.0,354150.0,352364.0,349249.0,360937.0,369722.0,368311.0,371498.0,385578.0,385606.0,386629.0,386809.0,387574.0,382190.0,382234.0,381882.0,382014.0,381931.0,382173.0,382278.0,382449.0,382967.0,383660.0,382702.0,384276.0,384599.0,384915.0,385225.0,385527.0,385823.0,386111.0,386393.0,386668.0,386936.0,387197.0,386273.0,385434.0,384459.0,383407.0,381676.0,380807.0
PL411,3,Pilski,2024,TOTAL,TOTAL,NR,300446.0,303657.0,306673.0,309811.0,314004.0,317606.0,319306.0,321485.0,324587.0,326776.0,328776.0,328184.0,330847.0,333938.0,337198.0,340699.0,344258.0,347863.0,351259.0,353736.0,357239.0,360635.0,365757.0,371004.0,376389.0,381524.0,386266.0,390562.0,394478.0,397658.0,399358.0,397570.0,399949.0,403421.0,405463.0,407040.0,408556.0,409850.0,410461.0,410758.0,403430.0,403995.0,404645.0,405170.0,405572.0,405925.0,406424.0,406377.0,407192.0,408510.0,408932.0,409666.0,407578.0,405496.0,403418.0,401346.0,399280.0,397219.0,395163.0,393112.0,391067.0,389027.0,386428.0,384414.0,382519.0,380310.0,378593.0,377731.0
PL414,3,Koninski,2024,TOTAL,TOTAL,NR,496613.0,501921.0,507112.0,512510.0,519660.0,525837.0,528869.0,532697.0,538060.0,541913.0,545455.0,544700.0,548813.0,553630.0,558721.0,564207.0,569782.0,575425.0,580718.0,584486.0,589945.0,595220.0,602139.0,609236.0,616529.0,623381.0,629566.0,635000.0,639798.0,643388.0,644577.0,638322.0,640978.0,646617.0,648831.0,651300.0,652481.0,653576.0,654535.0,655624.0,646855.0,647680.0,648444.0,648913.0,649171.0,649719.0,649593.0,649805.0,650368.0,651655.0,655342.0,656167.0,653451.0,650741.0,648036.0,645336.0,642641.0,639952.0,637268.0,634590.0,631916.0,629248.0,626025.0,623516.0,620711.0,617476.0,614689.0,613289.0
PL415,3,Miasto Poznan,2024,TOTAL,TOTAL,NR,411674.0,416074.0,422461.0,429069.0,437200.0,444570.0,449325.0,454788.0,461605.0,467169.0,472501.0,474126.0,480769.0,488079.0,495687.0,503706.0,511866.0,520151.0,528182.0,534877.0,543173.0,551359.0,554615.0,557973.0,561448.0,564461.0,566815.0,568445.0,569466.0,569380.0,567159.0,590101.0,589685.0,582919.0,582813.0,582357.0,581171.0,580831.0,580046.0,578235.0,584257.0,582254.0,579343.0,577117.0,574125.0,570778.0,567882.0,564951.0,560932.0,557264.0,554951.0,552568.0,551593.0,550615.0,549635.0,548652.0,547667.0,546680.0,545690.0,544698.0,543704.0,542707.0,540458.0,537063.0,534596.0,532887.0,530482.0,529274.0
PL416,3,Kaliski,2024,TOTAL,TOTAL,NR,532256.0,537945.0,542693.0,547645.0,554446.0,560186.0,562560.0,565766.0,570586.0,573789.0,576649.0,574959.0,578418.0,582605.0,587064.0,591921.0,596853.0,601839.0,606441.0,609434.0,614176.0,618709.0,624826.0,631106.0,637568.0,643553.0,648832.0,653320.0,657140.0,659708.0,659811.0,656726.0,659387.0,663220.0,664721.0,666455.0,667043.0,667878.0,668465.0,669435.0,665369.0,665999.0,665970.0,666160.0,666114.0,666149.0,666855.0,666966.0,666968.0,667734.0,667116.0,667987.0,666100.0,664213.0,662330.0,660445.0,658561.0,656678.0,654795.0,652914.0,651034.0,649154.0,646066.0,643465.0,640543.0,637755.0,634877.0,633431.0
PL417,3,Leszczynski,2024,TOTAL,TOTAL,NR,412928.0,417342.0,420767.0,424344.0,429347.0,433521.0,435084.0,437288.0,440733.0,442924.0,444845.0,443255.0,446905.0,451134.0,455592.0,460378.0,465242.0,470169.0,474816.0,478220.0,483014.0,487663.0,492280.0,497022.0,501902.0,506404.0,510345.0,513662.0,516451.0,518254.0,518120.0,516867.0,520065.0,524904.0,527368.0,529313.0,531105.0,532653.0,534041.0,535025.0,531609.0,532642.0,534290.0,535206.0,536468.0,537454.0,538795.0,539847.0,541323.0,543242.0,544077.0,546215.0,546224.0,546226.0,546220.0,546207.0,546186.0,546158.0,546122.0,546079.0,546029.0,545971.0,544388.0,543338.0,542106.0,541062.0,538620.0,537393.0
PL418,3,Poznanski,2024,TOTAL,TOTAL,NR,347177.0,350888.0,355203.0,359679.0,365403.0,370462.0,373320.0,376749.0,381279.0,384753.0,388018.0,388231.0,391643.0,395565.0,399692.0,404111.0,408603.0,413155.0,417464.0,420685.0,425132.0,429456.0,434652.0,439979.0,445453.0,450611.0,455292.0,459432.0,463115.0,465924.0,466997.0,468937.0,473300.0,479937.0,484392.0,488357.0,491585.0,494969.0,498497.0,502345.0,508229.0,512746.0,517745.0,522713.0,528482.0,535258.0,542868.0,550556.0,560099.0,569212.0,580303.0,590102.0,601319.0,612469.0,623552.0,634570.0,645520.0,656404.0,667223.0,677975.0,688658.0,699277.0,706509.0,712432.0,718029.0,723864.0,720597.0,718955.0
PL424,3,Miasto Szczecin,2024,TOTAL,TOTAL,NR,271733.0,274637.0,281236.0,288036.0,295921.0,303359.0,309059.0,315283.0,322493.0,328875.0,335132.0,338778.0,343371.0,348439.0,353716.0,359283.0,364948.0,370699.0,376267.0,380879.0,386629.0,392299.0,394348.0,396464.0,398658.0,400518.0,401906.0,402777.0,403213.0,402862.0,400999.0,413437.0,414241.0,416402.0,417747.0,419608.0,418156.0,418826.0,418985.0,416988.0,416791.0,416657.0,415748.0,415117.0,414032.0,411900.0,411119.0,409068.0,407811.0,406941.0,408290.0,407723.0,406192.0,404664.0,403138.0,401615.0,400094.0,398576.0,397060.0,395546.0,394036.0,392527.0,389103.0,386597.0,383937.0,382393.0,380667.0,379800.0
PL426,3,Koszalinski,2024,TOTAL,TOTAL,NR,222349.0,224726.0,229167.0,233750.0,239188.0,244239.0,247873.0,251912.0,256721.0,260853.0,264871.0,266819.0,271116.0,275798.0,280659.0,285763.0,290958.0,296236.0,301380.0,305770.0,311084.0,316347.0,320855.0,325474.0,330215.0,334735.0,338912.0,342697.0,346149.0,348956.0,355260.0,353328.0,354408.0,355987.0,356742.0,357739.0,358481.0,358881.0,359178.0,359478.0,353698.0,349744.0,350314.0,350494.0,350536.0,350983.0,351204.0,351593.0,351977.0,352599.0,353529.0,353939.0,352352.0,350769.0,349188.0,347612.0,346039.0,344470.0,342904.0,341341.0,339782.0,338226.0,335325.0,333412.0,331548.0,330149.0,328659.0,327910.0
PL427,3,Szczecinecko-pyrzycki,2024,TOTAL,TOTAL,NR,356779.0,360592.0,363945.0,367438.0,372177.0,376208.0,377981.0,380317.0,383742.0,386082.0,388194.0,387245.0,389962.0,393176.0,396581.0,400262.0,404002.0,407787.0,411319.0,413767.0,417409.0,420916.0,424509.0,428202.0,432007.0,435477.0,438460.0,440900.0,442881.0,444013.0,449554.0,444663.0,445421.0,446801.0,447143.0,447785.0,448104.0,447995.0,447755.0,447518.0,439721.0,434308.0,434520.0,434246.0,433802.0,433859.0,433636.0,433621.0,433598.0,433868.0,434515.0,433310.0,428748.0,424203.0,419677.0,415168.0,410678.0,406205.0,401750.0,397313.0,392894.0,388493.0,384399.0,380926.0,377539.0,373579.0,371893.0,371046.0
PL428,3,Szczecinski,2024,TOTAL,TOTAL,NR,317766.0,321164.0,326567.0,332151.0,338926.0,345126.0,349304.0,354040.0,359839.0,364671.0,369330.0,371094.0,373678.0,376738.0,379980.0,383487.0,387049.0,390654.0,394016.0,396340.0,399807.0,403145.0,410934.0,418903.0,427069.0,434990.0,442500.0,449529.0,456147.0,461933.0,472385.0,471894.0,476749.0,482302.0,486760.0,491568.0,496041.0,500054.0,503930.0,507820.0,503066.0,497226.0,497820.0,497861.0,497703.0,498123.0,498219.0,498556.0,498885.0,499549.0,500651.0,502194.0,501059.0,499923.0,498787.0,497649.0,496511.0,495371.0,494231.0,493090.0,491947.0,490805.0,489432.0,488114.0,486729.0,485774.0,483581.0,482479.0
PL431,3,Gorzowski,2024,TOTAL,TOTAL,NR,257437.0,260189.0,264460.0,268876.0,274253.0,279161.0,282432.0,286153.0,290731.0,294525.0,298178.0,299493.0,302727.0,306365.0,310172.0,314218.0,318333.0,322506.0,326504.0,329659.0,333786.0,337827.0,342457.0,347202.0,352072.0,356705.0,360968.0,364811.0,368298.0,371095.0,372511.0,373260.0,375017.0,377128.0,378485.0,380312.0,380976.0,382166.0,383468.0,384319.0,379298.0,379409.0,380132.0,379985.0,381060.0,381251.0,381623.0,381622.0,381834.0,382033.0,380793.0,381388.0,380054.0,378721.0,377390.0,376061.0,374734.0,373409.0,372085.0,370763.0,369443.0,368125.0,364545.0,362428.0,360209.0,358621.0,357002.0,356189.0
PL432,3,Zielonogórski,2024,TOTAL,TOTAL,NR,464679.0,469646.0,475087.0,480735.0,488043.0,494452.0,497917.0,502140.0,507822.0,512091.0,516076.0,516000.0,520831.0,526345.0,532137.0,538324.0,544614.0,550990.0,557049.0,561660.0,567913.0,574007.0,580728.0,587621.0,594704.0,601363.0,607380.0,612673.0,617352.0,620866.0,622064.0,621180.0,623613.0,627593.0,629498.0,631733.0,633615.0,635430.0,636877.0,638202.0,628669.0,629063.0,628851.0,628211.0,627726.0,627917.0,627575.0,626898.0,626647.0,626929.0,628812.0,629312.0,626119.0,622935.0,619758.0,616590.0,613430.0,610277.0,607134.0,603998.0,600870.0,597750.0,593736.0,590365.0,587575.0,585173.0,582532.0,581205.0
PL514,3,Miasto Wroclaw,2024,TOTAL,TOTAL,NR,438926.0,443618.0,452776.0,462223.0,473373.0,483767.0,491360.0,499764.0,509703.0,518305.0,526687.0,530955.0,537608.0,544995.0,552699.0,560846.0,569136.0,577549.0,585664.0,592284.0,600665.0,608910.0,611904.0,614999.0,618211.0,620901.0,622856.0,624007.0,624481.0,623736.0,620648.0,643218.0,643640.0,640663.0,642332.0,642917.0,641974.0,640600.0,639399.0,637877.0,643522.0,640614.0,640804.0,639150.0,637548.0,636268.0,635932.0,634630.0,632930.0,632162.0,623334.0,624199.0,628950.0,633669.0,638354.0,643006.0,647623.0,652210.0,656762.0,661282.0,665767.0,670219.0,670438.0,671206.0,670892.0,672400.0,669365.0,667840.0
PL515,3,Jeleniogórski,2024,TOTAL,TOTAL,NR,515988.0,521503.0,525752.0,530190.0,536410.0,541592.0,543512.0,546231.0,550502.0,553204.0,555570.0,553549.0,555616.0,558361.0,561344.0,564682.0,568066.0,571475.0,574493.0,575966.0,579070.0,581951.0,586982.0,592151.0,597477.0,602342.0,606532.0,609973.0,612781.0,614414.0,613749.0,608763.0,609858.0,613694.0,614416.0,616141.0,616602.0,616350.0,615903.0,615019.0,593942.0,592813.0,591231.0,589618.0,587808.0,586147.0,584194.0,581467.0,579646.0,578265.0,575943.0,574505.0,569231.0,563977.0,558743.0,553528.0,548333.0,543157.0,538002.0,532866.0,527749.0,522653.0,516978.0,512700.0,508467.0,503919.0,501645.0,500502.0
PL516,3,Legnicko-Glogowski,2024,TOTAL,TOTAL,NR,251085.0,253769.0,259702.0,265816.0,272928.0,279623.0,284713.0,290283.0,296757.0,302467.0,308060.0,311251.0,319003.0,327253.0,335765.0,344619.0,353638.0,362812.0,371874.0,380051.0,389420.0,398774.0,405478.0,412341.0,419378.0,426155.0,432513.0,438386.0,443846.0,448487.0,451463.0,456091.0,458512.0,459711.0,461537.0,462556.0,463352.0,464432.0,465481.0,465949.0,452936.0,453011.0,452824.0,452297.0,451215.0,450631.0,449958.0,449072.0,448586.0,448622.0,449158.0,449023.0,446614.0,444212.0,441817.0,439427.0,437045.0,434668.0,432298.0,429935.0,427578.0,425228.0,422618.0,420225.0,417748.0,415243.0,413369.0,412427.0
PL517,3,Walbrzyski,2024,TOTAL,TOTAL,NR,659873.0,666926.0,672534.0,678387.0,686524.0,693339.0,695981.0,699649.0,705308.0,708962.0,712187.0,709790.0,710286.0,711613.0,713203.0,715202.0,717214.0,719212.0,720674.0,720160.0,721648.0,722813.0,727907.0,733151.0,738566.0,743388.0,747358.0,750386.0,752621.0,753401.0,751359.0,742962.0,742638.0,744617.0,743861.0,743367.0,741624.0,739719.0,737386.0,735114.0,706938.0,704217.0,701726.0,698319.0,694684.0,691079.0,687863.0,683676.0,680111.0,677218.0,679609.0,676392.0,668330.0,660299.0,652301.0,644337.0,636406.0,628507.0,620641.0,612808.0,605008.0,597241.0,589688.0,583214.0,576998.0,570996.0,568419.0,567124.0
PL518,3,Wroclawski,2024,TOTAL,TOTAL,NR,424047.0,428579.0,435341.0,442335.0,450903.0,458693.0,463787.0,469615.0,476845.0,482784.0,488487.0,490358.0,489679.0,489555.0,489593.0,489892.0,490178.0,490433.0,490300.0,488805.0,488651.0,488256.0,492925.0,497720.0,502655.0,507211.0,511207.0,514578.0,517421.0,519276.0,519191.0,513920.0,515544.0,519761.0,520894.0,523346.0,524726.0,525783.0,527212.0,528169.0,519801.0,521540.0,523037.0,525310.0,527058.0,528930.0,530285.0,533472.0,537137.0,540792.0,548465.0,553984.0,560596.0,567166.0,573694.0,580180.0,586625.0,593027.0,599387.0,605705.0,611982.0,618216.0,622507.0,626574.0,631358.0,635742.0,632873.0,631431.0
PL523,3,Nyski,2024,TOTAL,TOTAL,NR,343617.0,347290.0,350622.0,354092.0,358765.0,362759.0,364578.0,366941.0,370357.0,372728.0,374881.0,374078.0,375615.0,377613.0,379774.0,382178.0,384616.0,387074.0,389270.0,390422.0,392682.0,394793.0,397179.0,399638.0,402183.0,404397.0,406141.0,407367.0,408156.0,408153.0,406436.0,406648.0,407901.0,409926.0,410356.0,410718.0,410054.0,409981.0,409610.0,409222.0,401437.0,403481.0,403148.0,402346.0,401585.0,401292.0,401016.0,400237.0,399702.0,399490.0,378450.0,377110.0,373586.0,370075.0,366577.0,363093.0,359622.0,356164.0,352720.0,349289.0,345871.0,342466.0,339070.0,335827.0,332826.0,329909.0,328420.0,327672.0
PL524,3,Opolski,2024,TOTAL,TOTAL,NR,522641.0,528227.0,536568.0,545194.0,555761.0,565369.0,571654.0,578844.0,587762.0,595090.0,602125.0,604438.0,608503.0,613341.0,618472.0,624032.0,629679.0,635392.0,640708.0,644332.0,649813.0,655081.0,659506.0,664062.0,668769.0,672936.0,676328.0,678864.0,680681.0,681180.0,678819.0,679683.0,681332.0,684265.0,684530.0,684680.0,683118.0,682543.0,681467.0,680364.0,666970.0,667117.0,663290.0,658663.0,654082.0,650239.0,646391.0,641704.0,637386.0,633550.0,596833.0,595876.0,593042.0,590215.0,587394.0,584580.0,581772.0,578972.0,576178.0,573390.0,570610.0,567836.0,563374.0,560543.0,557566.0,554865.0,552361.0,551103.0
PL613,3,Bydgosko-Torunski,2024,TOTAL,TOTAL,NR,476229.0,481319.0,490502.0,499981.0,511283.0,521746.0,529175.0,537466.0,547392.0,555869.0,564098.0,567915.0,576846.0,586595.0,596718.0,607355.0,618182.0,629179.0,639888.0,648994.0,660058.0,671008.0,678680.0,686549.0,694637.0,702226.0,709061.0,715049.0,720319.0,724226.0,725432.0,740756.0,743521.0,744847.0,747944.0,750848.0,753089.0,755176.0,756732.0,759260.0,755220.0,753654.0,755866.0,755639.0,755318.0,756450.0,757695.0,758145.0,759190.0,760017.0,763988.0,765371.0,763990.0,762604.0,761216.0,759826.0,758432.0,757034.0,755634.0,754230.0,752823.0,751413.0,747601.0,744334.0,741604.0,739881.0,736542.0,734864.0
PL616,3,Grudziadzki,2024,TOTAL,TOTAL,NR,336715.0,340314.0,343053.0,345914.0,349936.0,353281.0,354497.0,356234.0,358982.0,360707.0,362212.0,360856.0,361768.0,363114.0,364606.0,366321.0,368056.0,369798.0,371278.0,371752.0,373272.0,374638.0,377411.0,380265.0,383209.0,385849.0,388048.0,389761.0,391064.0,391612.0,396526.0,391277.0,392199.0,395435.0,396066.0,396913.0,396882.0,396954.0,396993.0,396712.0,388391.0,388835.0,388920.0,388982.0,388941.0,388807.0,388603.0,388077.0,387863.0,388312.0,389250.0,389295.0,386972.0,384657.0,382348.0,380045.0,377750.0,375462.0,373180.0,370905.0,368637.0,366376.0,363319.0,361017.0,358640.0,356076.0,354469.0,353662.0
PL617,3,Inowroclawski,2024,TOTAL,TOTAL,NR,293194.0,296328.0,299490.0,302777.0,307101.0,310853.0,312748.0,315115.0,318392.0,320777.0,322981.0,322640.0,324629.0,327027.0,329578.0,332354.0,335173.0,338023.0,340659.0,342391.0,345108.0,347707.0,350627.0,353627.0,356720.0,359536.0,361947.0,363910.0,365494.0,366377.0,371351.0,366809.0,368012.0,371392.0,372330.0,373471.0,373788.0,374204.0,374589.0,374672.0,367155.0,367451.0,367405.0,367339.0,367176.0,366925.0,366608.0,365989.0,365663.0,365964.0,366724.0,366622.0,363940.0,361267.0,358603.0,355948.0,353302.0,350665.0,348037.0,345418.0,342808.0,340207.0,337250.0,335149.0,332772.0,330095.0,328605.0,327856.0
PL618,3,Swiecki,2024,TOTAL,TOTAL,NR,154405.0,156055.0,157699.0,159408.0,161662.0,163615.0,164589.0,165812.0,167513.0,168745.0,169881.0,169678.0,170202.0,170932.0,171732.0,172639.0,173558.0,174482.0,175284.0,175613.0,176438.0,177192.0,178536.0,179919.0,181345.0,182628.0,183703.0,184548.0,185199.0,185494.0,187857.0,185405.0,186028.0,187750.0,188239.0,188830.0,189005.0,189230.0,189439.0,189495.0,185708.0,185949.0,186017.0,186075.0,186083.0,186046.0,185976.0,185753.0,185678.0,185920.0,186397.0,186638.0,185594.0,184553.0,183515.0,182479.0,181447.0,180418.0,179391.0,178367.0,177347.0,176329.0,175188.0,174147.0,172985.0,171925.0,171149.0,170759.0
PL619,3,Wloclawski,2024,TOTAL,TOTAL,NR,321156.0,324589.0,326992.0,329507.0,333122.0,336086.0,337022.0,338448.0,340831.0,342238.0,343433.0,341914.0,343617.0,345747.0,348031.0,350544.0,353095.0,355670.0,358010.0,359396.0,361806.0,364086.0,366282.0,368547.0,370889.0,372927.0,374531.0,375657.0,376381.0,376374.0,380554.0,374977.0,375833.0,378908.0,379486.0,380269.0,380213.0,380255.0,380265.0,379967.0,371971.0,371928.0,371539.0,371131.0,370624.0,370030.0,369371.0,368407.0,367742.0,367705.0,368130.0,367203.0,363907.0,360623.0,357351.0,354092.0,350844.0,347609.0,344386.0,341176.0,337977.0,334791.0,331420.0,328550.0,325647.0,322463.0,321008.0,320277.0
PL621,3,Elblaski,2024,TOTAL,TOTAL,NR,408090.0,412452.0,416474.0,420661.0,426280.0,431093.0,433323.0,436201.0,440331.0,443221.0,445853.0,444969.0,448041.0,451683.0,455544.0,459721.0,463964.0,468257.0,472260.0,475017.0,479144.0,483115.0,489848.0,496747.0,503828.0,510571.0,516787.0,522404.0,527511.0,531632.0,533775.0,525684.0,527974.0,533696.0,535852.0,538675.0,540079.0,541652.0,543233.0,544294.0,531544.0,532464.0,533114.0,533346.0,533198.0,532409.0,531689.0,530616.0,529864.0,529810.0,531134.0,530780.0,526394.0,522024.0,517670.0,513332.0,509009.0,504701.0,500410.0,496134.0,491874.0,487629.0,483141.0,479660.0,476177.0,472672.0,470539.0,469467.0
PL622,3,Olsztynski,2024,TOTAL,TOTAL,NR,451360.0,456184.0,461908.0,467844.0,475406.0,482106.0,485944.0,490528.0,496547.0,501193.0,505569.0,505969.0,510162.0,515016.0,520131.0,525622.0,531203.0,536855.0,542189.0,546104.0,551607.0,556944.0,563218.0,569653.0,576268.0,582467.0,588040.0,592908.0,597179.0,600321.0,601222.0,606495.0,609913.0,614219.0,616857.0,619049.0,620722.0,622450.0,624035.0,625562.0,609360.0,611025.0,611167.0,610991.0,611589.0,611991.0,612610.0,612381.0,612524.0,613418.0,613594.0,614086.0,609938.0,605802.0,601681.0,597571.0,593476.0,589394.0,585325.0,581270.0,577227.0,573199.0,568874.0,565651.0,562460.0,559272.0,556748.0,555480.0
PL623,3,Elcki,2024,TOTAL,TOTAL,NR,220951.0,223313.0,225751.0,228284.0,231600.0,234487.0,235974.0,237817.0,240349.0,242209.0,243933.0,243735.0,244909.0,246387.0,247974.0,249724.0,251500.0,253291.0,254916.0,255859.0,257531.0,259110.0,262779.0,266538.0,270395.0,274072.0,277468.0,280542.0,283344.0,285616.0,286826.0,283375.0,285430.0,288682.0,289803.0,291397.0,291622.0,292622.0,293164.0,293664.0,283868.0,284019.0,284188.0,284112.0,284098.0,284314.0,284302.0,283886.0,283767.0,283845.0,283768.0,283754.0,281547.0,279349.0,277157.0,274974.0,272798.0,270630.0,268469.0,266316.0,264171.0,262033.0,259828.0,258069.0,256075.0,254071.0,252924.0,252348.0
PL633,3,Trojmiejski,2024,TOTAL,TOTAL,NR,494947.0,500237.0,512380.0,524893.0,539386.0,553068.0,563584.0,575057.0,588330.0,600096.0,611636.0,618411.0,628489.0,639463.0,650852.0,662808.0,674978.0,687342.0,699397.0,709705.0,722161.0,734498.0,737608.0,740830.0,744183.0,746898.0,748720.0,749567.0,749594.0,748153.0,743900.0,763297.0,764113.0,756829.0,757949.0,758274.0,758226.0,757628.0,755965.0,755290.0,760210.0,758730.0,757284.0,756571.0,755528.0,752943.0,750919.0,748126.0,745113.0,743659.0,742908.0,742302.0,743021.0,743729.0,744422.0,745101.0,745766.0,746419.0,747056.0,747680.0,748290.0,748886.0,746755.0,744814.0,743881.0,743681.0,740324.0,738638.0
PL634,3,Gdanski,2024,TOTAL,TOTAL,NR,260732.0,263519.0,268818.0,274285.0,280759.0,286781.0,291140.0,295977.0,301720.0,306669.0,311486.0,313869.0,317838.0,322240.0,326832.0,331686.0,336625.0,341637.0,346474.0,350428.0,355423.0,360339.0,366340.0,372484.0,378784.0,384848.0,390532.0,395778.0,400650.0,404782.0,407412.0,415466.0,420534.0,424450.0,429101.0,432804.0,437417.0,441739.0,445914.0,450160.0,452858.0,457143.0,462123.0,466226.0,471296.0,477405.0,483299.0,489826.0,498360.0,505881.0,516316.0,525318.0,534137.0,542903.0,551616.0,560275.0,568882.0,577435.0,585936.0,594384.0,602778.0,611119.0,617801.0,623591.0,629685.0,635034.0,632168.0,630728.0
PL636,3,Slupski,2024,TOTAL,TOTAL,NR,217965.0,220295.0,224103.0,228038.0,232794.0,237157.0,240133.0,243494.0,247588.0,251019.0,254332.0,255653.0,258655.0,262007.0,265507.0,269217.0,272991.0,276820.0,280502.0,283465.0,287267.0,291001.0,295058.0,299216.0,303483.0,307546.0,311292.0,314677.0,317755.0,320239.0,325173.0,324068.0,326200.0,329550.0,331249.0,332540.0,333551.0,334573.0,335911.0,336886.0,330072.0,328167.0,328550.0,328724.0,328675.0,328744.0,328654.0,328459.0,328600.0,328985.0,330466.0,330781.0,329204.0,327630.0,326060.0,324494.0,322931.0,321372.0,319818.0,318266.0,316719.0,315175.0,313412.0,312145.0,310957.0,309653.0,308255.0,307553.0
PL637,3,Chojnicki,2024,TOTAL,TOTAL,NR,147825.0,149405.0,151397.0,153461.0,156062.0,158383.0,159766.0,161396.0,163500.0,165155.0,166723.0,166981.0,168520.0,170280.0,172129.0,174105.0,176114.0,178151.0,180084.0,181549.0,183545.0,185488.0,187926.0,190425.0,192991.0,195424.0,197654.0,199652.0,201453.0,202876.0,205849.0,204999.0,206805.0,209390.0,210931.0,212214.0,213320.0,214435.0,215753.0,216840.0,212904.0,212320.0,213212.0,213968.0,214578.0,215265.0,215847.0,216358.0,217089.0,217982.0,219603.0,220525.0,220013.0,219500.0,218987.0,218474.0,217960.0,217446.0,216932.0,216417.0,215902.0,215387.0,214696.0,214254.0,213543.0,212687.0,211727.0,211245.0
PL638,3,Starogardzki,2024,TOTAL,TOTAL,NR,303095.0,306335.0,310136.0,314079.0,319111.0,323565.0,326096.0,329127.0,333120.0,336192.0,339081.0,339304.0,342511.0,346169.0,350009.0,354110.0,358279.0,362505.0,366524.0,369590.0,373738.0,377781.0,382283.0,386899.0,391643.0,396108.0,400152.0,403720.0,406885.0,409282.0,414799.0,412609.0,415025.0,418988.0,420847.0,422187.0,423170.0,424165.0,425561.0,426497.0,417576.0,415924.0,417168.0,418147.0,418841.0,419684.0,420324.0,420826.0,421758.0,423005.0,425662.0,426642.0,424463.0,422289.0,420120.0,417958.0,415801.0,413649.0,411503.0,409363.0,407228.0,405099.0,402846.0,400941.0,398906.0,396686.0,394896.0,393996.0
PL711,3,Miasto Lódz,2024,TOTAL,TOTAL,NR,723921.0,731659.0,737412.0,743425.0,751931.0,758976.0,761446.0,765032.0,770786.0,774341.0,777420.0,774360.0,780242.0,787127.0,794401.0,802238.0,810201.0,818263.0,825828.0,831223.0,839026.0,846566.0,849332.0,852211.0,855223.0,857486.0,858710.0,858802.0,857944.0,855397.0,856683.0,847121.0,841208.0,837590.0,830906.0,824568.0,817016.0,809355.0,801299.0,793155.0,776037.0,772384.0,768100.0,763736.0,758562.0,754090.0,749529.0,744786.0,740378.0,736675.0,732382.0,728747.0,722534.0,716342.0,710174.0,704027.0,697905.0,691804.0,685725.0,679670.0,673636.0,667625.0,659112.0,652983.0,646595.0,641392.0,638497.0,637042.0
PL712,3,Lódzki,2024,TOTAL,TOTAL,NR,310841.0,314163.0,317080.0,320118.0,324242.0,327749.0,329289.0,331320.0,334298.0,336332.0,338167.0,337335.0,339194.0,341477.0,343917.0,346586.0,349296.0,352033.0,354542.0,356108.0,358694.0,361153.0,363881.0,366687.0,369581.0,372184.0,374362.0,376072.0,377386.0,377973.0,380275.0,377767.0,379990.0,383287.0,385217.0,387327.0,388884.0,390392.0,391717.0,393000.0,389776.0,389323.0,388551.0,387738.0,386510.0,385637.0,384716.0,383699.0,382852.0,382369.0,381580.0,381133.0,381762.0,382383.0,382995.0,383598.0,384193.0,384780.0,385359.0,385929.0,386490.0,387043.0,386039.0,385278.0,385097.0,384855.0,383118.0,382245.0
PL713,3,Piotrkowski,2024,TOTAL,TOTAL,NR,533952.0,539659.0,541584.0,543648.0,547471.0,550165.0,549494.0,549592.0,551200.0,551186.0,550794.0,546033.0,548392.0,551426.0,554701.0,558333.0,562017.0,565732.0,569067.0,570877.0,574310.0,577528.0,583003.0,588626.0,594414.0,599752.0,604428.0,608364.0,611675.0,613818.0,618761.0,615881.0,616234.0,618304.0,618145.0,618262.0,617486.0,616628.0,615478.0,614263.0,606038.0,605682.0,604831.0,603915.0,602353.0,601342.0,600256.0,599020.0,598049.0,597646.0,596764.0,596418.0,592230.0,588057.0,583897.0,579751.0,575618.0,571500.0,567394.0,563303.0,559226.0,555162.0,550213.0,546039.0,542346.0,538482.0,536052.0,534831.0
PL714,3,Sieradzki,2024,TOTAL,TOTAL,NR,430595.0,435197.0,436924.0,438767.0,442034.0,444395.0,444042.0,444313.0,445808.0,445995.0,445880.0,442229.0,443070.0,444438.0,445981.0,447790.0,449618.0,451448.0,452954.0,453227.0,454770.0,456120.0,458938.0,461843.0,464847.0,467471.0,469552.0,471035.0,472015.0,472078.0,474276.0,470472.0,470644.0,472126.0,471905.0,471895.0,471203.0,470448.0,469470.0,468443.0,462071.0,461685.0,460921.0,460107.0,458802.0,457917.0,456975.0,455918.0,455064.0,454642.0,453856.0,453477.0,450644.0,447820.0,445004.0,442197.0,439398.0,436608.0,433827.0,431054.0,428291.0,425535.0,422292.0,419701.0,416734.0,414009.0,412140.0,411201.0
PL715,3,Skierniewicki,2024,TOTAL,TOTAL,NR,359996.0,363844.0,365389.0,367032.0,369870.0,371953.0,371766.0,372103.0,373467.0,373738.0,373757.0,370814.0,371813.0,373259.0,374857.0,376685.0,378535.0,380393.0,381983.0,382540.0,384173.0,385650.0,390149.0,394763.0,399505.0,403961.0,407986.0,411524.0,414650.0,416993.0,421248.0,420181.0,417271.0,415497.0,412204.0,409082.0,405360.0,401579.0,397606.0,393589.0,385118.0,384210.0,382989.0,381726.0,380057.0,378737.0,377371.0,375912.0,374620.0,373684.0,372449.0,371549.0,368913.0,366286.0,363668.0,361059.0,358458.0,355866.0,353282.0,350707.0,348141.0,345584.0,341811.0,339020.0,336467.0,333878.0,332371.0,331614.0
PL721,3,Kielecki,2024,TOTAL,TOTAL,NR,605878.0,612354.0,619150.0,626210.0,635423.0,643459.0,647657.0,652835.0,659905.0,665133.0,669987.0,669566.0,675888.0,683098.0,690669.0,698754.0,706974.0,715305.0,723228.0,729271.0,737447.0,745417.0,752153.0,759072.0,766197.0,772738.0,778418.0,783140.0,787054.0,789461.0,795466.0,791412.0,793299.0,797408.0,798654.0,800261.0,800716.0,801068.0,801041.0,800930.0,791662.0,790857.0,789402.0,787863.0,785482.0,783825.0,782062.0,780109.0,778503.0,777635.0,776145.0,775352.0,768582.0,761837.0,755116.0,748421.0,741750.0,735103.0,728482.0,721885.0,715313.0,708766.0,701880.0,696408.0,690682.0,684787.0,681696.0,680143.0
PL722,3,Sandomiersko-jedrzejowski,2024,TOTAL,TOTAL,NR,538668.0,544426.0,544035.0,543728.0,545118.0,545315.0,542129.0,539663.0,538630.0,535962.0,532884.0,525561.0,524967.0,524970.0,525150.0,525612.0,526063.0,526483.0,526490.0,525037.0,525026.0,524760.0,527210.0,529744.0,532376.0,534557.0,536103.0,536954.0,537221.0,536437.0,538068.0,532887.0,531810.0,532203.0,530669.0,529365.0,527292.0,525149.0,522754.0,520304.0,511933.0,510747.0,509144.0,507486.0,505288.0,503554.0,501758.0,499839.0,498142.0,496919.0,495298.0,494122.0,489197.0,484291.0,479404.0,474536.0,469687.0,464857.0,460046.0,455254.0,450481.0,445727.0,440838.0,436689.0,432471.0,427894.0,425963.0,424993.0
PL811,3,Bialski,2024,TOTAL,TOTAL,NR,278095.0,281067.0,282174.0,283355.0,285456.0,286971.0,286734.0,286899.0,287855.0,287966.0,287881.0,285514.0,286447.0,287727.0,289127.0,290708.0,292310.0,293921.0,295328.0,295940.0,297387.0,298716.0,301477.0,304312.0,307232.0,309918.0,312260.0,314219.0,315854.0,316885.0,319361.0,317799.0,318149.0,319386.0,319474.0,319705.0,319474.0,319202.0,318778.0,318321.0,314229.0,313969.0,313452.0,312902.0,312017.0,311417.0,310779.0,310064.0,309485.0,309201.0,308669.0,308414.0,305529.0,302655.0,299792.0,296939.0,294097.0,291266.0,288447.0,285637.0,282839.0,280052.0,277011.0,274914.0,272626.0,270225.0,269005.0,268392.0
PL812,3,Chelmsko-zamojski,2024,TOTAL,TOTAL,NR,631600.0,638351.0,640213.0,642229.0,646312.0,649050.0,647810.0,647470.0,648899.0,648410.0,647469.0,641389.0,642165.0,643697.0,645473.0,647626.0,649797.0,651963.0,653649.0,653550.0,655273.0,656710.0,661364.0,666155.0,671101.0,675510.0,679144.0,681923.0,683982.0,684719.0,688559.0,683688.0,683518.0,685248.0,684505.0,684064.0,682633.0,681112.0,679267.0,677350.0,667710.0,666284.0,664314.0,662273.0,659525.0,657384.0,655162.0,652778.0,650684.0,649210.0,647215.0,645802.0,637991.0,630212.0,622465.0,614750.0,607067.0,599416.0,591797.0,584209.0,576655.0,569131.0,561415.0,555496.0,549309.0,543081.0,540630.0,539398.0
PL814,3,Lubelski,2024,TOTAL,TOTAL,NR,500653.0,506004.0,512780.0,519801.0,528640.0,536533.0,541249.0,546802.0,553964.0,559603.0,564947.0,565852.0,572354.0,579627.0,587228.0,595288.0,603487.0,611805.0,619796.0,626196.0,634446.0,642543.0,650748.0,659159.0,667797.0,675971.0,683436.0,690096.0,696075.0,700745.0,708638.0,707580.0,710046.0,714507.0,716407.0,718635.0,719831.0,720935.0,721699.0,722387.0,714807.0,715097.0,714802.0,714430.0,713291.0,712804.0,712227.0,711471.0,711027.0,711260.0,710922.0,711222.0,708887.0,706554.0,704225.0,701896.0,699572.0,697250.0,694929.0,692613.0,690298.0,687985.0,684656.0,682886.0,681242.0,680432.0,677361.0,675818.0
PL815,3,Pulawski,2024,TOTAL,TOTAL,NR,432009.0,436627.0,440438.0,444412.0,449887.0,454499.0,456379.0,458934.0,462797.0,465348.0,467619.0,466201.0,468015.0,470401.0,472988.0,475877.0,478806.0,481756.0,484380.0,485702.0,488400.0,490912.0,494766.0,498729.0,502816.0,506508.0,509625.0,512107.0,514052.0,515008.0,518303.0,515042.0,515066.0,516524.0,516117.0,515940.0,515016.0,514025.0,512789.0,511499.0,504375.0,503813.0,502838.0,501810.0,500245.0,499139.0,497971.0,496679.0,495606.0,495006.0,494008.0,493454.0,488422.0,483409.0,478416.0,473443.0,468489.0,463554.0,458639.0,453744.0,448868.0,444012.0,438994.0,435104.0,431288.0,426894.0,424967.0,423999.0
PL821,3,Krosnienski,2024,TOTAL,TOTAL,NR,344223.0,347902.0,351846.0,355942.0,361263.0,365918.0,368392.0,371424.0,375535.0,378599.0,381452.0,381302.0,385175.0,389558.0,394152.0,399045.0,404020.0,409065.0,413881.0,417626.0,422597.0,427456.0,432930.0,438542.0,444305.0,449760.0,454742.0,459190.0,463185.0,466309.0,471578.0,470890.0,473114.0,476672.0,478525.0,480600.0,481987.0,483313.0,484411.0,485458.0,480943.0,481012.0,480688.0,480312.0,479421.0,478968.0,478455.0,477822.0,477399.0,477430.0,477078.0,477154.0,473689.0,470235.0,466793.0,463363.0,459944.0,456537.0,453141.0,449757.0,446385.0,443024.0,439214.0,436569.0,433694.0,430415.0,428472.0,427496.0
PL822,3,Przemyski,2024,TOTAL,TOTAL,NR,332168.0,335718.0,338021.0,340435.0,343982.0,346851.0,347622.0,348897.0,351154.0,352402.0,353428.0,351660.0,353087.0,354947.0,356959.0,359201.0,361473.0,363764.0,365808.0,366871.0,368974.0,370938.0,374346.0,377847.0,381452.0,384766.0,387653.0,390064.0,392073.0,393332.0,396384.0,394424.0,395804.0,398295.0,399359.0,400606.0,401278.0,401898.0,402329.0,402718.0,398497.0,398364.0,397906.0,397404.0,396477.0,395913.0,395299.0,394586.0,394047.0,393883.0,393404.0,393277.0,389611.0,385958.0,382319.0,378694.0,375082.0,371485.0,367901.0,364331.0,360774.0,357232.0,354015.0,351769.0,349100.0,346128.0,344566.0,343781.0
PL823,3,Rzeszowski,2024,TOTAL,TOTAL,NR,424445.0,428982.0,433571.0,438341.0,444613.0,450056.0,452812.0,456250.0,461007.0,464473.0,467676.0,467195.0,472126.0,477687.0,483509.0,489701.0,495999.0,502385.0,508494.0,513291.0,519598.0,525770.0,532252.0,538898.0,545725.0,552168.0,558028.0,563227.0,567868.0,571438.0,577634.0,576533.0,580441.0,585994.0,589461.0,593205.0,596103.0,598928.0,601471.0,603952.0,599499.0,600982.0,601973.0,602898.0,603174.0,603997.0,604743.0,605334.0,606188.0,607619.0,608562.0,610052.0,610695.0,611326.0,611945.0,612552.0,613149.0,613732.0,614306.0,614867.0,615416.0,615954.0,616786.0,617969.0,618464.0,620149.0,617350.0,615944.0
PL824,3,Tarnobrzeski,2024,TOTAL,TOTAL,NR,401817.0,406112.0,411858.0,417808.0,425228.0,431895.0,436011.0,440806.0,446904.0,451780.0,456423.0,457482.0,463366.0,469884.0,476680.0,483860.0,491166.0,498581.0,505743.0,511616.0,519012.0,526294.0,534842.0,543594.0,552570.0,561198.0,569268.0,576696.0,583576.0,589378.0,597913.0,598902.0,602207.0,607213.0,610052.0,613175.0,615421.0,617591.0,619470.0,621283.0,615973.0,615519.0,614562.0,613539.0,611859.0,610740.0,609545.0,608197.0,607119.0,606617.0,605630.0,605186.0,600913.0,596654.0,592409.0,588178.0,583961.0,579758.0,575569.0,571394.0,567234.0,563087.0,558601.0,556025.0,554110.0,550370.0,547886.0,546638.0
PL841,3,Bialostocki,2024,TOTAL,TOTAL,NR,334117.0,337688.0,343032.0,348559.0,355327.0,361482.0,365513.0,370122.0,375837.0,380535.0,385046.0,386538.0,391236.0,396466.0,401924.0,407702.0,413580.0,419544.0,425290.0,429948.0,435881.0,441713.0,447746.0,453928.0,460274.0,466309.0,471860.0,476862.0,481398.0,485033.0,490904.0,490575.0,493217.0,497253.0,499513.0,502005.0,503779.0,505490.0,506964.0,508384.0,503975.0,504170.0,503953.0,503682.0,502870.0,502517.0,502101.0,501559.0,501237.0,501392.0,501144.0,501347.0,500107.0,498869.0,497628.0,496389.0,495149.0,493908.0,492667.0,491426.0,490184.0,488942.0,487896.0,487613.0,487666.0,487214.0,485015.0,483910.0
PL842,3,Lomzynski,2024,TOTAL,TOTAL,NR,409480.0,413857.0,414946.0,416132.0,418655.0,420303.0,419373.0,419022.0,419815.0,419364.0,418618.0,414549.0,414465.0,414859.0,415400.0,416172.0,416943.0,417698.0,418133.0,417416.0,417853.0,418094.0,421063.0,424120.0,427275.0,430089.0,432409.0,434186.0,435503.0,435979.0,438431.0,435336.0,435108.0,436089.0,435495.0,435092.0,434060.0,432970.0,431674.0,430333.0,424086.0,422568.0,420705.0,418797.0,416444.0,414475.0,412457.0,410338.0,408402.0,406855.0,404982.0,403473.0,399024.0,394593.0,390180.0,385784.0,381406.0,377046.0,372704.0,368379.0,364072.0,359783.0,355302.0,351876.0,348864.0,345601.0,344041.0,343257.0
PL843,3,Suwalski,2024,TOTAL,TOTAL,NR,234669.0,237177.0,238597.0,240090.0,242376.0,244179.0,244501.0,245174.0,246533.0,247179.0,247665.0,246192.0,246527.0,247153.0,247874.0,248740.0,249614.0,250486.0,251175.0,251179.0,251884.0,252479.0,255439.0,258475.0,261594.0,264527.0,267177.0,269509.0,271572.0,273121.0,275924.0,275240.0,276620.0,278780.0,279944.0,281238.0,282129.0,282985.0,283707.0,284400.0,281833.0,281125.0,280187.0,279219.0,277954.0,276944.0,275901.0,274789.0,273800.0,273072.0,272125.0,271422.0,269122.0,266830.0,264547.0,262272.0,260005.0,257747.0,255496.0,253255.0,251021.0,248796.0,246187.0,244365.0,242441.0,240808.0,239721.0,239175.0
PL911,3,Miasto Warszawa,2024,TOTAL,TOTAL,NR,1167543.0,1180022.0,1198527.0,1217663.0,1241140.0,1262461.0,1276361.0,1292290.0,1312058.0,1328284.0,1343857.0,1348882.0,1369759.0,1392575.0,1416272.0,1441182.0,1466532.0,1492279.0,1517343.0,1538600.0,1564492.0,1590103.0,1598358.0,1606881.0,1615716.0,1623198.0,1628765.0,1632237.0,1633945.0,1632469.0,1624859.0,1655661.0,1653320.0,1644515.0,1642694.0,1640692.0,1635112.0,1628505.0,1624843.0,1618468.0,1693748.0,1689171.0,1688972.0,1688194.0,1689559.0,1692854.0,1697596.0,1702139.0,1706624.0,1709781.0,1686042.0,1693030.0,1710861.0,1728576.0,1746176.0,1763660.0,1781028.0,1798280.0,1815415.0,1832435.0,1849340.0,1866128.0,1868018.0,1869188.0,1869028.0,1875287.0,1866823.0,1862570.0
PL912,3,Warszawski wschodni,2024,TOTAL,TOTAL,NR,392645.0,396842.0,401237.0,405802.0,411762.0,416959.0,419669.0,423014.0,427585.0,430962.0,434097.0,433813.0,436280.0,439292.0,442508.0,446020.0,449587.0,453190.0,456501.0,458600.0,462012.0,465263.0,468969.0,472780.0,476709.0,480265.0,483277.0,485687.0,487589.0,488553.0,491737.0,488701.0,494879.0,502483.0,508318.0,514403.0,519763.0,525063.0,530119.0,535120.0,533946.0,539859.0,545330.0,550736.0,555539.0,560837.0,566055.0,571120.0,576426.0,582278.0,587662.0,593573.0,602196.0,610766.0,619283.0,627747.0,636158.0,644516.0,652822.0,661074.0,669273.0,677419.0,682578.0,687379.0,691773.0,695641.0,692501.0,690923.0
PL913,3,Warszawski zachodni,2024,TOTAL,TOTAL,NR,370458.0,374418.0,378503.0,382747.0,388305.0,393142.0,395632.0,398720.0,402962.0,406078.0,408964.0,408630.0,411182.0,414252.0,417518.0,421068.0,424674.0,428320.0,431694.0,433925.0,437403.0,440734.0,444215.0,447795.0,451487.0,454824.0,457646.0,459897.0,461667.0,462548.0,465531.0,462625.0,471805.0,482370.0,491260.0,500405.0,508855.0,517250.0,525407.0,533510.0,535422.0,540686.0,545507.0,550264.0,554419.0,559070.0,563642.0,568063.0,572725.0,577930.0,582670.0,587933.0,599378.0,610756.0,622066.0,633308.0,644483.0,655590.0,666630.0,677602.0,688506.0,699343.0,706197.0,712943.0,720782.0,728027.0,724741.0,723090.0
PL921,3,Radomski,2024,TOTAL,TOTAL,NR,517529.0,523061.0,530624.0,538452.0,548179.0,556941.0,562416.0,568770.0,576808.0,583272.0,589438.0,590976.0,590207.0,590109.0,590207.0,590620.0,591019.0,591380.0,591276.0,589530.0,589401.0,588984.0,594685.0,600539.0,606564.0,612133.0,617027.0,621168.0,624672.0,626985.0,632159.0,629341.0,630474.0,633369.0,633987.0,634890.0,634879.0,634786.0,634391.0,633930.0,626226.0,625991.0,625244.0,624430.0,622947.0,622034.0,621044.0,619898.0,619025.0,618741.0,617961.0,617736.0,613324.0,608928.0,604547.0,600178.0,595826.0,591487.0,587164.0,582856.0,578561.0,574281.0,569326.0,565683.0,562317.0,558575.0,556054.0,554787.0
PL922,3,Ciechanowski,2024,TOTAL,TOTAL,NR,318123.0,321523.0,322822.0,324207.0,326646.0,328415.0,328180.0,328405.0,329536.0,329701.0,329642.0,326970.0,327451.0,328319.0,329312.0,330500.0,331700.0,332898.0,333853.0,333897.0,334874.0,335707.0,338175.0,340714.0,343334.0,345681.0,347634.0,349150.0,350298.0,350770.0,352833.0,350433.0,350949.0,352446.0,352674.0,353061.0,352939.0,352771.0,352436.0,352064.0,347670.0,347560.0,347167.0,346735.0,345933.0,345447.0,344917.0,344301.0,343838.0,343701.0,343288.0,343184.0,341490.0,339800.0,338114.0,336433.0,334756.0,333083.0,331414.0,329749.0,328088.0,326432.0,323742.0,321941.0,320018.0,317859.0,316424.0,315703.0
PL923,3,Plocki,2024,TOTAL,TOTAL,NR,249501.0,252168.0,256152.0,260273.0,265320.0,269909.0,272912.0,276348.0,280608.0,284109.0,287470.0,288577.0,291284.0,294374.0,297619.0,301085.0,304609.0,308180.0,311575.0,314160.0,317663.0,321078.0,323607.0,326207.0,328889.0,331312.0,333359.0,334991.0,336272.0,336906.0,339071.0,336946.0,337588.0,339173.0,339540.0,340060.0,340089.0,340075.0,339900.0,339689.0,335596.0,335526.0,335182.0,334801.0,334062.0,333628.0,333153.0,332594.0,332182.0,332085.0,331723.0,331658.0,329590.0,327529.0,325474.0,323425.0,321382.0,319346.0,317316.0,315292.0,313275.0,311264.0,308637.0,306505.0,304222.0,301682.0,300320.0,299636.0
PL924,3,Ostrolecki,2024,TOTAL,TOTAL,NR,332043.0,335592.0,337626.0,339766.0,343028.0,345607.0,346090.0,347071.0,349022.0,349965.0,350683.0,348627.0,349473.0,350738.0,352144.0,353764.0,355404.0,357048.0,358440.0,358859.0,360287.0,361567.0,364813.0,368148.0,371583.0,374733.0,377466.0,379734.0,381609.0,382755.0,385644.0,383656.0,384819.0,387061.0,387915.0,388946.0,389418.0,389840.0,390077.0,390274.0,386006.0,386424.0,386525.0,386584.0,386228.0,386224.0,386171.0,386021.0,386039.0,386425.0,386500.0,386923.0,384810.0,382702.0,380600.0,378504.0,376414.0,374330.0,372251.0,370178.0,368111.0,366050.0,363618.0,361537.0,359737.0,357441.0,355828.0,355017.0
PL925,3,Siedlecki,2024,TOTAL,TOTAL,NR,384619.0,388730.0,389813.0,390987.0,393419.0,395031.0,394221.0,393957.0,394769.0,394412.0,393780.0,390022.0,390500.0,391438.0,392524.0,393840.0,395167.0,396491.0,397523.0,397470.0,398525.0,399406.0,403354.0,407408.0,411578.0,415442.0,418848.0,421745.0,424210.0,425867.0,429469.0,427641.0,428387.0,430331.0,430728.0,431318.0,431287.0,431200.0,430909.0,430572.0,425316.0,425140.0,424616.0,424047.0,423023.0,422387.0,421698.0,420903.0,420295.0,420085.0,419539.0,419370.0,417802.0,416236.0,414672.0,413112.0,411553.0,409997.0,408444.0,406893.0,405345.0,403799.0,401044.0,399123.0,397510.0,395631.0,393845.0,392948.0
PL926,3,Zyrardowski,2024,TOTAL,TOTAL,NR,225747.0,228160.0,229788.0,231493.0,233970.0,235988.0,236580.0,237516.0,239122.0,240042.0,240811.0,239678.0,240073.0,240753.0,241526.0,242442.0,243367.0,244292.0,245040.0,245121.0,245886.0,246547.0,248425.0,250356.0,252349.0,254142.0,255646.0,256830.0,257744.0,258162.0,259751.0,258055.0,258341.0,259348.0,259421.0,259610.0,259425.0,259206.0,258863.0,258494.0,255173.0,255599.0,255817.0,256006.0,255920.0,256067.0,256181.0,256230.0,256391.0,256796.0,256995.0,257424.0,257463.0,257498.0,257529.0,257557.0,257581.0,257601.0,257617.0,257630.0,257640.0,257645.0,256324.0,255464.0,254653.0,253967.0,252821.0,252245.0
PT111,3,Alto Minho,2024,TOTAL,TOTAL,NR,272192.0,274146.0,274625.0,274146.0,272854.0,270458.0,266668.0,262475.0,259394.0,256340.0,250923.0,248016.0,244787.0,243022.0,240712.0,245498.0,255070.0,255398.0,255887.0,256263.0,256674.0,257056.0,257976.0,258668.0,258825.0,259100.0,258680.0,258005.0,256974.0,255904.0,254662.0,252927.0,250617.0,249259.0,248257.0,247718.0,247356.0,247243.0,247334.0,247710.0,248414.0,249667.0,250491.0,250823.0,250476.0,250134.0,249616.0,248983.0,248515.0,247492.0,246690.0,245306.0,243380.0,241269.0,239116.0,236900.0,235418.0,234026.0,232818.0,231985.0,232024.0,232444.0,231882.0,232674.0,234215.0,234645.0,249366.0,238674.0
PT112,3,Cávado,2024,TOTAL,TOTAL,NR,268837.0,270767.0,274631.0,277586.0,279745.0,280776.0,280332.0,279411.0,279629.0,279846.0,277420.0,277707.0,277647.0,279236.0,280201.0,289528.0,304791.0,309232.0,313955.0,318630.0,323440.0,328307.0,332772.0,336983.0,340531.0,344259.0,347082.0,349572.0,351577.0,353524.0,355223.0,356217.0,358333.0,360665.0,363815.0,367362.0,370626.0,374433.0,378395.0,382457.0,386867.0,391936.0,395672.0,398843.0,401040.0,403066.0,404978.0,406832.0,408415.0,409348.0,410296.0,410383.0,411135.0,410086.0,408766.0,407584.0,407516.0,408011.0,409291.0,411441.0,415363.0,418141.0,419835.0,424505.0,429833.0,433039.0,460206.0,440474.0
PT119,3,Ave,2024,TOTAL,TOTAL,NR,311628.0,313865.0,318317.0,321715.0,324190.0,325359.0,324819.0,323725.0,323952.0,324178.0,321342.0,321650.0,320669.0,321596.0,321802.0,331588.0,348100.0,352200.0,356599.0,360924.0,365379.0,369878.0,373789.0,377400.0,380257.0,383308.0,385345.0,387008.0,388137.0,389202.0,389998.0,390025.0,395010.0,397449.0,400623.0,403977.0,407510.0,411108.0,414545.0,418004.0,421513.0,425433.0,427557.0,428797.0,429378.0,429809.0,429846.0,429961.0,429767.0,428588.0,427475.0,425720.0,425275.0,423135.0,420923.0,418679.0,417576.0,417003.0,416788.0,417014.0,418191.0,420113.0,419091.0,420418.0,422464.0,423255.0,449809.0,430522.0
PT11A,3,Área Metropolitana do Porto,2024,TOTAL,TOTAL,NR,1150914.0,1159175.0,1184922.0,1206877.0,1225448.0,1239091.0,1246147.0,1250945.0,1260734.0,1270442.0,1267996.0,1277798.0,1277768.0,1285326.0,1290009.0,1333200.0,1403741.0,1424458.0,1446478.0,1468282.0,1490711.0,1513413.0,1530860.0,1547097.0,1560259.0,1574226.0,1584035.0,1592313.0,1598391.0,1604202.0,1608905.0,1610424.0,1618079.0,1626173.0,1637671.0,1650123.0,1662234.0,1674238.0,1686922.0,1699637.0,1712610.0,1727529.0,1736891.0,1744924.0,1750262.0,1754298.0,1757869.0,1761628.0,1764381.0,1763995.0,1763670.0,1761075.0,1760404.0,1753781.0,1746629.0,1739297.0,1736150.0,1734840.0,1736162.0,1738752.0,1745308.0,1743272.0,1755844.0,1779994.0,1802664.0,1818217.0,1932286.0,1849435.0
PT11B,3,Alto Tâmega,2024,TOTAL,TOTAL,NR,175764.0,177026.0,174605.0,171535.0,167933.0,163650.0,158545.0,153244.0,148628.0,144052.0,138198.0,133778.0,131131.0,129270.0,127119.0,128690.0,132695.0,131834.0,131034.0,130153.0,129267.0,128342.0,127596.0,126721.0,125574.0,124473.0,123031.0,121466.0,119734.0,117986.0,116161.0,114119.0,112058.0,110695.0,109375.0,108414.0,107356.0,106480.0,105892.0,105218.0,104776.0,104580.0,104103.0,103397.0,102571.0,101605.0,100531.0,99497.0,98369.0,97104.0,95850.0,94391.0,92943.0,91616.0,90347.0,89128.0,88114.0,87085.0,86275.0,85490.0,84876.0,84571.0,83801.0,83510.0,83669.0,83445.0,88680.0,84878.0
PT11C,3,Tâmega e Sousa,2024,TOTAL,TOTAL,NR,347049.0,349540.0,354295.0,357875.0,360426.0,361525.0,360726.0,359316.0,359374.0,359432.0,356100.0,356254.0,353706.0,353266.0,352034.0,361241.0,377662.0,380527.0,383683.0,386723.0,389869.0,393027.0,396619.0,399886.0,402349.0,405012.0,406601.0,407794.0,408424.0,408988.0,409271.0,408750.0,407115.0,409088.0,411999.0,414938.0,417811.0,420639.0,423742.0,426943.0,429889.0,433252.0,435077.0,436475.0,437089.0,437364.0,437440.0,437562.0,437399.0,436338.0,435183.0,433340.0,431348.0,427726.0,423854.0,420037.0,417190.0,414912.0,412874.0,411203.0,410153.0,410345.0,408674.0,408425.0,409348.0,409078.0,434742.0,416101.0
PT11D,3,Douro,2024,TOTAL,TOTAL,NR,303222.0,305398.0,303684.0,300878.0,297161.0,292239.0,285830.0,279024.0,273430.0,267884.0,259911.0,254579.0,250987.0,248897.0,246247.0,250849.0,260320.0,260338.0,260513.0,260567.0,260648.0,260694.0,260031.0,259117.0,257653.0,256293.0,254236.0,251925.0,249267.0,246575.0,243721.0,240404.0,236664.0,234161.0,231465.0,229252.0,227172.0,225280.0,223649.0,222309.0,221001.0,220375.0,219895.0,219010.0,217741.0,216298.0,214543.0,213160.0,211602.0,209524.0,207707.0,205574.0,202701.0,199903.0,197140.0,194435.0,192230.0,190030.0,188288.0,186552.0,185424.0,184712.0,183831.0,183705.0,184195.0,183867.0,195402.0,187024.0
PT11E,3,Terras de Trás-os-Montes,2024,TOTAL,TOTAL,NR,187077.0,188420.0,187293.0,185491.0,183127.0,180020.0,175998.0,171733.0,168214.0,164726.0,159747.0,156392.0,153625.0,151779.0,149592.0,151793.0,156895.0,156264.0,155713.0,155076.0,154441.0,153769.0,152671.0,151416.0,149834.0,148306.0,146370.0,144287.0,142005.0,139705.0,137315.0,134669.0,132652.0,131514.0,130480.0,129665.0,128954.0,128418.0,127869.0,127472.0,127040.0,126969.0,126647.0,126025.0,125183.0,124296.0,123238.0,122275.0,121325.0,120165.0,119109.0,117796.0,116685.0,115368.0,114026.0,112747.0,111597.0,110683.0,109905.0,109193.0,108703.0,107836.0,107020.0,107063.0,107473.0,107296.0,114027.0,109138.0
PT150,3,Algarve,2024,TOTAL,TOTAL,NR,307298.0,309504.0,308945.0,307292.0,304718.0,300911.0,295562.0,289783.0,285246.0,280749.0,273684.0,269378.0,269706.0,271634.0,272955.0,282433.0,297731.0,302481.0,307516.0,312512.0,317649.0,322852.0,326668.0,330227.0,333131.0,336207.0,338396.0,340258.0,341649.0,342984.0,344081.0,344497.0,346596.0,349511.0,353182.0,357495.0,361927.0,366996.0,372798.0,378671.0,385298.0,393142.0,400937.0,408029.0,413611.0,418530.0,423539.0,428798.0,434556.0,440088.0,445824.0,451304.0,452321.0,451078.0,449952.0,449965.0,451679.0,453300.0,456113.0,459597.0,465610.0,469892.0,469983.0,478618.0,484122.0,492747.0,523660.0,501207.0
PT191,3,Região de Aveiro,2024,TOTAL,TOTAL,NR,274925.0,276898.0,280142.0,282449.0,283940.0,284287.0,283145.0,281530.0,281074.0,280621.0,277530.0,277165.0,276181.0,276840.0,276879.0,285156.0,299208.0,302581.0,306209.0,309769.0,313438.0,317142.0,320551.0,323703.0,326210.0,328883.0,330686.0,332169.0,333193.0,334161.0,334900.0,334977.0,336273.0,337904.0,340470.0,343569.0,346631.0,349955.0,353316.0,356599.0,359925.0,364056.0,366177.0,367639.0,368622.0,369028.0,369519.0,370014.0,370417.0,370656.0,370761.0,370703.0,371410.0,369751.0,367813.0,366178.0,365319.0,364564.0,364423.0,364904.0,367610.0,369271.0,373365.0,376760.0,384689.0,392257.0,416866.0,398992.0
PT192,3,Região de Coimbra,2024,TOTAL,TOTAL,NR,455597.0,458867.0,460747.0,461036.0,459965.0,457036.0,451742.0,445747.0,441627.0,437543.0,429406.0,425545.0,422312.0,421598.0,419938.0,430725.0,450098.0,453304.0,456852.0,460258.0,463785.0,467322.0,469166.0,470594.0,471054.0,471729.0,471138.0,470084.0,468382.0,466608.0,464521.0,461533.0,460086.0,459785.0,460669.0,461961.0,463245.0,464636.0,466164.0,467792.0,469462.0,471820.0,472131.0,471855.0,470839.0,469665.0,468466.0,467268.0,465946.0,464502.0,462962.0,461011.0,460199.0,456545.0,452682.0,449161.0,446713.0,444049.0,441533.0,439542.0,439713.0,439288.0,440065.0,441446.0,446982.0,452559.0,480951.0,460329.0
PT193,3,Região de Leiria,2024,TOTAL,TOTAL,NR,250908.0,252709.0,253927.0,254271.0,253866.0,252436.0,249699.0,246571.0,244478.0,242403.0,238079.0,236123.0,234583.0,234440.0,233772.0,240040.0,251113.0,253182.0,255449.0,257641.0,259908.0,262187.0,263991.0,265571.0,266612.0,267781.0,268236.0,268429.0,268251.0,268031.0,267628.0,266703.0,267332.0,268031.0,269528.0,271470.0,273631.0,275976.0,278667.0,281238.0,284290.0,287945.0,289926.0,291319.0,292153.0,292821.0,293253.0,293949.0,294531.0,294725.0,294998.0,295013.0,295114.0,293122.0,291020.0,289042.0,287983.0,286761.0,285799.0,285003.0,286036.0,288179.0,290019.0,292139.0,297222.0,301764.0,320696.0,306945.0
PT194,3,Viseu Dão Lafões,2024,TOTAL,TOTAL,NR,303608.0,305787.0,305356.0,303846.0,301426.0,297786.0,292620.0,287025.0,282660.0,278333.0,271458.0,267316.0,264447.0,263156.0,261276.0,267115.0,278213.0,279265.0,280509.0,281644.0,282834.0,284008.0,284559.0,284851.0,284551.0,284377.0,283436.0,282215.0,280605.0,278954.0,277116.0,274745.0,272749.0,271804.0,271206.0,271334.0,271412.0,271554.0,272042.0,272739.0,273889.0,275277.0,275809.0,275819.0,275058.0,274227.0,273340.0,272430.0,271494.0,270375.0,269337.0,267977.0,267444.0,265091.0,262552.0,260090.0,258252.0,256224.0,254651.0,253309.0,253456.0,254254.0,254169.0,253638.0,256810.0,259590.0,275876.0,264047.0
PT195,3,Beira Baixa,2024,TOTAL,TOTAL,NR,169066.0,170280.0,169350.0,167810.0,165763.0,163044.0,159496.0,155724.0,152630.0,149561.0,145137.0,142188.0,138789.0,136224.0,133352.0,134367.0,137876.0,136290.0,134751.0,133114.0,131455.0,129741.0,129574.0,129284.0,128721.0,128212.0,127354.0,126370.0,125212.0,124036.0,122779.0,121287.0,119905.0,118988.0,118144.0,117532.0,116884.0,116220.0,115697.0,115220.0,114825.0,114545.0,114331.0,113945.0,113298.0,112840.0,112096.0,111524.0,110935.0,110241.0,109638.0,108927.0,107895.0,106537.0,104830.0,103562.0,102487.0,101469.0,100583.0,99705.0,99292.0,99326.0,99424.0,99371.0,100036.0,100733.0,107053.0,102463.0
PT196,3,Beiras e Serra da Estrela,2024,TOTAL,TOTAL,NR,373277.0,375956.0,371691.0,366058.0,359297.0,351079.0,341092.0,330666.0,321706.0,312824.0,301149.0,292578.0,287392.0,283928.0,279826.0,283933.0,293465.0,292273.0,291231.0,290026.0,288825.0,287556.0,287180.0,286530.0,285277.0,284141.0,282234.0,280047.0,277473.0,274861.0,272067.0,268755.0,266055.0,264200.0,262924.0,262286.0,261390.0,260631.0,259983.0,259218.0,258634.0,258660.0,257365.0,255786.0,253489.0,251352.0,249058.0,246821.0,244501.0,241921.0,239419.0,236626.0,235091.0,231692.0,228305.0,225152.0,222349.0,219425.0,216813.0,214325.0,212776.0,211819.0,210496.0,208913.0,209896.0,210657.0,223873.0,214274.0
PT1A0,3,Grande Lisboa,2024,TOTAL,TOTAL,NR,1124781.0,1132854.0,1165574.0,1194674.0,1220481.0,1241390.0,1255639.0,1267503.0,1284344.0,1301040.0,1305168.0,1321787.0,1339803.0,1365723.0,1388598.0,1453427.0,1549465.0,1591577.0,1635553.0,1679706.0,1724985.0,1771006.0,1785022.0,1797555.0,1806451.0,1816228.0,1821167.0,1824338.0,1824990.0,1825347.0,1824463.0,1820000.0,1820836.0,1821049.0,1823557.0,1829692.0,1836255.0,1844595.0,1855312.0,1866971.0,1881774.0,1901290.0,1920624.0,1937544.0,1949690.0,1959159.0,1968612.0,1978562.0,1990159.0,2001939.0,2013483.0,2023920.0,2024327.0,2022006.0,2030582.0,2034732.0,2041875.0,2047531.0,2056718.0,2063969.0,2081998.0,2071857.0,2068670.0,2097742.0,2126578.0,2156612.0,2291911.0,2193640.0
PT1B0,3,Península de Setúbal,2024,TOTAL,TOTAL,NR,443950.0,447137.0,460052.0,471538.0,481724.0,489976.0,495601.0,500285.0,506931.0,513521.0,515150.0,521710.0,528822.0,539051.0,548080.0,573667.0,611573.0,628196.0,645554.0,662980.0,680852.0,699016.0,704544.0,709484.0,712989.0,716843.0,718788.0,720034.0,720286.0,720422.0,720067.0,718300.0,718684.0,718768.0,719758.0,722179.0,724770.0,728062.0,732292.0,736894.0,742737.0,750439.0,758071.0,764749.0,769543.0,773281.0,777011.0,780939.0,785516.0,790166.0,794722.0,798841.0,799002.0,798086.0,785085.0,786034.0,787533.0,789375.0,792367.0,795453.0,802802.0,812838.0,814975.0,823822.0,834599.0,848507.0,901739.0,863075.0
PT1C1,3,Alentejo Litoral,2024,TOTAL,TOTAL,NR,125028.0,125925.0,124587.0,122793.0,120620.0,117959.0,114703.0,111297.0,108383.0,105495.0,101663.0,98877.0,97654.0,97016.0,96159.0,98139.0,102038.0,102242.0,102513.0,102740.0,102983.0,103216.0,103380.0,103449.0,103302.0,103201.0,102822.0,102341.0,101719.0,101082.0,100378.0,99480.0,99153.0,99020.0,99092.0,99190.0,99281.0,99289.0,99341.0,99416.0,99552.0,99804.0,99988.0,100052.0,99859.0,99711.0,99366.0,99172.0,98980.0,98677.0,98424.0,98112.0,97436.0,96789.0,96139.0,95610.0,95336.0,95015.0,94877.0,95079.0,96182.0,97062.0,98303.0,99763.0,101388.0,102218.0,108631.0,103973.0
PT1C2,3,Baixo Alentejo,2024,TOTAL,TOTAL,NR,222901.0,224501.0,221068.0,216808.0,211873.0,206077.0,199251.0,192183.0,185980.0,179831.0,172095.0,166151.0,162860.0,160545.0,157870.0,159816.0,164787.0,163713.0,162715.0,161616.0,160511.0,159358.0,158725.0,157936.0,156810.0,155744.0,154254.0,152610.0,150755.0,148880.0,146908.0,144658.0,142951.0,141794.0,140560.0,139629.0,138666.0,137642.0,136908.0,136206.0,135437.0,135052.0,134611.0,133888.0,133025.0,132307.0,131466.0,130676.0,129934.0,128884.0,128023.0,126962.0,126345.0,124829.0,123233.0,121781.0,120358.0,119035.0,117727.0,116527.0,116005.0,115698.0,115663.0,115513.0,115757.0,115680.0,122937.0,117666.0
PT1C3,3,Alto Alentejo,2024,TOTAL,TOTAL,NR,181054.0,182354.0,180451.0,177885.0,174774.0,170953.0,166270.0,161370.0,157183.0,153032.0,147512.0,143509.0,141149.0,139634.0,137806.0,140026.0,144937.0,144563.0,144268.0,143897.0,143533.0,143140.0,143127.0,142980.0,142534.0,142148.0,141377.0,140465.0,139361.0,138236.0,137020.0,135541.0,134247.0,133234.0,132313.0,131487.0,130648.0,129727.0,128960.0,128258.0,127604.0,127105.0,126549.0,125959.0,125096.0,124371.0,123463.0,122668.0,121778.0,120837.0,119900.0,118858.0,118201.0,116516.0,114846.0,113123.0,111590.0,109941.0,108580.0,107328.0,106224.0,105676.0,105031.0,104304.0,104081.0,103566.0,110063.0,105344.0
PT1C4,3,Alentejo Central,2024,TOTAL,TOTAL,NR,211570.0,213089.0,211775.0,209698.0,206984.0,203432.0,198845.0,193984.0,189967.0,185985.0,180319.0,176489.0,173980.0,172511.0,170655.0,173824.0,180365.0,180355.0,180454.0,180468.0,180501.0,180508.0,180928.0,181183.0,181064.0,181024.0,180497.0,179792.0,178839.0,177859.0,176761.0,175321.0,174541.0,173998.0,173710.0,173630.0,173538.0,173372.0,173349.0,173271.0,173317.0,173594.0,173400.0,173043.0,172466.0,172070.0,171302.0,170723.0,170025.0,169038.0,168097.0,166995.0,165766.0,164157.0,162372.0,160560.0,159083.0,157483.0,155954.0,154671.0,153874.0,153398.0,153507.0,153155.0,153475.0,153430.0,163056.0,156065.0
PT1D1,3,Oeste,2024,TOTAL,TOTAL,NR,293688.0,295796.0,297467.0,298116.0,297890.0,296462.0,293495.0,290066.0,287851.0,285656.0,280806.0,278744.0,276977.0,276859.0,276122.0,283578.0,296716.0,299217.0,301952.0,304602.0,307340.0,310094.0,312443.0,314529.0,315979.0,317582.0,318339.0,318787.0,318794.0,318750.0,318489.0,317604.0,317688.0,318499.0,319790.0,321538.0,323612.0,325796.0,328430.0,331146.0,334181.0,338059.0,341589.0,344861.0,347515.0,349982.0,352256.0,354794.0,357181.0,359265.0,361380.0,363065.0,365082.0,363310.0,361124.0,359510.0,358812.0,358021.0,357612.0,357599.0,359888.0,365752.0,372365.0,379085.0,388396.0,395474.0,420285.0,402264.0
PT1D2,3,Médio Tejo,2024,TOTAL,TOTAL,NR,265043.0,266945.0,271307.0,274780.0,277469.0,279040.0,279141.0,278758.0,279505.0,280247.0,278332.0,279130.0,271662.0,265831.0,259400.0,260505.0,266379.0,262353.0,258400.0,254235.0,250007.0,245650.0,245899.0,245921.0,245430.0,245045.0,243999.0,242711.0,241089.0,239431.0,237614.0,235341.0,234142.0,233233.0,232841.0,232721.0,232657.0,232510.0,232653.0,232922.0,233480.0,234309.0,234324.0,234080.0,233375.0,232976.0,232162.0,231508.0,230976.0,230122.0,229292.0,228320.0,227352.0,224780.0,222349.0,219822.0,217673.0,215690.0,213591.0,211801.0,211187.0,211797.0,212745.0,213604.0,216423.0,218467.0,232173.0,222218.0
PT1D3,3,Lezíria do Tejo,2024,TOTAL,TOTAL,NR,221574.0,223164.0,224451.0,224969.0,224826.0,223775.0,221563.0,219002.0,217357.0,215726.0,212091.0,210560.0,209213.0,209112.0,208542.0,214161.0,224069.0,225944.0,227996.0,229983.0,232036.0,234101.0,235407.0,236509.0,237128.0,237858.0,237952.0,237814.0,237347.0,236843.0,236179.0,235055.0,234686.0,234568.0,234704.0,235235.0,235683.0,236249.0,236970.0,237763.0,238925.0,240399.0,241948.0,243189.0,243830.0,244675.0,245272.0,246094.0,246818.0,247216.0,247624.0,247780.0,247605.0,245642.0,243323.0,241104.0,239547.0,237584.0,235987.0,234829.0,234874.0,237240.0,240872.0,244259.0,247764.0,251374.0,267144.0,255689.0
PT200,3,Região Autónoma dos Açores,2024,TOTAL,TOTAL,NR,320944.0,323248.0,322690.0,320991.0,318329.0,314379.0,308818.0,302807.0,298095.0,293423.0,286067.0,281594.0,273769.0,267594.0,260816.0,261607.0,267160.0,262766.0,258435.0,253886.0,249265.0,244506.0,245376.0,246027.0,246171.0,246427.0,246021.0,245373.0,244386.0,243363.0,242176.0,240520.0,239984.0,239918.0,239688.0,239757.0,239786.0,239935.0,239993.0,240289.0,240759.0,241387.0,242544.0,243303.0,243916.0,244491.0,245118.0,245671.0,246373.0,246670.0,246900.0,246757.0,247095.0,246424.0,245336.0,243271.0,241653.0,240108.0,238964.0,237828.0,237113.0,237616.0,238794.0,240125.0,241025.0,241718.0,256883.0,245868.0
PT300,3,Região Autónoma da Madeira,2024,TOTAL,TOTAL,NR,264145.0,266041.0,267288.0,267613.0,267151.0,265610.0,262693.0,259366.0,257128.0,254910.0,250327.0,248234.0,244641.0,242512.0,239838.0,244224.0,253343.0,253257.0,253321.0,253265.0,253234.0,253165.0,254816.0,256250.0,257163.0,258198.0,258545.0,258639.0,258375.0,258071.0,257592.0,256610.0,253593.0,251650.0,248570.0,246505.0,244658.0,243212.0,242535.0,242271.0,242823.0,244150.0,248012.0,251238.0,253925.0,256316.0,258628.0,261079.0,263446.0,265138.0,266715.0,267965.0,267394.0,264650.0,261748.0,257617.0,254521.0,252313.0,251077.0,250397.0,250713.0,251900.0,252693.0,254070.0,256622.0,259440.0,275716.0,263894.0
RO111,3,Bihor,2024,TOTAL,TOTAL,NR,591287.0,601677.0,595023.0,593006.0,590896.0,588691.0,586460.0,591944.0,601314.0,604047.0,609874.0,614456.0,617738.0,620700.0,622754.0,626557.0,632659.0,633094.0,640490.0,644900.0,646099.0,649180.0,651031.0,651713.0,651322.0,651698.0,651985.0,652972.0,653717.0,654410.0,658619.0,656185.0,638863.0,635208.0,631558.0,627914.0,624276.0,620642.0,617015.0,613393.0,609776.0,606165.0,600246.0,600850.0,599969.0,598160.0,596702.0,595187.0,583232.0,579685.0,577512.0,576737.0,575731.0,575270.0,573691.0,571955.0,568969.0,566353.0,564171.0,561404.0,560203.0,557290.0,552031.0,554016.0,555957.0,556894.0,556841.0,556773.0
RO112,3,Bistrita-Nasaud,2024,TOTAL,TOTAL,NR,267350.0,272048.0,269967.0,269997.0,270000.0,269976.0,269954.0,271993.0,275803.0,276555.0,278712.0,280288.0,281443.0,282445.0,283027.0,284397.0,286801.0,286628.0,291681.0,295409.0,297684.0,300840.0,304447.0,307538.0,310142.0,313132.0,316103.0,319439.0,322684.0,325931.0,330972.0,332704.0,326820.0,325326.0,323832.0,322336.0,320840.0,319343.0,317845.0,316346.0,314846.0,313346.0,311657.0,310522.0,308630.0,306277.0,304122.0,301954.0,294530.0,291398.0,288978.0,287274.0,285468.0,287276.0,288656.0,290024.0,291018.0,292157.0,293320.0,294641.0,294137.0,293971.0,295351.0,296140.0,297082.0,297211.0,297182.0,297146.0
RO113,3,Cluj,2024,TOTAL,TOTAL,NR,608784.0,619482.0,617657.0,620686.0,623699.0,626695.0,629746.0,638345.0,651222.0,656989.0,666180.0,674082.0,681005.0,687643.0,693338.0,701050.0,711427.0,715507.0,723365.0,727840.0,728686.0,731651.0,735192.0,737429.0,738462.0,740376.0,742201.0,744837.0,747211.0,749540.0,755920.0,754689.0,736301.0,733004.0,729703.0,726401.0,723094.0,719787.0,716476.0,713162.0,709847.0,706528.0,702755.0,705567.0,706619.0,706555.0,706881.0,707114.0,694883.0,692607.0,691936.0,692922.0,693608.0,694359.0,694105.0,693851.0,692735.0,692001.0,691357.0,691115.0,686639.0,683017.0,683028.0,688844.0,693507.0,697374.0,697307.0,697221.0
RO114,3,Maramures,2024,TOTAL,TOTAL,NR,395408.0,402356.0,404780.0,410414.0,416095.0,421822.0,427645.0,434165.0,443616.0,448243.0,455221.0,461335.0,466576.0,471631.0,476050.0,481864.0,489523.0,492860.0,501860.0,508585.0,512812.0,518560.0,522700.0,525931.0,528316.0,531342.0,534318.0,537893.0,541296.0,544682.0,551037.0,551861.0,540099.0,537284.0,534471.0,531660.0,528851.0,526044.0,523239.0,520436.0,517635.0,514836.0,510110.0,509321.0,507284.0,504476.0,501980.0,499451.0,488198.0,484024.0,481017.0,479189.0,477180.0,474115.0,472335.0,470691.0,468333.0,465402.0,463306.0,460689.0,458636.0,454870.0,451499.0,451728.0,451881.0,450925.0,450882.0,450827.0
RO115,3,Satu Mare,2024,TOTAL,TOTAL,NR,354581.0,360812.0,358315.0,358623.0,358899.0,359142.0,359393.0,363153.0,369310.0,371402.0,375405.0,378652.0,381261.0,383684.0,385557.0,388526.0,392936.0,393840.0,398878.0,402065.0,403255.0,405623.0,406924.0,407495.0,407397.0,407779.0,408108.0,408875.0,409492.0,410079.0,412871.0,411500.0,400789.0,397540.0,394304.0,391081.0,387870.0,384672.0,381487.0,378315.0,375155.0,372008.0,367281.0,366709.0,365237.0,363212.0,361410.0,359585.0,351479.0,348470.0,346301.0,344980.0,343530.0,342118.0,340986.0,339998.0,338181.0,336509.0,334589.0,332572.0,331217.0,329272.0,330363.0,330662.0,330701.0,330466.0,330434.0,330393.0
RO116,3,Salaj,2024,TOTAL,TOTAL,NR,274115.0,278932.0,274146.0,271484.0,268751.0,265947.0,263103.0,263757.0,266084.0,265423.0,266081.0,266150.0,266043.0,265766.0,265072.0,265090.0,266038.0,264569.0,266513.0,267191.0,266527.0,266630.0,267784.0,268461.0,268700.0,269257.0,269781.0,270599.0,271320.0,272024.0,274195.0,273605.0,266797.0,264921.0,263052.0,261187.0,259329.0,257476.0,255629.0,253788.0,251952.0,250122.0,248015.0,246701.0,244789.0,242517.0,240405.0,238288.0,232036.0,229177.0,226886.0,225161.0,223360.0,221685.0,220447.0,219024.0,217331.0,215860.0,213761.0,211691.0,209939.0,209044.0,211329.0,210652.0,210656.0,211140.0,211120.0,211094.0
RO121,3,Alba,2024,TOTAL,TOTAL,NR,381097.0,387794.0,384436.0,384080.0,383680.0,383234.0,382786.0,385899.0,391529.0,392826.0,396123.0,398601.0,400563.0,402313.0,403472.0,405760.0,409533.0,409634.0,414061.0,416550.0,416962.0,418585.0,419956.0,420575.0,420503.0,420927.0,421295.0,422118.0,422785.0,423421.0,439028.0,432003.0,413919.0,410899.0,407890.0,404890.0,401900.0,398920.0,395949.0,392989.0,390039.0,387098.0,382747.0,380373.0,377079.0,373234.0,369641.0,366043.0,356103.0,351384.0,347539.0,344566.0,341479.0,339517.0,337658.0,335875.0,333488.0,330961.0,328264.0,325426.0,323879.0,320917.0,325715.0,325838.0,325697.0,325260.0,325229.0,325189.0
RO122,3,Brasov,2024,TOTAL,TOTAL,NR,401697.0,408756.0,412817.0,420164.0,427584.0,435076.0,442692.0,454810.0,470173.0,480571.0,493607.0,505842.0,518311.0,530713.0,542525.0,556063.0,571914.0,582863.0,595756.0,605994.0,613279.0,622401.0,626924.0,630352.0,632762.0,635937.0,639049.0,642873.0,646486.0,650076.0,676769.0,668644.0,643261.0,638237.0,633231.0,628243.0,623274.0,618325.0,613395.0,608481.0,603586.0,598711.0,589028.0,587958.0,585446.0,582048.0,579013.0,575940.0,562812.0,557850.0,554235.0,551981.0,549519.0,550713.0,550765.0,550985.0,550934.0,550795.0,551185.0,552193.0,553520.0,553256.0,548254.0,552813.0,557129.0,560277.0,560223.0,560154.0
RO123,3,Covasna,2024,TOTAL,TOTAL,NR,175208.0,178287.0,176912.0,176921.0,176912.0,176884.0,176858.0,178600.0,181516.0,182432.0,184285.0,185763.0,187962.0,190088.0,191959.0,194395.0,197577.0,199017.0,202817.0,205700.0,207575.0,210067.0,213037.0,215650.0,217926.0,220476.0,223016.0,225818.0,228560.0,231307.0,242341.0,240947.0,233256.0,232023.0,230791.0,229561.0,228331.0,227102.0,225874.0,224647.0,223422.0,222197.0,222449.0,222280.0,221564.0,220511.0,219591.0,218655.0,213894.0,212230.0,211074.0,210434.0,209713.0,208976.0,208603.0,207596.0,206279.0,204920.0,203471.0,202146.0,201475.0,200050.0,199912.0,199795.0,199675.0,199606.0,199587.0,199563.0
RO124,3,Harghita,2024,TOTAL,TOTAL,NR,280682.0,285614.0,283231.0,283061.0,282860.0,282626.0,282392.0,286498.0,292532.0,295378.0,299770.0,303588.0,307350.0,310996.0,314228.0,318387.0,323775.0,326310.0,331668.0,335510.0,337699.0,340884.0,343006.0,344525.0,345485.0,346860.0,348198.0,349921.0,351525.0,353113.0,367234.0,362452.0,348335.0,346244.0,344157.0,342074.0,339995.0,337919.0,335848.0,333781.0,331717.0,329658.0,326222.0,326351.0,325675.0,324498.0,323513.0,322500.0,315835.0,313730.0,312371.0,311771.0,311048.0,310842.0,310336.0,309138.0,307555.0,305679.0,304219.0,302308.0,301465.0,299075.0,291633.0,291810.0,292148.0,291871.0,291843.0,291807.0
RO125,3,Mures,2024,TOTAL,TOTAL,NR,541796.0,551315.0,549914.0,552835.0,555746.0,558646.0,561598.0,566591.0,575295.0,577643.0,582942.0,587046.0,590260.0,593169.0,595212.0,598928.0,604845.0,605345.0,611753.0,615295.0,615767.0,618027.0,619954.0,620771.0,620565.0,621092.0,621536.0,622649.0,623532.0,624368.0,647276.0,636812.0,610053.0,607265.0,604475.0,601684.0,598892.0,596097.0,593301.0,590504.0,587705.0,584904.0,580851.0,580691.0,579102.0,576625.0,574496.0,572321.0,560127.0,556032.0,553265.0,551847.0,550214.0,549097.0,547757.0,546415.0,543726.0,540704.0,538214.0,535193.0,533186.0,529325.0,518991.0,519395.0,519831.0,519574.0,519524.0,519460.0
RO126,3,Sibiu,2024,TOTAL,TOTAL,NR,394690.0,401626.0,401698.0,404937.0,408185.0,411442.0,414756.0,421351.0,430800.0,435571.0,442633.0,448862.0,454295.0,459555.0,464201.0,470213.0,478036.0,481645.0,487840.0,491772.0,493262.0,496193.0,494441.0,491767.0,488258.0,485301.0,482253.0,479692.0,476920.0,474080.0,487842.0,476359.0,452873.0,450274.0,447678.0,445087.0,442499.0,439916.0,437336.0,434760.0,432189.0,429621.0,421724.0,421514.0,420267.0,418377.0,416740.0,415070.0,406138.0,403081.0,400989.0,399874.0,398605.0,400260.0,400193.0,400138.0,399982.0,399726.0,400018.0,401006.0,401301.0,400210.0,388896.0,391433.0,393581.0,394963.0,394925.0,394877.0
RO211,3,Bacau,2024,TOTAL,TOTAL,NR,558236.0,568045.0,570416.0,577301.0,584236.0,591220.0,598321.0,605498.0,616701.0,621143.0,628800.0,635216.0,640716.0,645928.0,650235.0,656412.0,665056.0,667791.0,678058.0,685213.0,688982.0,694779.0,701566.0,707146.0,711598.0,716923.0,722191.0,728279.0,734145.0,740002.0,741654.0,746344.0,737512.0,734401.0,731285.0,728165.0,725041.0,721912.0,718779.0,715641.0,712499.0,709352.0,706623.0,700506.0,692707.0,683915.0,675606.0,667311.0,647503.0,637245.0,628600.0,621552.0,614316.0,611635.0,610720.0,609967.0,607369.0,604152.0,600988.0,596959.0,601899.0,605789.0,599435.0,597504.0,595888.0,591999.0,591942.0,591869.0
RO212,3,Botosani,2024,TOTAL,TOTAL,NR,451853.0,459793.0,455530.0,454824.0,454060.0,453236.0,452406.0,453270.0,457000.0,455592.0,456442.0,456274.0,455719.0,454865.0,453289.0,452925.0,454138.0,451217.0,455523.0,457685.0,457559.0,458758.0,460945.0,462315.0,462929.0,464095.0,465206.0,466824.0,468278.0,469703.0,468451.0,469114.0,461305.0,460612.0,459903.0,459180.0,458442.0,457688.0,456920.0,456137.0,455339.0,454526.0,452834.0,450746.0,447563.0,443717.0,440161.0,436593.0,425438.0,420496.0,416589.0,413719.0,410706.0,407902.0,406289.0,404792.0,402082.0,398977.0,395923.0,392317.0,394608.0,396203.0,391108.0,389815.0,389748.0,388291.0,388254.0,388206.0
RO213,3,Iasi,2024,TOTAL,TOTAL,NR,572476.0,582536.0,586022.0,594155.0,602355.0,610622.0,619027.0,629247.0,643741.0,651255.0,662203.0,671914.0,681354.0,690562.0,698871.0,709264.0,722423.0,729243.0,741678.0,750733.0,756092.0,763686.0,771207.0,777403.0,782358.0,788274.0,794127.0,800883.0,807396.0,813899.0,815777.0,820997.0,811342.0,812104.0,812820.0,813492.0,814116.0,814696.0,815230.0,815719.0,816162.0,816559.0,816910.0,816594.0,814270.0,810698.0,807616.0,804469.0,787243.0,781404.0,777432.0,775356.0,772979.0,770806.0,770846.0,771079.0,768966.0,766052.0,763187.0,759201.0,766619.0,772708.0,765720.0,774025.0,778689.0,780271.0,780196.0,780100.0
RO214,3,Neamt,2024,TOTAL,TOTAL,NR,425215.0,432687.0,437295.0,445386.0,453560.0,461815.0,470206.0,476540.0,486065.0,490281.0,497049.0,502854.0,507755.0,512439.0,516415.0,521888.0,529338.0,532096.0,540094.0,545611.0,548429.0,552860.0,557506.0,561185.0,563963.0,567426.0,570839.0,574894.0,578766.0,582623.0,583167.0,586099.0,578420.0,576091.0,573758.0,571419.0,569077.0,566730.0,564378.0,562021.0,559660.0,557295.0,554516.0,548247.0,540672.0,532339.0,524400.0,516490.0,499713.0,490353.0,482260.0,475410.0,468429.0,465858.0,464639.0,463547.0,461059.0,458109.0,455208.0,451661.0,454901.0,457343.0,452057.0,449345.0,447776.0,445750.0,445707.0,445652.0
RO215,3,Suceava,2024,TOTAL,TOTAL,NR,544096.0,553657.0,553955.0,558621.0,563304.0,568002.0,572781.0,579502.0,590071.0,594167.0,601335.0,607312.0,611849.0,616096.0,619465.0,624602.0,632067.0,633899.0,644177.0,651509.0,655628.0,661680.0,668095.0,673360.0,677550.0,682571.0,687537.0,693284.0,698820.0,704346.0,705868.0,710284.0,701830.0,700575.0,699300.0,698003.0,696686.0,695348.0,693989.0,692609.0,691208.0,689787.0,688435.0,686259.0,682407.0,677533.0,673091.0,668617.0,652496.0,645872.0,640822.0,637355.0,633658.0,632210.0,631410.0,631030.0,629733.0,628319.0,627439.0,624563.0,623019.0,620092.0,640816.0,642275.0,645196.0,645930.0,645868.0,645789.0
RO216,3,Vaslui,2024,TOTAL,TOTAL,NR,433627.0,441247.0,436652.0,435461.0,434207.0,432889.0,431555.0,432893.0,436985.0,436179.0,437546.0,437951.0,438076.0,437928.0,437097.0,437448.0,439342.0,437251.0,442967.0,446630.0,448075.0,450831.0,453699.0,455770.0,457102.0,458984.0,460817.0,463159.0,465346.0,467512.0,467015.0,468429.0,461374.0,460917.0,460444.0,459952.0,459444.0,458918.0,458375.0,457815.0,457238.0,456643.0,455049.0,450949.0,445769.0,439950.0,434445.0,428950.0,416060.0,409310.0,403601.0,398918.0,394116.0,390387.0,389463.0,389183.0,387525.0,383931.0,379987.0,373863.0,372040.0,368250.0,372861.0,371464.0,369517.0,365977.0,365942.0,365897.0
RO221,3,Braila,2024,TOTAL,TOTAL,NR,318314.0,323907.0,325023.0,328710.0,332421.0,336156.0,339954.0,343812.0,349950.0,352244.0,356357.0,359761.0,362836.0,365746.0,368143.0,371598.0,376449.0,377954.0,383098.0,386471.0,387927.0,390519.0,392322.0,393429.0,393893.0,394825.0,395710.0,397026.0,398202.0,399353.0,397782.0,398657.0,392031.0,390260.0,388487.0,386714.0,384939.0,383163.0,381386.0,379608.0,377828.0,376047.0,373174.0,369432.0,364807.0,359665.0,354783.0,349915.0,339025.0,333151.0,328130.0,323949.0,319674.0,315598.0,312089.0,308176.0,303608.0,299077.0,294097.0,289537.0,285916.0,280679.0,280196.0,277021.0,274751.0,271655.0,271629.0,271596.0
RO222,3,Buzau,2024,TOTAL,TOTAL,NR,484946.0,493467.0,488003.0,486341.0,484604.0,482788.0,480951.0,484411.0,491018.0,492176.0,495832.0,498449.0,500297.0,501868.0,502690.0,504907.0,508954.0,508424.0,513662.0,516491.0,516741.0,518491.0,520569.0,521719.0,522014.0,522929.0,523777.0,525193.0,526421.0,527613.0,525207.0,526032.0,516961.0,514983.0,512999.0,511011.0,509017.0,507019.0,505015.0,503006.0,500992.0,498973.0,496214.0,493837.0,490260.0,485957.0,481975.0,477979.0,465680.0,460186.0,455825.0,452599.0,449218.0,444993.0,440931.0,436440.0,431015.0,425862.0,419831.0,413723.0,409162.0,403709.0,403817.0,400823.0,398344.0,395517.0,395479.0,395432.0
RO223,3,Constanta,2024,TOTAL,TOTAL,NR,410408.0,417620.0,424378.0,434534.0,444807.0,455195.0,465752.0,477448.0,492516.0,502355.0,514930.0,526644.0,539940.0,553173.0,565796.0,580226.0,597077.0,608817.0,622957.0,634334.0,642626.0,652849.0,664210.0,674483.0,683718.0,693826.0,703919.0,714858.0,725629.0,736436.0,742247.0,752636.0,748769.0,745108.0,741449.0,737788.0,734129.0,730470.0,726810.0,723152.0,719493.0,715836.0,715151.0,715647.0,714376.0,712004.0,710050.0,708032.0,693600.0,689176.0,686386.0,685263.0,683866.0,682122.0,680290.0,677943.0,673903.0,669596.0,665153.0,660544.0,665052.0,668639.0,656017.0,657055.0,657419.0,656082.0,656019.0,655939.0
RO224,3,Galati,2024,TOTAL,TOTAL,NR,434301.0,441933.0,445482.0,452569.0,459723.0,466941.0,474279.0,484042.0,497155.0,504931.0,515412.0,524978.0,534221.0,543320.0,551746.0,561856.0,574208.0,581561.0,591127.0,597992.0,601909.0,607603.0,613184.0,617707.0,621241.0,625535.0,629776.0,634729.0,639487.0,644232.0,644592.0,648923.0,641011.0,638915.0,636809.0,634694.0,632568.0,630433.0,628288.0,626134.0,623969.0,621795.0,619556.0,613757.0,606488.0,598354.0,590649.0,582961.0,565228.0,555846.0,547878.0,541308.0,534577.0,530914.0,527979.0,524574.0,520058.0,515282.0,510865.0,504058.0,500213.0,495149.0,495030.0,494280.0,493009.0,489056.0,489009.0,488949.0
RO225,3,Tulcea,2024,TOTAL,TOTAL,NR,234915.0,239043.0,237119.0,237048.0,236952.0,236830.0,236709.0,238595.0,242037.0,242798.0,244795.0,246285.0,247723.0,249036.0,249986.0,251641.0,254223.0,254531.0,258059.0,260395.0,261440.0,263251.0,265068.0,266420.0,267342.0,268587.0,269804.0,271320.0,272747.0,274163.0,273711.0,274944.0,270997.0,269584.0,268171.0,266759.0,265349.0,263939.0,262531.0,261123.0,259717.0,258311.0,256492.0,253090.0,249090.0,244746.0,240590.0,236453.0,228271.0,223495.0,219305.0,215685.0,212012.0,210119.0,208242.0,205965.0,203196.0,200679.0,197734.0,194421.0,192101.0,189707.0,192566.0,190994.0,189336.0,187619.0,187601.0,187578.0
RO226,3,Vrancea,2024,TOTAL,TOTAL,NR,345509.0,351580.0,349359.0,349875.0,350362.0,350821.0,351292.0,353755.0,358514.0,359293.0,361894.0,363735.0,364882.0,365823.0,366213.0,367616.0,370346.0,369740.0,374376.0,377272.0,378294.0,380420.0,383206.0,385322.0,386817.0,388779.0,390704.0,393063.0,395294.0,397511.0,397020.0,398974.0,393408.0,392906.0,392390.0,391861.0,391319.0,390762.0,390192.0,389608.0,389011.0,388400.0,387632.0,384557.0,380557.0,376007.0,371720.0,367437.0,356807.0,351429.0,346937.0,343323.0,339602.0,339608.0,339563.0,339254.0,338088.0,336774.0,335379.0,333888.0,337002.0,339657.0,334066.0,333154.0,332313.0,331236.0,331204.0,331163.0
RO311,3,Arges,2024,TOTAL,TOTAL,NR,508546.0,517482.0,516690.0,519963.0,523236.0,526505.0,529833.0,538839.0,551513.0,558215.0,567866.0,576462.0,585554.0,594467.0,602624.0,612599.0,624990.0,631918.0,640416.0,645950.0,648280.0,652508.0,657860.0,662069.0,665215.0,669169.0,673061.0,677709.0,682141.0,686554.0,687920.0,684439.0,681206.0,678261.0,675312.0,672359.0,669404.0,666444.0,663482.0,660516.0,657547.0,654574.0,652625.0,651673.0,649122.0,645586.0,642448.0,639267.0,624917.0,619628.0,615831.0,613544.0,611024.0,606789.0,604058.0,600256.0,595764.0,590531.0,585713.0,579862.0,575027.0,567678.0,566913.0,565747.0,564829.0,561990.0,561936.0,561867.0
RO312,3,Calarasi,2024,TOTAL,TOTAL,NR,330941.0,336756.0,334780.0,335428.0,336051.0,336649.0,337261.0,338252.0,341394.0,340707.0,341716.0,341973.0,341656.0,341117.0,340038.0,339870.0,340889.0,338807.0,342410.0,344409.0,344690.0,345972.0,346809.0,347022.0,346663.0,346710.0,346709.0,347079.0,347318.0,347529.0,346187.0,342421.0,338804.0,337519.0,336230.0,334937.0,333641.0,332342.0,331040.0,329733.0,328424.0,327111.0,324617.0,324343.0,323272.0,321708.0,320340.0,318948.0,311978.0,309525.0,307814.0,306855.0,305779.0,303881.0,301251.0,298684.0,295505.0,292835.0,288061.0,284299.0,280252.0,277701.0,281980.0,280468.0,279349.0,278602.0,278575.0,278541.0
RO313,3,Dâmbovita,2024,TOTAL,TOTAL,NR,451861.0,459801.0,455698.0,455155.0,454556.0,453901.0,453241.0,460431.0,470739.0,475936.0,483635.0,490423.0,496577.0,502547.0,507849.0,514651.0,523440.0,527620.0,535135.0,540183.0,542555.0,546519.0,550241.0,552998.0,554862.0,557394.0,559869.0,562965.0,565874.0,568760.0,569119.0,565473.0,562041.0,560125.0,558202.0,556270.0,554331.0,552384.0,550429.0,548467.0,546496.0,544518.0,541763.0,542095.0,541089.0,539249.0,537727.0,536156.0,525187.0,521796.0,519645.0,518754.0,517657.0,515623.0,512668.0,509531.0,505219.0,501274.0,496213.0,491242.0,487115.0,483102.0,478599.0,477197.0,476962.0,476523.0,476477.0,476419.0
RO314,3,Giurgiu,2024,TOTAL,TOTAL,NR,328719.0,334495.0,329649.0,327363.0,325007.0,322581.0,320120.0,321629.0,325201.0,325143.0,326716.0,327584.0,327746.0,327705.0,327155.0,327490.0,328984.0,327494.0,330019.0,330980.0,330279.0,330529.0,330406.0,329678.0,328398.0,327498.0,326545.0,325931.0,325186.0,324405.0,322170.0,317685.0,313352.0,311922.0,310491.0,309060.0,307627.0,306194.0,304759.0,303324.0,301889.0,300452.0,297859.0,297685.0,296779.0,295420.0,294239.0,293036.0,286706.0,284524.0,283024.0,282214.0,281295.0,281989.0,278425.0,276632.0,274570.0,274021.0,269239.0,266194.0,263263.0,261050.0,260203.0,258751.0,258661.0,261198.0,261173.0,261141.0
RO315,3,Ialomita,2024,TOTAL,TOTAL,NR,287883.0,292942.0,290834.0,291002.0,291142.0,291255.0,291373.0,292140.0,294761.0,294074.0,294850.0,294973.0,295289.0,295426.0,295106.0,295589.0,297122.0,295965.0,299231.0,301098.0,301464.0,302706.0,304306.0,305369.0,305933.0,306864.0,307759.0,308991.0,310116.0,311224.0,310946.0,308484.0,306145.0,305248.0,304345.0,303436.0,302522.0,301602.0,300677.0,299745.0,298809.0,297866.0,296572.0,295671.0,294048.0,291985.0,290107.0,288215.0,281301.0,278480.0,276337.0,274877.0,273317.0,271030.0,269251.0,267139.0,264733.0,262231.0,259143.0,256120.0,254405.0,251917.0,250451.0,249852.0,249364.0,248786.0,248762.0,248731.0
RO316,3,Prahova,2024,TOTAL,TOTAL,NR,663038.0,674689.0,675646.0,681935.0,688254.0,694601.0,701057.0,712232.0,728233.0,736328.0,748294.0,758854.0,768497.0,777857.0,786185.0,796837.0,810570.0,817168.0,828303.0,835609.0,838771.0,844390.0,850675.0,855474.0,858894.0,863354.0,867729.0,873072.0,878130.0,883158.0,884263.0,879143.0,874349.0,869618.0,864893.0,860174.0,855458.0,850749.0,846042.0,841342.0,836644.0,831954.0,829945.0,827084.0,822205.0,816096.0,810511.0,804891.0,785256.0,777061.0,770759.0,766367.0,761699.0,756635.0,752322.0,747565.0,740483.0,732833.0,725599.0,717972.0,712447.0,703368.0,694502.0,691246.0,688976.0,685562.0,685496.0,685412.0
RO317,3,Teleorman,2024,TOTAL,TOTAL,NR,519606.0,528737.0,523056.0,521452.0,519769.0,518006.0,516222.0,517826.0,522724.0,521763.0,523402.0,523890.0,523389.0,522547.0,520879.0,520605.0,522150.0,518943.0,521912.0,522386.0,520227.0,519557.0,518584.0,516654.0,513853.0,511640.0,509337.0,507558.0,505565.0,503508.0,499191.0,491392.0,483840.0,479134.0,474451.0,469791.0,465154.0,460539.0,455948.0,451380.0,446835.0,442313.0,436025.0,432138.0,427216.0,421681.0,416447.0,411221.0,398905.0,392475.0,387042.0,382592.0,378028.0,372203.0,367120.0,361479.0,355281.0,349669.0,341447.0,334143.0,328867.0,324178.0,322245.0,318043.0,315482.0,313033.0,313003.0,312965.0
RO321,3,Bucuresti,2024,TOTAL,TOTAL,NR,1171558.0,1192145.0,1218637.0,1254939.0,1291690.0,1328883.0,1366684.0,1406240.0,1455901.0,1490250.0,1532814.0,1572951.0,1610897.0,1648624.0,1684498.0,1725712.0,1774086.0,1807239.0,1841527.0,1867500.0,1884313.0,1906722.0,1929245.0,1948483.0,1964647.0,1983240.0,2001716.0,2022497.0,2042705.0,2062924.0,2037640.0,2076190.0,2067545.0,2052975.0,2038450.0,2023970.0,2009533.0,1995141.0,1980794.0,1966491.0,1952233.0,1938018.0,1926334.0,1932492.0,1933842.0,1932155.0,1931550.0,1930712.0,1895887.0,1888265.0,1885049.0,1886355.0,1886866.0,1873136.0,1857593.0,1842608.0,1829981.0,1813491.0,1809806.0,1804354.0,1787446.0,1765191.0,1722974.0,1724966.0,1721784.0,1709191.0,1709027.0,1708817.0
RO322,3,Ilfov,2024,TOTAL,TOTAL,NR,209769.0,213455.0,215304.0,218864.0,222458.0,226085.0,229773.0,234987.0,241844.0,246117.0,251719.0,256887.0,261911.0,266874.0,271517.0,276997.0,283597.0,287738.0,289703.0,290289.0,289415.0,289372.0,290393.0,290895.0,290919.0,291287.0,291617.0,292262.0,292801.0,293318.0,287397.0,290488.0,286965.0,288264.0,289536.0,290782.0,292003.0,293197.0,294365.0,295507.0,296622.0,297712.0,300123.0,311662.0,322348.0,332409.0,342530.0,352488.0,355946.0,364184.0,373113.0,382823.0,392279.0,409108.0,425375.0,441592.0,458222.0,473717.0,492485.0,510819.0,525810.0,538943.0,545407.0,564833.0,583663.0,604264.0,604206.0,604132.0
RO411,3,Dolj,2024,TOTAL,TOTAL,NR,668262.0,680005.0,677972.0,681266.0,684542.0,687799.0,691116.0,697829.0,709132.0,712616.0,719754.0,725430.0,729763.0,733727.0,736627.0,741605.0,749317.0,750328.0,758182.0,762482.0,762977.0,765687.0,768641.0,770223.0,770543.0,771775.0,772910.0,774881.0,776572.0,778210.0,766906.0,763817.0,762142.0,759505.0,756856.0,754198.0,751530.0,748851.0,746163.0,743463.0,740754.0,738035.0,734231.0,730103.0,724205.0,717242.0,710760.0,704266.0,685554.0,676879.0,669882.0,664561.0,659016.0,654456.0,650548.0,646455.0,641040.0,635631.0,631026.0,625656.0,621410.0,615962.0,599580.0,599631.0,598371.0,595229.0,595172.0,595099.0
RO412,3,Gorj,2024,TOTAL,TOTAL,NR,300111.0,305385.0,302147.0,301265.0,300338.0,299366.0,298382.0,303045.0,309759.0,313107.0,318099.0,322491.0,326787.0,330966.0,334710.0,339448.0,345503.0,348521.0,354062.0,357982.0,360135.0,363349.0,368268.0,372568.0,376285.0,380472.0,384640.0,389258.0,393771.0,398291.0,396161.0,398225.0,401021.0,399520.0,398015.0,396506.0,394992.0,393474.0,391952.0,390426.0,388895.0,387360.0,387308.0,384312.0,380391.0,375920.0,371711.0,367504.0,356947.0,351642.0,347222.0,343680.0,340030.0,336995.0,334819.0,331416.0,327537.0,323626.0,319903.0,315494.0,311985.0,307967.0,313025.0,311301.0,310056.0,307702.0,307672.0,307634.0
RO413,3,Mehedinti,2024,TOTAL,TOTAL,NR,308570.0,313992.0,311289.0,311018.0,310711.0,310367.0,310021.0,311746.0,315479.0,315698.0,317507.0,318638.0,319401.0,319978.0,320070.0,321041.0,323164.0,322371.0,325408.0,326913.0,326783.0,327599.0,329452.0,330723.0,331457.0,332588.0,333681.0,335141.0,336486.0,337814.0,333519.0,332789.0,332673.0,329983.0,327305.0,324636.0,321978.0,319331.0,316694.0,314067.0,311452.0,308846.0,306732.0,303826.0,300193.0,296133.0,292284.0,288445.0,279637.0,274961.0,270985.0,267701.0,264338.0,261670.0,259011.0,256140.0,252600.0,249327.0,244960.0,241262.0,238907.0,236460.0,233636.0,231398.0,230094.0,229220.0,229198.0,229170.0
RO414,3,Olt,2024,TOTAL,TOTAL,NR,473191.0,481506.0,477573.0,477374.0,477122.0,476817.0,476513.0,481114.0,488878.0,491251.0,496142.0,500025.0,503268.0,506262.0,508526.0,512230.0,517830.0,518804.0,523768.0,526269.0,526138.0,527530.0,529405.0,530333.0,530390.0,531075.0,531691.0,532881.0,533877.0,534834.0,526898.0,524610.0,523291.0,519970.0,516657.0,513351.0,510053.0,506763.0,503480.0,500205.0,496938.0,493678.0,489274.0,485951.0,481455.0,476257.0,471385.0,466512.0,453563.0,447273.0,442101.0,438041.0,433839.0,428160.0,423352.0,418464.0,412491.0,407719.0,400763.0,394389.0,389730.0,385775.0,381731.0,378567.0,376539.0,375641.0,375605.0,375559.0
RO415,3,Vâlcea,2024,TOTAL,TOTAL,NR,372220.0,378761.0,374494.0,373145.0,371736.0,370267.0,368779.0,373118.0,379936.0,382586.0,387214.0,391076.0,394955.0,398666.0,401828.0,406155.0,412023.0,414241.0,418776.0,421352.0,421827.0,423528.0,426665.0,429058.0,430758.0,432979.0,435159.0,437823.0,440344.0,442850.0,437979.0,437780.0,438388.0,435770.0,433158.0,430550.0,427947.0,425349.0,422755.0,420167.0,417583.0,415004.0,413247.0,410839.0,407437.0,403437.0,399707.0,395971.0,385370.0,380412.0,376400.0,373329.0,370134.0,367421.0,365630.0,363291.0,359814.0,356676.0,353161.0,350059.0,348377.0,345914.0,341630.0,340914.0,340637.0,340236.0,340203.0,340161.0
RO421,3,Arad,2024,TOTAL,TOTAL,NR,481501.0,489962.0,485256.0,484338.0,483355.0,482307.0,481248.0,485090.0,492096.0,493652.0,497721.0,500758.0,502811.0,504590.0,505619.0,508056.0,512340.0,512020.0,516149.0,517835.0,516924.0,517502.0,517042.0,515632.0,513358.0,511675.0,509906.0,508666.0,507217.0,505710.0,511144.0,505126.0,487617.0,485226.0,482835.0,480445.0,478054.0,475664.0,473275.0,470886.0,468497.0,466108.0,461791.0,460938.0,458954.0,456277.0,453883.0,451460.0,441155.0,437253.0,434406.0,432625.0,430683.0,429625.0,427974.0,426459.0,424075.0,421945.0,419135.0,417422.0,415910.0,413030.0,410282.0,410451.0,410871.0,410320.0,410281.0,410231.0
RO422,3,Caras-Severin,2024,TOTAL,TOTAL,NR,345371.0,351440.0,350688.0,352695.0,354697.0,356693.0,358726.0,361841.0,367324.0,368747.0,372052.0,374592.0,376533.0,378278.0,379468.0,381723.0,385376.0,385577.0,390437.0,393485.0,394577.0,396821.0,396686.0,395826.0,394303.0,393236.0,392105.0,391382.0,390502.0,389578.0,394007.0,389613.0,376347.0,372204.0,368083.0,363986.0,359910.0,355857.0,351827.0,347820.0,343834.0,339872.0,333219.0,330860.0,327703.0,324070.0,320659.0,317249.0,308350.0,303980.0,300372.0,297521.0,294575.0,292037.0,288941.0,285928.0,282389.0,278763.0,275585.0,272457.0,264317.0,255411.0,246319.0,244904.0,243685.0,242232.0,242209.0,242179.0
RO423,3,Hunedoara,2024,TOTAL,TOTAL,NR,428564.0,436095.0,440874.0,449165.0,457541.0,466002.0,474602.0,478865.0,486266.0,488296.0,492822.0,496338.0,499471.0,502355.0,504513.0,508099.0,513562.0,514436.0,522628.0,528426.0,531617.0,536375.0,539701.0,542077.0,543574.0,545725.0,547816.0,550512.0,553023.0,555507.0,565713.0,563306.0,547950.0,541738.0,535561.0,529419.0,523310.0,517237.0,511198.0,505194.0,499225.0,493290.0,485712.0,480942.0,475021.0,468426.0,462169.0,455927.0,441837.0,434282.0,427836.0,422483.0,417008.0,414685.0,411576.0,408589.0,404852.0,400989.0,397770.0,394628.0,384205.0,372614.0,360692.0,357563.0,354879.0,351253.0,351219.0,351176.0
RO424,3,Timis,2024,TOTAL,TOTAL,NR,588908.0,599256.0,597183.0,599800.0,602397.0,604972.0,607596.0,616157.0,628857.0,634698.0,643852.0,651767.0,659262.0,666499.0,672837.0,681148.0,692070.0,696884.0,704098.0,708010.0,708389.0,710822.0,712894.0,713687.0,713305.0,713762.0,714124.0,715252.0,716115.0,716923.0,727640.0,722099.0,700033.0,698012.0,695978.0,693929.0,691870.0,689796.0,687708.0,685607.0,683493.0,681366.0,677926.0,682437.0,685235.0,686928.0,688979.0,690920.0,680633.0,680039.0,680997.0,683564.0,685821.0,688251.0,689404.0,690779.0,690896.0,690794.0,691806.0,692967.0,681236.0,667179.0,652238.0,658515.0,663543.0,667225.0,667161.0,667079.0
RS110,3,Beogradska oblast,2024,TOTAL,TOTAL,NR,932985.0,942190.0,967640.0,993375.0,1019386.0,1045682.0,1072257.0,1099115.0,1126259.0,1153674.0,1181377.0,1209360.0,1234374.0,1259623.0,1285111.0,1310829.0,1336780.0,1362968.0,1389394.0,1416051.0,1442945.0,1470073.0,1483165.0,1496283.0,1509435.0,1522608.0,1535806.0,1549037.0,1562293.0,1575575.0,1588888.0,1602226.0,1595927.0,1589589.0,1583199.0,1576757.0,1580439.0,1581091.0,1579046.0,1576545.0,1575038.0,1573858.0,1576124.0,1589529.0,1599997.0,1611777.0,1619926.0,1628549.0,1636105.0,1643881.0,1652059.0,1654540.0,1659691.0,1665208.0,1670685.0,1676592.0,1681033.0,1685797.0,1688466.0,1691919.0,1696192.0,1692768.0,1684567.0,1683033.0,1683425.0,1682015.0,1672856.0,1652452.0
RS121,3,Zapadnobacka oblast,2024,TOTAL,TOTAL,NR,217188.0,219331.0,219569.0,219784.0,219976.0,220145.0,220290.0,220413.0,220512.0,220588.0,220641.0,220671.0,220789.0,220885.0,220960.0,221013.0,221045.0,221054.0,221042.0,221008.0,220953.0,220876.0,220388.0,219899.0,219407.0,218914.0,218419.0,217922.0,217423.0,216923.0,216420.0,215916.0,215220.0,214515.0,213802.0,213080.0,213725.0,213960.0,213830.0,213636.0,213577.0,213561.0,214011.0,211805.0,209223.0,206832.0,203999.0,201257.0,198414.0,195631.0,192926.0,189597.0,187318.0,185108.0,182921.0,180808.0,178562.0,176379.0,174316.0,172110.0,169997.0,167685.0,165106.0,154072.0,152140.0,150317.0,149498.0,147675.0
RS122,3,Juznobanatska oblast,2024,TOTAL,TOTAL,NR,317059.0,320187.0,321389.0,322570.0,323731.0,324872.0,325992.0,327092.0,328171.0,329229.0,330267.0,331285.0,332269.0,333233.0,334175.0,335097.0,335998.0,336878.0,337737.0,338575.0,339392.0,340189.0,339030.0,337867.0,336701.0,335530.0,334356.0,333178.0,331996.0,330811.0,329621.0,328428.0,326277.0,324126.0,321977.0,319828.0,319738.0,319036.0,317795.0,316468.0,315347.0,314297.0,313937.0,312693.0,310886.0,309351.0,307144.0,305057.0,302801.0,300617.0,298536.0,295466.0,293167.0,290963.0,288784.0,286707.0,284411.0,282199.0,280206.0,278356.0,276435.0,274144.0,270976.0,259767.0,258051.0,256492.0,255095.0,251984.0
RS123,3,Juznobacka oblast,2024,TOTAL,TOTAL,NR,428644.0,432873.0,438068.0,443291.0,448542.0,453821.0,459128.0,464463.0,469826.0,475217.0,480636.0,486083.0,491176.0,496291.0,501428.0,506588.0,511770.0,516975.0,522201.0,527451.0,532722.0,538016.0,539508.0,541002.0,542498.0,543996.0,545496.0,546998.0,548502.0,550009.0,551517.0,553027.0,555531.0,557960.0,560313.0,562591.0,568451.0,573211.0,576971.0,580529.0,584422.0,588410.0,593666.0,597784.0,600800.0,604312.0,606469.0,608812.0,610762.0,612803.0,614999.0,615086.0,615463.0,615991.0,616518.0,617219.0,617395.0,617702.0,618200.0,618578.0,619072.0,618179.0,616178.0,607662.0,607437.0,607370.0,604063.0,596695.0
RS124,3,Severnobanatska oblast,2024,TOTAL,TOTAL,NR,192253.0,194150.0,194015.0,193854.0,193666.0,193453.0,193215.0,192950.0,192659.0,192343.0,192000.0,191632.0,191300.0,190942.0,190560.0,190152.0,189720.0,189262.0,188779.0,188271.0,187737.0,187179.0,186450.0,185718.0,184984.0,184248.0,183510.0,182769.0,182026.0,181281.0,180533.0,179783.0,178043.0,176311.0,174586.0,172869.0,172268.0,171338.0,170122.0,168864.0,167719.0,166616.0,165881.0,164374.0,162574.0,160920.0,158922.0,156994.0,154985.0,153020.0,151115.0,148719.0,147057.0,145449.0,143857.0,142321.0,140681.0,139088.0,137653.0,136183.0,134722.0,133146.0,131089.0,117600.0,116318.0,114991.0,114365.0,112970.0
RS125,3,Severnobacka oblast,2024,TOTAL,TOTAL,NR,196454.0,198392.0,199198.0,199993.0,200776.0,201548.0,202307.0,203055.0,203791.0,204515.0,205228.0,205929.0,206542.0,207142.0,207729.0,208303.0,208864.0,209412.0,209947.0,210469.0,210979.0,211475.0,210877.0,210277.0,209674.0,209070.0,208464.0,207855.0,207245.0,206632.0,206018.0,205401.0,204414.0,203422.0,202427.0,201428.0,201723.0,201631.0,201197.0,200706.0,200343.0,200022.0,200140.0,199265.0,198032.0,196972.0,195486.0,194076.0,192559.0,191089.0,189684.0,187653.0,186460.0,185325.0,184202.0,183143.0,181941.0,180790.0,179907.0,178853.0,177736.0,176354.0,174440.0,159934.0,158688.0,157170.0,156314.0,154407.0
RS126,3,Srednjobanatska oblast,2024,TOTAL,TOTAL,NR,227567.0,229812.0,230087.0,230338.0,230565.0,230768.0,230947.0,231103.0,231234.0,231342.0,231426.0,231486.0,231540.0,231571.0,231578.0,231561.0,231521.0,231457.0,231369.0,231257.0,231121.0,230962.0,230014.0,229064.0,228110.0,227154.0,226195.0,225232.0,224267.0,223299.0,222327.0,221353.0,219608.0,217868.0,216131.0,214400.0,214050.0,213290.0,212173.0,211000.0,209966.0,208981.0,208456.0,206788.0,204751.0,202897.0,200608.0,198404.0,196097.0,193844.0,191664.0,188859.0,187000.0,185206.0,183431.0,181725.0,179883.0,178099.0,176515.0,174732.0,173017.0,170957.0,168556.0,157379.0,156049.0,154418.0,153577.0,151704.0
RS127,3,Sremska oblast,2024,TOTAL,TOTAL,NR,257684.0,260226.0,262719.0,265220.0,267727.0,270241.0,272763.0,275291.0,277826.0,280368.0,282918.0,285474.0,287537.0,289599.0,291661.0,293722.0,295784.0,297845.0,299905.0,301966.0,304025.0,306085.0,306474.0,306864.0,307253.0,307643.0,308032.0,308422.0,308812.0,309201.0,309591.0,309981.0,311681.0,313334.0,314941.0,316503.0,320078.0,323033.0,325423.0,327697.0,330159.0,332672.0,335901.0,334290.0,332078.0,330158.0,327523.0,325018.0,322335.0,319731.0,317239.0,313699.0,311658.0,309716.0,307794.0,305979.0,303925.0,301958.0,300018.0,298099.0,296295.0,293965.0,291189.0,282237.0,280923.0,279669.0,278146.0,274753.0
RS211,3,Zlatiborska oblast,2024,TOTAL,TOTAL,NR,305900.0,308918.0,310493.0,312054.0,313602.0,315136.0,316658.0,318166.0,319660.0,321142.0,322610.0,324065.0,325290.0,326499.0,327691.0,328866.0,330025.0,331167.0,332293.0,333402.0,334494.0,335570.0,335600.0,335628.0,335656.0,335683.0,335709.0,335735.0,335759.0,335782.0,335804.0,335826.0,332909.0,330002.0,327105.0,324218.0,323423.0,322009.0,320056.0,318021.0,316198.0,314450.0,313396.0,311377.0,308800.0,306497.0,303534.0,300695.0,297696.0,294775.0,291960.0,288188.0,285459.0,282828.0,280225.0,277727.0,275020.0,272400.0,269760.0,267026.0,264251.0,261077.0,257288.0,254167.0,251869.0,249487.0,248128.0,245102.0
RS212,3,Kolubarska oblast,2024,TOTAL,TOTAL,NR,200650.0,202630.0,202768.0,202883.0,202976.0,203046.0,203093.0,203118.0,203120.0,203099.0,203056.0,202990.0,203278.0,203549.0,203803.0,204040.0,204259.0,204460.0,204645.0,204812.0,204962.0,205094.0,204648.0,204201.0,203751.0,203301.0,202848.0,202394.0,201938.0,201480.0,201021.0,200560.0,199293.0,198025.0,196758.0,195491.0,195481.0,195098.0,194384.0,193618.0,192977.0,192379.0,192204.0,190836.0,189127.0,187586.0,185642.0,183775.0,181811.0,179896.0,178048.0,175616.0,173974.0,172392.0,170827.0,169325.0,167696.0,166120.0,164428.0,162887.0,161442.0,159672.0,157489.0,154107.0,152813.0,151616.0,150790.0,148951.0
RS213,3,Macvanska oblast,2024,TOTAL,TOTAL,NR,308869.0,311916.0,313246.0,314558.0,315853.0,317130.0,318390.0,319632.0,320857.0,322065.0,323255.0,324427.0,325870.0,327299.0,328714.0,330117.0,331505.0,332881.0,334242.0,335591.0,336926.0,338247.0,338390.0,338532.0,338673.0,338814.0,338954.0,339093.0,339232.0,339370.0,339507.0,339644.0,337887.0,336125.0,334358.0,332587.0,332953.0,332680.0,331844.0,330914.0,330196.0,329550.0,329625.0,327247.0,324284.0,321611.0,318245.0,315013.0,311614.0,308300.0,305099.0,300900.0,298044.0,295290.0,292565.0,289950.0,287117.0,284375.0,281640.0,278943.0,276177.0,272921.0,268766.0,264891.0,262505.0,260256.0,258839.0,255682.0
RS214,3,Moravicka oblast,2024,TOTAL,TOTAL,NR,205171.0,207195.0,208239.0,209273.0,210299.0,211315.0,212323.0,213321.0,214310.0,215290.0,216261.0,217223.0,218430.0,219632.0,220828.0,222019.0,223204.0,224384.0,225558.0,226726.0,227889.0,229047.0,229218.0,229389.0,229560.0,229730.0,229901.0,230071.0,230240.0,230410.0,230579.0,230748.0,229633.0,228513.0,227389.0,226261.0,226586.0,226477.0,225983.0,225426.0,225012.0,224646.0,224772.0,224123.0,223071.0,222212.0,220869.0,219611.0,218228.0,216896.0,215635.0,213658.0,211809.0,210031.0,208272.0,206589.0,204750.0,202973.0,201081.0,199330.0,197650.0,195384.0,192760.0,188935.0,187361.0,185913.0,184901.0,182646.0
RS215,3,Pomoravska oblast,2024,TOTAL,TOTAL,NR,252034.0,254521.0,255356.0,256173.0,256972.0,257752.0,258515.0,259259.0,259985.0,260693.0,261383.0,262055.0,262963.0,263856.0,264734.0,265598.0,266447.0,267282.0,268102.0,268907.0,269698.0,270474.0,269848.0,269219.0,268588.0,267955.0,267320.0,266682.0,266042.0,265400.0,264755.0,264108.0,260021.0,255964.0,251938.0,247943.0,245558.0,242707.0,239459.0,236164.0,233038.0,229980.0,227435.0,226745.0,225646.0,224744.0,223352.0,222046.0,220615.0,219235.0,217927.0,215896.0,213721.0,211620.0,209542.0,207543.0,205389.0,203302.0,200749.0,198646.0,196079.0,193272.0,189248.0,181625.0,179344.0,177228.0,176263.0,174113.0
RS216,3,Rasinska oblast,2024,TOTAL,TOTAL,NR,249117.0,251575.0,253008.0,254432.0,255848.0,257255.0,258654.0,260044.0,261426.0,262800.0,264165.0,265521.0,267136.0,268746.0,270351.0,271951.0,273547.0,275138.0,276724.0,278306.0,279883.0,281455.0,281622.0,281789.0,281955.0,282121.0,282287.0,282452.0,282617.0,282781.0,282945.0,283108.0,280201.0,277307.0,274428.0,271563.0,270453.0,268826.0,266752.0,264613.0,262653.0,260759.0,259441.0,258343.0,256781.0,255444.0,253553.0,251761.0,249830.0,247959.0,246173.0,243573.0,240909.0,238332.0,235782.0,233323.0,230693.0,228139.0,225475.0,222907.0,220438.0,217595.0,213662.0,206591.0,204429.0,202252.0,201151.0,198697.0
RS217,3,Raska oblast,2024,TOTAL,TOTAL,NR,226754.0,228991.0,231187.0,233389.0,235598.0,237812.0,240033.0,242260.0,244493.0,246733.0,248978.0,251230.0,254291.0,257371.0,260467.0,263582.0,266715.0,269865.0,273033.0,276219.0,279423.0,282644.0,284392.0,286143.0,287897.0,289655.0,291417.0,293181.0,294949.0,296721.0,298496.0,300274.0,298703.0,297128.0,295549.0,293966.0,294272.0,294014.0,293258.0,292420.0,291768.0,291180.0,291230.0,294081.0,296387.0,298933.0,300805.0,302762.0,304517.0,306311.0,308176.0,308975.0,308504.0,308115.0,307732.0,307442.0,306896.0,306422.0,305487.0,304807.0,304147.0,302956.0,301129.0,296875.0,296628.0,296153.0,294540.0,290947.0
RS218,3,Sumadijska oblast,2024,TOTAL,TOTAL,NR,238692.0,241047.0,243348.0,245656.0,247969.0,250290.0,252616.0,254949.0,257288.0,259634.0,261986.0,264344.0,267937.0,271553.0,275194.0,278859.0,282548.0,286261.0,289998.0,293759.0,297545.0,301354.0,302427.0,303502.0,304578.0,305656.0,306736.0,307817.0,308900.0,309985.0,311072.0,312160.0,310152.0,308144.0,306137.0,304131.0,304081.0,303450.0,302306.0,301079.0,300048.0,299085.0,298778.0,299067.0,298811.0,298811.0,298151.0,297597.0,296864.0,296191.0,295605.0,294025.0,292579.0,291221.0,289878.0,288631.0,287155.0,285755.0,284160.0,282309.0,280245.0,277590.0,274299.0,269258.0,267823.0,266573.0,265121.0,261887.0
RS221,3,Borska oblast,2024,TOTAL,TOTAL,NR,158532.0,160096.0,161650.0,163209.0,164773.0,166341.0,167914.0,169492.0,171074.0,172661.0,174252.0,175848.0,176360.0,176861.0,177350.0,177829.0,178296.0,178752.0,179196.0,179630.0,180052.0,180463.0,180293.0,180122.0,179949.0,179776.0,179602.0,179427.0,179251.0,179075.0,178897.0,178718.0,175260.0,171831.0,168432.0,165062.0,162768.0,160168.0,157309.0,154424.0,151656.0,148936.0,146551.0,144615.0,142423.0,140363.0,138006.0,135715.0,133359.0,131047.0,128790.0,126123.0,124331.0,122588.0,120863.0,119189.0,117431.0,115716.0,113914.0,112085.0,110219.0,108201.0,105741.0,100711.0,99184.0,97353.0,96823.0,95642.0
RS222,3,Branicevska oblast,2024,TOTAL,TOTAL,NR,261203.0,263780.0,263887.0,263962.0,264008.0,264022.0,264006.0,263959.0,263882.0,263774.0,263635.0,263466.0,263651.0,263811.0,263946.0,264055.0,264140.0,264199.0,264232.0,264241.0,264224.0,264182.0,263177.0,262170.0,261159.0,260144.0,259127.0,258106.0,257083.0,256056.0,255025.0,253992.0,248374.0,242806.0,237289.0,231822.0,227872.0,223494.0,218759.0,213994.0,209395.0,204868.0,200806.0,199547.0,197931.0,196491.0,194627.0,192843.0,190955.0,189117.0,187347.0,184962.0,182617.0,180340.0,178087.0,175906.0,173599.0,171353.0,169063.0,166777.0,164490.0,161625.0,158517.0,155892.0,154011.0,152211.0,151382.0,149536.0
RS223,3,Zajecarska oblast,2024,TOTAL,TOTAL,NR,176878.0,178623.0,178136.0,177619.0,177073.0,176497.0,175892.0,175257.0,174593.0,173900.0,173177.0,172424.0,172338.0,172232.0,172106.0,171962.0,171797.0,171613.0,171410.0,171187.0,170944.0,170682.0,169443.0,168200.0,166953.0,165704.0,164450.0,163193.0,161933.0,160669.0,159402.0,158131.0,155815.0,153515.0,151232.0,148965.0,147666.0,146085.0,144266.0,142416.0,140668.0,138960.0,137561.0,136059.0,134316.0,132695.0,130792.0,128948.0,127039.0,125170.0,123351.0,121135.0,119308.0,117528.0,115767.0,114055.0,112264.0,110516.0,108753.0,106917.0,105280.0,103425.0,101003.0,96365.0,94761.0,93310.0,92802.0,91670.0
RS224,3,Jablanicka oblast,2024,TOTAL,TOTAL,NR,252365.0,254855.0,255559.0,256242.0,256906.0,257549.0,258172.0,258774.0,259356.0,259919.0,260460.0,260982.0,261244.0,261483.0,261697.0,261888.0,262055.0,262198.0,262317.0,262412.0,262483.0,262531.0,261791.0,261047.0,260302.0,259554.0,258803.0,258050.0,257294.0,256535.0,255775.0,255011.0,253073.0,251140.0,249210.0,247285.0,246953.0,246149.0,244930.0,243647.0,242525.0,241458.0,240923.0,238941.0,236533.0,234337.0,231638.0,229039.0,226320.0,223665.0,221094.0,217803.0,215489.0,213252.0,211038.0,208906.0,206619.0,204400.0,202105.0,199946.0,197532.0,194999.0,191728.0,184142.0,182015.0,180035.0,179055.0,176871.0
RS225,3,Nisavska oblast,2024,TOTAL,TOTAL,NR,324169.0,327367.0,330893.0,334433.0,337988.0,341559.0,345144.0,348744.0,352358.0,355988.0,359633.0,363292.0,366348.0,369409.0,372476.0,375549.0,378628.0,381713.0,384804.0,387900.0,391002.0,394110.0,394306.0,394502.0,394697.0,394891.0,395085.0,395278.0,395470.0,395662.0,395853.0,396043.0,393749.0,391452.0,389153.0,386852.0,387038.0,386482.0,385273.0,383957.0,382888.0,381904.0,381757.0,382331.0,382209.0,382412.0,381770.0,381262.0,380523.0,379858.0,379305.0,377473.0,375316.0,373275.0,371257.0,369364.0,367180.0,365097.0,363217.0,361446.0,359545.0,356298.0,351904.0,343648.0,341691.0,340169.0,338317.0,334190.0
RS226,3,Pirotska oblast,2024,TOTAL,TOTAL,NR,144365.0,145789.0,144950.0,144080.0,143180.0,142248.0,141285.0,140292.0,139267.0,138212.0,137125.0,136008.0,135263.0,134494.0,133699.0,132878.0,132033.0,131162.0,130266.0,129345.0,128399.0,127427.0,126390.0,125350.0,124307.0,123261.0,122213.0,121161.0,120107.0,119049.0,117989.0,116926.0,115584.0,114250.0,112923.0,111604.0,111007.0,110199.0,109207.0,108191.0,107248.0,106333.0,105654.0,104524.0,103208.0,101986.0,100547.0,99153.0,97710.0,96297.0,94922.0,93241.0,92082.0,90958.0,89845.0,88768.0,87627.0,86517.0,85410.0,84244.0,83153.0,81919.0,80410.0,76430.0,75476.0,74424.0,74019.0,73116.0
RS227,3,Podunavska oblast,2024,TOTAL,TOTAL,NR,178362.0,180122.0,181811.0,183504.0,185202.0,186904.0,188610.0,190321.0,192035.0,193754.0,195477.0,197205.0,199473.0,201753.0,204045.0,206349.0,208665.0,210993.0,213333.0,215685.0,218049.0,220425.0,220988.0,221552.0,222117.0,222682.0,223248.0,223815.0,224382.0,224950.0,225519.0,226089.0,224031.0,221981.0,219938.0,217904.0,217276.0,216233.0,214828.0,213369.0,212052.0,210787.0,209987.0,209440.0,208515.0,207772.0,206575.0,205457.0,204222.0,203034.0,201912.0,200119.0,198389.0,196726.0,195081.0,193507.0,191786.0,190124.0,188057.0,185950.0,184039.0,181753.0,179047.0,175290.0,173799.0,172263.0,171325.0,169235.0
RS228,3,Pcinjska oblast,2024,TOTAL,TOTAL,NR,220346.0,222520.0,223368.0,224203.0,225023.0,225830.0,226622.0,227400.0,228164.0,228915.0,229651.0,230373.0,231263.0,232141.0,233008.0,233863.0,234707.0,235539.0,236360.0,237169.0,237967.0,238753.0,239229.0,239705.0,240181.0,240658.0,241135.0,241613.0,242091.0,242570.0,243049.0,243529.0,241454.0,239385.0,237324.0,235269.0,234732.0,233745.0,232367.0,230930.0,229646.0,228416.0,227690.0,225870.0,223647.0,221625.0,219126.0,216721.0,214203.0,211744.0,209365.0,206303.0,205073.0,203907.0,202753.0,201669.0,200426.0,199239.0,198102.0,196971.0,195894.0,194188.0,191959.0,193454.0,192013.0,190507.0,189470.0,187159.0
RS229,3,Toplicka oblast,2024,TOTAL,TOTAL,NR,139762.0,141141.0,140130.0,139086.0,138008.0,136898.0,135755.0,134578.0,133369.0,132126.0,130851.0,129542.0,128886.0,128206.0,127503.0,126777.0,126028.0,125256.0,124460.0,123641.0,122799.0,121933.0,120933.0,119931.0,118926.0,117918.0,116908.0,115894.0,114878.0,113859.0,112837.0,111813.0,110628.0,109449.0,108276.0,107109.0,106634.0,105956.0,105102.0,104222.0,103413.0,102631.0,102075.0,101244.0,100233.0,99312.0,98178.0,97086.0,95943.0,94826.0,93746.0,92360.0,91231.0,90136.0,89053.0,88005.0,86893.0,85812.0,84762.0,83743.0,82658.0,81474.0,80054.0,77132.0,76415.0,75591.0,75179.0,74262.0
SE110,3,Stockholms län,2024,TOTAL,TOTAL,NR,1274464.0,1279005.0,1295343.0,1310932.0,1327870.0,1348659.0,1371300.0,1392928.0,1410985.0,1427236.0,1453754.0,1477990.0,1486648.0,1485655.0,1485587.0,1489144.0,1493546.0,1500868.0,1512179.0,1519114.0,1524266.0,1528200.0,1535539.0,1544454.0,1551165.0,1562490.0,1578299.0,1593333.0,1606157.0,1617038.0,1629631.0,1641669.0,1654511.0,1669840.0,1686230.0,1708502.0,1725756.0,1744330.0,1762924.0,1783440.0,1803377.0,1823210.0,1838882.0,1850467.0,1860872.0,1872900.0,1889945.0,1918104.0,1949516.0,1981263.0,2019182.0,2054343.0,2091473.0,2127006.0,2163042.0,2198044.0,2231439.0,2269060.0,2308143.0,2344124.0,2377081.0,2391990.0,2415139.0,2440027.0,2454821.0,2473307.0,2477470.0,2480850.0
SE121,3,Uppsala län,2024,TOTAL,TOTAL,NR,198916.0,199625.0,201697.0,203647.0,205802.0,208546.0,211568.0,214424.0,216723.0,218740.0,223137.0,227321.0,230636.0,233622.0,236468.0,238742.0,240149.0,243372.0,246479.0,249610.0,252358.0,254303.0,256196.0,257939.0,259020.0,260699.0,262933.0,266155.0,269080.0,271937.0,276386.0,280664.0,285970.0,290869.0,295458.0,299254.0,301168.0,301876.0,303254.0,304235.0,305281.0,307141.0,309679.0,311796.0,313717.0,315877.0,317759.0,319925.0,323270.0,327188.0,331898.0,335882.0,338630.0,341977.0,345481.0,348942.0,354164.0,361373.0,368971.0,376354.0,383713.0,388394.0,395026.0,400682.0,404589.0,407912.0,408599.0,409157.0
SE122,3,Södermanlands län,2024,TOTAL,TOTAL,NR,222877.0,223671.0,225618.0,227424.0,229454.0,232135.0,235119.0,237912.0,240081.0,241932.0,245343.0,248412.0,248696.0,248551.0,249184.0,250727.0,251913.0,251996.0,251933.0,252067.0,252026.0,252536.0,252191.0,251610.0,251000.0,250515.0,249701.0,249479.0,250073.0,251423.0,253363.0,255636.0,256818.0,257858.0,259199.0,259793.0,258700.0,257383.0,256870.0,256269.0,255890.0,256033.0,257220.0,259006.0,260380.0,261070.0,261895.0,263099.0,265190.0,267524.0,269053.0,270738.0,272563.0,274723.0,277569.0,280666.0,283712.0,288097.0,291341.0,294695.0,297540.0,299401.0,301801.0,302566.0,301944.0,301542.0,302048.0,302460.0
SE123,3,Östergötlands län,2024,TOTAL,TOTAL,NR,359080.0,360359.0,361656.0,362706.0,364094.0,366487.0,369323.0,371823.0,373319.0,374300.0,378437.0,382675.0,384025.0,385103.0,385808.0,386012.0,387088.0,389431.0,391337.0,392057.0,392390.0,392789.0,392694.0,392214.0,392310.0,392887.0,393585.0,394753.0,395580.0,396919.0,399506.0,403011.0,406100.0,408268.0,411212.0,415603.0,416443.0,415659.0,414360.0,412411.0,411320.0,411345.0,412363.0,413438.0,414897.0,415990.0,416303.0,417966.0,420809.0,423169.0,427106.0,429642.0,431075.0,433784.0,437848.0,442105.0,445661.0,452105.0,457496.0,461583.0,465495.0,467158.0,469704.0,471912.0,472298.0,472446.0,473241.0,473887.0
SE124,3,Örebro län,2024,TOTAL,TOTAL,NR,261507.0,262439.0,263297.0,263974.0,264896.0,266549.0,268521.0,270248.0,271244.0,271864.0,273787.0,275490.0,275202.0,274230.0,273561.0,273604.0,273923.0,273819.0,274207.0,274268.0,274223.0,274356.0,273712.0,273128.0,272138.0,270961.0,270211.0,269620.0,269341.0,270031.0,271523.0,272513.0,273608.0,274325.0,275532.0,276828.0,276417.0,275855.0,275163.0,274584.0,273822.0,273615.0,273137.0,273412.0,273935.0,273920.0,274121.0,275030.0,276067.0,277732.0,278882.0,280230.0,281572.0,283113.0,285395.0,288150.0,291012.0,294941.0,298907.0,302252.0,304805.0,305643.0,306792.0,307772.0,308116.0,308375.0,308894.0,309314.0
SE125,3,Västmanlands län,2024,TOTAL,TOTAL,NR,214478.0,215242.0,218782.0,222204.0,225864.0,230190.0,234847.0,239346.0,243243.0,246838.0,249489.0,252099.0,253245.0,251327.0,249143.0,249826.0,249800.0,249907.0,249762.0,248996.0,249118.0,248820.0,247768.0,246912.0,246059.0,244704.0,243680.0,243206.0,242912.0,243386.0,244862.0,246658.0,247386.0,247837.0,248480.0,249141.0,248408.0,247264.0,245760.0,244839.0,244035.0,243944.0,244905.0,245771.0,246912.0,247692.0,247999.0,248489.0,249193.0,249974.0,251353.0,252756.0,254257.0,256224.0,259054.0,261703.0,264276.0,267629.0,271095.0,273929.0,275845.0,277141.0,278967.0,280713.0,280813.0,281158.0,281631.0,282015.0
SE211,3,Jönköpings län,2024,TOTAL,TOTAL,NR,285275.0,286293.0,288064.0,289647.0,291508.0,294185.0,297232.0,300023.0,302017.0,303602.0,306998.0,309279.0,309454.0,310638.0,311339.0,313048.0,313758.0,314493.0,315853.0,315865.0,316631.0,317759.0,317513.0,316731.0,316502.0,316490.0,316525.0,317212.0,318404.0,320239.0,323065.0,325163.0,326653.0,326852.0,327920.0,329406.0,329595.0,328726.0,328068.0,328059.0,327266.0,327829.0,327824.0,327971.0,328659.0,329297.0,330179.0,331539.0,333610.0,335246.0,336044.0,336866.0,337896.0,339116.0,341235.0,344262.0,347837.0,352735.0,357237.0,360825.0,363599.0,365010.0,367064.0,369113.0,368856.0,370009.0,370632.0,371138.0
SE212,3,Kronobergs län,2024,TOTAL,TOTAL,NR,151460.0,152000.0,153087.0,154075.0,155213.0,156788.0,158562.0,160204.0,161421.0,162422.0,164953.0,166734.0,167331.0,167429.0,168199.0,168826.0,169438.0,170319.0,171073.0,171434.0,172401.0,173691.0,174169.0,174021.0,174319.0,174265.0,173972.0,173853.0,174116.0,175427.0,176589.0,177882.0,178612.0,178961.0,179649.0,180747.0,180377.0,179655.0,179021.0,178078.0,177149.0,176639.0,176582.0,176978.0,177448.0,178285.0,178443.0,179635.0,180787.0,182224.0,183162.0,183940.0,184654.0,185887.0,187156.0,189128.0,191369.0,194628.0,197519.0,199886.0,201469.0,202263.0,203340.0,204335.0,203686.0,203351.0,203693.0,203971.0
SE213,3,Kalmar län,2024,TOTAL,TOTAL,NR,236928.0,237772.0,237699.0,237453.0,237418.0,238024.0,238900.0,239540.0,239518.0,239155.0,240298.0,241024.0,240651.0,240180.0,240087.0,240395.0,240724.0,240969.0,241537.0,241340.0,241448.0,241581.0,241098.0,240823.0,240134.0,239380.0,238176.0,237417.0,237356.0,237781.0,239564.0,241102.0,241883.0,241912.0,242528.0,244057.0,243372.0,241896.0,240160.0,238104.0,236501.0,235391.0,234697.0,234627.0,234886.0,234496.0,233944.0,233776.0,233834.0,233397.0,233639.0,233536.0,233090.0,233548.0,233874.0,235598.0,237679.0,242301.0,243536.0,244670.0,245446.0,246010.0,247175.0,247711.0,246667.0,246352.0,246767.0,247104.0
SE214,3,Gotlands län,2024,TOTAL,TOTAL,NR,53845.0,54037.0,53964.0,53851.0,53785.0,53864.0,54002.0,54086.0,54020.0,53876.0,53977.0,53722.0,53720.0,53805.0,53950.0,54174.0,54400.0,54621.0,54791.0,54935.0,55261.0,55346.0,55623.0,55897.0,55987.0,56203.0,56144.0,56174.0,56269.0,56383.0,56840.0,57108.0,57383.0,57578.0,57751.0,58237.0,58120.0,57971.0,57791.0,57643.0,57428.0,57313.0,57412.0,57381.0,57535.0,57661.0,57488.0,57297.0,57122.0,57004.0,57221.0,57269.0,57308.0,57241.0,57161.0,57255.0,57391.0,58003.0,58595.0,59249.0,59686.0,60124.0,61001.0,61173.0,61029.0,60971.0,61074.0,61157.0
SE221,3,Blekinge län,2024,TOTAL,TOTAL,NR,143531.0,144042.0,144685.0,145231.0,145914.0,147001.0,148268.0,149403.0,150137.0,150665.0,152373.0,153585.0,153960.0,154638.0,154634.0,155144.0,155336.0,154962.0,154565.0,154368.0,154135.0,153542.0,152628.0,152091.0,151884.0,151652.0,150959.0,150258.0,149600.0,149544.0,149960.0,150564.0,151168.0,151266.0,151853.0,153016.0,152737.0,151972.0,151692.0,151414.0,150625.0,150392.0,150017.0,149875.0,149889.0,150335.0,150696.0,151436.0,151900.0,152259.0,152591.0,153227.0,152979.0,152315.0,152757.0,154157.0,156253.0,158453.0,159371.0,159684.0,159606.0,159056.0,158937.0,158740.0,157973.0,157223.0,157488.0,157703.0
SE224,3,Skåne län,2024,TOTAL,TOTAL,NR,877901.0,881029.0,889619.0,897663.0,906603.0,918131.0,930871.0,942872.0,952417.0,960711.0,971809.0,983753.0,991355.0,996197.0,999947.0,1007685.0,1012083.0,1013623.0,1017504.0,1019721.0,1022050.0,1023479.0,1023630.0,1024635.0,1025814.0,1027470.0,1030494.0,1033684.0,1039550.0,1047167.0,1058015.0,1068587.0,1078225.0,1086689.0,1093367.0,1105986.0,1111731.0,1114368.0,1116603.0,1120426.0,1123786.0,1129424.0,1136571.0,1145090.0,1152697.0,1160919.0,1169464.0,1184500.0,1199357.0,1214758.0,1231062.0,1243329.0,1252933.0,1263088.0,1274069.0,1288908.0,1303627.0,1324565.0,1344689.0,1362164.0,1377827.0,1389336.0,1402425.0,1414324.0,1421781.0,1428626.0,1431030.0,1432983.0
SE231,3,Hallands län,2024,TOTAL,TOTAL,NR,174402.0,175023.0,176819.0,178508.0,180375.0,182759.0,185386.0,187868.0,189861.0,191606.0,195546.0,200055.0,203848.0,208276.0,212490.0,216318.0,219780.0,222985.0,225032.0,227175.0,229211.0,230924.0,232715.0,234339.0,236319.0,238347.0,240063.0,242250.0,244377.0,247417.0,250959.0,254725.0,257874.0,261172.0,264607.0,268067.0,269338.0,270060.0,271325.0,272539.0,273537.0,275004.0,276653.0,278551.0,281322.0,283788.0,285868.0,288859.0,291393.0,293572.0,296825.0,299484.0,301724.0,304116.0,306840.0,310665.0,314784.0,320333.0,324825.0,329352.0,333848.0,336748.0,340243.0,342805.0,343746.0,345074.0,345655.0,346127.0
SE232,3,Västra Götalands län,2024,TOTAL,TOTAL,NR,1231792.0,1236181.0,1246475.0,1255987.0,1266732.0,1281065.0,1297058.0,1311987.0,1323470.0,1333196.0,1349898.0,1366708.0,1373088.0,1374869.0,1376948.0,1380332.0,1384484.0,1386501.0,1389139.0,1390181.0,1392028.0,1391774.0,1390805.0,1390269.0,1390152.0,1393219.0,1397122.0,1403503.0,1411372.0,1418954.0,1431259.0,1441293.0,1448056.0,1455645.0,1464073.0,1477370.0,1482501.0,1485014.0,1485611.0,1486918.0,1488709.0,1494641.0,1500857.0,1508230.0,1514992.0,1521895.0,1528455.0,1538284.0,1547298.0,1558130.0,1569458.0,1580297.0,1590604.0,1600447.0,1615084.0,1632012.0,1648682.0,1671783.0,1690782.0,1709814.0,1725881.0,1734443.0,1744859.0,1758656.0,1767016.0,1772821.0,1775805.0,1778228.0
SE311,3,Värmlands län,2024,TOTAL,TOTAL,NR,288443.0,289471.0,288609.0,287530.0,286696.0,286625.0,286863.0,286803.0,285938.0,284655.0,284039.0,284686.0,284246.0,283677.0,283246.0,283476.0,284249.0,284529.0,284708.0,284892.0,284615.0,284070.0,283175.0,282115.0,281205.0,280499.0,279183.0,278861.0,279402.0,280694.0,282375.0,283110.0,284187.0,284691.0,285220.0,285498.0,284011.0,282147.0,280178.0,278313.0,276600.0,275003.0,273933.0,273419.0,273563.0,273547.0,273288.0,273489.0,273826.0,273374.0,273257.0,273265.0,272736.0,273080.0,273815.0,274691.0,275904.0,279334.0,280399.0,281482.0,282414.0,282885.0,283196.0,283976.0,283548.0,283384.0,283861.0,284248.0
SE312,3,Dalarnas län,2024,TOTAL,TOTAL,NR,284195.0,285208.0,284184.0,282945.0,281945.0,281693.0,281740.0,281491.0,280449.0,278996.0,278087.0,277056.0,277284.0,277453.0,278104.0,279159.0,281109.0,283350.0,284034.0,284490.0,285545.0,286968.0,286482.0,286278.0,285610.0,285113.0,283880.0,283191.0,283330.0,284407.0,286667.0,289067.0,290388.0,290245.0,290515.0,291203.0,289956.0,288171.0,285232.0,282898.0,280575.0,278259.0,277010.0,276636.0,276520.0,276042.0,275755.0,275711.0,275618.0,275867.0,276454.0,277047.0,276565.0,276555.0,277349.0,278903.0,281028.0,284531.0,286165.0,287191.0,287966.0,287676.0,288387.0,288310.0,287253.0,286546.0,287028.0,287420.0
SE313,3,Gävleborgs län,2024,TOTAL,TOTAL,NR,291348.0,292386.0,292265.0,291932.0,291858.0,292571.0,293615.0,294369.0,294309.0,293829.0,292762.0,293456.0,293601.0,292922.0,292021.0,292760.0,294412.0,294627.0,294412.0,294288.0,293959.0,294020.0,293657.0,292723.0,291497.0,290533.0,289153.0,287691.0,286907.0,287004.0,288223.0,289294.0,289339.0,289190.0,289612.0,289654.0,288509.0,286789.0,284636.0,282226.0,280717.0,279262.0,278171.0,277012.0,276866.0,276599.0,275994.0,275653.0,275556.0,275908.0,276220.0,276508.0,276130.0,276637.0,277970.0,279991.0,281815.0,284586.0,285637.0,286547.0,287382.0,287502.0,287767.0,287334.0,285642.0,284558.0,285037.0,285426.0
SE321,3,Västernorrlands län,2024,TOTAL,TOTAL,NR,275707.0,276689.0,275560.0,274219.0,273110.0,272722.0,272623.0,272233.0,271074.0,269516.0,267359.0,267403.0,267682.0,267620.0,267273.0,267608.0,268034.0,268237.0,268357.0,268110.0,267895.0,267935.0,267115.0,266038.0,264803.0,263598.0,262314.0,261089.0,260332.0,259964.0,260488.0,261155.0,261280.0,260829.0,260567.0,260295.0,258290.0,256587.0,254354.0,251884.0,249299.0,246903.0,245078.0,244319.0,244105.0,244195.0,243736.0,243978.0,243449.0,243372.0,243042.0,242625.0,242155.0,241981.0,242156.0,243061.0,243897.0,245572.0,245968.0,245453.0,245347.0,244554.0,244193.0,243265.0,242148.0,241458.0,241864.0,242194.0
SE322,3,Jämtlands län,2024,TOTAL,TOTAL,NR,147014.0,147538.0,145861.0,144061.0,142369.0,141038.0,139833.0,138458.0,136673.0,134673.0,132436.0,131289.0,131832.0,132252.0,132542.0,133044.0,133433.0,133752.0,134189.0,134420.0,134653.0,134934.0,134945.0,134865.0,134946.0,134731.0,134190.0,133543.0,133389.0,134116.0,134789.0,135726.0,136009.0,135910.0,136073.0,136301.0,135584.0,134561.0,133143.0,131766.0,130705.0,129566.0,128586.0,127947.0,127645.0,127424.0,127028.0,127020.0,126937.0,126897.0,126666.0,126691.0,126299.0,126201.0,126461.0,126765.0,127376.0,128673.0,129806.0,130280.0,130810.0,131155.0,132054.0,132670.0,132572.0,132839.0,133063.0,133245.0
SE331,3,Västerbottens län,2024,TOTAL,TOTAL,NR,238075.0,238923.0,238152.0,237201.0,236452.0,236331.0,236464.0,236349.0,235570.0,234447.0,233543.0,233133.0,232856.0,233353.0,233865.0,234875.0,236397.0,237705.0,239247.0,240601.0,241898.0,243856.0,244789.0,245055.0,245252.0,245181.0,245255.0,245204.0,245703.0,247521.0,250134.0,251968.0,253835.0,255987.0,258171.0,259775.0,260472.0,259895.0,259163.0,257803.0,256710.0,255640.0,254818.0,255230.0,255956.0,256875.0,257652.0,257581.0,257593.0,257812.0,258548.0,259286.0,259667.0,260217.0,261112.0,262362.0,263378.0,265881.0,268465.0,270154.0,271736.0,273192.0,274563.0,276295.0,278729.0,281138.0,281611.0,281995.0
SE332,3,Norrbottens län,2024,TOTAL,TOTAL,NR,260107.0,261034.0,260592.0,259958.0,259549.0,259837.0,260411.0,260721.0,260305.0,259513.0,256346.0,255360.0,256078.0,257332.0,259067.0,261548.0,264386.0,266113.0,266598.0,266329.0,266983.0,267054.0,266589.0,265347.0,264457.0,263684.0,262300.0,261039.0,260833.0,261536.0,262838.0,263735.0,264834.0,266089.0,267092.0,267648.0,266011.0,264320.0,262317.0,260473.0,258094.0,256238.0,254733.0,253632.0,252874.0,252585.0,251740.0,251886.0,250602.0,249677.0,249019.0,248609.0,248545.0,248637.0,249436.0,249987.0,249733.0,250570.0,251295.0,250497.0,250093.0,249614.0,249693.0,249177.0,248480.0,248620.0,249038.0,249378.0
SI031,3,Pomurska,2024,TOTAL,TOTAL,NR,126703.0,127374.0,127394.0,127256.0,127855.0,127979.0,128839.0,129504.0,130149.0,130073.0,129822.0,129980.0,129922.0,129968.0,129961.0,129241.0,130361.0,130933.0,131342.0,131585.0,131927.0,131938.0,130853.0,131122.0,131151.0,131111.0,131079.0,133013.0,132890.0,132343.0,131646.0,131219.0,130894.0,130798.0,130378.0,129867.0,126672.0,126224.0,125722.0,125257.0,124969.0,124329.0,123948.0,123550.0,123073.0,122717.0,122453.0,122068.0,120023.0,119537.0,119548.0,119145.0,118988.0,118022.0,117133.0,116670.0,116078.0,115477.0,114776.0,114287.0,114238.0,114725.0,114226.0,114104.0,113668.0,113172.0,113398.0,113545.0
SI032,3,Podravska,2024,TOTAL,TOTAL,NR,281517.0,283009.0,284495.0,285646.0,288474.0,290260.0,293746.0,296825.0,299895.0,301333.0,302384.0,304407.0,305584.0,307026.0,308366.0,308029.0,312104.0,314908.0,317355.0,319433.0,321785.0,323359.0,321251.0,322469.0,323106.0,323576.0,324074.0,329446.0,329736.0,328979.0,327849.0,328244.0,328484.0,327666.0,325120.0,325136.0,321078.0,320361.0,319841.0,319272.0,319605.0,319717.0,320078.0,319804.0,319426.0,319114.0,319235.0,319706.0,322266.0,322900.0,323343.0,323119.0,323534.0,323238.0,323328.0,323356.0,322553.0,322043.0,322058.0,324104.0,325994.0,328469.0,327998.0,329014.0,330572.0,331815.0,332478.0,332909.0
SI033,3,Koroska,2024,TOTAL,TOTAL,NR,61989.0,62318.0,62569.0,62745.0,63288.0,63601.0,64285.0,64878.0,65467.0,65698.0,65844.0,66201.0,66488.0,66832.0,67156.0,67114.0,68034.0,68678.0,69245.0,69732.0,70280.0,70658.0,70482.0,71037.0,71467.0,71863.0,72269.0,73769.0,74138.0,74274.0,74325.0,74551.0,74587.0,74477.0,74406.0,74357.0,74166.0,73965.0,73947.0,73947.0,74047.0,74075.0,74027.0,73901.0,73860.0,73839.0,73754.0,73619.0,72427.0,72481.0,72812.0,72494.0,72364.0,72100.0,71546.0,71303.0,71040.0,70761.0,70550.0,70588.0,70755.0,70635.0,70571.0,70718.0,70492.0,70358.0,70499.0,70590.0
SI034,3,Savinjska,2024,TOTAL,TOTAL,NR,194479.0,195510.0,196947.0,198157.0,200536.0,202200.0,205056.0,207640.0,210226.0,211677.0,212860.0,214734.0,216573.0,218615.0,220602.0,221400.0,225390.0,228493.0,231363.0,233988.0,236838.0,239138.0,238377.0,240087.0,241375.0,242546.0,243746.0,248633.0,249705.0,249989.0,249990.0,250791.0,250988.0,244244.0,249953.0,250229.0,248996.0,249426.0,249233.0,248075.0,249461.0,249612.0,250105.0,250791.0,250683.0,250656.0,251307.0,252417.0,250423.0,252915.0,254131.0,253845.0,254382.0,254417.0,254131.0,253975.0,254318.0,254761.0,254760.0,256359.0,257847.0,258908.0,258699.0,260132.0,261786.0,262814.0,263339.0,263682.0
SI035,3,Zasavska,2024,TOTAL,TOTAL,NR,56285.0,56583.0,56598.0,56543.0,56815.0,56877.0,57265.0,57567.0,57861.0,57834.0,57729.0,57806.0,57886.0,58013.0,58119.0,57907.0,58522.0,58894.0,59195.0,59424.0,59701.0,59830.0,59800.0,60390.0,60876.0,61335.0,61802.0,63208.0,63648.0,63889.0,64057.0,63897.0,63606.0,61610.0,62905.0,62630.0,63123.0,62978.0,62750.0,62346.0,62413.0,62096.0,62002.0,60331.0,60182.0,60041.0,59874.0,59835.0,59108.0,59279.0,59445.0,59085.0,58826.0,58519.0,58037.0,57711.0,57404.0,57280.0,57061.0,56962.0,57156.0,57204.0,56883.0,57091.0,57243.0,57083.0,57197.0,57271.0
SI036,3,Posavska,2024,TOTAL,TOTAL,NR,76129.0,76532.0,76383.0,76138.0,76330.0,76237.0,76578.0,76798.0,77003.0,76778.0,76448.0,76356.0,76508.0,76724.0,76912.0,76680.0,77543.0,78086.0,78537.0,78894.0,79314.0,79540.0,78803.0,78880.0,78813.0,78703.0,78597.0,79668.0,79504.0,79087.0,78579.0,78496.0,78173.0,75962.0,77838.0,77376.0,76501.0,75629.0,75375.0,75163.0,75187.0,75058.0,75190.0,76072.0,76182.0,75922.0,75967.0,76121.0,75237.0,75830.0,76086.0,76048.0,76035.0,76011.0,75680.0,75619.0,75711.0,75544.0,75359.0,75559.0,75824.0,75928.0,75824.0,75987.0,76027.0,75993.0,76145.0,76244.0
SI037,3,Jugovzhodna Slovenija,2024,TOTAL,TOTAL,NR,115164.0,115774.0,116067.0,116219.0,117048.0,117449.0,118531.0,119440.0,120338.0,120575.0,120653.0,121115.0,121717.0,122426.0,123097.0,123100.0,124869.0,126134.0,127259.0,128239.0,129332.0,130116.0,129633.0,130493.0,131123.0,131688.0,132269.0,134849.0,135358.0,135439.0,135367.0,135796.0,135897.0,146200.0,136358.0,136554.0,137239.0,137189.0,137330.0,137053.0,137926.0,138098.0,138380.0,138644.0,138848.0,139095.0,139747.0,140258.0,139166.0,141166.0,142092.0,142483.0,142680.0,142509.0,142405.0,142373.0,142566.0,142711.0,142819.0,144032.0,145357.0,145923.0,146252.0,147088.0,147789.0,148670.0,148967.0,149160.0
SI038,3,Primorsko-notranjska,2024,TOTAL,TOTAL,NR,48471.0,48728.0,48633.0,48477.0,48599.0,48540.0,48757.0,48897.0,49027.0,48884.0,48674.0,48615.0,48665.0,48756.0,48828.0,48632.0,49131.0,49425.0,49660.0,49834.0,50047.0,50136.0,49767.0,49914.0,49969.0,49999.0,50032.0,50817.0,50817.0,50655.0,50436.0,50549.0,50039.0,49401.0,49416.0,49450.0,50737.0,50343.0,50365.0,50140.0,50544.0,50585.0,50760.0,50775.0,50913.0,51032.0,51173.0,51483.0,51107.0,51728.0,52217.0,52287.0,52387.0,52382.0,52449.0,52538.0,52523.0,52582.0,52334.0,52544.0,52841.0,53254.0,53334.0,53751.0,54109.0,53826.0,53933.0,54003.0
SI041,3,Osrednjeslovenska,2024,TOTAL,TOTAL,NR,298275.0,299856.0,305060.0,309945.0,316714.0,322404.0,330060.0,337358.0,344732.0,350298.0,355459.0,361813.0,367447.0,373468.0,379432.0,383380.0,392908.0,400964.0,408676.0,416014.0,423812.0,430676.0,431217.0,436242.0,440517.0,444602.0,448760.0,459754.0,463742.0,466276.0,468286.0,469096.0,468924.0,467532.0,466953.0,467608.0,472359.0,471614.0,471609.0,469794.0,473354.0,475692.0,477628.0,479020.0,480681.0,482181.0,485503.0,489329.0,496371.0,507436.0,514907.0,518350.0,521584.0,526701.0,531260.0,534518.0,537023.0,539672.0,542306.0,549171.0,555274.0,555948.0,555213.0,561407.0,565353.0,569475.0,570613.0,571353.0
SI042,3,Gorenjska,2024,TOTAL,TOTAL,NR,138851.0,139587.0,140875.0,142004.0,143976.0,145438.0,147764.0,149900.0,152045.0,153373.0,154511.0,156153.0,158113.0,160232.0,162321.0,163541.0,167131.0,170083.0,172878.0,175503.0,178312.0,180719.0,180615.0,182385.0,183840.0,185211.0,186609.0,190842.0,192158.0,192870.0,193365.0,194415.0,194650.0,194387.0,194538.0,194807.0,195187.0,195372.0,195638.0,195211.0,196477.0,196701.0,197277.0,197648.0,197834.0,198342.0,199085.0,199902.0,199923.0,201779.0,202903.0,203427.0,204057.0,203984.0,203894.0,203850.0,203838.0,203800.0,203636.0,204670.0,206621.0,211069.0,211227.0,210188.0,209451.0,209921.0,210340.0,210613.0
SI043,3,Goriska,2024,TOTAL,TOTAL,NR,108771.0,109347.0,109509.0,109537.0,110200.0,110458.0,111355.0,112086.0,112803.0,112899.0,112845.0,113148.0,113527.0,114003.0,114441.0,114255.0,115705.0,116682.0,117525.0,118230.0,119035.0,119551.0,118741.0,119161.0,119365.0,119507.0,119660.0,121611.0,121686.0,121374.0,120924.0,120881.0,120435.0,120173.0,119964.0,119828.0,120960.0,120862.0,120286.0,119659.0,120444.0,120314.0,120413.0,119938.0,119742.0,119622.0,119628.0,119477.0,117914.0,118533.0,119080.0,119146.0,119236.0,119002.0,118374.0,118188.0,118064.0,117747.0,117260.0,117616.0,118041.0,118525.0,118313.0,118436.0,118254.0,118096.0,118332.0,118485.0
SI044,3,Obalno-kraska,2024,TOTAL,TOTAL,NR,73901.0,74293.0,74827.0,75274.0,76165.0,76784.0,77856.0,78824.0,79793.0,80330.0,80766.0,81464.0,82452.0,83521.0,84574.0,85175.0,87009.0,88510.0,89928.0,91257.0,92681.0,93895.0,93956.0,94993.0,95867.0,96698.0,97545.0,99876.0,100684.0,101176.0,101554.0,102010.0,102235.0,101634.0,101579.0,101635.0,103248.0,103027.0,102827.0,102418.0,103328.0,103817.0,104218.0,104559.0,105009.0,105029.0,105632.0,106162.0,106304.0,108778.0,110412.0,110760.0,111423.0,111936.0,112848.0,112773.0,113070.0,113517.0,113961.0,115016.0,115913.0,118389.0,118640.0,119056.0,119205.0,119627.0,119866.0,120021.0
SK010,3,Bratislavský kraj,2024,TOTAL,TOTAL,NR,388740.0,408015.0,414389.0,420048.0,425956.0,431972.0,437606.0,443091.0,448184.0,453087.0,458257.0,460151.0,467206.0,475150.0,483490.0,492268.0,501027.0,510153.0,519190.0,528178.0,537199.0,544592.0,551802.0,558935.0,565766.0,572597.0,579408.0,585734.0,591927.0,598038.0,603745.0,609435.0,607947.0,610262.0,613039.0,615526.0,618290.0,618904.0,618673.0,617599.0,616982.0,598781.0,599042.0,596720.0,594113.0,592759.0,592301.0,592062.0,592824.0,594966.0,597999.0,599931.0,612465.0,624390.0,636157.0,648063.0,660057.0,672625.0,685161.0,697640.0,710201.0,719537.0,723714.0,728370.0,732757.0,736385.0,735020.0,733742.0
SK021,3,Trnavský kraj,2024,TOTAL,TOTAL,NR,432601.0,454050.0,458686.0,462477.0,466491.0,470571.0,474185.0,477591.0,480530.0,483228.0,486170.0,485615.0,488672.0,492583.0,496821.0,501419.0,505905.0,510668.0,515248.0,519690.0,524076.0,526800.0,529655.0,532373.0,534743.0,537057.0,539296.0,541033.0,542601.0,544050.0,545092.0,546082.0,544147.0,545614.0,547492.0,549105.0,549583.0,550510.0,551262.0,551766.0,552189.0,551182.0,550918.0,549924.0,550104.0,550380.0,550439.0,550361.0,551370.0,553126.0,553794.0,554021.0,555509.0,556577.0,557608.0,558677.0,559697.0,561156.0,562372.0,563591.0,564917.0,565324.0,565296.0,565573.0,566114.0,565900.0,564851.0,563869.0
SK022,3,Trenciansky kraj,2024,TOTAL,TOTAL,NR,447549.0,469739.0,475827.0,481067.0,486565.0,492160.0,497295.0,502237.0,506712.0,510953.0,515475.0,516300.0,520377.0,525379.0,530744.0,536513.0,542178.0,548160.0,553964.0,559637.0,565268.0,569121.0,573609.0,577970.0,581974.0,585936.0,589836.0,593205.0,596406.0,599491.0,602143.0,604750.0,602142.0,603301.0,604909.0,606222.0,606279.0,606831.0,607188.0,607269.0,607262.0,605681.0,604917.0,603085.0,601380.0,600169.0,598760.0,597810.0,597408.0,596985.0,595805.0,594454.0,594186.0,593159.0,592394.0,591233.0,589935.0,588816.0,587364.0,585882.0,584569.0,582567.0,573699.0,570675.0,568102.0,565572.0,564524.0,563542.0
SK023,3,Nitriansky kraj,2024,TOTAL,TOTAL,NR,621755.0,652583.0,657478.0,661123.0,665047.0,669029.0,672312.0,675265.0,677527.0,679419.0,681624.0,678910.0,680494.0,683222.0,686349.0,689918.0,693273.0,696946.0,700315.0,703433.0,706420.0,707114.0,709941.0,712564.0,714710.0,716766.0,718707.0,719967.0,720991.0,721844.0,722148.0,722373.0,718340.0,718800.0,719790.0,720422.0,719557.0,719277.0,718761.0,717916.0,716965.0,714156.0,712312.0,709496.0,706727.0,704809.0,702459.0,699682.0,697505.0,695452.0,693164.0,690311.0,689564.0,688400.0,686662.0,684922.0,682527.0,680779.0,678692.0,676672.0,674306.0,671508.0,673547.0,670696.0,668301.0,665600.0,664366.0,663211.0
SK031,3,Zilinský kraj,2024,TOTAL,TOTAL,NR,496238.0,520843.0,527464.0,533141.0,539102.0,545168.0,550721.0,556059.0,560876.0,565433.0,570298.0,571073.0,575757.0,581465.0,587581.0,594146.0,600601.0,607410.0,614026.0,620501.0,626932.0,631395.0,636615.0,641698.0,646389.0,651036.0,655617.0,659612.0,663422.0,667106.0,670310.0,673467.0,672243.0,675224.0,678720.0,681896.0,684283.0,686503.0,688276.0,689945.0,691350.0,691910.0,692434.0,691999.0,691452.0,691101.0,690700.0,690178.0,689521.0,689096.0,689098.0,688295.0,689601.0,690121.0,690420.0,690449.0,690434.0,690778.0,691023.0,691368.0,691509.0,691136.0,689525.0,688106.0,687174.0,686063.0,684792.0,683601.0
SK032,3,Banskobystrický kraj,2024,TOTAL,TOTAL,NR,544519.0,571517.0,576208.0,579812.0,583672.0,587589.0,590901.0,593932.0,596361.0,598472.0,600866.0,598927.0,601442.0,604986.0,608907.0,613243.0,617414.0,621896.0,626127.0,630162.0,634103.0,636009.0,639917.0,643666.0,647002.0,650275.0,653465.0,656052.0,658440.0,660689.0,662448.0,664148.0,661017.0,662020.0,663515.0,664684.0,665074.0,665292.0,665073.0,664748.0,664164.0,662769.0,661343.0,661026.0,660827.0,661212.0,660951.0,660765.0,660742.0,660807.0,661188.0,660991.0,658019.0,654388.0,650568.0,647247.0,644083.0,641624.0,639093.0,636249.0,633668.0,625601.0,620986.0,617777.0,614356.0,611124.0,609991.0,608930.0
SK041,3,Presovský kraj,2024,TOTAL,TOTAL,NR,519568.0,545329.0,553037.0,559773.0,566824.0,574001.0,580655.0,587095.0,593001.0,598644.0,604626.0,606278.0,612235.0,619300.0,626817.0,634834.0,642756.0,651077.0,659213.0,667219.0,675200.0,681078.0,688379.0,695557.0,702335.0,709088.0,715794.0,721879.0,727782.0,733565.0,738837.0,744072.0,745075.0,750734.0,756984.0,762895.0,767310.0,771988.0,776626.0,780722.0,784761.0,788271.0,791335.0,793513.0,795534.0,797899.0,800228.0,802659.0,804690.0,807281.0,810935.0,813606.0,814082.0,813690.0,813054.0,812559.0,812137.0,812369.0,812502.0,812511.0,812561.0,808931.0,807657.0,808090.0,808810.0,810008.0,808507.0,807101.0
SK042,3,Kosický kraj,2024,TOTAL,TOTAL,NR,518712.0,544431.0,553738.0,562108.0,570827.0,579708.0,588093.0,596294.0,603979.0,611423.0,619239.0,622636.0,628824.0,636151.0,643944.0,652252.0,660463.0,669086.0,677522.0,685824.0,694103.0,700220.0,705963.0,711553.0,716707.0,721813.0,726844.0,731226.0,735403.0,739437.0,742940.0,746390.0,744966.0,748200.0,752006.0,755457.0,757414.0,759627.0,761791.0,763417.0,764984.0,766033.0,766650.0,769110.0,771738.0,774356.0,777090.0,779663.0,782004.0,784688.0,788427.0,790837.0,790896.0,790111.0,789086.0,788199.0,787382.0,787196.0,786913.0,786508.0,786142.0,782216.0,780288.0,779505.0,779073.0,778799.0,777356.0,776004.0
TR100,3,Istanbul,2024,TOTAL,TOTAL,NR,4638896.0,4747533.0,4863868.0,4988282.0,5121195.0,5263070.0,5388006.0,5520436.0,5660710.0,5809212.0,5966363.0,6107728.0,6257425.0,6415932.0,6583772.0,6761513.0,6890193.0,7030615.0,7183481.0,7349593.0,7529863.0,7701308.0,7882974.0,8075396.0,8279159.0,8494900.0,8671526.0,8858940.0,9057765.0,9268681.0,9492428.0,9700997.0,9892750.0,10084924.0,10276586.0,10468937.0,10662915.0,10859118.0,11057026.0,11252860.0,11441506.0,11072049.0,11287847.0,11492437.0,11696330.0,11908577.0,12127122.0,12350769.0,12573836.0,12697164.0,12915158.0,13255685.0,13624240.0,13854740.0,14160467.0,14377018.0,14657434.0,14804116.0,15029231.0,15067724.0,15519267.0,15462452.0,15840900.0,15907951.0,15655924.0,15701602.0,15838933.0,15900636.0
TR211,3,Tekirdag,2024,TOTAL,TOTAL,NR,243783.0,249492.0,255606.0,262144.0,269129.0,276585.0,283151.0,290110.0,297482.0,305286.0,313545.0,320974.0,328841.0,337171.0,345991.0,355332.0,362094.0,369473.0,377506.0,386235.0,395709.0,404719.0,414266.0,424378.0,435086.0,446424.0,455706.0,465555.0,476004.0,487088.0,498846.0,509807.0,519884.0,529983.0,540055.0,550163.0,560357.0,570668.0,581070.0,591361.0,601275.0,581859.0,602174.0,622118.0,642238.0,663058.0,684428.0,706315.0,728396.0,770772.0,783310.0,798109.0,829873.0,852321.0,874475.0,906732.0,937910.0,972875.0,1005463.0,1029927.0,1055412.0,1081065.0,1113400.0,1142451.0,1167059.0,1187162.0,1197545.0,1202210.0
TR212,3,Edirne,2024,TOTAL,TOTAL,NR,164902.0,168764.0,172899.0,177322.0,182047.0,187090.0,191531.0,196239.0,201225.0,206504.0,212090.0,217115.0,222436.0,228071.0,234037.0,240355.0,244929.0,249921.0,255355.0,261260.0,267668.0,273762.0,280220.0,287060.0,294303.0,301972.0,308251.0,314913.0,321981.0,329479.0,337433.0,344847.0,351663.0,358494.0,365307.0,372145.0,379040.0,386015.0,393050.0,400011.0,406717.0,393584.0,394552.0,394958.0,395180.0,395504.0,395890.0,396270.0,396462.0,394644.0,395463.0,390428.0,399316.0,399708.0,398582.0,400280.0,402537.0,401701.0,406855.0,411528.0,413903.0,407763.0,412115.0,414714.0,419913.0,421247.0,424931.0,426586.0
TR213,3,Kirklareli,2024,TOTAL,TOTAL,NR,135989.0,139174.0,142584.0,146231.0,150127.0,154286.0,157948.0,161830.0,165942.0,170295.0,174902.0,179046.0,183434.0,188081.0,193001.0,198211.0,201983.0,206099.0,210580.0,215449.0,220733.0,225759.0,231084.0,236725.0,242698.0,249022.0,254200.0,259694.0,265522.0,271705.0,278264.0,284378.0,289999.0,295632.0,301250.0,306889.0,312575.0,318327.0,324129.0,329870.0,335400.0,324570.0,326206.0,327399.0,328461.0,329631.0,330871.0,332131.0,333256.0,336942.0,333179.0,332791.0,340199.0,341218.0,340559.0,343723.0,346973.0,351684.0,356050.0,360860.0,361836.0,361737.0,366363.0,369347.0,377156.0,379031.0,382346.0,383836.0
TR221,3,Balikesir,2024,TOTAL,TOTAL,NR,448457.0,458959.0,470205.0,482232.0,495081.0,508797.0,520875.0,533677.0,547238.0,561594.0,576786.0,590452.0,604924.0,620247.0,636473.0,653656.0,666096.0,679671.0,694449.0,710508.0,727935.0,744509.0,762071.0,780673.0,800371.0,821227.0,838302.0,856420.0,875641.0,896031.0,917661.0,937824.0,956361.0,974939.0,993468.0,1012063.0,1030815.0,1049781.0,1068913.0,1087845.0,1106082.0,1070366.0,1078323.0,1084882.0,1091067.0,1097685.0,1104597.0,1111645.0,1118313.0,1130276.0,1140085.0,1152323.0,1154314.0,1160731.0,1162761.0,1189057.0,1186688.0,1196176.0,1204824.0,1226575.0,1228620.0,1240285.0,1250610.0,1257590.0,1273519.0,1276096.0,1287257.0,1292272.0
TR222,3,Çanakkale,2024,TOTAL,TOTAL,NR,191181.0,195658.0,200454.0,205581.0,211059.0,216906.0,222055.0,227513.0,233294.0,239414.0,245891.0,251717.0,257886.0,264419.0,271336.0,278661.0,283964.0,289751.0,296051.0,302897.0,310326.0,317392.0,324879.0,332809.0,341207.0,350098.0,357377.0,365101.0,373295.0,381987.0,391208.0,399804.0,407707.0,415627.0,423526.0,431453.0,439447.0,447533.0,455689.0,463760.0,471535.0,456309.0,459618.0,462330.0,464881.0,467613.0,470469.0,473380.0,476128.0,474791.0,477735.0,490397.0,486445.0,493691.0,502328.0,511790.0,513341.0,519793.0,530417.0,540662.0,542157.0,541548.0,557276.0,559383.0,570499.0,568966.0,573942.0,576178.0
TR310,3,Izmir,2024,TOTAL,TOTAL,NR,1437175.0,1470832.0,1506874.0,1545419.0,1586597.0,1630551.0,1669257.0,1710285.0,1753743.0,1799750.0,1848437.0,1892233.0,1938610.0,1987717.0,2039715.0,2094781.0,2134647.0,2178151.0,2225510.0,2276973.0,2332822.0,2385937.0,2442219.0,2501833.0,2564961.0,2631800.0,2686520.0,2744583.0,2806181.0,2871525.0,2940844.0,3005461.0,3064868.0,3124405.0,3183784.0,3243376.0,3303472.0,3364258.0,3425572.0,3486243.0,3544687.0,3430226.0,3476360.0,3518516.0,3559964.0,3603398.0,3648278.0,3694166.0,3739353.0,3795978.0,3868308.0,3948848.0,3965232.0,4005459.0,4061074.0,4113072.0,4168415.0,4223545.0,4279677.0,4320519.0,4367251.0,4394694.0,4425789.0,4462056.0,4479525.0,4493242.0,4532541.0,4550198.0
TR321,3,Aydin,2024,TOTAL,TOTAL,NR,367880.0,376495.0,385721.0,395587.0,406127.0,417378.0,427286.0,437788.0,448912.0,460689.0,473152.0,484363.0,496234.0,508804.0,522114.0,536209.0,546414.0,557550.0,569673.0,582846.0,597142.0,610738.0,625145.0,640405.0,656564.0,673673.0,687680.0,702543.0,718311.0,735037.0,752781.0,769321.0,784528.0,799768.0,814967.0,830221.0,845604.0,861164.0,876859.0,892389.0,907349.0,878050.0,888504.0,897908.0,907098.0,916756.0,926752.0,936968.0,946971.0,965500.0,979155.0,989862.0,999163.0,1006541.0,1020957.0,1041979.0,1053506.0,1068260.0,1080839.0,1097746.0,1110972.0,1119084.0,1134031.0,1148241.0,1161702.0,1165943.0,1176141.0,1180723.0
TR322,3,Denizli,2024,TOTAL,TOTAL,NR,359423.0,367840.0,376854.0,386494.0,396792.0,407785.0,417465.0,427726.0,438595.0,450101.0,462277.0,473230.0,484829.0,497110.0,510114.0,523885.0,533855.0,544735.0,556579.0,569449.0,583416.0,596700.0,610776.0,625685.0,641473.0,658189.0,671874.0,686395.0,701800.0,718142.0,735478.0,751638.0,766495.0,781385.0,796235.0,811138.0,826167.0,841369.0,856703.0,871876.0,886492.0,857866.0,865708.0,872464.0,878955.0,885837.0,892989.0,900291.0,907325.0,917836.0,926362.0,931823.0,942278.0,950557.0,963464.0,978700.0,993442.0,1005687.0,1018735.0,1027782.0,1037208.0,1040915.0,1051056.0,1056332.0,1059082.0,1061371.0,1070654.0,1074825.0
TR323,3,Mugla,2024,TOTAL,TOTAL,NR,279178.0,285716.0,292717.0,300204.0,308203.0,316741.0,324260.0,332230.0,340672.0,349609.0,359067.0,367575.0,376584.0,386123.0,396224.0,406921.0,414665.0,423116.0,432316.0,442313.0,453162.0,463480.0,474413.0,485993.0,498256.0,511240.0,521870.0,533149.0,545115.0,557808.0,571273.0,583825.0,595365.0,606930.0,618465.0,630041.0,641715.0,653523.0,665434.0,677220.0,688573.0,666338.0,680578.0,694173.0,707757.0,721880.0,736412.0,751286.0,766156.0,791424.0,802381.0,817503.0,838324.0,851145.0,866665.0,894509.0,908877.0,923773.0,938751.0,967487.0,983142.0,1000773.0,1021141.0,1048185.0,1066736.0,1081867.0,1091329.0,1095581.0
TR331,3,Manisa,2024,TOTAL,TOTAL,NR,541254.0,553931.0,567505.0,582021.0,597529.0,614083.0,628660.0,644112.0,660479.0,677806.0,696142.0,712636.0,730102.0,748596.0,768179.0,788917.0,803931.0,820315.0,838151.0,857532.0,878565.0,898569.0,919765.0,942216.0,965991.0,991163.0,1011771.0,1033638.0,1056836.0,1081445.0,1107551.0,1131886.0,1154259.0,1176681.0,1199044.0,1221487.0,1244120.0,1267012.0,1290103.0,1312952.0,1334963.0,1291856.0,1297503.0,1301367.0,1304687.0,1308413.0,1312398.0,1316438.0,1319920.0,1316750.0,1331957.0,1379484.0,1340074.0,1346162.0,1359463.0,1367905.0,1380366.0,1396945.0,1413041.0,1429643.0,1440611.0,1450616.0,1456626.0,1468279.0,1475716.0,1475353.0,1488257.0,1494055.0
TR332,3,Afyonkarahisar,2024,TOTAL,TOTAL,NR,293497.0,300370.0,307730.0,315602.0,324011.0,332987.0,340892.0,349271.0,358146.0,367542.0,377485.0,386429.0,395900.0,405929.0,416548.0,427793.0,435934.0,444818.0,454490.0,465000.0,476405.0,487252.0,498746.0,510920.0,523812.0,537462.0,548637.0,560494.0,573073.0,586417.0,600573.0,613769.0,625901.0,638060.0,650186.0,662356.0,674629.0,687041.0,699562.0,711952.0,723887.0,700512.0,701695.0,701866.0,701696.0,701693.0,701784.0,701853.0,701572.0,697365.0,701326.0,697559.0,698626.0,703948.0,707123.0,706371.0,709015.0,714523.0,715693.0,725568.0,729483.0,736912.0,744179.0,747555.0,751344.0,750193.0,756754.0,759702.0
TR333,3,Kütahya,2024,TOTAL,TOTAL,NR,250527.0,256394.0,262677.0,269396.0,276574.0,284236.0,290983.0,298135.0,305711.0,313731.0,322218.0,329853.0,337937.0,346497.0,355561.0,365160.0,372109.0,379693.0,387949.0,396920.0,406656.0,415915.0,425726.0,436118.0,447122.0,458773.0,468312.0,478433.0,489171.0,500562.0,512646.0,523910.0,534266.0,544645.0,554996.0,565384.0,575860.0,586456.0,597144.0,607720.0,617908.0,597955.0,596981.0,595094.0,592870.0,590730.0,588622.0,586441.0,583910.0,565884.0,571804.0,590496.0,564264.0,573421.0,572059.0,571554.0,571463.0,573642.0,572256.0,577941.0,579257.0,576688.0,578640.0,580701.0,575674.0,571078.0,576073.0,578317.0
TR334,3,Usak,2024,TOTAL,TOTAL,NR,136248.0,139439.0,142856.0,146510.0,150414.0,154581.0,158250.0,162140.0,166260.0,170622.0,175238.0,179390.0,183787.0,188443.0,193373.0,198593.0,202372.0,206496.0,210986.0,215865.0,221160.0,226195.0,231531.0,237183.0,243168.0,249505.0,254693.0,260198.0,266038.0,272233.0,278805.0,284931.0,290563.0,296207.0,301836.0,307486.0,313183.0,318946.0,324759.0,330511.0,336052.0,325201.0,326868.0,328093.0,329186.0,330387.0,331661.0,332956.0,334115.0,334111.0,335860.0,338019.0,339731.0,342269.0,346508.0,349459.0,353048.0,358736.0,364971.0,367514.0,370509.0,369433.0,373183.0,375454.0,377001.0,375310.0,378593.0,380068.0
TR411,3,Bursa,2024,TOTAL,TOTAL,NR,900277.0,921360.0,943937.0,968082.0,993877.0,1021411.0,1045658.0,1071359.0,1098582.0,1127402.0,1157900.0,1185335.0,1214387.0,1245149.0,1277722.0,1312216.0,1337189.0,1364441.0,1394108.0,1426346.0,1461331.0,1494604.0,1529860.0,1567204.0,1606749.0,1648618.0,1682896.0,1719268.0,1757854.0,1798787.0,1842210.0,1882687.0,1919901.0,1957197.0,1994393.0,2031723.0,2069369.0,2107446.0,2145854.0,2183860.0,2220471.0,2148770.0,2190604.0,2230263.0,2269784.0,2310924.0,2353287.0,2396639.0,2439876.0,2507963.0,2550645.0,2605495.0,2652126.0,2688171.0,2740970.0,2787539.0,2842547.0,2901396.0,2936803.0,2994521.0,3056120.0,3101833.0,3147818.0,3194720.0,3214571.0,3238618.0,3266944.0,3279671.0
TR412,3,Eskisehir,2024,TOTAL,TOTAL,NR,271907.0,278275.0,285094.0,292386.0,300177.0,308493.0,315816.0,323578.0,331800.0,340504.0,349715.0,358001.0,366775.0,376066.0,385904.0,396322.0,403864.0,412095.0,421055.0,430792.0,441358.0,451407.0,462055.0,473334.0,485277.0,497922.0,508275.0,519260.0,530914.0,543277.0,556392.0,568617.0,579856.0,591120.0,602354.0,613629.0,624999.0,636499.0,648099.0,659578.0,670635.0,648980.0,660015.0,670354.0,680614.0,691317.0,702349.0,713636.0,724849.0,741739.0,755427.0,764584.0,781247.0,789750.0,799724.0,812320.0,826716.0,844842.0,860620.0,871187.0,887475.0,888828.0,898369.0,906617.0,915418.0,921630.0,929691.0,933313.0
TR413,3,Bilecik,2024,TOTAL,TOTAL,NR,85422.0,87423.0,89565.0,91856.0,94304.0,96917.0,99218.0,101657.0,104240.0,106975.0,109869.0,112472.0,115229.0,118148.0,121239.0,124512.0,126882.0,129468.0,132283.0,135342.0,138662.0,141819.0,145164.0,148707.0,152459.0,156432.0,159685.0,163136.0,166797.0,170681.0,174801.0,178642.0,182173.0,185712.0,189241.0,192783.0,196355.0,199968.0,203612.0,207218.0,210692.0,203889.0,204178.0,204171.0,204063.0,204002.0,203967.0,203923.0,203777.0,193169.0,202061.0,225381.0,203849.0,204116.0,208888.0,209925.0,212361.0,218297.0,221693.0,223448.0,219427.0,218717.0,228334.0,228673.0,228058.0,228495.0,230493.0,231391.0
TR421,3,Kocaeli,2024,TOTAL,TOTAL,NR,505272.0,517105.0,529776.0,543327.0,557804.0,573257.0,586865.0,601289.0,616568.0,632743.0,649860.0,665258.0,681563.0,698828.0,717109.0,736469.0,750485.0,765780.0,782430.0,800523.0,820158.0,838832.0,858619.0,879578.0,901772.0,925271.0,944509.0,964922.0,986578.0,1009551.0,1033922.0,1056640.0,1077526.0,1098458.0,1119334.0,1140285.0,1161413.0,1182784.0,1204340.0,1225670.0,1246217.0,1205975.0,1238554.0,1270134.0,1301853.0,1334747.0,1368547.0,1403154.0,1437926.0,1490358.0,1522408.0,1560138.0,1601720.0,1634691.0,1676202.0,1722795.0,1780055.0,1830772.0,1883270.0,1906391.0,1953035.0,1997258.0,2033441.0,2079072.0,2102907.0,2130006.0,2148636.0,2157006.0
TR422,3,Sakarya,2024,TOTAL,TOTAL,NR,317191.0,324619.0,332574.0,341081.0,350169.0,359870.0,368413.0,377468.0,387059.0,397213.0,407958.0,417624.0,427860.0,438698.0,450174.0,462327.0,471126.0,480728.0,491180.0,502538.0,514864.0,526587.0,539009.0,552166.0,566099.0,580851.0,592928.0,605743.0,619338.0,633760.0,649059.0,663320.0,676431.0,689571.0,702676.0,715828.0,729091.0,742507.0,756039.0,769429.0,782328.0,757066.0,768565.0,779220.0,789749.0,800755.0,812112.0,823727.0,835222.0,851292.0,861570.0,872872.0,888556.0,902267.0,917373.0,932706.0,953181.0,976948.0,990214.0,1010700.0,1029650.0,1042649.0,1060876.0,1080080.0,1098115.0,1110735.0,1120450.0,1124815.0
TR423,3,Düzce,2024,TOTAL,TOTAL,NR,124191.0,127099.0,130214.0,133545.0,137103.0,140901.0,144246.0,147791.0,151546.0,155522.0,159729.0,163514.0,167522.0,171766.0,176259.0,181017.0,184462.0,188221.0,192313.0,196760.0,201586.0,206176.0,211039.0,216190.0,221645.0,227421.0,232148.0,237165.0,242488.0,248134.0,254124.0,259708.0,264841.0,269986.0,275117.0,280266.0,285459.0,290712.0,296010.0,301253.0,306303.0,296412.0,300426.0,304096.0,307706.0,311488.0,315397.0,319393.0,323328.0,328611.0,335156.0,338188.0,342146.0,346493.0,351509.0,355549.0,360388.0,370371.0,377610.0,387844.0,392166.0,395679.0,400976.0,405131.0,409865.0,412344.0,415950.0,417570.0
TR424,3,Bolu,2024,TOTAL,TOTAL,NR,108237.0,110772.0,113486.0,116389.0,119490.0,122800.0,125715.0,128805.0,132078.0,135543.0,139210.0,142508.0,146001.0,149699.0,153615.0,157762.0,160764.0,164040.0,167607.0,171483.0,175689.0,179689.0,183928.0,188418.0,193172.0,198206.0,202327.0,206700.0,211339.0,216260.0,221480.0,226346.0,230820.0,235304.0,239776.0,244264.0,248790.0,253368.0,257986.0,262555.0,266957.0,258337.0,260325.0,261976.0,263541.0,265210.0,266953.0,268730.0,270417.0,268882.0,271545.0,271208.0,276506.0,281080.0,283496.0,284789.0,291095.0,299896.0,303184.0,311810.0,316126.0,314802.0,320014.0,320824.0,324789.0,326409.0,329264.0,330547.0
TR425,3,Yalova,2024,TOTAL,TOTAL,NR,61273.0,62708.0,64245.0,65888.0,67644.0,69518.0,71168.0,72917.0,74770.0,76731.0,78807.0,80674.0,82651.0,84745.0,86962.0,89310.0,91010.0,92865.0,94884.0,97078.0,99459.0,101724.0,104124.0,106666.0,109357.0,112207.0,114540.0,117016.0,119642.0,122428.0,125383.0,128138.0,130671.0,133209.0,135741.0,138282.0,140844.0,143436.0,146050.0,148637.0,151129.0,146249.0,151179.0,156012.0,160885.0,165930.0,171107.0,176410.0,181758.0,197412.0,202531.0,203741.0,206535.0,211799.0,220122.0,226514.0,233009.0,241665.0,251203.0,262234.0,270976.0,276050.0,291001.0,296333.0,304780.0,307882.0,310575.0,311785.0
TR510,3,Ankara,2024,TOTAL,TOTAL,NR,1625980.0,1664058.0,1704835.0,1748443.0,1795030.0,1844759.0,1888550.0,1934968.0,1984135.0,2036187.0,2091270.0,2140820.0,2193290.0,2248848.0,2307679.0,2369979.0,2415083.0,2464302.0,2517883.0,2576107.0,2639293.0,2699386.0,2763062.0,2830508.0,2901929.0,2977549.0,3039458.0,3105149.0,3174839.0,3248767.0,3327192.0,3400298.0,3467509.0,3534868.0,3602047.0,3669468.0,3737459.0,3806230.0,3875599.0,3944241.0,4010363.0,3880865.0,3964402.0,4044201.0,4123944.0,4206845.0,4292146.0,4379453.0,4466756.0,4548939.0,4650802.0,4771716.0,4890893.0,4965542.0,5045083.0,5150072.0,5270575.0,5346518.0,5445026.0,5503985.0,5639076.0,5663322.0,5747325.0,5782285.0,5803482.0,5864049.0,5915338.0,5938382.0
TR521,3,Konya,2024,TOTAL,TOTAL,NR,776136.0,794312.0,813776.0,834592.0,856830.0,880567.0,901470.0,923627.0,947096.0,971942.0,998235.0,1021887.0,1046933.0,1073453.0,1101534.0,1131272.0,1152801.0,1176295.0,1201871.0,1229663.0,1259824.0,1288509.0,1318904.0,1351098.0,1385190.0,1421286.0,1450837.0,1482193.0,1515459.0,1550747.0,1588182.0,1623078.0,1655160.0,1687313.0,1719380.0,1751562.0,1784016.0,1816843.0,1849955.0,1882720.0,1914282.0,1852468.0,1869375.0,1883940.0,1897932.0,1912763.0,1928181.0,1943921.0,1959082.0,1969868.0,1992675.0,2013845.0,2038555.0,2052281.0,2079225.0,2108808.0,2130544.0,2161303.0,2180149.0,2205609.0,2232374.0,2250020.0,2277017.0,2296347.0,2320241.0,2330024.0,2350403.0,2359559.0
TR522,3,Karaman,2024,TOTAL,TOTAL,NR,90246.0,92360.0,94623.0,97043.0,99629.0,102389.0,104820.0,107396.0,110125.0,113014.0,116071.0,118821.0,121733.0,124817.0,128082.0,131540.0,134043.0,136775.0,139749.0,142981.0,146488.0,149823.0,153357.0,157100.0,161064.0,165261.0,168697.0,172343.0,176211.0,180314.0,184667.0,188725.0,192455.0,196194.0,199923.0,203665.0,207439.0,211256.0,215106.0,218916.0,222586.0,215398.0,217132.0,218588.0,219973.0,221448.0,222985.0,224554.0,226049.0,230145.0,231872.0,232633.0,234005.0,235424.0,237939.0,240362.0,242196.0,245610.0,246672.0,251913.0,253279.0,254919.0,258838.0,260838.0,263960.0,262791.0,265089.0,266122.0
TR611,3,Antalya,2024,TOTAL,TOTAL,NR,599445.0,613483.0,628516.0,644593.0,661768.0,680101.0,696245.0,713358.0,731484.0,750674.0,770981.0,789248.0,808592.0,829074.0,850762.0,873730.0,890358.0,908503.0,928256.0,949721.0,973016.0,995170.0,1018645.0,1043510.0,1069840.0,1097718.0,1120542.0,1144760.0,1170452.0,1197707.0,1226620.0,1253571.0,1278349.0,1303182.0,1327949.0,1352805.0,1377871.0,1403225.0,1428799.0,1454105.0,1478482.0,1430740.0,1480457.0,1529257.0,1578486.0,1629429.0,1681717.0,1735269.0,1789295.0,1859275.0,1919729.0,1978333.0,2043482.0,2092537.0,2158265.0,2222562.0,2288456.0,2328555.0,2364396.0,2426356.0,2511700.0,2548308.0,2619832.0,2688004.0,2696249.0,2722103.0,2745911.0,2756608.0
TR612,3,Isparta,2024,TOTAL,TOTAL,NR,177946.0,182113.0,186576.0,191349.0,196448.0,201890.0,206683.0,211763.0,217144.0,222841.0,228869.0,234292.0,240034.0,246114.0,252552.0,259370.0,264306.0,269693.0,275557.0,281929.0,288844.0,295421.0,302390.0,309771.0,317587.0,325863.0,332638.0,339827.0,347454.0,355545.0,364128.0,372129.0,379485.0,386857.0,394209.0,401588.0,409029.0,416555.0,424147.0,431659.0,438895.0,424723.0,424708.0,424061.0,423191.0,422399.0,421646.0,420862.0,419845.0,407463.0,420796.0,448298.0,411245.0,416663.0,417774.0,418780.0,421766.0,427324.0,433830.0,441412.0,444914.0,440304.0,445678.0,445325.0,449777.0,446409.0,450313.0,452067.0
TR613,3,Burdur,2024,TOTAL,TOTAL,NR,103921.0,106355.0,108961.0,111748.0,114724.0,117902.0,120701.0,123668.0,126810.0,130137.0,133657.0,136824.0,140177.0,143728.0,147488.0,151470.0,154353.0,157499.0,160924.0,164645.0,168683.0,172524.0,176594.0,180905.0,185470.0,190303.0,194260.0,198459.0,202913.0,207638.0,212650.0,217322.0,221618.0,225923.0,230217.0,234526.0,238871.0,243266.0,247700.0,252087.0,256313.0,248036.0,248823.0,249259.0,249585.0,249980.0,250417.0,250856.0,251181.0,247437.0,251550.0,258868.0,250527.0,254341.0,257267.0,256898.0,258339.0,261401.0,264779.0,269926.0,270796.0,267092.0,273716.0,273799.0,277452.0,275826.0,278238.0,279322.0
TR621,3,Adana,2024,TOTAL,TOTAL,NR,783055.0,801393.0,821031.0,842032.0,864468.0,888417.0,909506.0,931860.0,955540.0,980608.0,1007135.0,1030998.0,1056267.0,1083023.0,1111355.0,1141358.0,1163079.0,1186783.0,1212587.0,1240627.0,1271057.0,1299997.0,1330663.0,1363144.0,1397540.0,1433958.0,1463773.0,1495409.0,1528971.0,1564574.0,1602343.0,1637550.0,1669918.0,1702357.0,1734710.0,1767179.0,1799923.0,1833043.0,1866450.0,1899507.0,1931351.0,1868986.0,1890020.0,1908789.0,1927074.0,1946322.0,1966258.0,1986629.0,2006650.0,2026319.0,2062226.0,2085225.0,2108805.0,2125635.0,2149260.0,2165595.0,2183167.0,2201670.0,2216475.0,2220125.0,2237940.0,2258718.0,2263373.0,2274106.0,2270298.0,2280484.0,2300430.0,2309392.0
TR622,3,Mersin,2024,TOTAL,TOTAL,NR,626755.0,641433.0,657151.0,673960.0,691918.0,711087.0,727967.0,745859.0,764811.0,784875.0,806107.0,825207.0,845432.0,866848.0,889525.0,913539.0,930925.0,949897.0,970551.0,992994.0,1017350.0,1040514.0,1065059.0,1091057.0,1118587.0,1147736.0,1171600.0,1196921.0,1223784.0,1252281.0,1282511.0,1310691.0,1336598.0,1362562.0,1388457.0,1414445.0,1440653.0,1467162.0,1493901.0,1520360.0,1545848.0,1495931.0,1511430.0,1525083.0,1538318.0,1552284.0,1566768.0,1581563.0,1595938.0,1602908.0,1640888.0,1647899.0,1667939.0,1682848.0,1705774.0,1727255.0,1745221.0,1773852.0,1793931.0,1814468.0,1840425.0,1868757.0,1891145.0,1916432.0,1938389.0,1954279.0,1971372.0,1979052.0
TR631,3,Hatay,2024,TOTAL,TOTAL,NR,533378.0,545869.0,559245.0,573550.0,588832.0,605145.0,619510.0,634737.0,650866.0,667941.0,686010.0,702264.0,719476.0,737701.0,756999.0,777436.0,792232.0,808378.0,825956.0,845056.0,865783.0,885496.0,906384.0,928509.0,951938.0,976744.0,997052.0,1018601.0,1041462.0,1065713.0,1091439.0,1115420.0,1137468.0,1159564.0,1181601.0,1203717.0,1226021.0,1248580.0,1271335.0,1293852.0,1315542.0,1273062.0,1289976.0,1305409.0,1320574.0,1336470.0,1352897.0,1369694.0,1386224.0,1413287.0,1448418.0,1480571.0,1474223.0,1483674.0,1503066.0,1519836.0,1533507.0,1555165.0,1575226.0,1609856.0,1628894.0,1659320.0,1670712.0,1686043.0,1544640.0,1562185.0,1575848.0,1581987.0
TR632,3,Kahramanmaras,2024,TOTAL,TOTAL,NR,391799.0,400974.0,410800.0,421308.0,432534.0,444517.0,455069.0,466254.0,478102.0,490644.0,503917.0,515857.0,528500.0,541887.0,556063.0,571075.0,581943.0,593803.0,606714.0,620744.0,635970.0,650450.0,665793.0,682045.0,699255.0,717476.0,732394.0,748223.0,765016.0,782830.0,801728.0,819344.0,835539.0,851770.0,867958.0,884204.0,900587.0,917158.0,933873.0,950413.0,966346.0,935142.0,945639.0,955002.0,964122.0,973723.0,983667.0,993828.0,1004414.0,1029298.0,1037491.0,1044816.0,1054210.0,1063174.0,1075706.0,1089038.0,1096610.0,1112634.0,1127623.0,1144851.0,1154102.0,1168163.0,1171298.0,1177436.0,1116618.0,1134105.0,1144024.0,1148481.0
TR633,3,Osmaniye,2024,TOTAL,TOTAL,NR,171272.0,175283.0,179578.0,184172.0,189079.0,194317.0,198930.0,203819.0,208998.0,214481.0,220283.0,225502.0,231029.0,236881.0,243078.0,249640.0,254391.0,259576.0,265220.0,271353.0,278009.0,284339.0,291046.0,298150.0,305673.0,313638.0,320159.0,327080.0,334421.0,342208.0,350469.0,358170.0,365250.0,372345.0,379421.0,386523.0,393685.0,400929.0,408236.0,415466.0,422431.0,408790.0,415356.0,421475.0,427535.0,433862.0,440387.0,447063.0,452880.0,464704.0,471804.0,479221.0,485357.0,492135.0,498981.0,506807.0,512873.0,522175.0,527724.0,534415.0,538759.0,548556.0,553012.0,559405.0,557666.0,561061.0,565968.0,568173.0
TR711,3,Kirikkale,2024,TOTAL,TOTAL,NR,120472.0,123293.0,126314.0,129545.0,132997.0,136681.0,139926.0,143365.0,147008.0,150865.0,154946.0,158617.0,162505.0,166621.0,170980.0,175596.0,178938.0,182585.0,186555.0,190869.0,195551.0,200003.0,204721.0,209718.0,215010.0,220613.0,225200.0,230067.0,235230.0,240707.0,246518.0,251935.0,256915.0,261906.0,266883.0,271878.0,276916.0,282011.0,287151.0,292237.0,297136.0,287541.0,286999.0,286017.0,284870.0,283762.0,282668.0,281535.0,280234.0,279325.0,280834.0,276647.0,274992.0,274727.0,274658.0,271092.0,270271.0,277984.0,278749.0,286602.0,283017.0,278703.0,275968.0,277046.0,285744.0,283053.0,285529.0,286641.0
TR712,3,Aksaray,2024,TOTAL,TOTAL,NR,146855.0,150294.0,153977.0,157916.0,162124.0,166615.0,170570.0,174762.0,179203.0,183904.0,188879.0,193354.0,198093.0,203111.0,208424.0,214051.0,218125.0,222570.0,227409.0,232668.0,238375.0,243802.0,249553.0,255645.0,262096.0,268926.0,274516.0,280449.0,286743.0,293420.0,300503.0,307106.0,313176.0,319260.0,325327.0,331416.0,337557.0,343768.0,350033.0,356233.0,362205.0,350509.0,353101.0,355235.0,357247.0,359399.0,361648.0,363941.0,366109.0,370598.0,376907.0,377505.0,378823.0,379915.0,382806.0,384252.0,386514.0,396673.0,402404.0,412172.0,416367.0,423011.0,429069.0,433055.0,438504.0,439474.0,443318.0,445045.0
TR713,3,Nigde,2024,TOTAL,TOTAL,NR,135006.0,138168.0,141554.0,145175.0,149043.0,153172.0,156808.0,160662.0,164744.0,169066.0,173640.0,177754.0,182111.0,186724.0,191609.0,196782.0,200527.0,204614.0,209063.0,213897.0,219143.0,224133.0,229420.0,235020.0,240950.0,247229.0,252369.0,257823.0,263609.0,269747.0,276259.0,282329.0,287910.0,293503.0,299081.0,304679.0,310324.0,316034.0,321794.0,327493.0,332983.0,322231.0,323964.0,325261.0,326429.0,327708.0,329060.0,330434.0,331677.0,338447.0,339921.0,337931.0,337553.0,340270.0,343658.0,343898.0,346114.0,351468.0,352727.0,364707.0,362861.0,362071.0,363725.0,365419.0,377080.0,372708.0,375968.0,377433.0
TR714,3,Nevsehir,2024,TOTAL,TOTAL,NR,115059.0,117754.0,120639.0,123725.0,127022.0,130541.0,133640.0,136925.0,140404.0,144087.0,147985.0,151491.0,155204.0,159135.0,163298.0,167707.0,170899.0,174382.0,178174.0,182294.0,186765.0,191017.0,195523.0,200296.0,205350.0,210701.0,215082.0,219732.0,224664.0,229895.0,235445.0,240618.0,245374.0,250141.0,254895.0,259666.0,264477.0,269344.0,274253.0,279110.0,283789.0,274625.0,275755.0,276504.0,277135.0,277852.0,278620.0,279400.0,280058.0,281699.0,284025.0,282337.0,283247.0,285190.0,285460.0,286250.0,286767.0,290895.0,292365.0,298339.0,303010.0,304962.0,308003.0,310011.0,315994.0,317952.0,320733.0,321983.0
TR715,3,Kirsehir,2024,TOTAL,TOTAL,NR,94723.0,96941.0,99317.0,101857.0,104571.0,107468.0,110019.0,112723.0,115587.0,118619.0,121828.0,124715.0,127772.0,131009.0,134436.0,138065.0,140693.0,143560.0,146681.0,150073.0,153754.0,157255.0,160965.0,164894.0,169055.0,173460.0,177067.0,180894.0,184954.0,189261.0,193830.0,198089.0,202005.0,205929.0,209843.0,213771.0,217732.0,221738.0,225779.0,229778.0,233630.0,226086.0,226036.0,225647.0,225139.0,224673.0,224226.0,223760.0,223170.0,222735.0,223102.0,221876.0,221015.0,221209.0,223498.0,222707.0,225562.0,229975.0,234529.0,241868.0,242938.0,243042.0,242944.0,244519.0,247179.0,244546.0,246685.0,247646.0
TR721,3,Kayseri,2024,TOTAL,TOTAL,NR,434260.0,444430.0,455320.0,466967.0,479409.0,492690.0,504386.0,516783.0,529914.0,543816.0,558527.0,571761.0,585774.0,600612.0,616324.0,632963.0,645009.0,658154.0,672464.0,688014.0,704889.0,720938.0,737944.0,755957.0,775032.0,795228.0,811762.0,829306.0,847919.0,867663.0,888608.0,908133.0,926083.0,944073.0,962015.0,980021.0,998180.0,1016547.0,1035074.0,1053406.0,1071066.0,1036480.0,1055092.0,1072615.0,1090036.0,1108193.0,1126900.0,1146041.0,1165088.0,1184386.0,1205872.0,1234651.0,1255349.0,1274968.0,1295355.0,1322376.0,1341056.0,1358980.0,1376722.0,1389680.0,1407409.0,1421455.0,1434357.0,1441523.0,1445683.0,1452458.0,1465162.0,1470870.0
TR722,3,Sivas,2024,TOTAL,TOTAL,NR,275148.0,281592.0,288492.0,295871.0,303754.0,312169.0,319579.0,327434.0,335754.0,344562.0,353883.0,362268.0,371147.0,380549.0,390504.0,401046.0,408678.0,417007.0,426074.0,435927.0,446619.0,456788.0,467563.0,478976.0,491062.0,503858.0,514334.0,525450.0,537243.0,549753.0,563024.0,575395.0,586768.0,598166.0,609534.0,620943.0,632448.0,644085.0,655824.0,667440.0,678629.0,656715.0,655195.0,652662.0,649747.0,646911.0,644099.0,641194.0,638464.0,631112.0,633347.0,642224.0,627056.0,623535.0,623824.0,623116.0,618617.0,621224.0,621301.0,646608.0,638956.0,635889.0,636121.0,634924.0,650401.0,637007.0,642578.0,645081.0
TR723,3,Yozgat,2024,TOTAL,TOTAL,NR,226237.0,231535.0,237209.0,243277.0,249759.0,256678.0,262771.0,269230.0,276071.0,283313.0,290977.0,297871.0,305172.0,312902.0,321087.0,329755.0,336031.0,342879.0,350334.0,358435.0,367227.0,375588.0,384448.0,393832.0,403769.0,414291.0,422905.0,432045.0,441742.0,452028.0,462940.0,473112.0,482464.0,491836.0,501183.0,510564.0,520024.0,529593.0,539245.0,548796.0,557996.0,539978.0,534431.0,527946.0,521045.0,514085.0,507040.0,499799.0,492127.0,484206.0,487365.0,476096.0,465696.0,453211.0,444211.0,432560.0,419440.0,421041.0,418650.0,424981.0,421200.0,419095.0,418500.0,418442.0,420699.0,413161.0,416775.0,418399.0
TR811,3,Zonguldak,2024,TOTAL,TOTAL,NR,263394.0,269562.0,276167.0,283231.0,290778.0,298834.0,305928.0,313447.0,321412.0,329844.0,338767.0,346794.0,355294.0,364294.0,373824.0,383916.0,391222.0,399195.0,407875.0,417307.0,427543.0,437278.0,447593.0,458519.0,470089.0,482339.0,492368.0,503009.0,514298.0,526274.0,538978.0,550820.0,561708.0,572620.0,583503.0,594425.0,605439.0,616579.0,627816.0,638935.0,649646.0,628668.0,627908.0,626195.0,624132.0,622167.0,620241.0,618245.0,615890.0,619151.0,619812.0,619703.0,612406.0,606527.0,601567.0,598796.0,595907.0,597524.0,596892.0,599698.0,596053.0,591204.0,589684.0,588510.0,591492.0,586802.0,591934.0,594240.0
TR812,3,Karabük,2024,TOTAL,TOTAL,NR,88411.0,90483.0,92700.0,95071.0,97604.0,100308.0,102689.0,105213.0,107886.0,110716.0,113711.0,116405.0,119258.0,122279.0,125478.0,128866.0,131318.0,133994.0,136907.0,140073.0,143509.0,146777.0,150239.0,153906.0,157789.0,161901.0,165267.0,168839.0,172628.0,176648.0,180912.0,184887.0,188542.0,192205.0,195858.0,199524.0,203221.0,206960.0,210732.0,214464.0,218059.0,211018.0,212320.0,213340.0,214280.0,215298.0,216367.0,217456.0,218463.0,216248.0,218564.0,227610.0,219728.0,225145.0,230251.0,231333.0,236978.0,242347.0,244453.0,248014.0,248458.0,243614.0,249287.0,252058.0,255242.0,250478.0,252669.0,253653.0
TR813,3,Bartin,2024,TOTAL,TOTAL,NR,73338.0,75056.0,76895.0,78862.0,80963.0,83206.0,85181.0,87275.0,89493.0,91841.0,94326.0,96561.0,98928.0,101434.0,104089.0,106899.0,108933.0,111153.0,113570.0,116196.0,119046.0,121756.0,124628.0,127670.0,130891.0,134302.0,137094.0,140057.0,143200.0,146534.0,150071.0,153368.0,156400.0,159438.0,162468.0,165509.0,168576.0,171678.0,174807.0,177903.0,180885.0,175044.0,176246.0,177216.0,178122.0,179097.0,180117.0,181156.0,182131.0,185368.0,188449.0,187758.0,187291.0,188436.0,189139.0,189405.0,190708.0,192389.0,193577.0,198999.0,198249.0,198979.0,201711.0,203351.0,207238.0,206715.0,208523.0,209335.0
TR821,3,Kastamonu,2024,TOTAL,TOTAL,NR,151648.0,155199.0,159002.0,163069.0,167414.0,172052.0,176136.0,180465.0,185051.0,189906.0,195043.0,199664.0,204558.0,209740.0,215227.0,221037.0,225244.0,229834.0,234831.0,240261.0,246154.0,251759.0,257698.0,263988.0,270649.0,277702.0,283476.0,289603.0,296103.0,302998.0,310312.0,317130.0,323399.0,329681.0,335947.0,342235.0,348576.0,354990.0,361460.0,367862.0,374029.0,361951.0,362279.0,362077.0,361693.0,361386.0,361121.0,360837.0,360366.0,360424.0,359823.0,361222.0,359759.0,359808.0,368093.0,368907.0,372633.0,376945.0,372373.0,383373.0,379405.0,376377.0,375592.0,378115.0,388990.0,381991.0,385332.0,386833.0
TR822,3,Çankiri,2024,TOTAL,TOTAL,NR,67876.0,69466.0,71168.0,72988.0,74933.0,77009.0,78837.0,80775.0,82829.0,85002.0,87301.0,89369.0,91559.0,93878.0,96334.0,98935.0,100818.0,102873.0,105110.0,107541.0,110179.0,112688.0,115346.0,118162.0,121142.0,124299.0,126883.0,129625.0,132534.0,135620.0,138894.0,141946.0,144752.0,147564.0,150368.0,153183.0,156021.0,158892.0,161788.0,164655.0,167415.0,162009.0,163843.0,165481.0,167078.0,168757.0,170498.0,172276.0,174012.0,176093.0,185019.0,179067.0,177211.0,184406.0,190909.0,183550.0,180945.0,183880.0,186074.0,216362.0,195789.0,192428.0,196515.0,195766.0,205501.0,199981.0,201730.0,202516.0
TR823,3,Sinop,2024,TOTAL,TOTAL,NR,81948.0,83867.0,85922.0,88120.0,90468.0,92974.0,95181.0,97520.0,99998.0,102621.0,105397.0,107894.0,110538.0,113338.0,116303.0,119443.0,121716.0,124197.0,126897.0,129831.0,133017.0,136046.0,139255.0,142654.0,146254.0,150065.0,153185.0,156496.0,160008.0,163734.0,167687.0,171371.0,174758.0,178153.0,181539.0,184937.0,188364.0,191830.0,195326.0,198785.0,202117.0,195589.0,196263.0,196663.0,196977.0,197346.0,197751.0,198158.0,198412.0,200791.0,201134.0,202740.0,203027.0,201311.0,204568.0,204526.0,204133.0,205478.0,207427.0,219733.0,218243.0,216460.0,218408.0,220799.0,229716.0,226957.0,228942.0,229834.0
TR831,3,Samsun,2024,TOTAL,TOTAL,NR,504442.0,516255.0,528905.0,542434.0,556887.0,572315.0,585901.0,600302.0,615556.0,631704.0,648793.0,664165.0,680443.0,697679.0,715930.0,735258.0,749251.0,764521.0,781144.0,799207.0,818810.0,837453.0,857208.0,878132.0,900290.0,923750.0,942957.0,963337.0,984958.0,1007893.0,1032224.0,1054904.0,1075756.0,1096653.0,1117495.0,1138412.0,1159505.0,1180840.0,1202361.0,1223656.0,1244170.0,1203995.0,1209050.0,1212438.0,1215313.0,1218562.0,1222045.0,1225576.0,1228959.0,1233677.0,1250076.0,1252693.0,1251729.0,1251722.0,1261810.0,1269989.0,1279884.0,1295927.0,1312990.0,1335716.0,1348542.0,1356079.0,1371274.0,1368488.0,1377546.0,1382376.0,1394467.0,1399899.0
TR832,3,Tokat,2024,TOTAL,TOTAL,NR,264655.0,270853.0,277490.0,284588.0,292171.0,300265.0,307393.0,314948.0,322951.0,331423.0,340389.0,348454.0,356994.0,366037.0,375612.0,385752.0,393093.0,401104.0,409825.0,419302.0,429587.0,439368.0,449732.0,460710.0,472335.0,484643.0,494720.0,505412.0,516755.0,528788.0,541553.0,553452.0,564392.0,575356.0,586291.0,597265.0,608332.0,619526.0,630817.0,641990.0,652752.0,631674.0,631239.0,629855.0,628129.0,626509.0,624938.0,623304.0,620722.0,617158.0,624439.0,617802.0,608299.0,613990.0,598708.0,597920.0,593990.0,602662.0,602086.0,612646.0,612747.0,597861.0,602567.0,596454.0,606934.0,612674.0,618033.0,620441.0
TR833,3,Çorum,2024,TOTAL,TOTAL,NR,240910.0,246552.0,252594.0,259055.0,265956.0,273324.0,279812.0,286689.0,293974.0,301686.0,309847.0,317188.0,324962.0,333194.0,341910.0,351141.0,357824.0,365116.0,373055.0,381682.0,391044.0,399948.0,409382.0,419375.0,429957.0,441161.0,450334.0,460067.0,470393.0,481346.0,492966.0,503798.0,513756.0,523736.0,533689.0,543678.0,553752.0,563941.0,574219.0,584389.0,594186.0,574999.0,572514.0,569114.0,565352.0,561627.0,557894.0,554048.0,549828.0,545444.0,540704.0,535405.0,534578.0,529975.0,532080.0,527220.0,525180.0,527863.0,528422.0,536483.0,530864.0,530126.0,526282.0,524130.0,528351.0,521335.0,525895.0,527944.0
TR834,3,Amasya,2024,TOTAL,TOTAL,NR,141552.0,144867.0,148417.0,152213.0,156269.0,160598.0,164410.0,168451.0,172731.0,177262.0,182057.0,186371.0,190939.0,195776.0,200897.0,206321.0,210248.0,214533.0,219198.0,224267.0,229768.0,234999.0,240542.0,246414.0,252632.0,259215.0,264605.0,270324.0,276391.0,282827.0,289654.0,296018.0,301869.0,307733.0,313581.0,319450.0,325369.0,331356.0,337395.0,343371.0,349127.0,337853.0,337180.0,335987.0,334601.0,333259.0,331932.0,330560.0,328674.0,323675.0,324268.0,334786.0,323079.0,322283.0,321977.0,321913.0,322167.0,326351.0,329888.0,337508.0,337800.0,335494.0,335331.0,338267.0,339529.0,342378.0,345373.0,346718.0
TR901,3,Trabzon,2024,TOTAL,TOTAL,NR,302374.0,309455.0,317038.0,325148.0,333812.0,343060.0,351204.0,359836.0,368979.0,378659.0,388904.0,398117.0,407875.0,418207.0,429147.0,440733.0,449121.0,458274.0,468238.0,479066.0,490816.0,501991.0,513832.0,526375.0,539657.0,553720.0,565233.0,577449.0,590409.0,604157.0,618741.0,632336.0,644835.0,657361.0,669854.0,682392.0,695036.0,707825.0,720725.0,733490.0,745786.0,721704.0,725281.0,727873.0,730172.0,732708.0,735401.0,738135.0,740569.0,748982.0,765127.0,763714.0,757353.0,757898.0,758237.0,766782.0,768417.0,779379.0,786326.0,807903.0,808974.0,811901.0,816684.0,818023.0,824352.0,822270.0,829462.0,832693.0
TR902,3,Ordu,2024,TOTAL,TOTAL,NR,287475.0,294207.0,301416.0,309126.0,317363.0,326155.0,333897.0,342104.0,350797.0,360000.0,369739.0,378499.0,387776.0,397599.0,408000.0,419015.0,426989.0,435691.0,445164.0,455458.0,466629.0,477254.0,488512.0,500436.0,513063.0,526433.0,537379.0,548993.0,561314.0,574385.0,588251.0,601176.0,613059.0,624968.0,636845.0,648765.0,660786.0,672945.0,685210.0,697346.0,709036.0,686141.0,691047.0,695053.0,698813.0,702845.0,707062.0,711359.0,715409.0,719278.0,723507.0,719183.0,714390.0,741371.0,731452.0,724268.0,728949.0,750588.0,742341.0,771932.0,754198.0,761400.0,760872.0,763190.0,775800.0,770711.0,777452.0,780481.0
TR903,3,Giresun,2024,TOTAL,TOTAL,NR,174342.0,178425.0,182797.0,187473.0,192468.0,197800.0,202495.0,207472.0,212744.0,218325.0,224231.0,229544.0,235170.0,241127.0,247435.0,254115.0,258951.0,264228.0,269973.0,276216.0,282991.0,289434.0,296261.0,303493.0,311151.0,319259.0,325897.0,332940.0,340412.0,348339.0,356748.0,364585.0,371791.0,379013.0,386216.0,393445.0,400735.0,408109.0,415547.0,422907.0,429997.0,416112.0,416917.0,417122.0,417127.0,417234.0,417400.0,417555.0,417505.0,421766.0,421860.0,419256.0,419498.0,419555.0,425007.0,429984.0,426686.0,444467.0,437393.0,453912.0,448400.0,448721.0,450154.0,450862.0,461712.0,455922.0,459910.0,461702.0
TR904,3,Rize,2024,TOTAL,TOTAL,NR,128874.0,131892.0,135124.0,138580.0,142272.0,146213.0,149684.0,153363.0,157260.0,161386.0,165752.0,169679.0,173838.0,178241.0,182904.0,187842.0,191417.0,195318.0,199565.0,204180.0,209188.0,213951.0,218998.0,224344.0,230005.0,235998.0,240905.0,246112.0,251636.0,257496.0,263712.0,269506.0,274833.0,280172.0,285497.0,290841.0,296230.0,301681.0,307179.0,312620.0,317861.0,307597.0,309204.0,310392.0,311456.0,312626.0,313863.0,315121.0,316252.0,319410.0,319569.0,319637.0,323012.0,324152.0,328205.0,329779.0,328979.0,331048.0,331041.0,348608.0,343212.0,344359.0,345662.0,344016.0,350506.0,346977.0,350012.0,351376.0
TR905,3,Artvin,2024,TOTAL,TOTAL,NR,71113.0,72778.0,74561.0,76468.0,78505.0,80680.0,82595.0,84625.0,86775.0,89051.0,91460.0,93627.0,95922.0,98352.0,100925.0,103650.0,105623.0,107776.0,110119.0,112665.0,115428.0,118056.0,120841.0,123791.0,126915.0,130222.0,132930.0,135803.0,138851.0,142084.0,145514.0,148711.0,151650.0,154596.0,157534.0,160483.0,163457.0,166465.0,169499.0,172501.0,175393.0,169729.0,169765.0,169548.0,169244.0,168972.0,168717.0,168451.0,168092.0,166584.0,165580.0,164759.0,166394.0,167082.0,169334.0,169674.0,168370.0,168068.0,166143.0,174010.0,170875.0,169501.0,169543.0,169403.0,172356.0,169280.0,170761.0,171426.0
TR906,3,Gümüshane,2024,TOTAL,TOTAL,NR,52749.0,53984.0,55307.0,56722.0,58233.0,59846.0,61267.0,62773.0,64368.0,66057.0,67844.0,69451.0,71153.0,72955.0,74865.0,76886.0,78349.0,79946.0,81684.0,83573.0,85623.0,87573.0,89639.0,91827.0,94144.0,96597.0,98605.0,100736.0,102997.0,105395.0,107939.0,110311.0,112491.0,114676.0,116855.0,119042.0,121248.0,123479.0,125729.0,127956.0,130101.0,125900.0,126741.0,127415.0,128043.0,128720.0,129429.0,130150.0,130825.0,131367.0,130976.0,129618.0,132374.0,135216.0,141412.0,146353.0,151449.0,172034.0,170173.0,162748.0,164521.0,141702.0,150119.0,144544.0,148539.0,142617.0,143864.0,144424.0
TRA11,3,Erzurum,2024,TOTAL,TOTAL,NR,333091.0,340892.0,349245.0,358178.0,367722.0,377909.0,386880.0,396389.0,406461.0,417124.0,428408.0,438559.0,449308.0,460689.0,472741.0,485503.0,494743.0,504826.0,515802.0,527729.0,540673.0,552983.0,566027.0,579844.0,594475.0,609966.0,622648.0,636105.0,650381.0,665525.0,681591.0,696567.0,710336.0,724135.0,737897.0,751709.0,765637.0,779725.0,793936.0,807998.0,821544.0,795016.0,794862.0,793523.0,791761.0,790145.0,788600.0,786987.0,784941.0,774967.0,774207.0,769085.0,780847.0,778195.0,766729.0,763320.0,762321.0,762021.0,760476.0,767848.0,762062.0,758279.0,756893.0,749754.0,749993.0,745005.0,751521.0,754449.0
TRA12,3,Erzincan,2024,TOTAL,TOTAL,NR,87513.0,89562.0,91757.0,94104.0,96611.0,99289.0,101646.0,104144.0,106790.0,109591.0,112556.0,115223.0,118047.0,121037.0,124203.0,127556.0,129984.0,132633.0,135517.0,138651.0,142052.0,145286.0,148713.0,152343.0,156187.0,160257.0,163589.0,167125.0,170876.0,174855.0,179076.0,183011.0,186628.0,190253.0,193869.0,197498.0,201157.0,204858.0,208592.0,212286.0,215845.0,208875.0,209805.0,210447.0,211001.0,211621.0,212284.0,212956.0,213538.0,210645.0,213288.0,224949.0,215277.0,217886.0,219996.0,223633.0,222918.0,226032.0,231511.0,236034.0,234747.0,234431.0,237351.0,239223.0,243399.0,241239.0,243349.0,244297.0
TRA13,3,Bayburt,2024,TOTAL,TOTAL,NR,32587.0,33350.0,34167.0,35041.0,35975.0,36972.0,37850.0,38780.0,39765.0,40808.0,41912.0,42905.0,43957.0,45070.0,46249.0,47498.0,48402.0,49388.0,50462.0,51629.0,52895.0,54099.0,55375.0,56727.0,58158.0,59672.0,60913.0,62229.0,63626.0,65108.0,66680.0,68145.0,69492.0,70842.0,72188.0,73539.0,74902.0,76280.0,77670.0,79046.0,80371.0,77776.0,77737.0,77582.0,77383.0,77199.0,77022.0,76837.0,76609.0,75675.0,74710.0,74412.0,76724.0,75797.0,75620.0,80607.0,78550.0,90154.0,80417.0,82274.0,84843.0,81910.0,85042.0,84241.0,86047.0,83676.0,84408.0,84737.0
TRA21,3,Agri,2024,TOTAL,TOTAL,NR,212195.0,217164.0,222485.0,228176.0,234256.0,240746.0,246461.0,252519.0,258935.0,265728.0,272916.0,279382.0,286229.0,293479.0,301156.0,309286.0,315172.0,321595.0,328587.0,336185.0,344431.0,352273.0,360583.0,369385.0,378704.0,388572.0,396651.0,405224.0,414319.0,423967.0,434202.0,443742.0,452513.0,461303.0,470070.0,478868.0,487741.0,496716.0,505769.0,514727.0,523356.0,506456.0,510451.0,513790.0,516958.0,520338.0,523862.0,527458.0,530879.0,532180.0,537665.0,542022.0,555479.0,552404.0,551177.0,549435.0,547210.0,542255.0,536285.0,539657.0,536199.0,535435.0,524644.0,510626.0,511238.0,499801.0,504172.0,506136.0
TRA22,3,Kars,2024,TOTAL,TOTAL,NR,134843.0,138001.0,141383.0,144999.0,148863.0,152987.0,156619.0,160468.0,164545.0,168862.0,173430.0,177539.0,181890.0,186497.0,191376.0,196543.0,200283.0,204365.0,208809.0,213636.0,218876.0,223860.0,229141.0,234734.0,240657.0,246928.0,252062.0,257510.0,263289.0,269420.0,275924.0,281987.0,287561.0,293147.0,298718.0,304309.0,309947.0,315650.0,321403.0,327095.0,332580.0,321841.0,321041.0,319743.0,318257.0,316809.0,315370.0,313885.0,312205.0,312128.0,306536.0,301766.0,305755.0,304821.0,300874.0,296466.0,292660.0,289786.0,287654.0,288878.0,285410.0,284923.0,281077.0,274829.0,278335.0,272300.0,274682.0,275752.0
TRA23,3,Igdir,2024,TOTAL,TOTAL,NR,72107.0,73796.0,75604.0,77538.0,79604.0,81809.0,83751.0,85809.0,87989.0,90297.0,92740.0,94937.0,97264.0,99728.0,102337.0,105100.0,107100.0,109283.0,111659.0,114241.0,117043.0,119708.0,122532.0,125523.0,128690.0,132043.0,134788.0,137701.0,140791.0,144069.0,147547.0,150789.0,153770.0,156757.0,159736.0,162726.0,165741.0,168791.0,171867.0,174911.0,177843.0,172100.0,173652.0,174986.0,176267.0,177625.0,179037.0,180479.0,181866.0,184025.0,183486.0,184418.0,188857.0,190409.0,190424.0,192056.0,192435.0,192785.0,194775.0,197456.0,199442.0,201314.0,203159.0,203594.0,209738.0,206857.0,208666.0,209479.0
TRA24,3,Ardahan,2024,TOTAL,TOTAL,NR,50396.0,51576.0,52840.0,54192.0,55636.0,57177.0,58534.0,59973.0,61497.0,63110.0,64817.0,66353.0,67979.0,69701.0,71524.0,73455.0,74853.0,76379.0,78040.0,79845.0,81803.0,83666.0,85640.0,87730.0,89944.0,92288.0,94207.0,96243.0,98403.0,100694.0,103125.0,105391.0,107474.0,109562.0,111644.0,113734.0,115841.0,117973.0,120123.0,122251.0,124300.0,120286.0,119460.0,118436.0,117330.0,116222.0,115105.0,113956.0,112721.0,112242.0,108169.0,105454.0,107455.0,106643.0,102782.0,100809.0,99265.0,98335.0,97096.0,98907.0,97319.0,96161.0,94932.0,92481.0,92819.0,91354.0,92153.0,92512.0
TRB11,3,Malatya,2024,TOTAL,TOTAL,NR,283052.0,289681.0,296779.0,304370.0,312480.0,321137.0,328760.0,336840.0,345399.0,354460.0,364049.0,372675.0,381809.0,391481.0,401722.0,412567.0,420419.0,428987.0,438314.0,448450.0,459450.0,469911.0,480996.0,492737.0,505170.0,518334.0,529111.0,540546.0,552678.0,565547.0,579199.0,591925.0,603625.0,615351.0,627046.0,638783.0,650619.0,662591.0,674667.0,686616.0,698127.0,675584.0,682754.0,689095.0,695252.0,701743.0,708473.0,715347.0,722065.0,733789.0,736884.0,740643.0,757930.0,762366.0,762538.0,769544.0,772904.0,781305.0,786676.0,797036.0,800165.0,806156.0,808692.0,812580.0,742725.0,750491.0,757055.0,760004.0
TRB12,3,Elazig,2024,TOTAL,TOTAL,NR,216591.0,221663.0,227095.0,232904.0,239110.0,245734.0,251567.0,257750.0,264299.0,271233.0,278570.0,285170.0,292159.0,299560.0,307396.0,315695.0,321703.0,328259.0,335396.0,343152.0,351569.0,359574.0,368056.0,377040.0,386554.0,396627.0,404874.0,413624.0,422907.0,432755.0,443202.0,452940.0,461893.0,470866.0,479815.0,488796.0,497853.0,507014.0,516254.0,525398.0,534206.0,516956.0,520951.0,524275.0,527421.0,530781.0,534287.0,537862.0,541258.0,547562.0,550667.0,552646.0,558556.0,562703.0,568239.0,568753.0,574304.0,578789.0,583671.0,595638.0,591098.0,587960.0,588088.0,591497.0,604411.0,603941.0,609223.0,611596.0
TRB13,3,Bingöl,2024,TOTAL,TOTAL,NR,100165.0,102511.0,105023.0,107709.0,110579.0,113642.0,116340.0,119200.0,122229.0,125436.0,128829.0,131881.0,135113.0,138536.0,142160.0,145998.0,148777.0,151809.0,155110.0,158697.0,162589.0,166291.0,170214.0,174369.0,178769.0,183427.0,187241.0,191288.0,195581.0,200135.0,204966.0,209470.0,213610.0,217760.0,221899.0,226052.0,230240.0,234477.0,238750.0,242979.0,247052.0,239074.0,241086.0,242792.0,244419.0,246150.0,247952.0,249792.0,251552.0,256091.0,255745.0,255170.0,262263.0,262507.0,265514.0,266019.0,267184.0,269560.0,273354.0,281205.0,279812.0,281768.0,283112.0,282556.0,285655.0,283276.0,285754.0,286867.0
TRB14,3,Tunceli,2024,TOTAL,TOTAL,NR,34161.0,34961.0,35818.0,36734.0,37713.0,38758.0,39678.0,40653.0,41686.0,42780.0,43937.0,44978.0,46080.0,47247.0,48483.0,49792.0,50740.0,51774.0,52900.0,54123.0,55451.0,56714.0,58052.0,59469.0,60970.0,62559.0,63860.0,65240.0,66704.0,68257.0,69905.0,71441.0,72853.0,74268.0,75679.0,77096.0,78525.0,79970.0,81427.0,82869.0,84258.0,81537.0,81988.0,82329.0,82638.0,82975.0,83331.0,83693.0,84022.0,86449.0,83061.0,76699.0,85062.0,86276.0,85428.0,86527.0,86076.0,82193.0,82498.0,88198.0,84660.0,83443.0,83645.0,84366.0,89317.0,86612.0,87370.0,87710.0
TRB21,3,Van,2024,TOTAL,TOTAL,NR,375226.0,384013.0,393423.0,403486.0,414237.0,425713.0,435819.0,446531.0,457877.0,469889.0,482600.0,494035.0,506145.0,518966.0,532542.0,546919.0,557328.0,568686.0,581051.0,594487.0,609070.0,622938.0,637632.0,653196.0,669678.0,687129.0,701416.0,716575.0,732657.0,749717.0,767815.0,784686.0,800196.0,815740.0,831243.0,846802.0,862492.0,878362.0,894370.0,910210.0,925469.0,895585.0,908079.0,919544.0,930835.0,942657.0,954869.0,967356.0,979671.0,1004369.0,1022310.0,1035418.0,1022532.0,1051975.0,1070113.0,1085542.0,1096397.0,1100190.0,1106891.0,1123784.0,1136757.0,1149342.0,1141015.0,1128749.0,1127612.0,1118087.0,1127866.0,1132260.0
TRB22,3,Mus,2024,TOTAL,TOTAL,NR,166439.0,170337.0,174511.0,178975.0,183744.0,188834.0,193317.0,198070.0,203103.0,208431.0,214069.0,219141.0,224512.0,230199.0,236221.0,242598.0,247215.0,252253.0,257738.0,263698.0,270166.0,276317.0,282835.0,289739.0,297050.0,304791.0,311128.0,317852.0,324986.0,332554.0,340582.0,348065.0,354945.0,361840.0,368717.0,375618.0,382578.0,389618.0,396719.0,403745.0,410515.0,397259.0,398946.0,400082.0,401050.0,402141.0,403312.0,404496.0,405509.0,404309.0,404484.0,406886.0,414706.0,413260.0,412553.0,411216.0,408728.0,406501.0,404544.0,407992.0,408809.0,411117.0,405228.0,399202.0,399879.0,392301.0,395732.0,397274.0
TRB23,3,Bitlis,2024,TOTAL,TOTAL,NR,133026.0,136141.0,139477.0,143045.0,146856.0,150924.0,154507.0,158305.0,162328.0,166586.0,171093.0,175147.0,179440.0,183985.0,188798.0,193895.0,197585.0,201612.0,205996.0,210759.0,215928.0,220844.0,226053.0,231571.0,237414.0,243601.0,248666.0,254040.0,259742.0,265790.0,272206.0,278187.0,283686.0,289197.0,294693.0,300209.0,305772.0,311398.0,317073.0,322689.0,328099.0,317504.0,319355.0,320778.0,322079.0,323493.0,324981.0,326496.0,327886.0,326897.0,328489.0,328767.0,336624.0,337253.0,337156.0,338023.0,340449.0,341225.0,341474.0,349396.0,348115.0,350994.0,352277.0,353988.0,359747.0,359808.0,362955.0,364369.0
TRB24,3,Hakkari,2024,TOTAL,TOTAL,NR,86713.0,88744.0,90919.0,93245.0,95730.0,98382.0,100717.0,103192.0,105814.0,108590.0,111528.0,114170.0,116968.0,119931.0,123068.0,126390.0,128795.0,131420.0,134277.0,137382.0,140752.0,143957.0,147353.0,150950.0,154759.0,158792.0,162094.0,165597.0,169314.0,173257.0,177439.0,181338.0,184922.0,188514.0,192097.0,195693.0,199319.0,202987.0,206686.0,210347.0,213873.0,206967.0,212518.0,217896.0,223297.0,228899.0,234655.0,240548.0,246469.0,258590.0,256761.0,251302.0,272165.0,279982.0,273041.0,276287.0,278775.0,267813.0,275761.0,286470.0,280991.0,280514.0,278218.0,275333.0,287625.0,282191.0,284659.0,285768.0
TRC11,3,Gaziantep,2024,TOTAL,TOTAL,NR,535102.0,547633.0,561052.0,575403.0,590735.0,607100.0,621511.0,636787.0,652968.0,670098.0,688225.0,704532.0,721800.0,740084.0,759444.0,779947.0,794790.0,810988.0,828621.0,847782.0,868576.0,888352.0,909307.0,931503.0,955007.0,979893.0,1000267.0,1021885.0,1044820.0,1069149.0,1094958.0,1119017.0,1141136.0,1163303.0,1185411.0,1207599.0,1229974.0,1252606.0,1275435.0,1298025.0,1319785.0,1277168.0,1316610.0,1355113.0,1393881.0,1434036.0,1475271.0,1517498.0,1560023.0,1612223.0,1653670.0,1700763.0,1753596.0,1799558.0,1844438.0,1889466.0,1931836.0,1974244.0,2005515.0,2028563.0,2069364.0,2101157.0,2130432.0,2154051.0,2164134.0,2193363.0,2212547.0,2221166.0
TRC12,3,Adiyaman,2024,TOTAL,TOTAL,NR,238510.0,244096.0,250077.0,256474.0,263308.0,270603.0,277027.0,283836.0,291048.0,298683.0,306763.0,314031.0,321728.0,329878.0,338508.0,347647.0,354263.0,361483.0,369343.0,377884.0,387153.0,395968.0,405309.0,415203.0,425680.0,436771.0,445852.0,455488.0,465711.0,476555.0,488059.0,498783.0,508642.0,518523.0,528377.0,538267.0,548242.0,558330.0,568506.0,578575.0,588274.0,569278.0,571915.0,573770.0,575388.0,577189.0,579109.0,581056.0,582762.0,585067.0,588475.0,590935.0,593931.0,595261.0,597184.0,597835.0,602774.0,610484.0,615076.0,624513.0,626465.0,632459.0,632148.0,635169.0,604978.0,611037.0,616381.0,618782.0
TRC13,3,Kilis,2024,TOTAL,TOTAL,NR,46816.0,47912.0,49086.0,50342.0,51683.0,53115.0,54376.0,55712.0,57128.0,58627.0,60213.0,61640.0,63151.0,64751.0,66445.0,68239.0,69538.0,70955.0,72498.0,74174.0,75993.0,77723.0,79556.0,81498.0,83554.0,85731.0,87513.0,89404.0,91411.0,93540.0,95798.0,97903.0,99838.0,101777.0,103711.0,105652.0,107610.0,109590.0,111587.0,113563.0,115467.0,111738.0,112796.0,113714.0,114598.0,115534.0,116505.0,117498.0,118457.0,120991.0,122104.0,123135.0,124452.0,124320.0,128586.0,128781.0,130655.0,130825.0,136319.0,142541.0,142490.0,142792.0,145826.0,147919.0,155179.0,156739.0,158110.0,158726.0
TRC21,3,Sanliurfa,2024,TOTAL,TOTAL,NR,519872.0,532047.0,545084.0,559027.0,573922.0,589822.0,603823.0,618664.0,634384.0,651026.0,668638.0,684480.0,701256.0,719020.0,737829.0,757748.0,772169.0,787906.0,805037.0,823653.0,843855.0,863068.0,883427.0,904991.0,927826.0,952004.0,971798.0,992801.0,1015083.0,1038720.0,1063795.0,1087169.0,1108658.0,1130195.0,1151674.0,1173230.0,1194969.0,1216957.0,1239136.0,1261083.0,1282224.0,1240820.0,1280131.0,1318554.0,1357259.0,1397339.0,1438494.0,1480639.0,1523099.0,1574224.0,1613737.0,1663371.0,1716254.0,1762075.0,1801980.0,1845667.0,1892320.0,1940627.0,1985753.0,2035809.0,2073614.0,2115256.0,2143020.0,2170110.0,2213964.0,2237745.0,2257317.0,2266111.0
TRC22,3,Diyarbakir,2024,TOTAL,TOTAL,NR,547610.0,560434.0,574167.0,588854.0,604544.0,621292.0,636040.0,651673.0,668232.0,685762.0,704313.0,721001.0,738672.0,757383.0,777196.0,798178.0,813368.0,829944.0,847989.0,867598.0,888878.0,909117.0,930562.0,953277.0,977331.0,1002799.0,1023649.0,1045773.0,1069244.0,1094142.0,1120555.0,1145176.0,1167812.0,1190498.0,1213123.0,1235829.0,1258728.0,1281889.0,1305252.0,1328370.0,1350639.0,1307026.0,1329369.0,1350313.0,1371099.0,1392782.0,1415131.0,1437997.0,1460714.0,1492828.0,1515011.0,1528958.0,1570943.0,1592167.0,1607437.0,1635048.0,1654196.0,1673119.0,1699901.0,1732396.0,1756353.0,1783431.0,1791373.0,1804880.0,1818133.0,1833684.0,1849722.0,1856928.0
TRC31,3,Mardin,2024,TOTAL,TOTAL,NR,299584.0,306600.0,314113.0,322148.0,330732.0,339894.0,347963.0,356517.0,365576.0,375166.0,385315.0,394445.0,404113.0,414350.0,425189.0,436668.0,444978.0,454047.0,463919.0,474647.0,486289.0,497361.0,509093.0,521520.0,534679.0,548612.0,560019.0,572123.0,584963.0,598584.0,613034.0,626504.0,638888.0,651299.0,663677.0,676099.0,688626.0,701297.0,714078.0,726725.0,738908.0,715048.0,720191.0,724396.0,728347.0,732582.0,737009.0,741523.0,745778.0,750697.0,737852.0,744606.0,764033.0,773026.0,779738.0,788996.0,796591.0,796237.0,809719.0,829195.0,838778.0,854716.0,862757.0,870374.0,888874.0,895911.0,903747.0,907268.0
TRC32,3,Batman,2024,TOTAL,TOTAL,NR,167501.0,171424.0,175625.0,180117.0,184916.0,190039.0,194550.0,199332.0,204397.0,209759.0,215433.0,220537.0,225942.0,231665.0,237725.0,244143.0,248789.0,253859.0,259379.0,265377.0,271886.0,278076.0,284636.0,291584.0,298941.0,306731.0,313109.0,319876.0,327055.0,334671.0,342750.0,350281.0,357205.0,364144.0,371065.0,378010.0,385014.0,392098.0,399244.0,406315.0,413127.0,399787.0,410031.0,419929.0,429861.0,440166.0,450758.0,461602.0,472487.0,485616.0,497998.0,510200.0,524499.0,534205.0,547581.0,557593.0,566633.0,576899.0,585252.0,599103.0,608659.0,620278.0,626319.0,634491.0,647205.0,654528.0,660253.0,662825.0
TRC33,3,Sirnak,2024,TOTAL,TOTAL,NR,149161.0,152654.0,156395.0,160396.0,164670.0,169232.0,173249.0,177507.0,182017.0,186792.0,191845.0,196391.0,201204.0,206301.0,211698.0,217413.0,221551.0,226066.0,230981.0,236322.0,242118.0,247631.0,253472.0,259659.0,266211.0,273148.0,278827.0,284853.0,291246.0,298028.0,305222.0,311928.0,318094.0,324273.0,330436.0,336621.0,342858.0,349167.0,355531.0,361828.0,367894.0,356014.0,364506.0,372674.0,380858.0,389355.0,398092.0,407036.0,416001.0,429287.0,430424.0,430109.0,457997.0,466982.0,475255.0,488966.0,490184.0,483788.0,503236.0,524190.0,529615.0,537762.0,546589.0,557605.0,570745.0,570826.0,575819.0,578062.0
TRC34,3,Siirt,2024,TOTAL,TOTAL,NR,112747.0,115387.0,118214.0,121238.0,124468.0,127916.0,130953.0,134172.0,137581.0,141190.0,145010.0,148446.0,152084.0,155936.0,160015.0,164335.0,167463.0,170876.0,174591.0,178628.0,183009.0,187176.0,191591.0,196268.0,201220.0,206463.0,210756.0,215311.0,220143.0,225269.0,230707.0,235776.0,240436.0,245107.0,249765.0,254440.0,259154.0,263923.0,268733.0,273493.0,278078.0,269099.0,272475.0,275535.0,278534.0,281680.0,284935.0,288262.0,291528.0,299819.0,303622.0,300695.0,310468.0,310879.0,314153.0,318366.0,320351.0,322664.0,324394.0,331670.0,330280.0,331070.0,331980.0,331311.0,347412.0,336453.0,339396.0,340718.0
